timestamp,open,high,low,close,volume,vwap,transactions
2012-12-31 13:00:00+00:00,30.1645,30.2468,30.1554,30.2468,3234.958,30.206,10.0
2012-12-31 14:00:00+00:00,30.2559,30.6581,30.0731,30.521,677992.2779999998,30.3222,3238.0
2012-12-31 15:00:00+00:00,30.521,30.6856,30.4845,30.5896,908034.2219999998,30.5846,5291.0
2012-12-31 16:00:00+00:00,30.585,30.7038,30.457,30.5759,685130.6279999998,30.5792,3916.0
2012-12-31 17:00:00+00:00,30.5759,30.7587,30.5713,30.6764,880477.4559999998,30.6642,4509.0
2012-12-31 18:00:00+00:00,30.6797,31.0329,30.6033,30.8775,1127469.8360000004,30.8092,5962.0
2012-12-31 19:00:00+00:00,30.8729,31.0786,30.8592,31.0603,1153417.328,31.007,5348.0
2012-12-31 20:00:00+00:00,31.0603,31.2066,30.9141,31.1792,2499112.8140000002,31.0904,11850.0
2012-12-31 21:00:00+00:00,31.17,31.17,31.0786,31.0786,5316.839999999999,30.9437,6.0
2012-12-31 22:00:00+00:00,31.1883,31.1883,31.1883,31.1883,188.168,31.1883,1.0
2013-01-01 00:00:00+00:00,31.298,31.3071,31.298,31.3071,492.3,31.3,2.0
2013-01-02 13:00:00+00:00,31.8556,31.947,31.8556,31.9013,2308.34,31.882,3.0
2013-01-02 14:00:00+00:00,31.9013,32.0201,31.5905,31.7916,1171411.4400000002,31.82,5343.0
2013-01-02 15:00:00+00:00,31.8007,31.8647,31.6179,31.8464,1314441.0,31.7576,7216.0
2013-01-02 16:00:00+00:00,31.8464,31.9013,31.6728,31.8373,945554.046,31.8071,5134.0
2013-01-02 17:00:00+00:00,31.8419,31.9653,31.8099,31.8099,628778.6880000001,31.8873,3393.0
2013-01-02 18:00:00+00:00,31.8126,31.9561,31.8007,31.9378,783694.5579999998,31.9028,3861.0
2013-01-02 19:00:00+00:00,31.9378,32.3583,31.9196,32.34,1683585.044,32.1645,7384.0
2013-01-02 20:00:00+00:00,32.34,32.4863,32.1801,32.4406,2993494.6959999995,32.3579,13882.0
2013-01-02 21:00:00+00:00,32.468,32.468,32.2852,32.404,4376.0,32.4159,7.0
2013-01-02 22:00:00+00:00,32.4314,32.4497,32.404,32.4223,984.6000000000001,32.4264,5.0
2013-01-03 13:00:00+00:00,32.4314,32.4314,32.4314,32.4314,12174.032,32.4314,1.0
2013-01-03 14:00:00+00:00,32.3583,32.4954,32.0018,32.3583,1146149.8860000004,32.2472,5563.0
2013-01-03 15:00:00+00:00,32.3583,32.5137,32.2395,32.2578,1065468.4800000004,32.3922,6108.0
2013-01-03 16:00:00+00:00,32.2578,32.4653,32.2303,32.2349,932307.8939999999,32.3135,4671.0
2013-01-03 17:00:00+00:00,32.2413,32.2623,32.0293,32.1024,980033.6440000003,32.1641,4916.0
2013-01-03 18:00:00+00:00,32.1069,32.1846,32.0155,32.042,1034302.608,32.0797,5597.0
2013-01-03 19:00:00+00:00,32.0475,32.0475,31.7185,31.8647,1364511.1919999998,31.87,6510.0
2013-01-03 20:00:00+00:00,31.8647,31.9013,31.5676,31.7367,2309347.573999999,31.7802,10408.0
2013-01-03 21:00:00+00:00,31.7367,32.0803,31.7367,32.0803,207913.606,31.9932,2.0
2013-01-03 22:00:00+00:00,31.6819,31.6819,31.6728,31.6728,1148.7,31.6737,4.0
2013-01-04 14:00:00+00:00,31.9013,32.1298,31.7185,32.1298,889658.3039999999,31.9275,4295.0
2013-01-04 15:00:00+00:00,32.1298,32.2029,31.8373,31.9104,1495191.6800000006,32.0661,8266.0
2013-01-04 16:00:00+00:00,31.9287,32.2486,31.3437,32.0475,3181921.9740000004,31.8103,15293.0
2013-01-04 17:00:00+00:00,32.0475,32.2943,32.0383,32.1937,745519.428,32.1775,3823.0
2013-01-04 18:00:00+00:00,32.1938,32.404,32.1618,32.3857,972993.7540000002,32.297,5059.0
2013-01-04 19:00:00+00:00,32.3857,32.596,32.2943,32.3492,1406720.9940000006,32.4426,6313.0
2013-01-04 20:00:00+00:00,32.3583,32.4589,32.2761,32.2761,2893551.2320000003,32.3524,11313.0
2013-01-04 21:00:00+00:00,32.2943,32.2943,32.2943,32.2943,218.8,32.2943,1.0
2013-01-04 23:00:00+00:00,32.2212,32.2212,32.2212,32.2212,109.4,32.2212,1.0
2013-01-05 00:00:00+00:00,32.2852,32.4223,32.2852,32.4223,1312.8,32.3842,4.0
2013-01-07 13:00:00+00:00,32.2852,32.2852,31.9378,31.9378,7986.2,32.0884,26.0
2013-01-07 14:00:00+00:00,31.8556,31.9927,31.1335,31.5174,2234289.3279999993,31.5042,10165.0
2013-01-07 15:00:00+00:00,31.5448,31.6773,31.298,31.3528,2220839.6919999993,31.4468,10890.0
2013-01-07 16:00:00+00:00,31.3528,31.563,31.3163,31.4442,1350870.1059999997,31.4709,6998.0
2013-01-07 17:00:00+00:00,31.4351,31.5722,31.2614,31.4442,1108805.1019999995,31.408,5583.0
2013-01-07 18:00:00+00:00,31.4534,31.5356,31.3483,31.362,889498.5800000001,31.4392,4574.0
2013-01-07 19:00:00+00:00,31.362,31.4397,31.3071,31.4068,1351507.908,31.3542,6159.0
2013-01-07 20:00:00+00:00,31.4077,31.4282,31.3437,31.4122,2873753.114,31.3952,9738.0
2013-01-07 21:00:00+00:00,31.3985,31.3985,31.3985,31.3985,5552.05,31.3985,1.0
2013-01-08 14:00:00+00:00,31.3711,31.5265,31.2614,31.4971,1193451.1639999999,31.3902,5119.0
2013-01-08 15:00:00+00:00,31.4991,31.5539,31.3346,31.4533,1267730.4819999998,31.4337,5526.0
2013-01-08 16:00:00+00:00,31.4442,31.5265,31.3528,31.4534,1376618.49,31.4485,5942.0
2013-01-08 17:00:00+00:00,31.4625,31.6453,31.4534,31.5951,1108370.784,31.5658,5427.0
2013-01-08 18:00:00+00:00,31.5996,31.7185,31.5996,31.6545,2202018.5159999994,31.6595,6551.0
2013-01-08 19:00:00+00:00,31.6545,31.6819,31.5539,31.5722,1668183.712,31.6079,6017.0
2013-01-08 20:00:00+00:00,31.5722,31.8556,31.5722,31.6728,4874057.721999999,31.6966,16523.0
2013-01-08 21:00:00+00:00,31.5925,31.7185,31.5925,31.7185,17722.8,31.5941,2.0
2013-01-09 14:00:00+00:00,31.8099,31.9013,31.4762,31.6112,1194309.954,31.5845,4921.0
2013-01-09 15:00:00+00:00,31.6133,31.7185,31.17,31.3437,2556588.291999999,31.4392,10167.0
2013-01-09 16:00:00+00:00,31.3436,31.3711,31.1243,31.3437,1660723.7259999998,31.256,7812.0
2013-01-09 17:00:00+00:00,31.3437,31.394,31.2431,31.3254,898688.18,31.3348,3084.0
2013-01-09 18:00:00+00:00,31.3254,31.4442,31.2706,31.4214,1005775.4640000002,31.3818,3831.0
2013-01-09 19:00:00+00:00,31.426,31.4351,31.2249,31.2979,1966622.5360000005,31.3068,7339.0
2013-01-09 20:00:00+00:00,31.2888,31.4168,31.2569,31.4168,1694183.7159999995,31.339,8217.0
2013-01-09 21:00:00+00:00,31.362,31.3803,31.3437,31.3437,3610.2,31.367,7.0
2013-01-10 11:00:00+00:00,31.4625,31.4625,31.4625,31.4625,218.8,31.4625,2.0
2013-01-10 13:00:00+00:00,31.5814,31.5814,31.4899,31.5814,1312.8000000000002,31.5738,7.0
2013-01-10 14:00:00+00:00,31.6545,31.7185,31.5174,31.6271,797823.568,31.6494,4106.0
2013-01-10 15:00:00+00:00,31.6271,31.9653,31.5905,31.8464,1433689.1880000003,31.797,7602.0
2013-01-10 16:00:00+00:00,31.8464,32.2578,31.739,31.739,1788070.7959999999,31.9505,7971.0
2013-01-10 17:00:00+00:00,31.7459,31.8236,31.5722,31.6088,1470995.6820000007,31.6912,5248.0
2013-01-10 18:00:00+00:00,31.6133,31.7413,31.4854,31.6362,1205695.2120000005,31.6115,5156.0
2013-01-10 19:00:00+00:00,31.6362,31.7185,31.5905,31.6728,1293401.1919999998,31.6551,5673.0
2013-01-10 20:00:00+00:00,31.6728,31.9561,31.6636,31.9104,1886981.5240000002,31.8288,8194.0
2013-01-10 21:00:00+00:00,31.9653,31.9653,31.9013,31.9013,20239.0,31.9016,3.0
2013-01-10 22:00:00+00:00,31.9927,31.9927,31.9927,31.9927,109.4,31.9927,1.0
2013-01-10 23:00:00+00:00,31.9927,31.9927,31.9927,31.9927,437.6,31.9927,1.0
2013-01-11 14:00:00+00:00,31.8099,31.9424,31.6819,31.7824,587883.8740000003,31.8182,2559.0
2013-01-11 15:00:00+00:00,31.7916,31.9013,31.7093,31.7186,671628.4799999999,31.8116,3596.0
2013-01-11 16:00:00+00:00,31.7276,31.8373,31.6545,31.8282,437977.4300000001,31.7301,2544.0
2013-01-11 17:00:00+00:00,31.819,31.8647,31.7368,31.7368,853217.1639999999,31.8102,3522.0
2013-01-11 18:00:00+00:00,31.7459,31.819,31.6545,31.7642,419608.07600000006,31.7465,2593.0
2013-01-11 19:00:00+00:00,31.7642,31.819,31.6728,31.6728,482240.6699999999,31.7597,2541.0
2013-01-11 20:00:00+00:00,31.6728,31.7367,31.5905,31.7093,1495157.7660000003,31.6693,7620.0
2013-01-11 22:00:00+00:00,31.6819,31.6819,31.6819,31.6819,328.2,31.6819,1.0
2013-01-14 14:00:00+00:00,31.7185,31.947,31.6362,31.8099,342207.57599999994,31.8136,1699.0
2013-01-14 15:00:00+00:00,31.8099,31.9196,31.755,31.8967,728308.6200000001,31.8181,4012.0
2013-01-14 16:00:00+00:00,31.8963,32.0704,31.8963,32.0293,807547.0400000002,32.0065,3813.0
2013-01-14 17:00:00+00:00,32.0293,32.0887,31.9744,32.0612,484637.62400000007,32.0332,2684.0
2013-01-14 18:00:00+00:00,32.0475,32.3675,32.011,32.1481,988288.9680000002,32.2108,4688.0
2013-01-14 19:00:00+00:00,32.1481,32.3309,32.1115,32.2029,1186102.766,32.2649,4745.0
2013-01-14 20:00:00+00:00,32.1938,32.3126,32.1846,32.2761,1460401.3860000002,32.2651,6214.0
2013-01-14 21:00:00+00:00,32.1938,32.2943,32.1938,32.2669,29152.912,32.2919,7.0
2013-01-15 13:00:00+00:00,32.0018,32.0018,31.9927,31.9927,273.5,31.9963,2.0
2013-01-15 14:00:00+00:00,32.0475,32.3309,32.0018,32.2669,698310.0460000001,32.2065,3045.0
2013-01-15 15:00:00+00:00,32.2578,32.6645,32.2258,32.5229,1316113.726,32.5153,6403.0
2013-01-15 16:00:00+00:00,32.5229,32.7239,32.4863,32.669,765476.1759999999,32.576,4132.0
2013-01-15 17:00:00+00:00,32.6691,32.9433,32.6509,32.9159,1298299.0299999998,32.8088,5712.0
2013-01-15 18:00:00+00:00,32.9159,32.9205,32.7422,32.7422,837860.6860000003,32.8029,3956.0
2013-01-15 19:00:00+00:00,32.7422,32.7422,32.5594,32.6234,712515.6359999998,32.6339,3425.0
2013-01-15 20:00:00+00:00,32.6325,32.7331,32.5777,32.7239,1795682.8479999995,32.6527,8019.0
2013-01-15 21:00:00+00:00,32.7239,32.7239,32.7239,32.7239,11015.486,32.7239,1.0
2013-01-16 14:00:00+00:00,32.6782,33.0073,32.6234,32.9159,794161.9500000003,32.83,3749.0
2013-01-16 15:00:00+00:00,32.925,33.1508,32.8885,32.9525,1893372.6719999998,33.0071,7729.0
2013-01-16 16:00:00+00:00,32.9525,33.5101,32.9433,33.3547,2462484.6000000015,33.2987,8494.0
2013-01-16 17:00:00+00:00,33.3547,33.5466,33.2724,33.5345,1225696.814,33.3874,5122.0
2013-01-16 18:00:00+00:00,33.5283,33.766,33.4461,33.7029,1447336.8379999998,33.6379,6491.0
2013-01-16 19:00:00+00:00,33.7112,33.83,33.6563,33.6563,1890144.2779999992,33.7458,7140.0
2013-01-16 20:00:00+00:00,33.6654,33.6929,33.5329,33.638,1996089.4260000002,33.605,9803.0
2013-01-16 22:00:00+00:00,33.5832,33.638,33.5832,33.638,913.49,33.6117,4.0
2013-01-16 23:00:00+00:00,33.638,33.638,33.4735,33.4735,393.84000000000003,33.5491,3.0
2013-01-17 00:00:00+00:00,33.4826,33.6197,33.4826,33.6197,1422.2,33.5564,7.0
2013-01-17 13:00:00+00:00,33.7294,33.8391,33.7294,33.8391,1094.0,33.7404,5.0
2013-01-17 14:00:00+00:00,33.8208,34.2505,33.5923,34.031,1394434.2799999998,33.8828,6257.0
2013-01-17 15:00:00+00:00,34.0128,34.2367,33.9214,33.9367,3288414.1219999986,34.0793,15255.0
2013-01-17 16:00:00+00:00,33.9351,34.0402,33.6746,33.7569,1742822.9559999995,33.8229,8288.0
2013-01-17 17:00:00+00:00,33.7477,33.894,33.7386,33.8208,1231094.6099999999,33.819,6674.0
2013-01-17 18:00:00+00:00,33.83,34.0402,33.8026,34.0311,1041030.7080000001,33.9245,5323.0
2013-01-17 19:00:00+00:00,34.0311,34.1042,33.7477,33.7751,2251273.678000001,33.9365,8804.0
2013-01-17 20:00:00+00:00,33.7797,33.8574,33.638,33.6563,2450604.8540000007,33.7344,11370.0
2013-01-17 21:00:00+00:00,33.6563,33.6654,33.6289,33.6654,3126.652,33.6542,6.0
2013-01-17 22:00:00+00:00,33.6563,33.6563,33.6563,33.6563,188.168,33.6563,1.0
2013-01-17 23:00:00+00:00,33.4826,33.4826,33.4826,33.4826,142.22,33.4826,1.0
2013-01-18 00:00:00+00:00,33.4826,33.4826,33.4826,33.4826,328.2,33.4826,1.0
2013-01-18 13:00:00+00:00,33.8117,33.8208,33.6563,33.7751,12411.429999999998,33.6723,4.0
2013-01-18 14:00:00+00:00,33.7294,34.3784,33.6746,33.9305,1989989.2819999994,34.2164,6336.0
2013-01-18 15:00:00+00:00,33.9305,34.1865,33.3455,33.4735,2183090.1279999996,33.6829,8996.0
2013-01-18 16:00:00+00:00,33.4735,33.5375,33.2724,33.3638,954728.3300000002,33.3961,5183.0
2013-01-18 17:00:00+00:00,33.3638,33.5375,33.0987,33.5282,1149834.478,33.2865,5720.0
2013-01-18 18:00:00+00:00,33.5193,33.7066,33.4644,33.4826,1212056.822,33.597,4969.0
2013-01-18 19:00:00+00:00,33.4781,33.6289,33.4644,33.574,1146833.636,33.5616,4579.0
2013-01-18 20:00:00+00:00,33.574,33.6654,33.4278,33.6197,3277178.7419999996,33.5632,13600.0
2013-01-18 21:00:00+00:00,33.6197,33.638,33.6015,33.6015,59233.536,33.6018,11.0
2013-01-18 23:00:00+00:00,33.4278,33.4278,33.4278,33.4278,547.0,33.4278,1.0
2013-01-22 13:00:00+00:00,33.4004,33.4004,33.3912,33.3912,218.8,33.3958,2.0
2013-01-22 14:00:00+00:00,33.9488,34.287,33.5923,33.6015,1052414.8720000002,33.8501,4234.0
2013-01-22 15:00:00+00:00,33.6015,34.0128,33.5101,33.8483,1017264.6520000001,33.7276,5492.0
2013-01-22 16:00:00+00:00,33.8391,34.0219,33.7843,33.9844,802366.9499999998,33.8815,3689.0
2013-01-22 17:00:00+00:00,33.9762,34.0951,33.8861,33.958,731503.1,34.0131,3991.0
2013-01-22 18:00:00+00:00,33.9671,34.0556,33.9031,33.9762,627310.54,34.0043,2744.0
2013-01-22 19:00:00+00:00,33.9762,34.0311,33.9305,34.0082,536971.302,33.9745,3214.0
2013-01-22 20:00:00+00:00,34.0128,34.0311,33.8254,33.9488,1491213.8960000002,33.9204,7210.0
2013-01-22 21:00:00+00:00,33.9671,33.9671,33.958,33.958,37851.306000000004,33.967,4.0
2013-01-22 22:00:00+00:00,33.9671,33.9671,33.9671,33.9671,3117.9,33.9671,1.0
2013-01-23 13:00:00+00:00,33.9854,33.9854,33.9854,33.9854,109.4,33.9854,1.0
2013-01-23 14:00:00+00:00,33.9671,34.287,33.8208,33.8574,1002284.5100000004,34.091,4564.0
2013-01-23 15:00:00+00:00,33.8665,34.1133,33.8391,33.9214,1410979.9359999995,33.9514,5639.0
2013-01-23 16:00:00+00:00,33.9214,34.1225,33.894,34.1133,838633.05,34.0156,4311.0
2013-01-23 17:00:00+00:00,34.1042,34.3876,34.0951,34.3509,967768.8100000003,34.235,4134.0
2013-01-23 18:00:00+00:00,34.351,34.3693,34.2505,34.3693,631826.5720000003,34.3045,3077.0
2013-01-23 19:00:00+00:00,34.3665,35.0548,34.3144,34.8263,2872031.1580000003,34.7004,14063.0
2013-01-23 20:00:00+00:00,34.8263,35.0,34.5704,34.7166,2936165.8140000002,34.7442,12374.0
2013-01-23 21:00:00+00:00,34.6984,34.7166,34.6801,34.6801,17389.130000000005,34.707,13.0
2013-01-23 22:00:00+00:00,34.5612,34.6801,34.5612,34.6344,437.6,34.6092,4.0
2013-01-24 14:00:00+00:00,34.7075,35.0823,34.5146,35.0183,1040985.854,34.815,4568.0
2013-01-24 15:00:00+00:00,35.0183,35.0256,34.7351,34.7806,1562329.3660000006,34.8543,8267.0
2013-01-24 16:00:00+00:00,34.7806,35.0,34.7623,34.8263,1208490.3820000002,34.8985,5976.0
2013-01-24 17:00:00+00:00,34.8218,34.8355,34.5978,34.7166,1269443.686,34.7132,6084.0
2013-01-24 18:00:00+00:00,34.7166,34.8172,34.5704,34.7258,829673.1900000002,34.7006,3605.0
2013-01-24 19:00:00+00:00,34.7258,34.7441,34.6069,34.6755,752862.3559999999,34.6709,3783.0
2013-01-24 20:00:00+00:00,34.6801,34.8263,34.6709,34.7075,1797833.6520000002,34.7429,9540.0
2013-01-24 21:00:00+00:00,34.6984,34.7919,34.6801,34.6801,36747.46,34.7764,24.0
2013-01-24 22:00:00+00:00,34.5338,34.5338,34.5338,34.5338,328.2,34.5338,1.0
2013-01-24 23:00:00+00:00,34.6527,34.6892,34.6527,34.6892,382.9,34.6788,2.0
2013-01-25 00:00:00+00:00,34.6984,34.7806,34.6984,34.7806,1546.9160000000002,34.7748,2.0
2013-01-25 13:00:00+00:00,34.6984,34.6984,34.6984,34.6984,18051.0,34.6984,1.0
2013-01-25 14:00:00+00:00,34.7806,34.9452,34.6161,34.7943,929382.5380000001,34.8002,3912.0
2013-01-25 15:00:00+00:00,34.7898,34.824,34.5155,34.6344,1577730.6979999999,34.6901,7323.0
2013-01-25 16:00:00+00:00,34.6344,34.6984,34.4516,34.5064,1346782.9219999998,34.5733,6305.0
2013-01-25 17:00:00+00:00,34.5041,34.8446,34.4973,34.7532,1211923.3539999996,34.7175,4480.0
2013-01-25 18:00:00+00:00,34.7532,34.936,34.6801,34.8309,819262.6859999999,34.832,3993.0
2013-01-25 19:00:00+00:00,34.8272,34.9177,34.7441,34.7761,1326117.2620000006,34.8304,4470.0
2013-01-25 20:00:00+00:00,34.7806,34.8446,34.7166,34.8263,2367766.0799999996,34.7876,8464.0
2013-01-25 21:00:00+00:00,34.8263,34.8263,34.8263,34.8263,2297.4,34.8263,4.0
2013-01-25 22:00:00+00:00,34.8263,34.8263,34.8263,34.8263,2065.472,34.7878,2.0
2013-01-28 13:00:00+00:00,35.0731,35.0914,34.9634,34.9634,3938.4,35.0727,5.0
2013-01-28 14:00:00+00:00,34.9543,35.2514,34.8446,35.1508,2007342.3099999998,35.0719,7184.0
2013-01-28 15:00:00+00:00,35.1188,35.3931,34.9086,35.3473,2638761.914,35.1287,10472.0
2013-01-28 16:00:00+00:00,35.3473,35.649,35.192,35.5941,1720094.0119999996,35.4461,8674.0
2013-01-28 17:00:00+00:00,35.6033,35.6901,35.3748,35.4936,1283454.544,35.5519,6002.0
2013-01-28 18:00:00+00:00,35.4936,35.6124,35.4113,35.5713,833943.0719999999,35.5266,4509.0
2013-01-28 19:00:00+00:00,35.5759,35.6673,35.4479,35.6673,994827.8059999999,35.5622,5584.0
2013-01-28 20:00:00+00:00,35.6581,35.6673,35.4388,35.4845,2558131.926000001,35.5218,12011.0
2013-01-28 21:00:00+00:00,35.4753,35.8318,35.4296,35.8318,35725.664000000004,35.509,15.0
2013-01-28 22:00:00+00:00,35.8318,35.9232,35.8318,35.9232,1192.46,35.8762,5.0
2013-01-28 23:00:00+00:00,35.9232,35.9232,35.7404,35.8318,2594.968,35.8252,7.0
2013-01-29 00:00:00+00:00,35.8318,35.8318,35.5576,35.5576,2188.0000000000005,35.7962,8.0
2013-01-29 13:00:00+00:00,36.5722,38.3638,36.5631,38.2998,268438.06200000003,38.0381,593.0
2013-01-29 14:00:00+00:00,38.2998,39.2596,38.1444,38.6106,5598861.165999999,38.6662,20689.0
2013-01-29 15:00:00+00:00,38.6197,38.9122,38.4369,38.5832,5813878.113999997,38.5432,26203.0
2013-01-29 16:00:00+00:00,38.5832,38.9305,38.2541,38.5008,3168847.58,38.5561,15613.0
2013-01-29 17:00:00+00:00,38.5009,38.8483,38.3455,38.8483,2346167.2379999994,38.684,10933.0
2013-01-29 18:00:00+00:00,38.8483,39.6252,38.8391,39.5978,3049096.1520000007,39.2449,14654.0
2013-01-29 19:00:00+00:00,39.6069,39.6161,39.2048,39.4241,2534498.2439999995,39.4638,13136.0
2013-01-29 20:00:00+00:00,39.415,40.064,39.415,40.0137,5136500.664,39.8558,22758.0
2013-01-29 21:00:00+00:00,40.0091,40.1188,40.0091,40.0457,11201.466,39.4378,14.0
2013-01-29 22:00:00+00:00,40.0274,40.1097,40.0274,40.1097,2844.4000000000005,40.0337,5.0
2013-01-29 23:00:00+00:00,40.1463,40.2011,40.0274,40.2011,1099.47,40.1202,4.0
2013-01-30 00:00:00+00:00,40.2102,40.3199,40.2102,40.2742,2201.128,40.2785,13.0
2013-01-30 12:00:00+00:00,40.6673,40.6673,40.4936,40.4936,2324.75,40.5685,8.0
2013-01-30 13:00:00+00:00,40.585,40.9232,40.4479,40.6216,36396.286,40.6541,102.0
2013-01-30 14:00:00+00:00,40.6216,40.6216,39.8263,40.4205,3780338.8799999994,40.2512,16121.0
2013-01-30 15:00:00+00:00,40.4205,40.457,39.808,39.8995,3355175.471999999,40.1668,15343.0
2013-01-30 16:00:00+00:00,39.8995,40.0366,38.9397,39.0128,3869730.714000001,39.4769,19095.0
2013-01-30 17:00:00+00:00,39.0128,39.5521,39.0128,39.543,1819559.398,39.2207,9228.0
2013-01-30 18:00:00+00:00,39.543,39.7989,39.2596,39.7715,1849733.0120000003,39.5403,9138.0
2013-01-30 19:00:00+00:00,39.7806,39.9909,39.7532,39.9452,1909887.6960000005,39.8426,9465.0
2013-01-30 20:00:00+00:00,39.9497,40.0548,39.808,40.0,4305889.916000001,39.9394,17353.0
2013-01-30 21:00:00+00:00,39.9909,40.0457,39.9726,39.9909,199696.57199999996,39.8613,18.0
2013-01-30 22:00:00+00:00,39.9909,39.9909,39.8995,39.9909,8363.63,39.9449,17.0
2013-01-30 23:00:00+00:00,39.9909,39.9909,39.9909,39.9909,131.28,39.9909,1.0
2013-01-31 13:00:00+00:00,39.808,39.808,39.808,39.808,437.6,39.808,1.0
2013-01-31 14:00:00+00:00,39.808,39.9177,39.2779,39.4973,1517636.1840000001,39.4771,7172.0
2013-01-31 15:00:00+00:00,39.4945,39.9767,39.4059,39.8446,1817865.8860000004,39.6705,10009.0
2013-01-31 16:00:00+00:00,39.8445,39.9634,39.5567,39.8126,1271825.324,39.733,7048.0
2013-01-31 17:00:00+00:00,39.808,40.1965,39.7989,39.9726,1092733.1479999996,40.0208,5851.0
2013-01-31 18:00:00+00:00,39.968,40.2102,39.7898,40.2075,649307.5980000001,39.9754,3826.0
2013-01-31 19:00:00+00:00,40.2102,40.4296,40.0548,40.3446,1268730.398,40.2469,6633.0
2013-01-31 20:00:00+00:00,40.3382,40.3473,39.9634,39.9817,2247940.26,40.0924,10603.0
2013-01-31 21:00:00+00:00,39.9726,39.9726,39.9452,39.9726,94414.388,39.9694,19.0
2013-01-31 22:00:00+00:00,39.9726,39.9726,39.9726,39.9726,196.92,39.9726,1.0
2013-01-31 23:00:00+00:00,39.9177,39.9726,39.9177,39.9726,1444.08,39.9583,9.0
2013-02-01 00:00:00+00:00,39.9452,39.9452,39.9452,39.9452,109.4,39.9452,1.0
2013-02-01 13:00:00+00:00,39.9909,40.128,39.9726,39.9726,14452.834,39.9751,3.0
2013-02-01 14:00:00+00:00,39.9726,40.5302,39.9726,40.3016,1242080.558,40.3861,5780.0
2013-02-01 15:00:00+00:00,40.3199,40.6764,40.3108,40.6764,1668711.0199999993,40.5373,9152.0
2013-02-01 16:00:00+00:00,40.6764,40.841,40.521,40.8135,1314398.3339999998,40.6781,6413.0
2013-02-01 17:00:00+00:00,40.8135,40.9232,40.6581,40.9232,1051753.0019999999,40.7924,5158.0
2013-02-01 18:00:00+00:00,40.9232,41.0329,40.8135,40.9918,941031.4500000002,40.9269,4728.0
2013-02-01 19:00:00+00:00,40.9872,41.0603,40.7495,40.7532,1161072.046,40.9167,5872.0
2013-02-01 20:00:00+00:00,40.7587,41.0969,40.7404,41.0192,2101187.8180000004,40.9524,11357.0
2013-02-01 21:00:00+00:00,40.9963,41.1335,40.9963,41.0786,10879.829999999998,41.0086,12.0
2013-02-01 23:00:00+00:00,40.9141,40.9506,40.9141,40.9506,328.20000000000005,40.9384,3.0
2013-02-02 00:00:00+00:00,40.9232,40.9872,40.9232,40.9872,1165.1100000000001,40.9464,5.0
2013-02-04 12:00:00+00:00,41.0695,41.0695,40.9324,40.9506,3058.824,40.9606,18.0
2013-02-04 13:00:00+00:00,40.9506,40.9506,40.8135,40.8135,2226.29,40.8575,13.0
2013-02-04 14:00:00+00:00,40.7038,41.3528,40.4479,41.2614,1765194.1620000005,40.91,7971.0
2013-02-04 15:00:00+00:00,41.2614,41.6179,41.2066,41.234,2376013.7460000003,41.3992,13407.0
2013-02-04 16:00:00+00:00,41.234,41.2614,40.9963,41.0996,1679436.596,41.135,9456.0
2013-02-04 17:00:00+00:00,41.0969,41.362,40.9689,41.3528,1324308.88,41.1901,7776.0
2013-02-04 18:00:00+00:00,41.3528,41.3894,41.1805,41.2735,1025014.5480000003,41.2957,5715.0
2013-02-04 19:00:00+00:00,41.2751,41.3711,41.0695,41.3135,1374460.028,41.2384,7527.0
2013-02-04 20:00:00+00:00,41.3163,41.3711,41.0329,41.0512,2816288.5760000004,41.1942,13653.0
2013-02-04 21:00:00+00:00,41.0603,41.0695,41.042,41.0512,21068.251999999997,40.9909,19.0
2013-02-04 22:00:00+00:00,41.0512,41.0512,41.042,41.042,742.826,41.0485,4.0
2013-02-05 00:00:00+00:00,41.0877,41.0878,41.0512,41.0512,984.5999999999999,41.0797,6.0
2013-02-05 13:00:00+00:00,41.1609,41.3254,41.1609,41.3163,1422.2,41.2347,6.0
2013-02-05 14:00:00+00:00,41.298,41.5905,41.1152,41.4168,1182073.564,41.3783,6015.0
2013-02-05 15:00:00+00:00,41.4168,41.5631,41.234,41.5494,1739519.0760000004,41.4037,10552.0
2013-02-05 16:00:00+00:00,41.5494,41.9013,41.4899,41.8921,1933269.758,41.6733,10522.0
2013-02-05 17:00:00+00:00,41.8921,42.0018,41.691,41.8556,1511038.2700000005,41.8297,8768.0
2013-02-05 18:00:00+00:00,41.8579,41.8967,41.618,41.8601,1427185.358,41.7942,7145.0
2013-02-05 19:00:00+00:00,41.851,42.1298,41.8282,41.9287,1428322.0240000002,41.9847,6219.0
2013-02-05 20:00:00+00:00,41.933,41.947,41.7367,41.7642,1972333.2159999995,41.8257,9478.0
2013-02-05 21:00:00+00:00,41.7733,41.7733,41.7733,41.7733,9010.184,41.7733,2.0
2013-02-06 12:00:00+00:00,41.7733,41.7733,41.6545,41.6545,437.6,41.7436,3.0
2013-02-06 13:00:00+00:00,41.6362,41.6362,41.5174,41.5174,2275.5200000000004,41.6094,9.0
2013-02-06 14:00:00+00:00,41.6453,42.0932,41.426,42.0658,1269526.83,41.7434,6395.0
2013-02-06 15:00:00+00:00,42.0658,42.1024,41.6728,41.7733,1444600.744,41.8482,8044.0
2013-02-06 16:00:00+00:00,41.7733,41.9196,41.5082,41.6911,1392098.5900000005,41.7281,6669.0
2013-02-06 17:00:00+00:00,41.7002,41.7093,41.394,41.3985,966778.7399999999,41.5947,5231.0
2013-02-06 18:00:00+00:00,41.3985,41.6545,41.2797,41.4168,1513209.86,41.441,6927.0
2013-02-06 19:00:00+00:00,41.4122,41.6042,41.362,41.5265,1080495.6639999999,41.4732,5679.0
2013-02-06 20:00:00+00:00,41.5265,41.5996,41.4534,41.5265,1679524.116,41.5295,8775.0
2013-02-06 21:00:00+00:00,41.4947,41.5356,41.3528,41.4534,9631.576,41.4902,12.0
2013-02-06 22:00:00+00:00,41.3711,41.3711,41.3711,41.3711,579.82,41.3711,4.0
2013-02-06 23:00:00+00:00,41.3711,41.3711,41.362,41.362,984.5999999999999,41.3701,5.0
2013-02-07 00:00:00+00:00,41.362,41.5174,41.362,41.5174,273.5,41.4242,2.0
2013-02-07 13:00:00+00:00,41.8099,41.8099,41.8099,41.8099,218.8,41.8099,2.0
2013-02-07 14:00:00+00:00,41.4991,41.819,41.3803,41.7585,792622.692,41.6177,3522.0
2013-02-07 15:00:00+00:00,41.755,41.819,41.0786,41.4351,2350317.874000001,41.3634,13104.0
2013-02-07 16:00:00+00:00,41.4442,41.6179,41.2888,41.3528,1237862.0939999998,41.4343,7116.0
2013-02-07 17:00:00+00:00,41.3437,41.6362,41.3296,41.5905,704116.9980000001,41.5214,3971.0
2013-02-07 18:00:00+00:00,41.5814,41.7093,41.5356,41.6819,737749.84,41.6186,4156.0
2013-02-07 19:00:00+00:00,41.691,41.851,41.5265,41.5722,1047278.5419999997,41.6816,5629.0
2013-02-07 20:00:00+00:00,41.5722,41.5905,41.3803,41.426,2570708.5500000003,41.4756,12360.0
2013-02-07 21:00:00+00:00,41.4077,41.426,41.4077,41.426,30692.17,41.4243,5.0
2013-02-07 22:00:00+00:00,41.2431,41.3985,41.2249,41.3985,1695.7,41.2485,5.0
2013-02-08 00:00:00+00:00,41.3711,41.3803,41.3711,41.3803,1805.1,41.3786,8.0
2013-02-08 14:00:00+00:00,41.6179,42.34,41.6179,42.0841,1483445.4019999998,42.1329,6916.0
2013-02-08 15:00:00+00:00,42.0841,42.2486,41.8282,41.8464,1767779.284,42.0415,8040.0
2013-02-08 16:00:00+00:00,41.8464,42.0475,41.8099,42.011,1277568.824,41.9271,6547.0
2013-02-08 17:00:00+00:00,42.0018,42.2486,41.9653,42.0475,1133417.9139999999,42.0704,5675.0
2013-02-08 18:00:00+00:00,42.0384,42.2121,41.9927,42.1024,816661.1539999997,42.1198,3837.0
2013-02-08 19:00:00+00:00,42.1009,42.1938,42.0201,42.0567,580595.6460000001,42.1079,2828.0
2013-02-08 20:00:00+00:00,42.0475,42.1938,41.9698,42.1572,1392307.5440000002,42.0843,6979.0
2013-02-08 21:00:00+00:00,42.1664,42.2029,42.1664,42.1755,11232.098,42.1545,5.0
2013-02-08 22:00:00+00:00,42.1755,42.1755,42.1664,42.1664,328.2,42.1699,2.0
2013-02-09 00:00:00+00:00,42.1663,42.1664,42.1663,42.1664,437.6,42.1664,2.0
2013-02-11 12:00:00+00:00,42.1389,42.1389,42.1389,42.1389,656.4,42.1389,2.0
2013-02-11 13:00:00+00:00,42.0841,42.1846,42.0018,42.0932,7800.220000000001,42.0796,28.0
2013-02-11 14:00:00+00:00,42.0932,42.4223,42.0658,42.3537,886206.734,42.2917,4029.0
2013-02-11 15:00:00+00:00,42.3515,42.3675,42.0932,42.34,1557312.2820000006,42.2532,6600.0
2013-02-11 16:00:00+00:00,42.34,42.8154,42.3309,42.532,1681666.1679999996,42.6136,7893.0
2013-02-11 17:00:00+00:00,42.532,42.6051,42.3583,42.489,710164.63,42.4936,3435.0
2013-02-11 18:00:00+00:00,42.4954,42.6143,42.3857,42.4132,539879.1540000001,42.5021,2590.0
2013-02-11 19:00:00+00:00,42.404,42.4314,42.2121,42.2623,722020.308,42.3289,3557.0
2013-02-11 20:00:00+00:00,42.2665,42.3675,42.1664,42.1755,1537837.9880000001,42.2542,7680.0
2013-02-11 21:00:00+00:00,42.1755,42.1755,42.1298,42.1298,3054.4480000000003,42.1588,7.0
2013-02-11 22:00:00+00:00,42.0932,42.2669,42.0932,42.2669,1309.5180000000003,42.1679,7.0
2013-02-11 23:00:00+00:00,42.2669,42.2669,42.2669,42.2669,437.6,42.2669,3.0
2013-02-12 00:00:00+00:00,42.2669,42.2669,42.2669,42.2669,218.8,42.2669,1.0
2013-02-12 14:00:00+00:00,42.2578,42.4589,41.9104,42.1572,1045674.7379999998,42.1465,4957.0
2013-02-12 15:00:00+00:00,42.1755,42.404,42.0018,42.0537,1599350.3260000004,42.2004,7791.0
2013-02-12 16:00:00+00:00,42.0475,42.075,41.6819,41.755,1253928.5779999993,41.8604,6296.0
2013-02-12 17:00:00+00:00,41.755,41.8464,41.7276,41.8374,736796.9660000002,41.7846,3876.0
2013-02-12 18:00:00+00:00,41.8464,42.011,41.819,41.8647,749748.8319999999,41.9226,3417.0
2013-02-12 19:00:00+00:00,41.8611,41.8739,41.4442,41.5356,1375444.6280000003,41.6084,6932.0
2013-02-12 20:00:00+00:00,41.5448,41.755,41.4991,41.7093,1580443.8180000002,41.6556,8052.0
2013-02-12 21:00:00+00:00,41.7276,41.8647,41.7276,41.8647,66507.542,41.7411,20.0
2013-02-12 22:00:00+00:00,41.7367,41.7367,41.7367,41.7367,347.89200000000005,41.7367,2.0
2013-02-12 23:00:00+00:00,41.7459,41.755,41.7459,41.755,308.50800000000004,41.7518,2.0
2013-02-13 00:00:00+00:00,41.7459,41.755,41.7459,41.755,437.6,41.7527,2.0
2013-02-13 13:00:00+00:00,41.755,41.755,41.755,41.755,109.4,41.755,1.0
2013-02-13 14:00:00+00:00,41.7367,42.1618,41.5905,42.0201,684869.162,41.8432,2782.0
2013-02-13 15:00:00+00:00,42.0219,42.2669,41.9744,42.0201,1227804.952,42.1042,5799.0
2013-02-13 16:00:00+00:00,42.0293,42.1115,41.8007,42.0978,870587.696,41.9549,4564.0
2013-02-13 17:00:00+00:00,42.0978,42.2486,42.0841,42.1607,695591.456,42.1822,3653.0
2013-02-13 18:00:00+00:00,42.1664,42.3035,42.1389,42.2944,466466.284,42.2051,2453.0
2013-02-13 19:00:00+00:00,42.3035,42.3766,42.0841,42.1481,734585.9919999999,42.1898,3555.0
2013-02-13 20:00:00+00:00,42.1481,42.2761,42.0932,42.2669,2015602.0099999995,42.139,6932.0
2013-02-13 21:00:00+00:00,42.2669,42.3126,42.2669,42.3126,9386.52,42.2674,4.0
2013-02-14 12:00:00+00:00,42.0841,42.34,42.0841,42.34,4011.6980000000003,42.3108,7.0
2013-02-14 13:00:00+00:00,42.4132,42.4132,42.3218,42.3218,9517.8,42.3249,4.0
2013-02-14 14:00:00+00:00,42.3309,43.1079,42.2669,42.8336,1664849.2,42.6408,6868.0
2013-02-14 15:00:00+00:00,42.8245,43.2267,42.8245,42.8641,1350730.074,42.9886,6954.0
2013-02-14 16:00:00+00:00,42.8611,43.1627,42.7879,43.0987,1264205.6139999996,42.9715,5556.0
2013-02-14 17:00:00+00:00,43.1056,43.4186,43.053,43.1444,1176491.9760000003,43.2113,5629.0
2013-02-14 18:00:00+00:00,43.1399,43.2815,42.9982,43.2358,765026.542,43.1363,3675.0
2013-02-14 19:00:00+00:00,43.2267,43.2998,43.1079,43.1934,1106264.834,43.2087,5065.0
2013-02-14 20:00:00+00:00,43.1993,43.2495,43.0804,43.1901,1736720.624,43.1842,8311.0
2013-02-14 21:00:00+00:00,43.2358,43.2358,43.1993,43.1993,656.4000000000001,43.21,5.0
2013-02-14 22:00:00+00:00,43.2358,43.2358,43.2358,43.2358,711.1,43.2358,1.0
2013-02-14 23:00:00+00:00,43.2084,43.2084,43.2084,43.2084,109.4,43.2084,1.0
2013-02-15 00:00:00+00:00,43.2084,43.2084,43.1993,43.1993,437.6,43.2038,2.0
2013-02-15 13:00:00+00:00,43.3638,43.4186,43.3638,43.4186,875.2,43.3946,5.0
2013-02-15 14:00:00+00:00,43.4186,43.5649,43.1901,43.3272,1432256.0479999997,43.3465,4906.0
2013-02-15 15:00:00+00:00,43.3364,43.5101,43.053,43.1033,1208626.038,43.2318,6341.0
2013-02-15 16:00:00+00:00,43.1078,43.1901,42.9707,43.0576,1039006.8079999997,43.0563,5721.0
2013-02-15 17:00:00+00:00,43.0622,43.1718,42.7787,42.9936,951290.9820000001,42.9286,4751.0
2013-02-15 18:00:00+00:00,42.9799,43.181,42.9525,43.1536,568614.1579999999,43.0703,3229.0
2013-02-15 19:00:00+00:00,43.1536,43.1627,42.7897,42.8062,875841.0840000001,42.9255,4812.0
2013-02-15 20:00:00+00:00,42.8062,43.2907,42.7514,43.1993,2279359.939999999,43.0175,10059.0
2013-02-15 21:00:00+00:00,43.2267,43.2267,43.0896,43.2267,33447.956,43.2218,16.0
2013-02-15 22:00:00+00:00,43.0622,43.0622,43.0622,43.0622,109.4,43.0622,1.0
2013-02-19 13:00:00+00:00,43.2267,43.4644,43.2267,43.4186,8642.6,43.3743,14.0
2013-02-19 14:00:00+00:00,43.4186,43.5283,43.0073,43.4369,1497213.3919999995,43.2777,4706.0
2013-02-19 15:00:00+00:00,43.4278,43.5009,42.8245,42.9264,1706882.8680000005,43.1218,7197.0
2013-02-19 16:00:00+00:00,42.9342,43.1261,42.8245,43.1079,954972.292,42.9672,4156.0
2013-02-19 17:00:00+00:00,43.0988,43.1993,42.9982,43.1811,1060818.9799999997,43.0634,3326.0
2013-02-19 18:00:00+00:00,43.181,43.4644,43.1787,43.4438,825731.5079999999,43.3458,3781.0
2013-02-19 19:00:00+00:00,43.4369,43.7293,43.4122,43.5009,1064164.4320000005,43.556,4783.0
2013-02-19 20:00:00+00:00,43.5009,43.6472,43.4552,43.638,1319425.2639999997,43.5772,6429.0
2013-02-19 21:00:00+00:00,43.6929,43.6929,42.824,43.6929,41298.5,43.4064,11.0
2013-02-19 22:00:00+00:00,43.6929,43.6929,43.6746,43.6746,656.4,43.6899,2.0
2013-02-20 13:00:00+00:00,43.6289,43.6289,43.6289,43.6289,25162.0,43.6289,1.0
2013-02-20 14:00:00+00:00,43.7112,43.7386,43.2907,43.7019,913884.9339999999,43.4653,4226.0
2013-02-20 15:00:00+00:00,43.6928,43.7386,43.4278,43.5466,1413557.4,43.5779,7777.0
2013-02-20 16:00:00+00:00,43.542,43.542,42.9342,43.0165,1643333.502,43.1859,7895.0
2013-02-20 17:00:00+00:00,43.0073,43.1718,42.8702,43.0896,1176761.1,43.0358,4329.0
2013-02-20 18:00:00+00:00,43.0804,43.117,42.4132,42.4314,1360095.8080000002,42.7899,5740.0
2013-02-20 19:00:00+00:00,42.4314,42.6325,41.4717,41.4808,3221156.095999999,42.0835,15639.0
2013-02-20 20:00:00+00:00,41.4808,41.5905,40.8684,41.0695,5491588.996000001,41.182,24141.0
2013-02-20 21:00:00+00:00,41.0512,41.4351,41.0146,41.0878,7946.815999999999,41.1086,29.0
2013-02-20 22:00:00+00:00,41.0878,41.0878,41.042,41.042,1312.8000000000002,41.084,7.0
2013-02-20 23:00:00+00:00,41.0603,41.1792,41.0603,41.1792,8861.4,41.0645,8.0
2013-02-21 00:00:00+00:00,41.2431,41.3163,41.1792,41.3163,1258.1000000000004,41.2423,7.0
2013-02-21 13:00:00+00:00,40.7038,41.0695,40.6947,40.9049,7056.299999999999,40.8576,18.0
2013-02-21 14:00:00+00:00,40.9049,40.9141,39.7715,40.2559,3146186.463999999,40.2137,12970.0
2013-02-21 15:00:00+00:00,40.2468,41.6453,39.9634,41.2523,3661482.344,40.9452,18795.0
2013-02-21 16:00:00+00:00,41.2523,41.5082,41.0238,41.4397,1832631.6040000005,41.2942,9172.0
2013-02-21 17:00:00+00:00,41.4442,41.5082,40.9689,41.1325,996285.0139999999,41.1962,5132.0
2013-02-21 18:00:00+00:00,41.1303,41.2614,41.0283,41.2431,599876.3020000001,41.1189,3343.0
2013-02-21 19:00:00+00:00,41.2431,41.5448,41.0146,41.5247,1249205.7799999998,41.2539,6523.0
2013-02-21 20:00:00+00:00,41.5219,41.9196,41.426,41.6179,1971357.3679999998,41.6367,10452.0
2013-02-21 21:00:00+00:00,41.6179,41.6728,41.6179,41.6728,2649.668,41.6202,4.0
2013-02-21 22:00:00+00:00,41.6453,41.6453,41.6453,41.6453,1630.06,41.6453,2.0
2013-02-21 23:00:00+00:00,41.6453,41.6453,41.6362,41.6362,3391.4,41.6451,2.0
2013-02-22 00:00:00+00:00,41.6271,41.6271,41.6179,41.6271,3282.000000000001,41.6268,11.0
2013-02-22 12:00:00+00:00,41.7733,42.0932,41.7733,42.0475,492.29999999999995,42.0018,4.0
2013-02-22 13:00:00+00:00,41.7916,42.0018,41.7093,42.0018,14060.088000000002,41.9152,37.0
2013-02-22 14:00:00+00:00,42.0018,42.3218,41.3985,41.5265,1269438.2160000002,41.8811,5166.0
2013-02-22 15:00:00+00:00,41.5356,41.5539,41.1152,41.3803,1297162.3639999998,41.3266,7035.0
2013-02-22 16:00:00+00:00,41.3711,41.9104,41.3711,41.9059,1217348.5,41.5997,6747.0
2013-02-22 17:00:00+00:00,41.9059,42.2761,41.7367,42.0791,940550.09,42.0027,4759.0
2013-02-22 18:00:00+00:00,42.0841,42.148,41.7733,41.9926,661571.3380000001,41.944,3445.0
2013-02-22 19:00:00+00:00,41.9927,42.0658,41.7925,41.8921,627639.8339999999,41.8882,3432.0
2013-02-22 20:00:00+00:00,41.9013,42.1389,41.883,42.1207,1306965.6979999996,42.0412,5828.0
2013-02-22 21:00:00+00:00,42.1115,42.1207,41.9744,41.9744,20421.698000000008,42.11,9.0
2013-02-22 22:00:00+00:00,41.9835,41.9835,41.9744,41.9744,1094.0,41.979,2.0
2013-02-25 13:00:00+00:00,42.3218,42.3218,42.3218,42.3218,109.4,42.3218,1.0
2013-02-25 14:00:00+00:00,42.4771,42.5046,41.947,42.1892,890106.8440000002,42.2137,4372.0
2013-02-25 15:00:00+00:00,42.1846,42.4314,41.362,41.5356,1633855.0860000001,41.7763,9398.0
2013-02-25 16:00:00+00:00,41.5329,41.8647,41.2157,41.4534,1295754.3860000002,41.5231,6645.0
2013-02-25 17:00:00+00:00,41.4625,41.6362,41.3803,41.6271,623155.5280000003,41.5157,3525.0
2013-02-25 18:00:00+00:00,41.6271,41.6453,41.1609,41.2431,861180.3900000004,41.2999,4513.0
2013-02-25 19:00:00+00:00,41.2431,41.2614,40.9872,41.0603,965380.608,41.152,4507.0
2013-02-25 20:00:00+00:00,41.0786,41.1792,40.4205,40.4479,2494484.099999999,40.7707,12561.0
2013-02-25 21:00:00+00:00,40.4479,40.6947,40.4022,40.4205,31956.834000000003,40.8886,29.0
2013-02-25 22:00:00+00:00,40.4388,40.457,40.4022,40.457,655.306,40.4357,5.0
2013-02-25 23:00:00+00:00,40.457,40.521,40.457,40.521,656.4000000000001,40.4783,3.0
2013-02-26 00:00:00+00:00,40.5393,40.5393,40.5393,40.5393,218.8,40.5393,1.0
2013-02-26 13:00:00+00:00,40.4936,40.4936,40.128,40.2377,22623.920000000006,40.4078,31.0
2013-02-26 14:00:00+00:00,40.2651,40.6307,39.9379,40.4845,1206272.844,40.2821,5987.0
2013-02-26 15:00:00+00:00,40.4845,40.9506,40.1005,40.5302,1775338.8240000005,40.5011,9798.0
2013-02-26 16:00:00+00:00,40.521,40.6581,40.2011,40.2742,1581546.5700000005,40.3998,9129.0
2013-02-26 17:00:00+00:00,40.2651,40.649,40.2468,40.6246,974603.0280000002,40.4191,5479.0
2013-02-26 18:00:00+00:00,40.6307,41.1197,40.521,41.0345,706204.3500000002,40.8352,4206.0
2013-02-26 19:00:00+00:00,41.042,41.1792,40.8958,41.0329,957009.3200000002,41.0399,4792.0
2013-02-26 20:00:00+00:00,41.0329,41.2066,40.9415,41.0878,1822796.544,41.0786,9598.0
2013-02-26 21:00:00+00:00,41.0695,41.0695,41.0329,41.042,9553.901999999998,41.0665,14.0
2013-02-26 22:00:00+00:00,41.0329,41.042,41.0329,41.042,8095.599999999999,41.0419,4.0
2013-02-27 00:00:00+00:00,41.042,41.042,41.042,41.042,109.4,41.042,1.0
2013-02-27 13:00:00+00:00,41.0695,41.0695,40.9598,40.9598,1312.8000000000002,40.9689,3.0
2013-02-27 14:00:00+00:00,41.0329,41.1791,40.7892,41.1426,773502.854,41.0261,3420.0
2013-02-27 15:00:00+00:00,41.1609,41.5539,41.1335,41.426,1164798.2099999997,41.3544,7359.0
2013-02-27 16:00:00+00:00,41.426,41.5622,41.3163,41.504,1325242.0619999997,41.4257,7403.0
2013-02-27 17:00:00+00:00,41.4991,41.6636,41.4534,41.4991,1294759.94,41.5495,6523.0
2013-02-27 18:00:00+00:00,41.5082,41.8099,41.426,41.6636,1057460.4,41.5708,5494.0
2013-02-27 19:00:00+00:00,41.6636,42.1481,41.5814,42.1481,1353714.506,41.8797,7730.0
2013-02-27 20:00:00+00:00,42.1389,42.1755,41.9561,42.0293,1954365.3599999999,42.0479,11124.0
2013-02-27 21:00:00+00:00,42.0384,42.1024,40.9782,42.0018,77709.008,42.0234,51.0
2013-02-27 22:00:00+00:00,41.9561,42.0018,41.9378,42.0018,1451.738,41.9468,6.0
2013-02-27 23:00:00+00:00,42.0658,42.0658,42.0018,42.0018,437.6,42.0498,2.0
2013-02-28 00:00:00+00:00,42.0018,42.0018,42.0018,42.0018,1422.2,42.0018,3.0
2013-02-28 13:00:00+00:00,42.2486,42.2486,42.0018,42.0018,215870.26799999998,42.0296,14.0
2013-02-28 14:00:00+00:00,42.0018,42.1664,41.5996,42.0018,1222071.2980000002,41.9112,5081.0
2013-02-28 15:00:00+00:00,42.0201,42.1115,41.6819,41.9653,1504804.6580000005,41.8856,7450.0
2013-02-28 16:00:00+00:00,41.9653,42.5503,41.9196,42.1389,1711091.4860000005,42.3032,8775.0
2013-02-28 17:00:00+00:00,42.1389,42.1846,41.883,41.9562,809520.616,42.0346,4338.0
2013-02-28 18:00:00+00:00,41.9653,42.1481,41.9607,42.075,814265.2939999998,42.0503,4555.0
2013-02-28 19:00:00+00:00,42.075,42.0932,41.8007,41.9013,1024317.6699999998,41.9801,5263.0
2013-02-28 20:00:00+00:00,41.8921,41.9196,41.6819,41.6819,1986428.3120000002,41.7953,10566.0
2013-02-28 21:00:00+00:00,41.6728,41.6728,41.5996,41.6728,18081.631999999998,41.6706,21.0
2013-02-28 22:00:00+00:00,41.6728,41.6728,41.6728,41.6728,113.776,41.6728,1.0
2013-03-01 13:00:00+00:00,41.4534,41.6728,41.2066,41.4534,24396.199999999997,41.5095,17.0
2013-03-01 14:00:00+00:00,41.4351,41.4534,40.8592,41.3437,1073434.9880000001,41.1908,5209.0
2013-03-01 15:00:00+00:00,41.3528,41.7459,41.2706,41.7459,1778651.456,41.494,10523.0
2013-03-01 16:00:00+00:00,41.7367,41.851,41.0603,41.3894,1621287.2140000004,41.4574,9165.0
2013-03-01 17:00:00+00:00,41.3985,41.9287,41.3985,41.883,1026933.424,41.6775,6009.0
2013-03-01 18:00:00+00:00,41.8739,42.1664,41.7733,42.1207,1135052.35,41.9747,6363.0
2013-03-01 19:00:00+00:00,42.1298,42.532,42.1115,42.5185,1031216.434,42.287,5844.0
2013-03-01 20:00:00+00:00,42.5137,42.8702,42.4314,42.6325,2853555.685999999,42.64,14931.0
2013-03-01 21:00:00+00:00,42.6234,42.6234,42.6234,42.6234,9965.246,42.6234,2.0
2013-03-01 22:00:00+00:00,42.5868,42.596,42.5868,42.5868,1422.2,42.5903,3.0
2013-03-01 23:00:00+00:00,42.6325,42.6417,42.6325,42.6417,1094.0,42.6381,3.0
2013-03-02 00:00:00+00:00,42.5777,42.5777,42.5777,42.5777,218.8,42.5777,1.0
2013-03-04 12:00:00+00:00,42.5868,42.5868,42.5868,42.5868,109.4,42.5868,1.0
2013-03-04 13:00:00+00:00,42.5868,42.5868,42.5046,42.5046,218.8,42.5457,2.0
2013-03-04 14:00:00+00:00,42.5868,43.0803,42.4223,42.9159,877890.1460000001,42.766,4549.0
2013-03-04 15:00:00+00:00,42.8976,43.5283,42.8245,43.2859,1575648.8160000003,43.1112,8136.0
2013-03-04 16:00:00+00:00,43.2907,43.2952,42.8526,43.1444,1457560.2679999995,43.0841,7720.0
2013-03-04 17:00:00+00:00,43.1444,43.2907,42.9616,43.2724,957403.16,43.0842,5365.0
2013-03-04 18:00:00+00:00,43.2633,43.8208,43.0622,43.8117,1452700.7199999997,43.4727,7543.0
2013-03-04 19:00:00+00:00,43.8026,44.2048,43.5832,44.191,1612210.296,43.9261,8939.0
2013-03-04 20:00:00+00:00,44.1865,44.3876,43.958,44.3419,3098529.6360000004,44.2222,16774.0
2013-03-04 21:00:00+00:00,44.3236,44.4059,44.3236,44.4059,805122.736,44.3231,23.0
2013-03-04 22:00:00+00:00,44.415,44.415,42.926,42.926,5360.6,43.0476,4.0
2013-03-04 23:00:00+00:00,44.3693,44.3784,44.3693,44.3784,547.0,44.3729,3.0
2013-03-05 00:00:00+00:00,44.3784,44.4059,44.3784,44.4059,3227.3000000000006,44.3922,8.0
2013-03-05 13:00:00+00:00,44.3419,44.3419,44.3419,44.3419,156.442,44.3419,1.0
2013-03-05 14:00:00+00:00,44.6709,44.7623,43.6472,43.9031,1474049.036,44.1849,6921.0
2013-03-05 15:00:00+00:00,43.9122,44.1042,43.4918,43.7518,2109857.767999999,43.7474,11393.0
2013-03-05 16:00:00+00:00,43.7569,43.9991,43.5466,43.7751,1201242.6319999995,43.7482,6759.0
2013-03-05 17:00:00+00:00,43.7751,44.2139,43.7386,44.0676,931388.9340000001,43.9508,4957.0
2013-03-05 18:00:00+00:00,44.0722,44.2139,43.8757,43.958,825363.9240000001,44.0117,4642.0
2013-03-05 19:00:00+00:00,43.9488,44.1042,43.83,44.0082,784425.3499999997,43.9539,4409.0
2013-03-05 20:00:00+00:00,44.0037,44.2505,43.9077,44.0951,2314044.1159999995,44.0844,12041.0
2013-03-05 21:00:00+00:00,44.0951,44.0951,44.0951,44.0951,17064.212,44.0951,4.0
2013-03-05 22:00:00+00:00,44.0951,44.0951,44.0951,44.0951,109.4,44.0951,1.0
2013-03-05 23:00:00+00:00,44.0951,44.0951,44.0951,44.0951,109.4,44.0951,1.0
2013-03-06 13:00:00+00:00,44.1133,44.3327,44.1133,44.3327,1312.8000000000002,44.3144,5.0
2013-03-06 14:00:00+00:00,44.287,44.5978,43.8483,44.2824,1241093.77,44.1984,5819.0
2013-03-06 15:00:00+00:00,44.2779,44.3784,43.5923,43.6654,2163189.1740000006,43.908,11591.0
2013-03-06 16:00:00+00:00,43.6654,43.8757,43.6106,43.7569,894151.3620000001,43.7546,5199.0
2013-03-06 17:00:00+00:00,43.7569,43.8848,43.6563,43.7608,711014.6680000001,43.7542,3581.0
2013-03-06 18:00:00+00:00,43.7569,43.894,43.6563,43.8483,724363.6559999997,43.7909,3555.0
2013-03-06 19:00:00+00:00,43.8574,44.0402,43.7477,43.9671,1013547.2400000002,43.8741,5179.0
2013-03-06 20:00:00+00:00,43.9671,43.9945,43.4278,43.5375,2421617.1360000004,43.6269,11640.0
2013-03-06 21:00:00+00:00,43.5283,43.8346,43.5283,43.8346,37694.864,43.7501,8.0
2013-03-06 22:00:00+00:00,43.4918,43.4918,43.4918,43.4918,109.4,43.4918,1.0
2013-03-07 00:00:00+00:00,43.574,43.574,43.574,43.574,109.4,43.574,1.0
2013-03-07 13:00:00+00:00,43.5558,43.5558,43.5558,43.5558,328.20000000000005,43.5558,2.0
2013-03-07 14:00:00+00:00,43.574,43.6106,42.2395,42.7331,2042756.1839999997,42.8514,9698.0
2013-03-07 15:00:00+00:00,42.7331,42.989,42.3218,42.3446,2270004.052,42.7448,11327.0
2013-03-07 16:00:00+00:00,42.3492,42.4863,42.2486,42.2943,1448902.3520000004,42.353,7757.0
2013-03-07 17:00:00+00:00,42.2761,42.3675,42.1938,42.3309,1038180.8379999998,42.2976,4856.0
2013-03-07 18:00:00+00:00,42.34,42.5229,42.2532,42.4497,1141353.7899999998,42.4133,5439.0
2013-03-07 19:00:00+00:00,42.4497,42.4616,42.2441,42.3309,1213306.1700000002,42.3443,6602.0
2013-03-07 20:00:00+00:00,42.3309,42.5457,42.3218,42.5046,2522535.354,42.4471,12933.0
2013-03-07 21:00:00+00:00,42.5046,42.6874,42.5046,42.6417,37573.43000000001,42.5455,52.0
2013-03-07 22:00:00+00:00,42.6417,42.6417,42.5046,42.5046,3282.0,42.5525,13.0
2013-03-07 23:00:00+00:00,42.596,42.596,42.596,42.596,437.6,42.596,2.0
2013-03-08 00:00:00+00:00,42.532,42.532,42.532,42.532,328.2,42.532,2.0
2013-03-08 12:00:00+00:00,42.5137,42.5137,42.5137,42.5137,218.8,42.5137,1.0
2013-03-08 13:00:00+00:00,42.7331,42.8611,42.7331,42.8611,1312.8,42.8055,3.0
2013-03-08 14:00:00+00:00,42.8611,43.0439,42.5046,42.6325,1014214.5800000002,42.8246,4628.0
2013-03-08 15:00:00+00:00,42.6416,42.6874,42.4132,42.6051,1280546.6919999998,42.5623,6352.0
2013-03-08 16:00:00+00:00,42.6143,42.6143,42.1207,42.3309,1618704.2800000007,42.328,6182.0
2013-03-08 17:00:00+00:00,42.34,42.6051,42.3218,42.6051,1249671.824,42.4238,4650.0
2013-03-08 18:00:00+00:00,42.596,42.6143,42.4226,42.5274,617462.3519999997,42.5388,3264.0
2013-03-08 19:00:00+00:00,42.5274,42.6005,42.3995,42.5046,696069.5340000001,42.5004,4073.0
2013-03-08 20:00:00+00:00,42.5137,42.5457,41.4899,41.6545,5349561.54,41.9964,23961.0
2013-03-08 21:00:00+00:00,41.6362,41.6636,41.4534,41.6362,31955.74,41.5899,35.0
2013-03-08 22:00:00+00:00,41.5905,41.6819,41.5905,41.6362,1203.4,41.6487,7.0
2013-03-08 23:00:00+00:00,41.6362,41.6362,41.5631,41.5631,1367.5,41.6187,3.0
2013-03-09 00:00:00+00:00,41.5448,41.7002,41.5448,41.7002,760.3299999999999,41.6119,2.0
2013-03-11 12:00:00+00:00,41.4534,41.5356,41.1792,41.5265,2078.6,41.3394,9.0
2013-03-11 13:00:00+00:00,41.4991,41.5082,40.3931,40.9781,2753707.4000000004,40.7841,12570.0
2013-03-11 14:00:00+00:00,40.9963,41.0695,40.2834,40.4205,2751500.8020000006,40.6498,14653.0
2013-03-11 15:00:00+00:00,40.4022,40.4662,39.6106,39.7898,4398347.137999999,39.9502,19737.0
2013-03-11 16:00:00+00:00,39.7989,40.2377,39.4424,40.2285,3804228.5580000007,39.7343,16589.0
2013-03-11 17:00:00+00:00,40.2285,40.841,40.1572,40.5941,2803780.8739999994,40.492,12297.0
2013-03-11 18:00:00+00:00,40.5941,40.7038,40.4662,40.5941,1691916.948,40.5847,9111.0
2013-03-11 19:00:00+00:00,40.5941,40.6033,39.4059,39.9634,6410185.788,39.8907,31440.0
2013-03-11 20:00:00+00:00,39.9634,40.0366,39.9634,40.0183,12816.21,40.0176,31.0
2013-03-11 21:00:00+00:00,39.9909,40.0731,39.9909,40.0731,11251.789999999999,40.9137,10.0
2013-03-11 22:00:00+00:00,39.9909,39.9909,39.9909,39.9909,109.4,39.9909,1.0
2013-03-11 23:00:00+00:00,39.9634,39.9634,39.8537,39.8537,357.738,39.8873,2.0
2013-03-12 10:00:00+00:00,39.9634,39.9634,39.9634,39.9634,218.8,39.9634,1.0
2013-03-12 12:00:00+00:00,39.7806,39.808,39.7166,39.7258,1312.8,39.7722,6.0
2013-03-12 13:00:00+00:00,39.7258,41.0238,39.6252,41.0238,2335743.6059999997,40.5067,9981.0
2013-03-12 14:00:00+00:00,41.0238,41.3985,40.7495,40.7834,3517637.7540000007,41.0748,17097.0
2013-03-12 15:00:00+00:00,40.7879,41.4625,40.5759,41.1609,2908105.808000001,40.9628,13421.0
2013-03-12 16:00:00+00:00,41.1609,41.2706,41.0238,41.074,1443235.432,41.164,7300.0
2013-03-12 17:00:00+00:00,41.0786,41.5356,41.0786,41.5037,1482524.2540000004,41.4023,6939.0
2013-03-12 18:00:00+00:00,41.5174,41.8419,41.4442,41.5539,1657533.622,41.5927,9376.0
2013-03-12 19:00:00+00:00,41.5539,41.6728,41.4351,41.6271,2448672.8500000006,41.5939,13028.0
2013-03-12 20:00:00+00:00,41.6362,41.6362,40.8867,41.4168,77011.03599999998,41.6193,16.0
2013-03-12 21:00:00+00:00,41.5265,41.5905,41.5265,41.5539,1094.0,41.542,7.0
2013-03-12 22:00:00+00:00,41.6362,41.6362,41.5905,41.5905,218.8,41.6134,2.0
2013-03-12 23:00:00+00:00,41.5905,41.5996,41.5905,41.5996,657.4939999999999,41.5935,4.0
2013-03-13 11:00:00+00:00,41.1335,41.1792,41.042,41.1335,5229.320000000001,41.1356,31.0
2013-03-13 12:00:00+00:00,41.1426,41.1792,40.6307,40.6307,37407.14200000001,40.947,103.0
2013-03-13 13:00:00+00:00,40.6307,40.7221,39.7623,39.8528,3642453.308,40.2041,14839.0
2013-03-13 14:00:00+00:00,39.8446,40.0548,39.4881,39.9497,4987739.638000002,39.7886,24722.0
2013-03-13 15:00:00+00:00,39.9543,40.6764,39.8675,40.457,3995559.3119999985,40.2625,20323.0
2013-03-13 16:00:00+00:00,40.457,40.6033,40.1371,40.4662,2324224.879999999,40.406,11669.0
2013-03-13 17:00:00+00:00,40.4616,40.4662,40.1737,40.2377,1479886.6200000003,40.36,6343.0
2013-03-13 18:00:00+00:00,40.2285,40.2925,39.6069,39.6984,2555218.6040000003,39.9499,10615.0
2013-03-13 19:00:00+00:00,39.7075,39.8812,39.6069,39.6984,3348329.2199999997,39.7254,17279.0
2013-03-13 20:00:00+00:00,39.7623,39.7623,39.6527,39.6527,41565.43600000001,39.7732,44.0
2013-03-13 21:00:00+00:00,39.6984,39.6984,39.6252,39.6252,2242.7000000000003,39.6518,6.0
2013-03-13 23:00:00+00:00,39.6892,39.6892,39.5612,39.5612,1151.982,39.6214,6.0
2013-03-14 12:00:00+00:00,39.6801,40.0823,39.6801,40.0091,2156.2740000000003,40.0092,10.0
2013-03-14 13:00:00+00:00,39.9269,40.0091,38.9854,39.1499,3065021.51,39.3398,12063.0
2013-03-14 14:00:00+00:00,39.1636,39.4059,38.8574,39.0951,2990840.652,39.1021,15398.0
2013-03-14 15:00:00+00:00,39.096,39.3053,38.958,39.3053,1536694.758,39.1122,7882.0
2013-03-14 16:00:00+00:00,39.3007,39.7166,39.1865,39.5795,1934731.3420000002,39.4831,8717.0
2013-03-14 17:00:00+00:00,39.5795,39.6846,39.479,39.6252,1668428.7680000004,39.5984,8218.0
2013-03-14 18:00:00+00:00,39.6317,40.1371,39.6161,40.1188,2159130.434,39.8835,10488.0
2013-03-14 19:00:00+00:00,40.1188,40.2194,39.872,40.0548,4016665.8540000007,40.0588,17933.0
2013-03-14 20:00:00+00:00,40.0731,40.0731,39.9726,40.0731,47323.158,40.0663,8.0
2013-03-14 21:00:00+00:00,40.0731,40.0731,40.0731,40.0731,452.916,40.0731,1.0
2013-03-14 22:00:00+00:00,40.064,40.0731,40.064,40.0731,902.55,40.0717,5.0
2013-03-14 23:00:00+00:00,40.0731,40.0731,40.0731,40.0731,300.85,40.0731,1.0
2013-03-15 12:00:00+00:00,40.0731,40.0731,40.0731,40.0731,37743.0,40.0731,1.0
2013-03-15 13:00:00+00:00,40.1005,40.6307,40.0823,40.521,1944832.244,40.2786,5348.0
2013-03-15 14:00:00+00:00,40.5119,41.0329,40.3656,40.9369,2733048.3040000005,40.685,12217.0
2013-03-15 15:00:00+00:00,40.9324,41.106,40.7678,40.8181,1297485.094,40.9107,6474.0
2013-03-15 16:00:00+00:00,40.8318,40.8684,40.6673,40.7587,893664.5319999999,40.7807,4667.0
2013-03-15 17:00:00+00:00,40.7678,40.9735,40.6856,40.7322,843387.574,40.8384,4662.0
2013-03-15 18:00:00+00:00,40.7403,40.7972,40.5302,40.6764,1398882.4840000002,40.6728,7445.0
2013-03-15 19:00:00+00:00,40.6673,40.7221,40.3839,40.4113,3508890.13,40.5507,16145.0
2013-03-15 20:00:00+00:00,40.4936,40.4936,40.3839,40.3839,79727.438,40.3934,47.0
2013-03-18 12:00:00+00:00,40.0366,40.0366,39.9452,39.9909,1203.4,40.005,6.0
2013-03-18 13:00:00+00:00,39.9909,40.649,39.6618,40.5118,1186825.9000000004,40.2101,5084.0
2013-03-18 14:00:00+00:00,40.4936,41.0009,40.3473,40.8958,1412641.7220000003,40.6745,7819.0
2013-03-18 15:00:00+00:00,40.8958,41.0686,40.7404,40.9506,1050753.086,40.9458,5234.0
2013-03-18 16:00:00+00:00,40.9507,41.1792,40.9141,41.0603,995884.6100000001,41.0463,5257.0
2013-03-18 17:00:00+00:00,41.0603,41.0649,40.8227,40.8364,622884.2160000001,40.9507,3525.0
2013-03-18 18:00:00+00:00,40.8318,41.0969,40.8318,40.8684,819762.6439999999,40.951,4333.0
2013-03-18 19:00:00+00:00,40.8611,40.9963,40.4845,40.585,1857938.0119999999,40.6409,10244.0
2013-03-18 20:00:00+00:00,40.585,40.7221,40.5759,40.6764,5399.984,40.6355,11.0
2013-03-18 21:00:00+00:00,40.5759,40.5759,40.5759,40.5759,3972.314,40.5759,1.0
2013-03-18 23:00:00+00:00,40.6307,40.6307,40.6307,40.6307,765.8,40.6307,2.0
2013-03-19 12:00:00+00:00,40.6764,41.1335,40.6399,40.6399,2516.2000000000003,41.0493,4.0
2013-03-19 13:00:00+00:00,40.7038,40.713,40.1828,40.457,744388.232,40.4013,3216.0
2013-03-19 14:00:00+00:00,40.4655,40.7678,40.2651,40.4296,892893.2620000001,40.5051,4589.0
2013-03-19 15:00:00+00:00,40.457,40.8364,39.872,39.9909,1289123.6520000005,40.4644,5958.0
2013-03-19 16:00:00+00:00,39.9817,40.2102,39.9086,40.1005,841711.5660000002,40.0649,4082.0
2013-03-19 17:00:00+00:00,40.1005,40.1097,39.7623,39.9909,1101475.3020000004,39.9173,4835.0
2013-03-19 18:00:00+00:00,39.9909,40.1097,39.9452,40.0366,1159539.3519999995,40.0293,6381.0
2013-03-19 19:00:00+00:00,40.0366,40.5119,39.9497,40.4113,2397550.23,40.2864,11934.0
2013-03-19 20:00:00+00:00,40.3382,40.4205,40.3382,40.4205,672263.0,40.4218,3.0
2013-03-19 21:00:00+00:00,40.2651,40.2651,39.9909,39.9909,13784.400000000001,40.0469,16.0
2013-03-19 22:00:00+00:00,40.0,40.0914,39.9909,40.0731,6837.5,40.041,11.0
2013-03-19 23:00:00+00:00,39.9909,40.0274,39.9909,39.9909,994.446,40.0073,6.0
2013-03-20 08:00:00+00:00,40.1188,40.1188,40.1188,40.1188,217.706,40.1188,1.0
2013-03-20 12:00:00+00:00,39.9269,40.4205,39.9269,40.2102,4237.062,40.0809,19.0
2013-03-20 13:00:00+00:00,40.192,40.9232,40.1371,40.6673,1244544.2459999998,40.7345,4224.0
2013-03-20 14:00:00+00:00,40.6856,40.7861,40.2697,40.3473,2275067.084,40.5605,9247.0
2013-03-20 15:00:00+00:00,40.3473,40.521,40.1737,40.2742,1526506.3360000004,40.3357,8015.0
2013-03-20 16:00:00+00:00,40.2677,40.4388,40.2194,40.4113,1023182.098,40.3651,5264.0
2013-03-20 17:00:00+00:00,40.4113,40.7221,40.4113,40.6885,1128131.7059999998,40.5279,4708.0
2013-03-20 18:00:00+00:00,40.6856,41.0786,40.6581,40.9324,1511836.8900000001,40.863,7147.0
2013-03-20 19:00:00+00:00,40.9406,41.0878,40.8135,40.8318,2023279.7019999998,40.9605,11350.0
2013-03-20 20:00:00+00:00,40.8318,40.8318,40.6307,40.8135,24072.376,40.8255,11.0
2013-03-21 12:00:00+00:00,39.9177,39.9177,39.9177,39.9177,109.4,39.9177,1.0
2013-03-21 13:00:00+00:00,40.6764,40.7313,40.2377,40.4936,774480.8899999999,40.4993,3661.0
2013-03-21 14:00:00+00:00,40.5027,40.6581,40.2742,40.521,1582581.4939999995,40.442,7903.0
2013-03-21 15:00:00+00:00,40.521,41.0146,40.4662,40.8801,1058913.2319999998,40.7555,5952.0
2013-03-21 16:00:00+00:00,40.8867,40.9424,40.7495,40.7678,563113.5260000003,40.8274,2742.0
2013-03-21 17:00:00+00:00,40.7587,41.0192,40.6307,40.8775,1258368.0299999998,40.8423,6050.0
2013-03-21 18:00:00+00:00,40.8775,40.8958,40.4296,40.491,1363134.9400000004,40.6449,6624.0
2013-03-21 19:00:00+00:00,40.4845,40.5119,40.2331,40.2468,2200374.2339999997,40.3612,9872.0
2013-03-21 20:00:00+00:00,40.2377,40.2377,40.2377,40.2377,26840.196,40.2377,5.0
2013-03-21 22:00:00+00:00,40.2194,40.2377,40.1737,40.2377,547.0,40.2029,5.0
2013-03-21 23:00:00+00:00,40.2377,40.2377,40.2285,40.2285,273.5,40.2322,2.0
2013-03-22 13:00:00+00:00,40.4113,40.777,40.2285,40.6216,806610.5760000001,40.4663,3375.0
2013-03-22 14:00:00+00:00,40.6216,40.713,40.2834,40.4479,1191060.774,40.5054,5494.0
2013-03-22 15:00:00+00:00,40.4479,40.7038,40.4388,40.5119,1005984.4180000001,40.6003,4538.0
2013-03-22 16:00:00+00:00,40.5119,40.6581,40.3839,40.5941,1182982.6779999991,40.5123,5384.0
2013-03-22 17:00:00+00:00,40.5941,40.6764,40.5027,40.5119,812525.8340000003,40.6062,4173.0
2013-03-22 18:00:00+00:00,40.5119,40.6124,40.4479,40.521,598851.2239999998,40.5121,3603.0
2013-03-22 19:00:00+00:00,40.5191,40.5851,40.3108,40.4479,1932288.4399999997,40.3963,9890.0
2013-03-22 20:00:00+00:00,40.4388,40.4388,40.4388,40.4388,24152.237999999998,40.4388,4.0
2013-03-25 13:00:00+00:00,40.7038,41.0695,40.6124,40.7952,914883.7560000002,40.8445,3412.0
2013-03-25 14:00:00+00:00,40.7861,41.0238,40.5256,40.6307,2104462.16,40.7398,9447.0
2013-03-25 15:00:00+00:00,40.6216,40.8593,40.4799,40.8135,1693817.2259999996,40.6481,8608.0
2013-03-25 16:00:00+00:00,40.8135,40.8853,40.681,40.8044,955988.6179999999,40.8012,5271.0
2013-03-25 17:00:00+00:00,40.7998,40.9598,40.5878,40.8821,1269429.4640000004,40.7344,6203.0
2013-03-25 18:00:00+00:00,40.8775,40.8821,40.6124,40.6636,827965.456,40.7436,4526.0
2013-03-25 19:00:00+00:00,40.6673,40.6673,40.3108,40.4753,1947839.6500000001,40.5007,10022.0
2013-03-25 20:00:00+00:00,40.4753,40.5027,40.4753,40.5027,10947.658,40.4769,4.0
2013-03-25 21:00:00+00:00,40.4845,40.4845,40.4845,40.4845,109.4,40.4845,1.0
2013-03-25 22:00:00+00:00,40.4845,40.4845,40.4845,40.4845,328.2,40.4845,1.0
2013-03-26 12:00:00+00:00,40.3199,40.585,40.3199,40.4753,19801.399999999998,40.4748,4.0
2013-03-26 13:00:00+00:00,40.8592,41.3894,40.8227,40.9095,1629625.6820000003,41.1093,5481.0
2013-03-26 14:00:00+00:00,40.9049,41.1609,40.7313,41.0055,2243157.2920000004,40.9579,9159.0
2013-03-26 15:00:00+00:00,41.0101,41.1243,40.8135,40.8227,1071219.638,40.9762,5777.0
2013-03-26 16:00:00+00:00,40.8227,41.1883,40.7587,41.106,1210817.3199999998,40.9496,6387.0
2013-03-26 17:00:00+00:00,41.097,41.1792,40.9963,41.0116,971591.2459999997,41.0787,4476.0
2013-03-26 18:00:00+00:00,41.0055,41.106,40.9415,41.0146,727432.3260000001,41.0215,4147.0
2013-03-26 19:00:00+00:00,41.0146,41.1517,40.9324,41.0923,1947368.136,41.0727,8750.0
2013-03-26 20:00:00+00:00,41.0878,41.0878,40.4753,40.9598,490160.13600000006,40.4816,12.0
2013-03-27 12:00:00+00:00,41.0603,41.0603,40.5393,40.5393,229.74,40.8122,2.0
2013-03-27 13:00:00+00:00,40.6764,41.5356,40.6764,41.1883,1782933.372,41.2692,7053.0
2013-03-27 14:00:00+00:00,41.1883,41.298,41.0055,41.2066,2098575.3460000004,41.1679,9270.0
2013-03-27 15:00:00+00:00,41.2066,41.3254,41.1152,41.1883,679931.9400000002,41.2155,3677.0
2013-03-27 16:00:00+00:00,41.1974,41.2157,40.9598,41.042,998818.7179999999,41.0672,4779.0
2013-03-27 17:00:00+00:00,41.042,41.0786,40.8684,41.0603,532457.458,40.9729,2863.0
2013-03-27 18:00:00+00:00,41.0512,41.1152,40.9461,41.0629,660894.152,41.0309,3875.0
2013-03-27 19:00:00+00:00,41.0603,41.106,40.9598,41.0878,1283658.028,41.0578,6791.0
2013-03-27 20:00:00+00:00,41.0878,41.0878,41.0878,41.0878,10022.134,41.0878,4.0
2013-03-28 12:00:00+00:00,41.1335,41.1335,41.1335,41.1335,328.20000000000005,41.1335,2.0
2013-03-28 13:00:00+00:00,41.0969,41.4991,41.0969,41.1929,699675.3580000001,41.2683,2750.0
2013-03-28 14:00:00+00:00,41.1883,41.5356,41.1728,41.4854,965435.3080000002,41.3703,4378.0
2013-03-28 15:00:00+00:00,41.4625,41.8373,41.4351,41.7459,1247983.782,41.6619,6282.0
2013-03-28 16:00:00+00:00,41.7459,41.755,41.5082,41.5814,786764.322,41.6119,3904.0
2013-03-28 17:00:00+00:00,41.5814,41.7276,41.5356,41.7276,484379.4399999999,41.6446,2547.0
2013-03-28 18:00:00+00:00,41.7185,41.7779,41.6545,41.7276,673122.8840000001,41.7084,3573.0
2013-03-28 19:00:00+00:00,41.7185,41.8601,41.5174,41.5814,2729839.6020000004,41.734,12637.0
2013-03-28 20:00:00+00:00,41.6453,41.6545,41.4991,41.6545,19719.349999999995,41.5806,26.0
2013-03-28 22:00:00+00:00,41.7185,41.7185,41.7185,41.7185,875.2,41.7185,3.0
2013-04-01 13:00:00+00:00,41.5814,41.5814,40.9598,41.2388,1288696.9920000003,41.1337,5224.0
2013-04-01 14:00:00+00:00,41.2523,41.6179,41.042,41.0877,1388384.4600000002,41.2427,6712.0
2013-04-01 15:00:00+00:00,41.0878,41.106,40.7795,40.8638,1102630.566,40.9378,5180.0
2013-04-01 16:00:00+00:00,40.8501,41.0512,40.8135,40.9324,676763.7159999998,40.9053,3019.0
2013-04-01 17:00:00+00:00,40.9324,41.1243,40.9049,40.9781,678270.1540000001,41.0283,3521.0
2013-04-01 18:00:00+00:00,40.9872,41.0785,40.9049,40.9064,657741.244,40.9743,3253.0
2013-04-01 19:00:00+00:00,40.9049,41.1517,40.7221,41.0969,3152179.3959999997,40.937,11341.0
2013-04-01 20:00:00+00:00,41.042,41.106,41.042,41.106,3083.986,41.1037,2.0
2013-04-01 22:00:00+00:00,41.0878,41.2249,41.0878,41.2249,1312.8,41.1461,5.0
2013-04-02 12:00:00+00:00,41.2706,41.2706,41.106,41.106,19473.2,41.1069,2.0
2013-04-02 13:00:00+00:00,41.1152,41.3803,40.4936,40.5027,1013224.5099999999,40.7719,3952.0
2013-04-02 14:00:00+00:00,40.5027,40.6673,39.9726,39.9726,2433914.789999999,40.3003,10803.0
2013-04-02 15:00:00+00:00,39.9817,40.0731,39.3144,39.6069,2649449.2000000007,39.6319,10809.0
2013-04-02 16:00:00+00:00,39.6051,39.6069,39.0768,39.0951,1820674.1839999997,39.2928,6537.0
2013-04-02 17:00:00+00:00,39.0951,39.1773,38.2998,38.6152,3881577.6400000006,38.6231,14813.0
2013-04-02 18:00:00+00:00,38.6197,38.8391,38.2998,38.4552,3669158.9419999984,38.5789,14439.0
2013-04-02 19:00:00+00:00,38.4552,38.766,38.4004,38.7569,4881181.8500000015,38.5903,21702.0
2013-04-02 20:00:00+00:00,38.7751,38.7843,38.6654,38.7843,81890.276,38.804,42.0
2013-04-02 21:00:00+00:00,38.7569,38.7569,38.7569,38.7569,218.8,38.7569,2.0
2013-04-02 22:00:00+00:00,38.8757,38.9397,38.8117,38.8117,2242.7000000000003,38.9016,14.0
2013-04-02 23:00:00+00:00,38.9305,38.9305,38.766,38.766,1312.8000000000002,38.7835,8.0
2013-04-03 12:00:00+00:00,38.8391,39.1133,38.7934,39.0219,9791.299999999997,38.9422,54.0
2013-04-03 13:00:00+00:00,38.9854,39.2139,37.5777,37.584,2967209.1580000003,38.2257,13957.0
2013-04-03 14:00:00+00:00,37.5777,37.6691,36.7002,36.7733,5150082.673999999,37.187,25725.0
2013-04-03 15:00:00+00:00,36.7733,37.372,36.7459,36.9881,3504173.896,37.081,15224.0
2013-04-03 16:00:00+00:00,36.9881,37.1962,36.4899,36.7733,2332139.9699999997,36.8063,10835.0
2013-04-03 17:00:00+00:00,36.7642,37.1481,36.7093,37.0841,1796839.206,36.9147,10025.0
2013-04-03 18:00:00+00:00,37.075,37.7605,36.883,37.5137,3252263.986000001,37.3921,16512.0
2013-04-03 19:00:00+00:00,37.5091,37.532,36.8739,37.1207,3107877.8659999995,37.1652,16800.0
2013-04-03 20:00:00+00:00,37.1115,37.1846,37.011,37.1572,39329.299999999996,37.118,41.0
2013-04-03 21:00:00+00:00,37.1024,37.1024,37.1024,37.1024,437.6,37.1024,1.0
2013-04-03 22:00:00+00:00,37.1024,37.1024,37.075,37.075,2188.0,37.0887,3.0
2013-04-03 23:00:00+00:00,36.9744,37.1115,36.9744,37.1115,1597.24,37.1015,6.0
2013-04-04 12:00:00+00:00,37.2486,37.2486,36.9287,37.0201,8642.6,37.1005,46.0
2013-04-04 13:00:00+00:00,36.8373,37.8793,36.3803,37.8062,2190571.9940000004,37.2164,9689.0
2013-04-04 14:00:00+00:00,37.8153,37.9159,37.468,37.5274,2137159.6319999993,37.6526,10740.0
2013-04-04 15:00:00+00:00,37.5183,37.7331,37.2578,37.5229,1479159.1100000003,37.5326,7115.0
2013-04-04 16:00:00+00:00,37.5229,37.6051,37.3857,37.4497,1090689.5559999999,37.4835,4593.0
2013-04-04 17:00:00+00:00,37.4497,37.6508,37.2817,37.5868,1074160.3099999998,37.4692,4313.0
2013-04-04 18:00:00+00:00,37.5868,37.8245,37.4863,37.7697,864990.7919999998,37.6399,4573.0
2013-04-04 19:00:00+00:00,37.7724,37.9159,37.6874,37.8793,1788661.5559999999,37.8174,9403.0
2013-04-04 20:00:00+00:00,37.7879,37.7879,37.7697,37.7697,547.0,37.7733,2.0
2013-04-04 22:00:00+00:00,37.8793,39.1316,37.8793,38.6654,34324.25000000001,38.5657,197.0
2013-04-04 23:00:00+00:00,38.7112,39.3419,38.7112,39.287,18209.63,39.1303,65.0
2013-04-05 11:00:00+00:00,38.3912,38.6197,38.3912,38.4369,2406.8,38.5383,11.0
2013-04-05 12:00:00+00:00,38.4095,38.6197,38.1627,38.2998,10627.116,38.3629,44.0
2013-04-05 13:00:00+00:00,38.2998,38.3912,36.6271,37.7697,2204103.6799999997,37.4171,8728.0
2013-04-05 14:00:00+00:00,37.7559,38.2541,37.4314,38.053,2425592.7320000003,37.8695,12683.0
2013-04-05 15:00:00+00:00,38.053,38.4186,38.0347,38.1444,1602991.1579999998,38.2281,7472.0
2013-04-05 16:00:00+00:00,38.1353,38.3181,37.9342,38.0973,980126.6339999996,38.1197,5076.0
2013-04-05 17:00:00+00:00,38.0987,38.2633,37.9936,38.0384,1073847.4260000002,38.0993,4856.0
2013-04-05 18:00:00+00:00,38.0347,38.4278,38.0347,38.3571,1496415.8660000002,38.2781,6927.0
2013-04-05 19:00:00+00:00,38.3547,38.4552,38.2815,38.3638,2626545.216,38.3728,11865.0
2013-04-05 20:00:00+00:00,38.3821,38.4004,38.3821,38.4004,3282.0,38.3851,4.0
2013-04-05 22:00:00+00:00,38.4826,38.4826,38.4826,38.4826,328.20000000000005,38.4826,2.0
2013-04-05 23:00:00+00:00,38.4826,38.4826,38.4826,38.4826,1094.0,38.4826,5.0
2013-04-08 12:00:00+00:00,38.5192,38.5832,38.5192,38.574,2625.6000000000004,38.5424,6.0
2013-04-08 13:00:00+00:00,38.5558,38.6654,37.7239,37.9383,1021997.2960000001,37.9859,4029.0
2013-04-08 14:00:00+00:00,37.9342,37.9433,37.2578,37.8885,1925846.9680000006,37.5762,8800.0
2013-04-08 15:00:00+00:00,37.8885,38.117,37.7605,37.8428,1175261.2259999996,37.9458,5214.0
2013-04-08 16:00:00+00:00,37.8428,38.0621,37.8336,37.9794,722203.006,37.9319,3407.0
2013-04-08 17:00:00+00:00,37.9845,38.1627,37.9342,38.1261,959431.436,38.0294,4115.0
2013-04-08 18:00:00+00:00,38.1353,38.4461,38.1079,38.4186,1203340.924,38.2611,5171.0
2013-04-08 19:00:00+00:00,38.4278,38.574,38.3821,38.5283,1643862.9979999997,38.4607,8549.0
2013-04-08 20:00:00+00:00,38.3181,38.5009,38.3181,38.5009,18142.896,38.448,10.0
2013-04-08 23:00:00+00:00,38.5009,38.5009,38.5009,38.5009,437.6,38.5009,1.0
2013-04-09 12:00:00+00:00,38.574,38.574,38.5283,38.5283,601.7,38.5549,4.0
2013-04-09 13:00:00+00:00,38.5558,38.8026,38.1261,38.1901,728491.318,38.3445,2743.0
2013-04-09 14:00:00+00:00,38.1993,38.7569,38.0256,38.2084,1297064.998,38.4597,5574.0
2013-04-09 15:00:00+00:00,38.1993,38.8848,38.1993,38.849,2021471.3199999996,38.5323,6158.0
2013-04-09 16:00:00+00:00,38.8574,38.958,38.6197,38.7203,905277.3419999998,38.807,4225.0
2013-04-09 17:00:00+00:00,38.7203,39.0128,38.702,38.9945,1064734.406,38.8961,4164.0
2013-04-09 18:00:00+00:00,38.9855,39.1133,38.9214,38.958,791109.6900000002,39.0229,4101.0
2013-04-09 19:00:00+00:00,38.958,39.0311,38.9305,38.9945,2256215.276,38.9677,10938.0
2013-04-09 20:00:00+00:00,38.9945,38.9945,38.9945,38.9945,645.46,38.9945,1.0
2013-04-09 21:00:00+00:00,39.0128,39.1499,39.0128,39.1499,1422.2,39.0985,5.0
2013-04-09 22:00:00+00:00,39.1316,39.1316,38.9945,38.9945,765.8,39.0533,2.0
2013-04-09 23:00:00+00:00,38.9945,38.9945,38.9945,38.9945,990.07,38.9945,2.0
2013-04-10 13:00:00+00:00,39.0311,39.5795,38.9031,38.9349,939622.378,39.1586,3904.0
2013-04-10 14:00:00+00:00,38.9305,39.1271,38.6837,39.0859,2724359.7559999996,38.8379,8377.0
2013-04-10 15:00:00+00:00,39.0905,39.2413,38.9397,38.9671,1078545.0620000004,39.0599,5142.0
2013-04-10 16:00:00+00:00,38.958,39.1499,38.9488,39.1225,1165988.4819999998,39.0435,5348.0
2013-04-10 17:00:00+00:00,39.1316,39.5018,39.0768,39.287,1728623.9299999997,39.2345,5941.0
2013-04-10 18:00:00+00:00,39.2779,39.3784,39.1133,39.1453,912159.696,39.247,3653.0
2013-04-10 19:00:00+00:00,39.1499,39.2779,39.0676,39.2779,1888258.2219999998,39.1781,8554.0
2013-04-10 20:00:00+00:00,39.223,39.2779,39.0309,39.1865,43661.53999999999,39.1976,28.0
2013-04-10 22:00:00+00:00,39.3053,39.4424,39.2596,39.4333,2516.2,39.3637,10.0
2013-04-10 23:00:00+00:00,39.3967,39.3967,39.3053,39.3053,1072.12,39.324,5.0
2013-04-11 13:00:00+00:00,39.1682,39.3053,38.7477,38.9762,775311.2359999999,38.9952,3270.0
2013-04-11 14:00:00+00:00,38.958,39.0859,38.894,39.0014,1892884.7480000004,38.9906,6797.0
2013-04-11 15:00:00+00:00,39.0128,39.0311,37.5868,37.9159,3788385.2499999995,38.3073,14659.0
2013-04-11 16:00:00+00:00,37.9159,38.0256,37.4954,37.8519,3317720.1939999997,37.7662,10547.0
2013-04-11 17:00:00+00:00,37.8611,38.2724,37.7971,38.0782,1343702.2180000003,38.0238,6520.0
2013-04-11 18:00:00+00:00,38.0804,38.117,37.7057,37.8885,1380768.0320000001,37.9064,6603.0
2013-04-11 19:00:00+00:00,37.8702,37.8702,37.3583,37.7099,3605013.3459999994,37.5841,17683.0
2013-04-11 20:00:00+00:00,37.7514,38.1901,37.7057,37.7331,16032.57,38.0708,18.0
2013-04-11 21:00:00+00:00,37.7879,37.8793,37.7879,37.7971,1578.6420000000003,37.8012,5.0
2013-04-11 22:00:00+00:00,37.8793,37.8976,37.8702,37.8702,1340.15,37.8857,5.0
2013-04-11 23:00:00+00:00,37.9159,37.9159,37.9068,37.9159,1094.0,37.9141,6.0
2013-04-12 12:00:00+00:00,37.5686,37.7148,37.2486,37.2943,12460.659999999998,37.3887,75.0
2013-04-12 13:00:00+00:00,37.2943,37.9068,36.9927,37.7971,1509005.6179999998,37.4835,5949.0
2013-04-12 14:00:00+00:00,37.7795,37.8236,36.7916,37.0111,1889944.076,37.2684,7860.0
2013-04-12 15:00:00+00:00,37.011,37.0658,36.3437,36.9561,3433613.0840000007,36.6962,13509.0
2013-04-12 16:00:00+00:00,36.9653,37.0064,36.6088,36.6728,1464956.8019999997,36.722,6895.0
2013-04-12 17:00:00+00:00,36.6636,36.8007,36.4991,36.7185,1452961.0919999995,36.6636,7153.0
2013-04-12 18:00:00+00:00,36.7185,37.1206,36.7093,37.0292,1028640.0640000005,36.8933,4943.0
2013-04-12 19:00:00+00:00,37.0201,37.3949,36.9835,37.3857,2749005.3880000003,37.2674,12314.0
2013-04-12 20:00:00+00:00,37.3949,37.3949,37.2486,37.2486,26248.341999999997,37.4188,11.0
2013-04-12 21:00:00+00:00,37.3766,37.3857,37.3766,37.3857,358.832,37.3829,3.0
2013-04-12 22:00:00+00:00,37.2486,37.2486,37.2486,37.2486,109.4,37.2486,1.0
2013-04-15 13:00:00+00:00,36.9196,36.9196,35.9872,36.2431,1545115.276,36.3241,6434.0
2013-04-15 14:00:00+00:00,36.2431,36.2888,35.7404,35.7952,1850091.8439999996,35.9564,10098.0
2013-04-15 15:00:00+00:00,35.8044,35.8867,35.5119,35.6399,2322684.527999999,35.68,11341.0
2013-04-15 16:00:00+00:00,35.6307,35.7221,35.3016,35.3473,2077813.4140000003,35.5155,8853.0
2013-04-15 17:00:00+00:00,35.34,35.649,35.3199,35.5484,1531624.0679999997,35.4739,7646.0
2013-04-15 18:00:00+00:00,35.5484,35.9963,35.4443,35.6673,1604136.5760000006,35.6498,9574.0
2013-04-15 19:00:00+00:00,35.6627,35.8318,35.4479,35.457,2467029.0759999994,35.6079,13066.0
2013-04-15 20:00:00+00:00,35.5576,35.5576,35.3199,35.4479,2625.6,35.4624,8.0
2013-04-15 21:00:00+00:00,35.2834,35.457,35.2834,35.457,328.20000000000005,35.3991,2.0
2013-04-15 22:00:00+00:00,35.5027,35.5027,35.5027,35.5027,131.28,35.5027,1.0
2013-04-15 23:00:00+00:00,35.5119,35.5119,35.5118,35.5119,2114.702,35.5119,8.0
2013-04-16 12:00:00+00:00,35.8775,35.8775,35.8318,35.8318,2007.4900000000002,35.8542,6.0
2013-04-16 13:00:00+00:00,35.4662,36.4525,35.4662,36.3528,1359797.146,36.1945,5016.0
2013-04-16 14:00:00+00:00,36.3483,36.4625,35.6124,35.8684,1773422.1359999997,36.0835,7484.0
2013-04-16 15:00:00+00:00,35.8775,36.3071,35.6947,36.2422,1863516.3179999997,35.9985,8772.0
2013-04-16 16:00:00+00:00,36.2431,36.2477,35.9689,36.0603,946727.9079999999,36.0825,4507.0
2013-04-16 17:00:00+00:00,36.0512,36.362,36.042,36.2118,816094.462,36.2569,4141.0
2013-04-16 18:00:00+00:00,36.2157,36.2888,35.9232,35.9415,1039548.3380000002,36.0894,4910.0
2013-04-16 19:00:00+00:00,35.9324,36.2797,35.8592,36.2431,1897588.9479999999,36.0871,9080.0
2013-04-16 20:00:00+00:00,36.234,36.2614,36.106,36.2614,5087.1,36.1465,9.0
2013-04-16 21:00:00+00:00,36.1974,36.1974,36.1974,36.1974,109.4,36.1974,1.0
2013-04-17 12:00:00+00:00,35.9598,35.9689,35.8592,35.8592,1094.0,35.9131,4.0
2013-04-17 13:00:00+00:00,35.8958,35.8958,34.9817,35.3199,1135173.784,35.3434,4275.0
2013-04-17 14:00:00+00:00,35.3016,35.4845,34.5795,34.6709,1531219.2880000004,35.0278,7682.0
2013-04-17 15:00:00+00:00,34.6619,34.9909,34.4333,34.8995,1329206.7179999996,34.7224,6318.0
2013-04-17 16:00:00+00:00,34.8903,34.9909,34.6527,34.9543,1095255.9119999995,34.7946,5682.0
2013-04-17 17:00:00+00:00,34.936,35.2651,34.8355,34.9909,757331.3459999999,35.0272,4233.0
2013-04-17 18:00:00+00:00,34.9909,35.2011,34.7989,35.1371,1127357.154,35.0246,5796.0
2013-04-17 19:00:00+00:00,35.1371,35.1828,34.8172,34.936,1595719.34,34.9801,8581.0
2013-04-17 20:00:00+00:00,34.9543,34.9909,34.8629,34.8629,6835.312000000001,34.9132,10.0
2013-04-17 21:00:00+00:00,34.9086,34.9177,34.8355,34.8355,2953.8,34.9113,9.0
2013-04-17 22:00:00+00:00,34.9177,34.9177,34.9177,34.9177,109.4,34.9177,1.0
2013-04-17 23:00:00+00:00,34.9177,34.9177,34.9177,34.9177,437.6,34.9177,4.0
2013-04-18 12:00:00+00:00,35.0548,35.0548,35.0548,35.0548,140.032,35.0548,1.0
2013-04-18 13:00:00+00:00,35.0274,35.4022,34.8263,35.0594,834673.8640000001,35.1688,3392.0
2013-04-18 14:00:00+00:00,35.0731,35.4662,34.5796,35.3931,1674526.7239999997,35.0529,7655.0
2013-04-18 15:00:00+00:00,35.3931,35.585,35.1645,35.2834,1617509.6319999998,35.372,6481.0
2013-04-18 16:00:00+00:00,35.2925,35.6581,35.2194,35.6216,954680.194,35.3744,4488.0
2013-04-18 17:00:00+00:00,35.6124,35.7998,35.457,35.5171,1237757.0699999998,35.6628,5335.0
2013-04-18 18:00:00+00:00,35.521,35.521,34.8949,35.0183,976370.932,35.2261,5142.0
2013-04-18 19:00:00+00:00,35.0274,35.3931,35.0183,35.3583,1824549.132,35.2586,10278.0
2013-04-18 20:00:00+00:00,35.3656,35.3656,35.3656,35.3656,1164.016,35.3656,1.0
2013-04-19 11:00:00+00:00,35.4753,35.4753,35.4753,35.4753,218.8,35.4753,1.0
2013-04-19 12:00:00+00:00,35.5119,35.5119,35.5119,35.5119,109.4,35.5119,1.0
2013-04-19 13:00:00+00:00,35.5393,35.6307,34.872,34.8812,1038412.7660000001,35.3478,3545.0
2013-04-19 14:00:00+00:00,34.8812,35.4113,34.8629,35.3291,1198371.9759999998,35.1884,5320.0
2013-04-19 15:00:00+00:00,35.3291,35.7678,35.3291,35.7587,1011022.2879999998,35.4917,4403.0
2013-04-19 16:00:00+00:00,35.7587,35.7587,35.521,35.6399,511720.6879999999,35.6367,2791.0
2013-04-19 17:00:00+00:00,35.6307,36.042,35.5393,35.9963,1019334.4999999999,35.77,5023.0
2013-04-19 18:00:00+00:00,35.9918,36.0786,35.8318,35.9651,998544.124,35.9516,5581.0
2013-04-19 19:00:00+00:00,35.9598,35.9781,35.841,35.8775,1540950.418,35.8974,8095.0
2013-04-19 20:00:00+00:00,35.9324,35.9598,35.8501,35.8501,5956.83,35.8732,15.0
2013-04-19 21:00:00+00:00,35.8318,35.8318,35.8318,35.8318,437.6,35.8318,1.0
2013-04-19 23:00:00+00:00,35.8775,35.8775,35.8775,35.8775,371.96000000000004,35.8775,2.0
2013-04-22 12:00:00+00:00,36.0786,36.106,35.9781,35.9963,1969.2000000000003,36.0593,6.0
2013-04-22 13:00:00+00:00,36.1335,36.1792,35.3245,35.7587,1507110.8099999998,35.8025,4225.0
2013-04-22 14:00:00+00:00,35.7404,36.1335,35.4752,36.0969,996285.0140000002,35.7666,5242.0
2013-04-22 15:00:00+00:00,36.0969,36.8373,36.0329,36.5356,2196535.388,36.3897,9815.0
2013-04-22 16:00:00+00:00,36.5356,36.6728,36.4022,36.5265,781936.5,36.554,3879.0
2013-04-22 17:00:00+00:00,36.5356,36.5356,36.3528,36.413,710370.3019999999,36.4596,3754.0
2013-04-22 18:00:00+00:00,36.4168,36.6636,36.4122,36.4397,972052.9139999999,36.5531,5326.0
2013-04-22 19:00:00+00:00,36.4442,36.6088,36.3071,36.3711,2038923.9019999998,36.4536,10565.0
2013-04-22 20:00:00+00:00,36.2888,36.3711,35.8684,36.3711,2936.296,36.015,8.0
2013-04-22 22:00:00+00:00,36.3071,36.3071,36.3071,36.3071,328.2,36.3071,1.0
2013-04-22 23:00:00+00:00,36.2888,36.2888,36.2888,36.2888,328.2,36.2888,1.0
2013-04-23 12:00:00+00:00,36.3711,36.3711,36.3711,36.3711,1320.458,36.3711,4.0
2013-04-23 13:00:00+00:00,36.3803,36.7413,36.1242,36.5448,852399.9459999998,36.4799,3861.0
2013-04-23 14:00:00+00:00,36.5356,37.2212,36.4625,37.1207,2198056.048,36.8508,7811.0
2013-04-23 15:00:00+00:00,37.1298,37.4086,36.9928,37.0201,1547819.6440000006,37.2184,7158.0
2013-04-23 16:00:00+00:00,37.011,37.1755,36.7733,37.1664,1175190.1160000004,36.9475,5014.0
2013-04-23 17:00:00+00:00,37.1664,37.2029,36.7642,37.1411,1177635.2059999995,37.0637,6358.0
2013-04-23 18:00:00+00:00,37.1389,37.5138,37.1389,37.2578,2126511.73,37.2836,8905.0
2013-04-23 19:00:00+00:00,37.2486,37.2761,37.0567,37.1572,1809586.4940000002,36.8947,7682.0
2013-04-23 20:00:00+00:00,37.1572,37.1572,37.1572,37.1572,8154.676,37.1572,7.0
2013-04-24 12:00:00+00:00,37.4771,37.4771,37.4771,37.4771,109.4,37.4771,1.0
2013-04-24 13:00:00+00:00,37.3218,37.9068,37.3218,37.7972,913836.7979999998,37.6784,4023.0
2013-04-24 14:00:00+00:00,37.8153,38.6051,37.7879,38.1282,2477276.5739999996,38.1933,10620.0
2013-04-24 15:00:00+00:00,38.1261,38.3821,37.9707,38.2815,1045320.282,38.199,5457.0
2013-04-24 16:00:00+00:00,38.2815,38.6106,38.2358,38.4552,1276242.896,38.4384,5946.0
2013-04-24 17:00:00+00:00,38.4644,38.5283,38.4095,38.4918,1101336.3639999998,38.4956,4676.0
2013-04-24 18:00:00+00:00,38.4826,38.702,38.3867,38.5832,1915099.5119999996,38.559,8042.0
2013-04-24 19:00:00+00:00,38.5832,38.5832,38.2815,38.3638,2613432.532,38.4096,12998.0
2013-04-24 20:00:00+00:00,38.3638,38.3638,38.2358,38.2358,8780.443999999998,38.3615,5.0
2013-04-24 21:00:00+00:00,38.2267,38.2267,38.2267,38.2267,547.0,38.2267,1.0
2013-04-24 23:00:00+00:00,38.2724,38.2724,38.2724,38.2724,218.8,38.2724,2.0
2013-04-25 13:00:00+00:00,38.6106,38.8483,38.1536,38.3455,931883.4220000001,38.397,4349.0
2013-04-25 14:00:00+00:00,38.3455,38.4369,37.6691,37.9525,2222307.8399999994,37.9494,10521.0
2013-04-25 15:00:00+00:00,37.9707,38.2907,37.8793,38.0804,1263243.988,38.0668,6172.0
2013-04-25 16:00:00+00:00,38.0987,38.2724,38.0165,38.2724,606142.7339999999,38.1532,3114.0
2013-04-25 17:00:00+00:00,38.2541,38.3958,38.0622,38.0987,1298121.8019999997,38.2527,5546.0
2013-04-25 18:00:00+00:00,38.0987,38.1993,37.7148,37.7239,1696837.7599999998,38.0087,7912.0
2013-04-25 19:00:00+00:00,37.7331,37.8336,37.4954,37.7057,2183626.1880000005,37.6876,11506.0
2013-04-25 20:00:00+00:00,37.9476,37.9476,37.6965,37.7057,7196.332,37.7023,4.0
2013-04-25 21:00:00+00:00,37.6691,37.6691,37.6691,37.6691,765.8,37.6691,4.0
2013-04-25 22:00:00+00:00,37.6691,37.8336,37.6691,37.8336,3719.6,37.8137,18.0
2013-04-26 13:00:00+00:00,37.6965,37.9525,37.0018,37.3949,924479.23,37.2535,3715.0
2013-04-26 14:00:00+00:00,37.404,37.4314,36.5448,36.7276,1771462.7820000001,36.8539,8055.0
2013-04-26 15:00:00+00:00,36.7093,37.011,36.6636,36.8775,1624276.022,36.8271,6901.0
2013-04-26 16:00:00+00:00,36.883,37.1344,36.7733,37.0841,621974.0080000001,37.0001,3497.0
2013-04-26 17:00:00+00:00,37.0841,37.3601,37.0484,37.1115,687914.8579999999,37.1927,3652.0
2013-04-26 18:00:00+00:00,37.122,37.3218,37.011,37.1949,896142.4419999999,37.1835,4349.0
2013-04-26 19:00:00+00:00,37.1938,37.3583,37.1709,37.2303,1216751.176,37.2737,6586.0
2013-04-26 20:00:00+00:00,37.2212,37.2486,37.2212,37.2486,5979.804,37.2247,5.0
2013-04-29 13:00:00+00:00,37.34,37.8428,37.1207,37.7291,890426.2920000004,37.5478,3397.0
2013-04-29 14:00:00+00:00,37.7331,37.9616,37.5594,37.5868,1229599.112,37.7346,6170.0
2013-04-29 15:00:00+00:00,37.6143,37.989,37.4406,37.8703,1013613.9739999998,37.7261,4605.0
2013-04-29 16:00:00+00:00,37.8885,37.9982,37.8702,37.9342,804164.3919999999,37.9345,3677.0
2013-04-29 17:00:00+00:00,37.9342,38.0256,37.9068,37.9159,954497.496,37.9383,3102.0
2013-04-29 18:00:00+00:00,37.9159,37.9525,37.4406,37.7879,1336923.7939999995,37.6966,5868.0
2013-04-29 19:00:00+00:00,37.7971,37.8154,37.4589,37.6325,1815961.2319999998,37.6104,9099.0
2013-04-29 20:00:00+00:00,37.6325,37.66,37.6325,37.66,13017.506,37.6598,4.0
2013-04-29 21:00:00+00:00,37.66,37.66,37.66,37.66,144.408,37.66,1.0
2013-04-29 22:00:00+00:00,37.66,37.7331,37.66,37.7331,1058.992,37.6751,2.0
2013-04-29 23:00:00+00:00,37.7788,37.7788,37.7788,37.7788,207.86,37.7788,1.0
2013-04-30 11:00:00+00:00,37.7971,38.5101,37.7971,38.5101,328.20000000000005,38.2328,3.0
2013-04-30 12:00:00+00:00,38.5923,39.2596,38.3912,38.9397,121307.09599999996,38.8655,291.0
2013-04-30 13:00:00+00:00,39.0311,39.2578,37.3675,37.7422,3063617.9080000008,38.1884,12177.0
2013-04-30 14:00:00+00:00,37.7879,38.0256,37.3492,37.66,2737506.354,37.7147,11697.0
2013-04-30 15:00:00+00:00,37.6691,37.9342,36.8373,37.0201,2714431.706000001,37.4704,11537.0
2013-04-30 16:00:00+00:00,37.0201,37.3126,36.6728,36.9287,2075337.692,37.004,9351.0
2013-04-30 17:00:00+00:00,36.9287,37.0293,36.7413,36.7916,1311066.01,36.8783,6523.0
2013-04-30 18:00:00+00:00,36.7916,37.0155,36.6088,36.7824,1568835.384,36.7799,7729.0
2013-04-30 19:00:00+00:00,36.7825,36.8647,36.5265,36.8556,3594945.2639999995,36.7245,14570.0
2013-04-30 20:00:00+00:00,36.7642,36.8556,36.7002,36.7824,79398.144,37.0868,22.0
2013-04-30 21:00:00+00:00,36.8007,36.8007,36.7459,36.7824,328.20000000000005,36.7763,3.0
2013-04-30 22:00:00+00:00,36.7824,36.8099,36.7824,36.8099,594.042,36.7925,4.0
2013-04-30 23:00:00+00:00,36.7276,36.7276,36.7276,36.7276,109.4,36.7276,1.0
2013-05-01 12:00:00+00:00,40.35,40.35,40.09,40.11,1945.0,40.2577,8.0
2013-05-01 13:00:00+00:00,40.11,40.32,38.995,39.251,1484940.0,39.3778,6441.0
2013-05-01 14:00:00+00:00,39.26,39.57,38.69,39.24,1895147.0,39.0552,9741.0
2013-05-01 15:00:00+00:00,39.24,39.58,39.24,39.2601,1005847.0,39.4334,5231.0
2013-05-01 16:00:00+00:00,39.27,39.34,39.0,39.09,694337.0,39.1796,3951.0
2013-05-01 17:00:00+00:00,39.08,39.47,38.93,38.945,926145.0,39.1808,4347.0
2013-05-01 18:00:00+00:00,38.945,39.129,38.93,39.01,1058192.0,39.041,5958.0
2013-05-01 19:00:00+00:00,39.01,39.019,38.64,38.79,2394405.0,38.7831,13555.0
2013-05-01 20:00:00+00:00,39.08,39.08,38.82,38.88,35135.0,38.9962,39.0
2013-05-01 21:00:00+00:00,38.95,38.95,38.95,38.95,100.0,38.95,1.0
2013-05-01 22:00:00+00:00,38.85,38.95,38.85,38.91,2136.0,38.8769,8.0
2013-05-01 23:00:00+00:00,39.03,39.03,39.0,39.0,1598.0,39.0178,4.0
2013-05-02 11:00:00+00:00,35.7,35.77,35.6,35.77,5364.0,35.7154,21.0
2013-05-02 12:00:00+00:00,35.79,36.31,35.75,36.16,41272.0,36.061,165.0
2013-05-02 13:00:00+00:00,36.2,37.38,35.81,35.94,2647909.0,36.2868,11663.0
2013-05-02 14:00:00+00:00,35.95,36.59,35.94,36.42,2151336.0,36.2339,11288.0
2013-05-02 15:00:00+00:00,36.41,37.07,36.32,36.92,1548026.0,36.7282,7418.0
2013-05-02 16:00:00+00:00,36.91,37.09,36.71,36.8901,770826.0,36.9059,3947.0
2013-05-02 17:00:00+00:00,36.91,37.1199,36.82,37.05,821552.0,36.9443,4667.0
2013-05-02 18:00:00+00:00,37.05,37.26,36.95,37.05,941588.0,37.086,5243.0
2013-05-02 19:00:00+00:00,37.057,37.13,36.9,36.96,1586372.0,36.9851,9577.0
2013-05-02 20:00:00+00:00,36.92,36.94,36.9,36.94,1500.0,36.9223,14.0
2013-05-02 21:00:00+00:00,36.94,36.94,36.86,36.94,500.0,36.908,3.0
2013-05-02 22:00:00+00:00,36.93,36.93,36.93,36.93,600.0,36.93,3.0
2013-05-02 23:00:00+00:00,36.85,36.9,36.85,36.9,1000.0,36.885,4.0
2013-05-03 12:00:00+00:00,36.52,36.9,36.49,36.8,8375.0,36.6652,35.0
2013-05-03 13:00:00+00:00,36.75,37.05,36.27,37.0,1604573.0,36.7924,7574.0
2013-05-03 14:00:00+00:00,36.99,37.74,36.83,37.67,2334173.0,37.1787,11497.0
2013-05-03 15:00:00+00:00,37.6648,37.73,37.301,37.72,1183058.0,37.523,6342.0
2013-05-03 16:00:00+00:00,37.725,38.07,37.6601,37.85,1467700.0,37.8423,7201.0
2013-05-03 17:00:00+00:00,37.85,37.87,37.58,37.7,855338.0,37.7129,4889.0
2013-05-03 18:00:00+00:00,37.7,37.87,37.59,37.68,816500.0,37.723,5186.0
2013-05-03 19:00:00+00:00,37.67,37.77,37.57,37.58,1654327.0,37.6503,9104.0
2013-05-03 20:00:00+00:00,37.55,37.55,37.52,37.52,8800.0,37.4661,9.0
2013-05-03 21:00:00+00:00,37.54,37.54,37.54,37.54,1000.0,37.54,2.0
2013-05-03 22:00:00+00:00,37.64,37.65,37.64,37.65,600.0,37.6467,3.0
2013-05-03 23:00:00+00:00,37.74,37.74,37.65,37.65,600.0,37.71,4.0
2013-05-06 12:00:00+00:00,38.05,38.13,37.66,37.96,1900.0,37.9474,13.0
2013-05-06 13:00:00+00:00,38.04,38.05,37.66,37.93,664655.0,37.9015,2582.0
2013-05-06 14:00:00+00:00,37.93,38.29,37.62,37.77,1616450.0,37.8975,8024.0
2013-05-06 15:00:00+00:00,37.765,38.08,37.74,38.02,763046.0,37.9153,3767.0
2013-05-06 16:00:00+00:00,38.02,38.37,38.02,38.236,796528.0,38.2255,3897.0
2013-05-06 17:00:00+00:00,38.2301,38.44,38.18,38.44,536173.0,38.284,3239.0
2013-05-06 18:00:00+00:00,38.43,38.63,38.38,38.38,943819.0,38.5023,4983.0
2013-05-06 19:00:00+00:00,38.39,38.47,38.255,38.38,1118914.0,38.35,6904.0
2013-05-06 20:00:00+00:00,38.35,38.35,38.35,38.35,1700.0,38.35,7.0
2013-05-06 22:00:00+00:00,38.4,38.4,38.4,38.4,100.0,38.4,1.0
2013-05-07 12:00:00+00:00,38.5,38.75,38.45,38.73,2956.0,38.6438,15.0
2013-05-07 13:00:00+00:00,38.75,39.03,38.56,38.826,1253817.0,38.777,5075.0
2013-05-07 14:00:00+00:00,38.821,38.99,38.34,38.9,1942361.0,38.708,9394.0
2013-05-07 15:00:00+00:00,38.9,39.03,38.8,39.01,1216529.0,38.905,6264.0
2013-05-07 16:00:00+00:00,39.01,39.35,38.89,39.204,1538600.0,39.1433,6975.0
2013-05-07 17:00:00+00:00,39.2199,39.3799,39.16,39.21,961927.0,39.2586,5205.0
2013-05-07 18:00:00+00:00,39.21,39.36,39.15,39.255,1207530.0,39.2583,6785.0
2013-05-07 19:00:00+00:00,39.245,39.265,38.96,39.105,2053134.0,39.0834,10359.0
2013-05-07 20:00:00+00:00,39.11,39.17,39.11,39.17,10939.0,39.1208,12.0
2013-05-07 21:00:00+00:00,39.1,39.1,39.1,39.1,500.0,39.1,1.0
2013-05-07 22:00:00+00:00,39.1,39.1,39.1,39.1,500.0,39.1,2.0
2013-05-08 12:00:00+00:00,39.37,39.37,39.2,39.2,460.0,39.2961,2.0
2013-05-08 13:00:00+00:00,39.2,39.5,39.02,39.47,864034.0,39.2376,3789.0
2013-05-08 14:00:00+00:00,39.45,39.839,39.44,39.51,1686997.0,39.6215,8885.0
2013-05-08 15:00:00+00:00,39.51,39.65,38.9,39.035,1590062.0,39.2745,7724.0
2013-05-08 16:00:00+00:00,39.049,39.05,38.42,38.61,1150042.0,38.7133,5276.0
2013-05-08 17:00:00+00:00,38.61,38.65,38.24,38.29,1030652.0,38.4689,5143.0
2013-05-08 18:00:00+00:00,38.29,38.3,37.65,38.0,2235444.0,37.9966,10545.0
2013-05-08 19:00:00+00:00,37.992,38.29,37.9899,38.25,1755154.0,38.1658,9582.0
2013-05-08 20:00:00+00:00,38.26,38.39,38.14,38.14,9718.0,38.6463,10.0
2013-05-08 21:00:00+00:00,38.29,38.29,38.29,38.29,900.0,38.29,3.0
2013-05-08 22:00:00+00:00,38.27,38.27,38.27,38.27,100.0,38.27,1.0
2013-05-08 23:00:00+00:00,38.27,38.29,38.27,38.29,930.0,38.2878,3.0
2013-05-09 12:00:00+00:00,38.27,38.27,38.27,38.27,475.0,38.27,1.0
2013-05-09 13:00:00+00:00,38.54,38.72,38.03,38.085,881357.0,38.2987,4332.0
2013-05-09 14:00:00+00:00,38.089,38.32,37.96,38.09,1359232.0,38.1225,7201.0
2013-05-09 15:00:00+00:00,38.09,38.48,38.0501,38.27,964438.0,38.3023,4936.0
2013-05-09 16:00:00+00:00,38.26,38.34,38.18,38.32,580889.0,38.254,2987.0
2013-05-09 17:00:00+00:00,38.32,38.4,38.21,38.36,785646.0,38.3214,4440.0
2013-05-09 18:00:00+00:00,38.36,38.5,38.041,38.041,1343760.0,38.3589,5240.0
2013-05-09 19:00:00+00:00,38.05,38.41,37.98,38.24,1819088.0,38.2642,10704.0
2013-05-09 20:00:00+00:00,38.23,38.27,38.23,38.23,116452.0,38.233,11.0
2013-05-10 11:00:00+00:00,38.5,38.5,38.12,38.12,1200.0,38.2725,10.0
2013-05-10 12:00:00+00:00,38.12,38.13,37.96,38.0,2600.0,38.0669,12.0
2013-05-10 13:00:00+00:00,38.09,38.1,37.55,37.91,918158.0,37.8194,4783.0
2013-05-10 14:00:00+00:00,37.92,38.23,37.77,38.2297,1276806.0,37.9679,7522.0
2013-05-10 15:00:00+00:00,38.22,38.48,38.13,38.39,1099259.0,38.3388,6624.0
2013-05-10 16:00:00+00:00,38.39,38.63,38.34,38.61,773153.0,38.5146,4840.0
2013-05-10 17:00:00+00:00,38.6,38.63,38.44,38.56,865134.0,38.5359,4755.0
2013-05-10 18:00:00+00:00,38.56,38.835,38.525,38.65,1056793.0,38.7222,5674.0
2013-05-10 19:00:00+00:00,38.65,38.8,38.6201,38.78,1808013.0,38.7383,8409.0
2013-05-10 20:00:00+00:00,38.8,38.8,38.71,38.72,5416.0,38.7667,10.0
2013-05-10 21:00:00+00:00,38.71,38.71,38.71,38.71,200.0,38.71,1.0
2013-05-13 12:00:00+00:00,38.72,38.72,38.72,38.72,500.0,38.72,1.0
2013-05-13 13:00:00+00:00,38.7,38.74,38.1,38.17,672791.0,38.3697,2803.0
2013-05-13 14:00:00+00:00,38.15,38.57,38.1,38.1901,915323.0,38.2905,5363.0
2013-05-13 15:00:00+00:00,38.19,38.39,38.1,38.28,804758.0,38.2243,4537.0
2013-05-13 16:00:00+00:00,38.28,38.43,38.25,38.33,555408.0,38.3398,3401.0
2013-05-13 17:00:00+00:00,38.33,38.37,38.11,38.1901,512563.0,38.2441,2849.0
2013-05-13 18:00:00+00:00,38.19,38.23,38.02,38.07,888953.0,38.1035,4913.0
2013-05-13 19:00:00+00:00,38.0701,38.12,37.99,38.12,1507162.0,38.0612,7980.0
2013-05-13 21:00:00+00:00,38.06,38.06,38.06,38.06,100.0,38.06,1.0
2013-05-13 23:00:00+00:00,38.08,38.13,38.08,38.13,600.0,38.1117,4.0
2013-05-14 11:00:00+00:00,38.12,38.12,38.12,38.12,100.0,38.12,1.0
2013-05-14 13:00:00+00:00,38.11,38.55,38.08,38.36,693139.0,38.3674,2997.0
2013-05-14 14:00:00+00:00,38.37,38.68,38.29,38.569,1328895.0,38.5021,7107.0
2013-05-14 15:00:00+00:00,38.567,39.08,38.4472,38.97,1285412.0,38.7617,6659.0
2013-05-14 16:00:00+00:00,38.95,39.15,38.88,39.0099,611387.0,39.0211,3476.0
2013-05-14 17:00:00+00:00,39.01,39.08,38.82,38.8201,743939.0,38.9583,3849.0
2013-05-14 18:00:00+00:00,38.82,38.98,38.75,38.875,756079.0,38.9071,4784.0
2013-05-14 19:00:00+00:00,38.87,39.08,38.84,39.02,1375825.0,38.9999,8344.0
2013-05-14 20:00:00+00:00,39.01,39.09,39.0097,39.09,13003.0,39.0106,4.0
2013-05-14 21:00:00+00:00,39.11,39.11,39.11,39.11,400.0,39.11,3.0
2013-05-14 23:00:00+00:00,39.08,39.08,39.08,39.08,260.0,39.08,2.0
2013-05-15 12:00:00+00:00,39.1,39.1,38.18,38.9,2300.0,38.8209,13.0
2013-05-15 13:00:00+00:00,39.03,40.01,38.98,39.979,1209350.0,39.537,4960.0
2013-05-15 14:00:00+00:00,39.96,40.17,39.6899,39.78,1895568.0,39.9109,9754.0
2013-05-15 15:00:00+00:00,39.78,39.995,39.64,39.96,1014022.0,39.8424,6138.0
2013-05-15 16:00:00+00:00,39.96,40.15,39.88,40.02,819002.0,40.04,4362.0
2013-05-15 17:00:00+00:00,40.029,40.25,39.85,39.85,943067.0,40.0903,4762.0
2013-05-15 18:00:00+00:00,39.85,39.9299,39.54,39.6674,727681.0,39.7193,4037.0
2013-05-15 19:00:00+00:00,39.669,39.86,39.62,39.81,1356160.0,39.789,8013.0
2013-05-15 20:00:00+00:00,39.81,39.81,39.74,39.75,38720.0,39.8041,20.0
2013-05-15 21:00:00+00:00,39.74,39.75,39.74,39.75,70268.0,39.75,2.0
2013-05-15 22:00:00+00:00,39.74,39.74,39.6,39.6,1118.0,39.6289,6.0
2013-05-16 13:00:00+00:00,39.82,40.18,39.75,40.01,837603.0,39.9245,3807.0
2013-05-16 14:00:00+00:00,39.98,40.03,39.45,39.67,1249064.0,39.7798,6827.0
2013-05-16 15:00:00+00:00,39.68,39.77,39.4,39.43,646772.0,39.5855,3698.0
2013-05-16 16:00:00+00:00,39.44,39.5,39.29,39.44,547316.0,39.3828,3214.0
2013-05-16 17:00:00+00:00,39.44,39.7175,39.36,39.6875,707395.0,39.5239,3987.0
2013-05-16 18:00:00+00:00,39.69,40.25,39.69,39.72,1670414.0,39.9342,9245.0
2013-05-16 19:00:00+00:00,39.72,39.83,39.51,39.62,1936313.0,39.6433,11225.0
2013-05-16 20:00:00+00:00,39.7711,39.7711,39.55,39.55,600.0,39.6605,3.0
2013-05-16 21:00:00+00:00,39.47,39.56,39.45,39.56,1800.0,39.4606,6.0
2013-05-16 22:00:00+00:00,39.45,39.5,39.44,39.44,900.0,39.4578,5.0
2013-05-16 23:00:00+00:00,39.75,39.75,39.75,39.75,500.0,39.75,1.0
2013-05-17 13:00:00+00:00,39.75,40.36,39.59,40.28,1050057.0,39.983,3964.0
2013-05-17 14:00:00+00:00,40.29,40.85,40.21,40.57,1779635.0,40.5991,8561.0
2013-05-17 15:00:00+00:00,40.577,40.75,40.505,40.53,837479.0,40.6242,4502.0
2013-05-17 16:00:00+00:00,40.533,40.56,40.35,40.52,872677.0,40.4673,3771.0
2013-05-17 17:00:00+00:00,40.52,40.97,40.5,40.91,1256421.0,40.7615,5090.0
2013-05-17 18:00:00+00:00,40.908,41.175,40.8,41.0187,1190269.0,41.0062,5734.0
2013-05-17 19:00:00+00:00,41.02,41.3,40.93,41.19,2533298.0,41.1586,11897.0
2013-05-17 20:00:00+00:00,41.16,41.28,41.15,41.2,110891.0,41.1987,31.0
2013-05-17 21:00:00+00:00,41.2,41.2,41.11,41.18,1700.0,41.1447,8.0
2013-05-17 22:00:00+00:00,41.2,41.2,41.2,41.2,100.0,41.2,1.0
2013-05-17 23:00:00+00:00,41.2,41.2,41.2,41.2,1000.0,41.2,2.0
2013-05-20 12:00:00+00:00,41.14,41.14,41.09,41.09,400.0,41.115,2.0
2013-05-20 13:00:00+00:00,40.96,41.6299,40.73,41.43,1328947.0,41.1859,5676.0
2013-05-20 14:00:00+00:00,41.41,42.11,41.17,42.08,1938930.0,41.6361,9802.0
2013-05-20 15:00:00+00:00,42.087,42.59,42.07,42.58,1788384.0,42.3065,7348.0
2013-05-20 16:00:00+00:00,42.58,42.6975,42.0,42.2,1061429.0,42.4066,5603.0
2013-05-20 17:00:00+00:00,42.2038,42.3099,41.89,41.93,616138.0,42.0888,3544.0
2013-05-20 18:00:00+00:00,41.9278,42.4,41.8,42.1535,830214.0,42.1531,4991.0
2013-05-20 19:00:00+00:00,42.15,42.2,41.97,42.1,1351436.0,42.0633,7391.0
2013-05-20 20:00:00+00:00,42.09,42.15,41.9254,42.15,76144.0,42.0651,3.0
2013-05-20 21:00:00+00:00,42.1,42.1,42.1,42.1,300.0,42.1,1.0
2013-05-20 22:00:00+00:00,42.1,42.24,42.1,42.24,500.0,42.184,2.0
2013-05-20 23:00:00+00:00,42.19,42.19,42.19,42.19,700.0,42.19,3.0
2013-05-21 12:00:00+00:00,42.43,42.43,42.41,42.41,520.0,42.4223,4.0
2013-05-21 13:00:00+00:00,42.15,42.5,41.9,42.29,917880.0,42.1887,3422.0
2013-05-21 14:00:00+00:00,42.3,42.329,41.5,41.66,1230985.0,41.7572,6553.0
2013-05-21 15:00:00+00:00,41.66,41.9,41.65,41.72,870398.0,41.7655,4456.0
2013-05-21 16:00:00+00:00,41.73,42.01,41.68,41.88,543277.0,41.877,2861.0
2013-05-21 17:00:00+00:00,41.8751,41.96,41.74,41.87,416789.0,41.8195,2297.0
2013-05-21 18:00:00+00:00,41.87,41.94,41.54,41.64,774753.0,41.7467,4901.0
2013-05-21 19:00:00+00:00,41.648,41.66,41.21,41.22,1661577.0,41.4041,8898.0
2013-05-21 20:00:00+00:00,41.21,41.22,41.2,41.2,25817.0,41.2104,17.0
2013-05-21 21:00:00+00:00,41.35,41.35,41.3499,41.35,500.0,41.35,3.0
2013-05-21 22:00:00+00:00,41.25,41.39,41.25,41.39,3300.0,41.3736,18.0
2013-05-21 23:00:00+00:00,41.39,41.39,41.39,41.39,100.0,41.39,1.0
2013-05-22 12:00:00+00:00,41.4,41.4,41.4,41.4,850.0,41.4,3.0
2013-05-22 13:00:00+00:00,41.41,41.75,40.8601,41.35,858213.0,41.3433,4030.0
2013-05-22 14:00:00+00:00,41.35,42.0,40.9,40.979,1709436.0,41.4121,9830.0
2013-05-22 15:00:00+00:00,40.98,41.29,40.87,40.95,1077309.0,41.089,6308.0
2013-05-22 16:00:00+00:00,40.95,41.22,40.9,41.2,1044442.0,41.0361,5833.0
2013-05-22 17:00:00+00:00,41.2032,41.215,40.52,40.605,1129865.0,40.8036,5768.0
2013-05-22 18:00:00+00:00,40.61,40.65,40.17,40.575,1348617.0,40.3884,8200.0
2013-05-22 19:00:00+00:00,40.5726,40.5801,40.165,40.53,1556525.0,40.399,9177.0
2013-05-22 20:00:00+00:00,40.53,40.6,40.404,40.404,30790.0,40.5294,4.0
2013-05-22 21:00:00+00:00,40.55,40.55,40.55,40.55,750.0,40.55,2.0
2013-05-22 23:00:00+00:00,40.7,40.7,40.7,40.7,500.0,40.7,2.0
2013-05-23 11:00:00+00:00,39.3,39.3,39.3,39.3,200.0,39.3,2.0
2013-05-23 12:00:00+00:00,40.09,40.09,39.31,39.65,4049.0,39.7479,23.0
2013-05-23 13:00:00+00:00,39.7,40.04,39.3,39.86,1134398.0,39.6698,5442.0
2013-05-23 14:00:00+00:00,39.87,40.58,39.81,40.22,858123.0,40.271,4889.0
2013-05-23 15:00:00+00:00,40.24,40.82,40.18,40.72,908861.0,40.5495,4912.0
2013-05-23 16:00:00+00:00,40.72,40.7844,40.28,40.36,704832.0,40.5673,4222.0
2013-05-23 17:00:00+00:00,40.36,40.47,40.11,40.42,629895.0,40.2528,3776.0
2013-05-23 18:00:00+00:00,40.39,40.49,40.18,40.4,660013.0,40.3499,4168.0
2013-05-23 19:00:00+00:00,40.4,40.48,40.13,40.23,1129149.0,40.2418,7776.0
2013-05-23 20:00:00+00:00,40.23,40.24,40.2,40.2,2100.0,40.2233,5.0
2013-05-23 21:00:00+00:00,40.25,40.25,40.25,40.25,400.0,40.25,1.0
2013-05-23 22:00:00+00:00,40.3,40.38,40.3,40.3799,700.0,40.3571,3.0
2013-05-23 23:00:00+00:00,40.24,40.24,40.24,40.24,22896.0,40.24,1.0
2013-05-24 11:00:00+00:00,37.68,37.68,37.68,37.68,200.0,37.68,2.0
2013-05-24 12:00:00+00:00,40.05,40.05,39.9,39.9,425.0,40.0059,2.0
2013-05-24 13:00:00+00:00,39.9,40.02,39.55,39.61,576280.0,39.7806,2408.0
2013-05-24 14:00:00+00:00,39.6,39.68,39.35,39.62,1184863.0,39.5066,6264.0
2013-05-24 15:00:00+00:00,39.62,39.88,39.5601,39.8569,514650.0,39.6928,2737.0
2013-05-24 16:00:00+00:00,39.86,39.8729,39.71,39.86,303053.0,39.8039,1607.0
2013-05-24 17:00:00+00:00,39.8599,40.04,39.85,39.9674,385898.0,39.9631,2157.0
2013-05-24 18:00:00+00:00,39.97,40.04,39.89,39.95,296676.0,39.9616,1726.0
2013-05-24 19:00:00+00:00,39.95,40.07,39.91,40.06,1039314.0,40.0119,5834.0
2013-05-24 20:00:00+00:00,40.06,40.06,40.02,40.02,3451.0,40.0484,6.0
2013-05-28 08:00:00+00:00,40.06,40.06,40.06,40.06,600.0,40.06,6.0
2013-05-28 12:00:00+00:00,40.58,40.58,40.58,40.58,100.0,40.58,1.0
2013-05-28 13:00:00+00:00,40.65,40.88,40.43,40.88,762618.0,40.7609,2675.0
2013-05-28 14:00:00+00:00,40.89,41.15,40.76,40.79,765222.0,40.9491,3989.0
2013-05-28 15:00:00+00:00,40.8,40.88,40.42,40.44,647141.0,40.7071,3533.0
2013-05-28 16:00:00+00:00,40.44,40.7,40.44,40.62,272348.0,40.6049,1610.0
2013-05-28 17:00:00+00:00,40.61,40.679,40.4,40.44,444324.0,40.5526,2824.0
2013-05-28 18:00:00+00:00,40.44,40.63,40.295,40.63,759127.0,40.4687,4014.0
2013-05-28 19:00:00+00:00,40.63,40.8,40.52,40.72,1119748.0,40.7072,6354.0
2013-05-28 20:00:00+00:00,40.73,40.73,40.69,40.72,18277.0,40.726,9.0
2013-05-28 21:00:00+00:00,40.72,40.72,40.72,40.72,425.0,40.72,2.0
2013-05-29 12:00:00+00:00,40.3,40.3,40.29,40.29,2200.0,40.2909,3.0
2013-05-29 13:00:00+00:00,40.56,40.97,40.55,40.77,540683.0,40.7434,2607.0
2013-05-29 14:00:00+00:00,40.76,40.95,40.26,40.28,936236.0,40.6194,5280.0
2013-05-29 15:00:00+00:00,40.28,40.315,40.0,40.24,986027.0,40.1435,5923.0
2013-05-29 16:00:00+00:00,40.25,40.42,40.22,40.29,895390.0,40.3111,3979.0
2013-05-29 17:00:00+00:00,40.29,40.49,40.28,40.4728,796177.0,40.3685,4434.0
2013-05-29 18:00:00+00:00,40.48,40.5,40.32,40.39,668986.0,40.4177,3391.0
2013-05-29 19:00:00+00:00,40.39,40.61,40.355,40.48,975685.0,40.4892,6175.0
2013-05-29 20:00:00+00:00,40.48,40.48,40.48,40.48,35953.0,40.48,6.0
2013-05-29 21:00:00+00:00,40.4,40.4,40.4,40.4,200.0,40.4,1.0
2013-05-29 22:00:00+00:00,40.32,40.32,40.32,40.32,700.0,40.32,3.0
2013-05-30 12:00:00+00:00,40.46,40.46,40.46,40.46,100.0,40.46,1.0
2013-05-30 13:00:00+00:00,40.47,40.63,40.04,40.5,594231.0,40.3659,2536.0
2013-05-30 14:00:00+00:00,40.51,40.84,40.49,40.6,1029166.0,40.6624,5158.0
2013-05-30 15:00:00+00:00,40.61,40.79,40.395,40.64,869135.0,40.5856,3963.0
2013-05-30 16:00:00+00:00,40.64,40.76,40.53,40.71,816013.0,40.6568,4159.0
2013-05-30 17:00:00+00:00,40.71,40.75,40.64,40.64,540240.0,40.6835,2538.0
2013-05-30 18:00:00+00:00,40.65,40.95,40.63,40.91,593740.0,40.7685,2676.0
2013-05-30 19:00:00+00:00,40.9,40.9388,40.64,40.67,1038480.0,40.7686,5128.0
2013-05-30 20:00:00+00:00,40.66,40.66,40.66,40.66,19592.0,40.66,1.0
2013-05-30 22:00:00+00:00,40.78,41.0,40.78,41.0,7240.0,40.9733,8.0
2013-05-30 23:00:00+00:00,40.8,40.8,40.8,40.8,200.0,40.8,1.0
2013-05-31 13:00:00+00:00,40.55,41.26,40.51,41.03,604142.0,40.9683,2560.0
2013-05-31 14:00:00+00:00,41.01,41.35,40.83,41.3301,1145906.0,41.1401,5599.0
2013-05-31 15:00:00+00:00,41.35,41.51,41.136,41.235,763742.0,41.3039,4209.0
2013-05-31 16:00:00+00:00,41.24,41.315,41.13,41.1499,576809.0,41.1984,2700.0
2013-05-31 17:00:00+00:00,41.15,41.24,41.13,41.24,360163.0,41.1714,2349.0
2013-05-31 18:00:00+00:00,41.2328,41.25,40.85,40.895,787889.0,41.0055,3886.0
2013-05-31 19:00:00+00:00,40.89,41.05,40.65,40.66,1723841.0,40.8586,10388.0
2013-05-31 20:00:00+00:00,40.66,40.66,40.31,40.48,50745.0,40.7228,18.0
2013-05-31 22:00:00+00:00,40.63,40.63,40.63,40.63,123.0,40.63,1.0
2013-06-03 13:00:00+00:00,40.64,40.86,40.04,40.1,833918.0,40.4736,3674.0
2013-06-03 14:00:00+00:00,40.07,40.23,39.41,39.5,1673217.0,39.8336,8694.0
2013-06-03 15:00:00+00:00,39.49,39.52,39.2299,39.4,776643.0,39.3571,4669.0
2013-06-03 16:00:00+00:00,39.4,39.62,39.39,39.5828,526045.0,39.5238,2903.0
2013-06-03 17:00:00+00:00,39.572,39.65,39.495,39.6,488018.0,39.5618,2695.0
2013-06-03 18:00:00+00:00,39.61,40.04,39.5801,39.9031,850792.0,39.8492,4548.0
2013-06-03 19:00:00+00:00,39.91,40.28,39.91,40.25,1227413.0,40.1308,7391.0
2013-06-03 20:00:00+00:00,40.25,40.25,40.18,40.18,32371.0,39.9785,11.0
2013-06-03 21:00:00+00:00,40.03,40.03,40.0,40.0,2940.0,40.0098,12.0
2013-06-03 23:00:00+00:00,40.04,40.04,40.04,40.04,250.0,40.04,1.0
2013-06-04 11:00:00+00:00,40.0,40.0,40.0,40.0,200.0,40.0,1.0
2013-06-04 12:00:00+00:00,40.0,40.0,39.77,39.77,300.0,39.9233,2.0
2013-06-04 13:00:00+00:00,40.15,40.26,39.87,39.99,345654.0,40.0836,1658.0
2013-06-04 14:00:00+00:00,39.99,40.07,39.21,39.219,1419233.0,39.569,7369.0
2013-06-04 15:00:00+00:00,39.21,39.33,39.07,39.08,1036692.0,39.1893,5316.0
2013-06-04 16:00:00+00:00,39.075,39.08,38.77,38.77,1348238.0,38.9448,7360.0
2013-06-04 17:00:00+00:00,38.77,38.89,38.41,38.57,1452336.0,38.657,6875.0
2013-06-04 18:00:00+00:00,38.56,39.0246,38.36,38.7899,1332493.0,38.7029,7353.0
2013-06-04 19:00:00+00:00,38.79,39.09,38.75,38.94,1964379.0,38.9329,10364.0
2013-06-04 20:00:00+00:00,38.96,39.07,38.8567,38.94,7197.0,38.9623,9.0
2013-06-04 21:00:00+00:00,39.0,39.0,39.0,39.0,57000.0,39.0,1.0
2013-06-04 22:00:00+00:00,38.95,38.95,38.95,38.95,200.0,38.95,1.0
2013-06-04 23:00:00+00:00,39.0,39.0,39.0,39.0,100.0,39.0,1.0
2013-06-05 12:00:00+00:00,39.01,39.01,38.94,38.98,2200.0,38.9905,8.0
2013-06-05 13:00:00+00:00,38.93,39.37,38.77,39.115,549977.0,39.0992,2840.0
2013-06-05 14:00:00+00:00,39.08,39.46,38.84,38.93,1472150.0,39.1167,7518.0
2013-06-05 15:00:00+00:00,38.93,38.96,38.57,38.5901,800826.0,38.7253,4095.0
2013-06-05 16:00:00+00:00,38.61,38.65,38.4,38.56,435356.0,38.5183,2496.0
2013-06-05 17:00:00+00:00,38.54,38.885,38.51,38.6343,570079.0,38.7159,2823.0
2013-06-05 18:00:00+00:00,38.64,38.765,38.49,38.7,693819.0,38.6088,4197.0
2013-06-05 19:00:00+00:00,38.7,38.845,38.52,38.61,1424859.0,38.7027,8251.0
2013-06-05 20:00:00+00:00,38.62,39.1,38.62,38.7239,11686.0,39.003,13.0
2013-06-05 21:00:00+00:00,38.51,38.51,38.51,38.51,404.0,38.51,2.0
2013-06-05 22:00:00+00:00,38.56,38.56,38.56,38.56,1400.0,38.56,4.0
2013-06-05 23:00:00+00:00,38.54,38.54,38.54,38.54,250.0,38.54,1.0
2013-06-06 12:00:00+00:00,38.96,38.96,38.77,38.77,374.0,38.8716,2.0
2013-06-06 13:00:00+00:00,38.63,38.95,38.3,38.86,540059.0,38.6658,2541.0
2013-06-06 14:00:00+00:00,38.87,39.14,38.61,39.13,750723.0,38.8423,4099.0
2013-06-06 15:00:00+00:00,39.1001,39.38,39.03,39.15,525241.0,39.182,2798.0
2013-06-06 16:00:00+00:00,39.14,39.161,38.72,38.97,540383.0,38.9392,3006.0
2013-06-06 17:00:00+00:00,38.97,39.16,38.97,39.11,438532.0,39.0683,2414.0
2013-06-06 18:00:00+00:00,39.1,39.4508,38.98,39.2475,603754.0,39.2717,3404.0
2013-06-06 19:00:00+00:00,39.24,39.36,39.05,39.26,1555147.0,39.243,8571.0
2013-06-06 20:00:00+00:00,39.27,39.27,39.27,39.27,7002.0,39.27,3.0
2013-06-06 21:00:00+00:00,39.26,39.26,39.26,39.26,14000.0,39.26,1.0
2013-06-06 22:00:00+00:00,39.26,39.26,39.26,39.26,950.0,39.26,2.0
2013-06-07 12:00:00+00:00,39.28,39.54,39.28,39.54,1800.0,39.4967,5.0
2013-06-07 13:00:00+00:00,39.54,39.7,39.25,39.35,432463.0,39.4936,1852.0
2013-06-07 14:00:00+00:00,39.35,39.79,39.22,39.61,712070.0,39.5576,3848.0
2013-06-07 15:00:00+00:00,39.61,40.0,39.53,39.85,666195.0,39.8208,3508.0
2013-06-07 16:00:00+00:00,39.85,39.85,39.53,39.72,374770.0,39.7047,2230.0
2013-06-07 17:00:00+00:00,39.72,39.79,39.62,39.7,375541.0,39.6964,2189.0
2013-06-07 18:00:00+00:00,39.7091,39.76,39.54,39.6,453450.0,39.6461,2735.0
2013-06-07 19:00:00+00:00,39.602,39.67,39.49,39.57,1139937.0,39.5823,6313.0
2013-06-07 20:00:00+00:00,39.57,39.57,39.5,39.5,46215.0,39.569,6.0
2013-06-07 22:00:00+00:00,39.5,39.5,39.5,39.5,100.0,39.5,1.0
2013-06-07 23:00:00+00:00,39.45,39.45,39.45,39.45,350.0,39.45,3.0
2013-06-10 13:00:00+00:00,39.57,39.81,39.36,39.475,437562.0,39.5539,2148.0
2013-06-10 14:00:00+00:00,39.48,39.58,39.24,39.322,713226.0,39.4062,4019.0
2013-06-10 15:00:00+00:00,39.34,39.49,39.3075,39.3554,541959.0,39.3839,2871.0
2013-06-10 16:00:00+00:00,39.36,39.51,39.2975,39.34,466554.0,39.3976,2189.0
2013-06-10 17:00:00+00:00,39.33,39.35,39.11,39.19,519635.0,39.2332,2918.0
2013-06-10 18:00:00+00:00,39.18,39.25,39.01,39.24,445847.0,39.1063,2866.0
2013-06-10 19:00:00+00:00,39.235,39.24,38.88,38.96,1133987.0,39.0038,6604.0
2013-06-10 20:00:00+00:00,38.91,39.061,38.91,39.0,69375.0,39.0956,10.0
2013-06-10 21:00:00+00:00,38.85,39.12,38.85,39.08,3700.0,39.0814,20.0
2013-06-10 22:00:00+00:00,39.18,39.55,39.18,39.45,12574.0,39.3938,60.0
2013-06-10 23:00:00+00:00,39.57,39.58,39.35,39.35,3675.0,39.4289,15.0
2013-06-11 08:00:00+00:00,39.16,39.16,39.16,39.16,300.0,39.16,3.0
2013-06-11 10:00:00+00:00,39.01,39.01,38.9,38.9,500.0,38.944,2.0
2013-06-11 11:00:00+00:00,38.7,38.91,38.7,38.82,1900.0,38.8195,13.0
2013-06-11 12:00:00+00:00,38.96,38.96,38.7,38.77,7660.0,38.8126,26.0
2013-06-11 13:00:00+00:00,38.9,38.9,38.29,38.615,1107622.0,38.5555,4362.0
2013-06-11 14:00:00+00:00,38.63,38.835,38.44,38.798,1422753.0,38.6596,7345.0
2013-06-11 15:00:00+00:00,38.79,38.96,38.73,38.75,791849.0,38.8287,4534.0
2013-06-11 16:00:00+00:00,38.76,38.86,38.69,38.805,578025.0,38.7523,3532.0
2013-06-11 17:00:00+00:00,38.8,38.85,38.52,38.54,706319.0,38.6507,3916.0
2013-06-11 18:00:00+00:00,38.53,38.78,38.51,38.78,618284.0,38.6051,3144.0
2013-06-11 19:00:00+00:00,38.7772,38.81,38.43,38.48,1082996.0,38.5576,6102.0
2013-06-11 20:00:00+00:00,38.6323,38.6323,38.5,38.5,4846.0,38.6077,4.0
2013-06-11 21:00:00+00:00,38.5,38.5,38.5,38.5,250.0,38.5,2.0
2013-06-11 23:00:00+00:00,38.6,38.6,38.51,38.51,490.0,38.5284,2.0
2013-06-12 13:00:00+00:00,38.98,39.12,38.66,38.9648,630663.0,38.9004,1951.0
2013-06-12 14:00:00+00:00,38.9699,38.9699,38.62,38.6899,843406.0,38.7719,4413.0
2013-06-12 15:00:00+00:00,38.69,38.86,38.4,38.51,760623.0,38.681,4012.0
2013-06-12 16:00:00+00:00,38.52,38.59,38.35,38.57,393867.0,38.4801,2441.0
2013-06-12 17:00:00+00:00,38.57,38.685,38.5,38.58,342680.0,38.5951,2336.0
2013-06-12 18:00:00+00:00,38.59,38.595,38.1699,38.2,613112.0,38.3128,3639.0
2013-06-12 19:00:00+00:00,38.21,38.225,37.93,37.98,1648861.0,38.0182,8731.0
2013-06-12 20:00:00+00:00,37.96,38.0,37.96,38.0,51578.0,37.9988,8.0
2013-06-12 22:00:00+00:00,37.99,37.99,37.99,37.99,400.0,37.99,2.0
2013-06-12 23:00:00+00:00,37.93,38.02,37.93,38.02,600.0,37.945,2.0
2013-06-13 11:00:00+00:00,37.75,37.75,37.75,37.75,100.0,37.75,1.0
2013-06-13 12:00:00+00:00,37.94,37.98,37.75,37.98,5225.0,37.8631,18.0
2013-06-13 13:00:00+00:00,38.0,38.13,37.85,38.0899,458567.0,37.9767,2433.0
2013-06-13 14:00:00+00:00,38.09,38.35,37.9,38.105,753412.0,38.1112,4166.0
2013-06-13 15:00:00+00:00,38.11,38.2425,37.8625,38.24,759396.0,38.0208,4069.0
2013-06-13 16:00:00+00:00,38.242,38.39,38.165,38.35,457481.0,38.2839,2318.0
2013-06-13 17:00:00+00:00,38.35,38.36,38.1899,38.31,689143.0,38.2396,2778.0
2013-06-13 18:00:00+00:00,38.31,38.75,38.31,38.74,674749.0,38.5632,3142.0
2013-06-13 19:00:00+00:00,38.74,38.9,38.62,38.66,1616882.0,38.7319,8046.0
2013-06-13 20:00:00+00:00,38.7,38.7,38.58,38.65,54154.0,38.6521,6.0
2013-06-13 21:00:00+00:00,38.7,38.7,38.7,38.7,250.0,38.7,1.0
2013-06-13 22:00:00+00:00,38.7,38.7,38.7,38.7,700.0,38.7,1.0
2013-06-13 23:00:00+00:00,38.7,38.7,38.7,38.7,300.0,38.7,2.0
2013-06-14 11:00:00+00:00,38.99,38.99,38.99,38.99,100.0,38.99,1.0
2013-06-14 12:00:00+00:00,38.82,38.99,38.82,38.99,1000.0,38.905,5.0
2013-06-14 13:00:00+00:00,39.0,39.0,38.4568,38.57,504619.0,38.6075,2532.0
2013-06-14 14:00:00+00:00,38.57,38.59,38.235,38.27,907861.0,38.3938,5361.0
2013-06-14 15:00:00+00:00,38.26,38.43,38.13,38.27,631702.0,38.3066,3792.0
2013-06-14 16:00:00+00:00,38.28,38.33,38.1,38.18,448233.0,38.2306,2775.0
2013-06-14 17:00:00+00:00,38.17,38.17,38.035,38.07,605985.0,38.1147,3606.0
2013-06-14 18:00:00+00:00,38.065,38.2431,37.97,38.0299,957133.0,38.0678,4685.0
2013-06-14 19:00:00+00:00,38.03,38.12,37.92,38.01,1583805.0,38.0112,6702.0
2013-06-14 20:00:00+00:00,38.01,38.3782,38.0,38.02,98456.0,38.0209,17.0
2013-06-14 22:00:00+00:00,37.98,37.98,37.98,37.98,500.0,37.98,1.0
2013-06-17 11:00:00+00:00,38.5,38.5,38.5,38.5,500.0,38.5,3.0
2013-06-17 12:00:00+00:00,38.33,38.54,38.3,38.3,1600.0,38.3481,6.0
2013-06-17 13:00:00+00:00,38.36,38.58,38.0201,38.0401,1073157.0,38.3008,4707.0
2013-06-17 14:00:00+00:00,38.07,38.25,38.01,38.2001,1647487.0,38.126,8791.0
2013-06-17 15:00:00+00:00,38.21,38.28,37.95,38.02,836712.0,38.1196,4338.0
2013-06-17 16:00:00+00:00,38.012,38.195,38.0,38.0968,507867.0,38.0791,2719.0
2013-06-17 17:00:00+00:00,38.1,38.135,37.985,37.99,599568.0,38.0465,3523.0
2013-06-17 18:00:00+00:00,37.99,38.0,37.75,37.89,869934.0,37.8411,5385.0
2013-06-17 19:00:00+00:00,37.88,38.02,37.78,37.94,1605938.0,37.9334,9424.0
2013-06-17 20:00:00+00:00,37.95,38.1,37.94,38.09,15569.0,38.0358,58.0
2013-06-17 21:00:00+00:00,38.09,38.09,38.09,38.09,800.0,38.09,2.0
2013-06-18 12:00:00+00:00,38.05,38.05,37.97,37.97,1300.0,38.0315,2.0
2013-06-18 13:00:00+00:00,37.93,38.1,37.7,38.02,475039.0,37.9322,2325.0
2013-06-18 14:00:00+00:00,38.01,38.17,37.9,38.06,1394777.0,38.008,6314.0
2013-06-18 15:00:00+00:00,38.06,38.245,37.74,37.785,680882.0,38.0315,3796.0
2013-06-18 16:00:00+00:00,37.77,38.19,37.77,38.12,608062.0,38.026,3061.0
2013-06-18 17:00:00+00:00,38.12,38.12,37.95,38.0023,372543.0,38.0181,2256.0
2013-06-18 18:00:00+00:00,38.01,38.2,37.99,38.16,490645.0,38.086,3223.0
2013-06-18 19:00:00+00:00,38.15,38.18,37.98,38.06,1168854.0,38.0266,5884.0
2013-06-18 20:00:00+00:00,38.0,38.1201,38.0,38.1201,1210.0,38.0298,2.0
2013-06-18 23:00:00+00:00,38.07,38.07,38.07,38.07,300.0,38.07,1.0
2013-06-19 13:00:00+00:00,38.03,38.33,38.0,38.17,621277.0,38.1445,3249.0
2013-06-19 14:00:00+00:00,38.1734,38.61,38.13,38.54,1028033.0,38.3439,5836.0
2013-06-19 15:00:00+00:00,38.54,38.55,38.355,38.45,982436.0,38.4624,4720.0
2013-06-19 16:00:00+00:00,38.45,38.45,38.12,38.1665,783196.0,38.2354,4145.0
2013-06-19 17:00:00+00:00,38.17,38.175,37.895,37.965,748870.0,37.993,3715.0
2013-06-19 18:00:00+00:00,37.97,38.04,37.53,37.61,1528131.0,37.8169,9308.0
2013-06-19 19:00:00+00:00,37.6,37.84,37.52,37.5799,1563662.0,37.6612,10115.0
2013-06-19 20:00:00+00:00,37.58,37.9442,37.52,37.52,1636.0,37.6321,3.0
2013-06-19 22:00:00+00:00,37.6001,37.6001,37.6,37.6,300.0,37.6,2.0
2013-06-19 23:00:00+00:00,37.56,37.56,37.54,37.54,300.0,37.5467,2.0
2013-06-20 09:00:00+00:00,37.2,37.2,37.2,37.2,100.0,37.2,1.0
2013-06-20 12:00:00+00:00,37.3,37.32,37.25,37.25,1700.0,37.2753,5.0
2013-06-20 13:00:00+00:00,37.15,37.15,36.35,36.49,1702177.0,36.5986,7554.0
2013-06-20 14:00:00+00:00,36.49,36.67,36.3,36.6568,1658783.0,36.4543,7901.0
2013-06-20 15:00:00+00:00,36.66,36.73,36.56,36.59,1125841.0,36.6286,4581.0
2013-06-20 16:00:00+00:00,36.59,36.7,36.39,36.41,832383.0,36.5763,4133.0
2013-06-20 17:00:00+00:00,36.41,36.5,36.3,36.5,684122.0,36.3882,4136.0
2013-06-20 18:00:00+00:00,36.49,36.5,35.85,35.88,1794624.0,36.0575,9239.0
2013-06-20 19:00:00+00:00,35.88,36.1,35.7,35.73,3802339.0,35.8299,19405.0
2013-06-20 20:00:00+00:00,35.73,35.9,35.73,35.88,15219.0,35.737,13.0
2013-06-20 21:00:00+00:00,35.75,35.8,35.75,35.75,1902.0,35.7631,7.0
2013-06-20 22:00:00+00:00,35.75,35.78,35.74,35.78,1900.0,35.7537,10.0
2013-06-20 23:00:00+00:00,35.88,35.88,35.78,35.87,325.0,35.8385,3.0
2013-06-21 11:00:00+00:00,35.95,35.95,35.95,35.95,100.0,35.95,1.0
2013-06-21 12:00:00+00:00,36.51,36.52,36.0,36.05,2995.0,36.093,12.0
2013-06-21 13:00:00+00:00,36.11,36.43,35.35,35.35,2108941.0,35.8031,5587.0
2013-06-21 14:00:00+00:00,35.35,35.5,34.83,34.95,2531938.0,35.0973,13931.0
2013-06-21 15:00:00+00:00,34.96,35.108,34.63,34.81,1738244.0,34.8708,9191.0
2013-06-21 16:00:00+00:00,34.81,35.15,34.72,35.07,1222552.0,34.9195,6487.0
2013-06-21 17:00:00+00:00,35.08,35.17,34.95,34.99,1536794.0,35.0734,8459.0
2013-06-21 18:00:00+00:00,34.99,35.3,34.86,35.29,1471189.0,35.0416,7200.0
2013-06-21 19:00:00+00:00,35.29,35.69,35.28,35.4,2385556.0,35.4559,12920.0
2013-06-21 20:00:00+00:00,35.4,35.4421,35.39,35.39,25106.0,35.396,28.0
2013-06-21 21:00:00+00:00,35.3,35.3,35.3,35.3,100.0,35.3,1.0
2013-06-21 22:00:00+00:00,35.4,35.4,35.4,35.4,1100.0,35.4,3.0
2013-06-24 08:00:00+00:00,34.8,34.8,34.8,34.8,100.0,34.8,1.0
2013-06-24 12:00:00+00:00,34.97,35.02,34.54,34.68,2553.0,34.7611,11.0
2013-06-24 13:00:00+00:00,35.1,35.1,34.24,34.39,1036507.0,34.5008,4980.0
2013-06-24 14:00:00+00:00,34.391,34.46,34.06,34.06,1723346.0,34.2404,9572.0
2013-06-24 15:00:00+00:00,34.06,34.07,33.42,33.58,2552941.0,33.6547,10960.0
2013-06-24 16:00:00+00:00,33.585,33.63,33.2701,33.5,1570833.0,33.3811,8247.0
2013-06-24 17:00:00+00:00,33.49,34.0,33.4,33.94,1356617.0,33.7048,6838.0
2013-06-24 18:00:00+00:00,33.95,34.26,33.91,34.04,1860475.0,34.0569,9120.0
2013-06-24 19:00:00+00:00,34.03,34.08,33.75,33.76,1899574.0,33.9023,10924.0
2013-06-24 20:00:00+00:00,33.78,33.82,33.75,33.75,17920.0,33.8093,26.0
2013-06-24 21:00:00+00:00,33.8,33.8,33.8,33.8,100.0,33.8,1.0
2013-06-24 22:00:00+00:00,33.85,34.0,33.85,34.0,3700.0,33.963,13.0
2013-06-24 23:00:00+00:00,34.0,34.0,33.85,33.85,600.0,33.875,2.0
2013-06-25 10:00:00+00:00,34.24,34.38,34.15,34.38,1150.0,34.2496,8.0
2013-06-25 11:00:00+00:00,34.6,34.6,34.6,34.6,100.0,34.6,1.0
2013-06-25 12:00:00+00:00,34.52,34.72,34.45,34.62,23952.0,34.5074,46.0
2013-06-25 13:00:00+00:00,34.55,34.72,34.29,34.5,1474562.0,34.5127,7285.0
2013-06-25 14:00:00+00:00,34.5,34.87,34.38,34.72,2290773.0,34.5632,10153.0
2013-06-25 15:00:00+00:00,34.722,34.95,34.64,34.75,1227016.0,34.7752,6397.0
2013-06-25 16:00:00+00:00,34.7568,34.83,34.69,34.75,770971.0,34.7604,4630.0
2013-06-25 17:00:00+00:00,34.7567,34.78,34.59,34.71,1165736.0,34.7014,6508.0
2013-06-25 18:00:00+00:00,34.71,35.01,34.7,34.825,1244703.0,34.8815,7492.0
2013-06-25 19:00:00+00:00,34.83,35.12,34.69,34.98,2029643.0,34.9556,10803.0
2013-06-25 20:00:00+00:00,34.98,34.98,34.98,34.98,27734.0,34.7989,5.0
2013-06-25 21:00:00+00:00,34.85,34.98,34.83,34.98,2500.0,34.9096,10.0
2013-06-25 22:00:00+00:00,34.97,35.0,34.86,35.0,900.0,34.9722,9.0
2013-06-25 23:00:00+00:00,35.0,35.0,34.86,34.86,300.0,34.9467,3.0
2013-06-26 13:00:00+00:00,35.31,35.725,35.29,35.59,803727.0,35.5173,3674.0
2013-06-26 14:00:00+00:00,35.59,35.735,35.26,35.39,1422183.0,35.4626,7281.0
2013-06-26 15:00:00+00:00,35.39,35.395,35.075,35.1299,654551.0,35.2154,3624.0
2013-06-26 16:00:00+00:00,35.125,35.41,35.125,35.195,575373.0,35.2918,3132.0
2013-06-26 17:00:00+00:00,35.195,35.46,35.195,35.39,560048.0,35.3802,3015.0
2013-06-26 18:00:00+00:00,35.39,35.68,35.38,35.66,1021021.0,35.5347,5366.0
2013-06-26 19:00:00+00:00,35.66,35.7,35.38,35.41,1238009.0,35.5036,7720.0
2013-06-26 20:00:00+00:00,35.4,35.4,35.4,35.4,49462.0,35.4,6.0
2013-06-26 22:00:00+00:00,35.65,35.65,35.65,35.65,500.0,35.65,1.0
2013-06-26 23:00:00+00:00,35.48,35.55,35.45,35.45,700.0,35.4857,3.0
2013-06-27 12:00:00+00:00,35.76,35.76,35.76,35.76,200.0,35.76,1.0
2013-06-27 13:00:00+00:00,35.51,35.75,35.4,35.5,725040.0,35.5987,3774.0
2013-06-27 14:00:00+00:00,35.5,35.6,35.09,35.16,1125146.0,35.436,6936.0
2013-06-27 15:00:00+00:00,35.15,35.33,34.88,35.2101,791783.0,35.1514,4312.0
2013-06-27 16:00:00+00:00,35.215,35.25,35.02,35.04,473188.0,35.1578,2711.0
2013-06-27 17:00:00+00:00,35.04,35.305,35.04,35.22,521841.0,35.153,3231.0
2013-06-27 18:00:00+00:00,35.221,35.265,35.04,35.07,510644.0,35.1431,3150.0
2013-06-27 19:00:00+00:00,35.08,35.21,34.97,35.0,1212789.0,35.0591,7119.0
2013-06-27 20:00:00+00:00,34.99,35.04,34.99,35.04,10130.0,34.9915,4.0
2013-06-27 22:00:00+00:00,34.9501,34.9501,34.95,34.95,200.0,34.9501,2.0
2013-06-28 12:00:00+00:00,34.99,34.99,34.99,34.99,100.0,34.99,1.0
2013-06-28 13:00:00+00:00,34.88,34.98,34.53,34.6701,506761.0,34.7187,2434.0
2013-06-28 14:00:00+00:00,34.69,35.02,34.5501,34.95,686649.0,34.7969,4007.0
2013-06-28 15:00:00+00:00,34.94,35.035,34.75,34.98,562151.0,34.9386,2790.0
2013-06-28 16:00:00+00:00,34.99,35.03,34.85,34.986,387256.0,34.965,2357.0
2013-06-28 17:00:00+00:00,34.985,35.03,34.79,34.83,464690.0,34.9234,2640.0
2013-06-28 18:00:00+00:00,34.82,34.89,34.7,34.755,420295.0,34.7662,2706.0
2013-06-28 19:00:00+00:00,34.75,34.99,34.67,34.75,1563961.0,34.8504,8195.0
2013-06-28 20:00:00+00:00,34.71,34.85,34.71,34.73,1192333.0,34.7736,25.0
2013-06-28 21:00:00+00:00,34.77,34.77,34.77,34.77,1900.0,34.77,7.0
2013-07-01 11:00:00+00:00,34.56,34.66,34.56,34.66,200.0,34.61,2.0
2013-07-01 12:00:00+00:00,34.68,34.68,34.4,34.5,6012.0,34.5451,27.0
2013-07-01 13:00:00+00:00,34.5,35.24,34.45,35.115,1156042.0,34.8778,5337.0
2013-07-01 14:00:00+00:00,35.1,35.3,35.09,35.1579,935073.0,35.1893,5902.0
2013-07-01 15:00:00+00:00,35.15,35.3,35.05,35.14,624802.0,35.1716,3425.0
2013-07-01 16:00:00+00:00,35.139,35.14,34.825,34.83,600191.0,34.9138,3178.0
2013-07-01 17:00:00+00:00,34.84,34.92,34.32,34.3654,1090088.0,34.5988,5625.0
2013-07-01 18:00:00+00:00,34.365,34.58,34.35,34.45,800413.0,34.4624,4133.0
2013-07-01 19:00:00+00:00,34.44,34.46,34.12,34.26,2071640.0,34.2469,11110.0
2013-07-01 20:00:00+00:00,34.25,34.26,34.2,34.2,9237.0,34.2548,18.0
2013-07-01 23:00:00+00:00,34.25,34.25,34.25,34.25,100.0,34.25,1.0
2013-07-02 11:00:00+00:00,34.85,34.95,34.25,34.95,3300.0,34.8985,10.0
2013-07-02 12:00:00+00:00,34.47,34.49,34.3,34.3,3400.0,34.4571,13.0
2013-07-02 13:00:00+00:00,34.48,34.48,34.0,34.11,814529.0,34.1513,4137.0
2013-07-02 14:00:00+00:00,34.1,34.16,33.77,33.93,1623280.0,33.9282,7977.0
2013-07-02 15:00:00+00:00,33.93,34.06,33.87,33.9175,792627.0,33.9779,4336.0
2013-07-02 16:00:00+00:00,33.91,33.94,33.65,33.71,994810.0,33.7897,4649.0
2013-07-02 17:00:00+00:00,33.71,33.72,33.52,33.53,723779.0,33.6052,4044.0
2013-07-02 18:00:00+00:00,33.53,33.58,33.34,33.44,1137621.0,33.4381,6294.0
2013-07-02 19:00:00+00:00,33.45,33.62,33.345,33.53,2114401.0,33.4724,11603.0
2013-07-02 20:00:00+00:00,33.48,33.54,33.47,33.48,4142.0,33.5192,8.0
2013-07-02 22:00:00+00:00,33.54,33.54,33.54,33.54,700.0,33.54,1.0
2013-07-02 23:00:00+00:00,33.55,33.55,33.54,33.54,700.0,33.5471,3.0
2013-07-03 12:00:00+00:00,33.46,33.66,33.35,33.55,2600.0,33.4881,11.0
2013-07-03 13:00:00+00:00,33.61,33.61,33.0,33.17,1967840.0,33.1856,9015.0
2013-07-03 14:00:00+00:00,33.17,33.48,33.065,33.478,1992334.0,33.259,10553.0
2013-07-03 15:00:00+00:00,33.48,33.53,33.08,33.28,1383972.0,33.2464,7338.0
2013-07-03 16:00:00+00:00,33.27,33.73,33.24,33.67,2344466.0,33.5005,10195.0
2013-07-03 17:00:00+00:00,33.69,33.69,33.69,33.69,219083.0,33.69,1.0
2013-07-05 12:00:00+00:00,33.81,34.27,33.81,34.27,4300.0,34.093,15.0
2013-07-05 13:00:00+00:00,33.95,34.25,33.03,33.2,1181797.0,33.458,5230.0
2013-07-05 14:00:00+00:00,33.19,33.67,33.15,33.615,1251449.0,33.3979,6716.0
2013-07-05 15:00:00+00:00,33.62,33.95,33.55,33.85,969744.0,33.7417,5145.0
2013-07-05 16:00:00+00:00,33.845,33.86,33.6,33.69,526703.0,33.697,2947.0
2013-07-05 17:00:00+00:00,33.7,33.71,33.564,33.642,328724.0,33.6388,1780.0
2013-07-05 18:00:00+00:00,33.65,33.84,33.62,33.74,485648.0,33.7594,2908.0
2013-07-05 19:00:00+00:00,33.75,33.86,33.68,33.84,1262648.0,33.7802,6614.0
2013-07-05 20:00:00+00:00,33.91,33.91,33.84,33.85,700.0,33.8729,5.0
2013-07-08 12:00:00+00:00,33.96,33.96,33.96,33.96,100.0,33.96,1.0
2013-07-08 13:00:00+00:00,34.1,34.54,34.0,34.33,1266325.0,34.2611,5662.0
2013-07-08 14:00:00+00:00,34.32,34.58,34.27,34.52,1023507.0,34.4604,6226.0
2013-07-08 15:00:00+00:00,34.52,34.7293,34.5,34.505,854763.0,34.6324,4434.0
2013-07-08 16:00:00+00:00,34.52,34.53,34.27,34.365,774005.0,34.415,4134.0
2013-07-08 17:00:00+00:00,34.36,34.43,34.21,34.41,828781.0,34.3341,3998.0
2013-07-08 18:00:00+00:00,34.4,34.61,34.39,34.53,746402.0,34.4874,4270.0
2013-07-08 19:00:00+00:00,34.52,34.585,34.41,34.52,1283987.0,34.4974,6849.0
2013-07-08 20:00:00+00:00,34.56,34.57,34.46,34.46,2200.0,34.5114,11.0
2013-07-08 21:00:00+00:00,34.55,34.55,34.55,34.55,200.0,34.55,1.0
2013-07-08 22:00:00+00:00,34.55,34.55,34.55,34.55,130.0,34.55,1.0
2013-07-09 12:00:00+00:00,34.53,34.74,34.53,34.74,1523.0,34.6193,5.0
2013-07-09 13:00:00+00:00,34.87,34.93,34.25,34.38,1032980.0,34.5813,4122.0
2013-07-09 14:00:00+00:00,34.39,34.45,34.04,34.3751,1201128.0,34.2083,6380.0
2013-07-09 15:00:00+00:00,34.37,34.475,34.31,34.35,1348067.0,34.3792,5630.0
2013-07-09 16:00:00+00:00,34.35,34.48,34.13,34.21,1252853.0,34.2947,5492.0
2013-07-09 17:00:00+00:00,34.21,34.26,33.98,34.23,1413916.0,34.1274,5615.0
2013-07-09 18:00:00+00:00,34.22,34.28,34.1,34.16,1117116.0,34.2135,4977.0
2013-07-09 19:00:00+00:00,34.16,34.32,34.12,34.28,1822143.0,34.2178,8749.0
2013-07-09 20:00:00+00:00,34.28,34.28,34.11,34.28,30419.0,34.1157,7.0
2013-07-09 21:00:00+00:00,34.2,34.28,34.2,34.28,1100.0,34.2364,3.0
2013-07-10 11:00:00+00:00,34.4,34.4,34.34,34.34,3980.0,34.3958,5.0
2013-07-10 12:00:00+00:00,34.35,34.39,33.97,33.97,9630.0,34.0485,43.0
2013-07-10 13:00:00+00:00,33.97,34.21,33.76,33.95,1011817.0,33.9504,4340.0
2013-07-10 14:00:00+00:00,33.96,34.01,33.545,33.655,1726332.0,33.7144,7678.0
2013-07-10 15:00:00+00:00,33.66,33.89,33.59,33.7101,830957.0,33.7151,3577.0
2013-07-10 16:00:00+00:00,33.71,33.77,33.56,33.695,814952.0,33.6681,3778.0
2013-07-10 17:00:00+00:00,33.7,33.91,33.67,33.82,989640.0,33.8091,4334.0
2013-07-10 18:00:00+00:00,33.82,33.99,33.44,33.5,1481544.0,33.6853,7527.0
2013-07-10 19:00:00+00:00,33.5035,33.57,33.4,33.56,1963220.0,33.4822,8625.0
2013-07-10 20:00:00+00:00,33.55,33.55,33.52,33.52,3804.0,33.5326,9.0
2013-07-10 21:00:00+00:00,33.57,33.62,33.57,33.62,4100.0,33.5895,8.0
2013-07-10 22:00:00+00:00,33.66,33.81,33.66,33.81,7823.0,33.7096,23.0
2013-07-10 23:00:00+00:00,33.93,33.93,33.81,33.85,2600.0,33.8592,3.0
2013-07-11 10:00:00+00:00,33.85,33.85,33.85,33.85,270.0,33.85,1.0
2013-07-11 12:00:00+00:00,33.95,34.12,33.94,33.98,5650.0,34.027,16.0
2013-07-11 13:00:00+00:00,33.95,34.19,33.73,33.75,1033791.0,33.9055,4480.0
2013-07-11 14:00:00+00:00,33.76,33.94,33.69,33.7,1050232.0,33.8039,5679.0
2013-07-11 15:00:00+00:00,33.71,33.95,33.62,33.94,1106410.0,33.7482,5550.0
2013-07-11 16:00:00+00:00,33.95,34.15,33.85,34.01,973191.0,34.0203,4626.0
2013-07-11 17:00:00+00:00,34.01,34.23,33.98,34.15,1251845.0,34.1081,6002.0
2013-07-11 18:00:00+00:00,34.14,34.47,34.13,34.37,984451.0,34.2974,5104.0
2013-07-11 19:00:00+00:00,34.37,34.63,34.33,34.53,2772666.0,34.4902,11829.0
2013-07-11 20:00:00+00:00,34.54,34.59,34.54,34.59,17177.0,34.5634,6.0
2013-07-11 21:00:00+00:00,34.42,34.5,32.1,33.15,131935.0,33.0257,581.0
2013-07-11 22:00:00+00:00,33.15,33.18,32.87,33.0,12618.0,33.022,45.0
2013-07-11 23:00:00+00:00,33.03,33.13,33.03,33.07,2150.0,33.0742,10.0
2013-07-12 11:00:00+00:00,32.98,33.41,32.98,33.35,4014.0,33.2497,23.0
2013-07-12 12:00:00+00:00,33.13,33.55,33.0,33.25,321635.0,33.2585,464.0
2013-07-12 13:00:00+00:00,33.25,35.32,33.25,35.18,4701987.0,34.6104,18920.0
2013-07-12 14:00:00+00:00,35.18,36.18,34.84,35.76,3929311.0,35.4814,19089.0
2013-07-12 15:00:00+00:00,35.77,35.94,35.3,35.5,1890173.0,35.6411,10108.0
2013-07-12 16:00:00+00:00,35.493,35.67,35.29,35.44,1317848.0,35.4244,7836.0
2013-07-12 17:00:00+00:00,35.43,35.57,35.32,35.45,918025.0,35.4379,5309.0
2013-07-12 18:00:00+00:00,35.46,35.89,35.45,35.8,1280528.0,35.6913,7452.0
2013-07-12 19:00:00+00:00,35.81,35.89,35.71,35.86,2196126.0,35.8182,11583.0
2013-07-12 20:00:00+00:00,35.86,35.91,35.75,35.75,10615.0,35.852,18.0
2013-07-12 21:00:00+00:00,35.75,35.84,35.75,35.84,1700.0,35.7553,3.0
2013-07-12 22:00:00+00:00,35.8,35.8,35.72,35.72,1210.0,35.7467,5.0
2013-07-12 23:00:00+00:00,35.72,35.86,35.72,35.8,5464.0,35.8563,3.0
2013-07-15 11:00:00+00:00,35.88,35.88,35.88,35.88,100.0,35.88,1.0
2013-07-15 12:00:00+00:00,36.0,36.0,35.88,35.88,1223.0,35.982,8.0
2013-07-15 13:00:00+00:00,35.91,36.05,35.24,35.33,858457.0,35.5314,3900.0
2013-07-15 14:00:00+00:00,35.3328,35.994,35.25,35.59,823739.0,35.4735,4579.0
2013-07-15 15:00:00+00:00,35.59,35.8899,35.44,35.8899,651966.0,35.6618,3413.0
2013-07-15 16:00:00+00:00,35.88,35.885,35.52,35.53,496652.0,35.7046,2326.0
2013-07-15 17:00:00+00:00,35.53,35.64,35.41,35.521,520859.0,35.5158,2701.0
2013-07-15 18:00:00+00:00,35.52,35.55,35.345,35.374,671728.0,35.4154,3609.0
2013-07-15 19:00:00+00:00,35.377,35.45,35.35,35.37,1293062.0,35.397,6942.0
2013-07-15 20:00:00+00:00,35.5318,35.5318,35.18,35.23,70738.0,35.3825,51.0
2013-07-15 21:00:00+00:00,35.28,35.28,35.25,35.25,800.0,35.2688,6.0
2013-07-15 22:00:00+00:00,35.26,35.26,35.26,35.26,400.0,35.26,1.0
2013-07-16 11:00:00+00:00,35.0,35.0,35.0,35.0,950.0,35.0,3.0
2013-07-16 12:00:00+00:00,35.3,35.3,35.2,35.2,2290.0,35.2196,10.0
2013-07-16 13:00:00+00:00,35.23,35.4,34.79,35.2,839010.0,35.0768,4232.0
2013-07-16 14:00:00+00:00,35.21,35.3,34.85,34.96,1087371.0,35.0211,5232.0
2013-07-16 15:00:00+00:00,34.96,34.98,34.74,34.79,995769.0,34.8375,5341.0
2013-07-16 16:00:00+00:00,34.79,35.05,34.78,34.8,937068.0,34.914,4706.0
2013-07-16 17:00:00+00:00,34.795,34.85,34.45,34.79,1005692.0,34.6588,4897.0
2013-07-16 18:00:00+00:00,34.786,34.94,34.73,34.815,664440.0,34.8633,3600.0
2013-07-16 19:00:00+00:00,34.81,34.85,34.71,34.78,1562817.0,34.7657,8295.0
2013-07-16 20:00:00+00:00,34.8,34.8,34.8,34.8,5200.0,34.7808,3.0
2013-07-16 22:00:00+00:00,34.75,35.3,34.75,35.3,17430.0,35.2104,66.0
2013-07-16 23:00:00+00:00,35.25,35.38,35.25,35.38,2501.0,35.2792,11.0
2013-07-17 11:00:00+00:00,35.39,35.39,35.11,35.11,2900.0,35.2266,17.0
2013-07-17 12:00:00+00:00,35.16,35.33,35.09,35.25,17127.0,35.2747,50.0
2013-07-17 13:00:00+00:00,35.35,35.4,35.04,35.095,853089.0,35.1388,3716.0
2013-07-17 14:00:00+00:00,35.09,35.3,34.96,35.14,1297584.0,35.1089,6570.0
2013-07-17 15:00:00+00:00,35.145,35.2,34.74,34.76,1557263.0,34.9538,6863.0
2013-07-17 16:00:00+00:00,34.755,34.98,34.69,34.9,724243.0,34.8665,4180.0
2013-07-17 17:00:00+00:00,34.899,35.02,34.89,35.0,815489.0,34.9781,3801.0
2013-07-17 18:00:00+00:00,35.0,35.11,34.95,35.03,593537.0,35.0265,3406.0
2013-07-17 19:00:00+00:00,35.03,35.12,34.99,35.1,866779.0,35.0799,5158.0
2013-07-17 20:00:00+00:00,35.11,35.19,35.11,35.1899,300.0,35.1633,3.0
2013-07-17 21:00:00+00:00,35.19,35.19,35.19,35.19,320.0,35.19,2.0
2013-07-17 22:00:00+00:00,35.2,35.25,35.2,35.25,700.0,35.2143,3.0
2013-07-17 23:00:00+00:00,35.2,35.2,35.2,35.2,100.0,35.2,1.0
2013-07-18 12:00:00+00:00,35.2,35.27,35.2,35.26,1100.0,35.2445,7.0
2013-07-18 13:00:00+00:00,35.19,35.51,35.06,35.44,651442.0,35.329,3061.0
2013-07-18 14:00:00+00:00,35.44,35.465,34.79,34.92,1367993.0,35.0525,7502.0
2013-07-18 15:00:00+00:00,34.94,35.11,34.71,34.78,1201483.0,34.9137,6103.0
2013-07-18 16:00:00+00:00,34.7777,34.92,34.6,34.655,932331.0,34.7117,5091.0
2013-07-18 17:00:00+00:00,34.66,34.76,34.43,34.53,1330177.0,34.5882,6528.0
2013-07-18 18:00:00+00:00,34.54,34.58,34.41,34.429,1363547.0,34.4791,5172.0
2013-07-18 19:00:00+00:00,34.4275,34.43,34.17,34.219,2537347.0,34.2594,11566.0
2013-07-18 20:00:00+00:00,34.24,34.3772,34.1,34.22,1600.0,34.187,10.0
2013-07-18 21:00:00+00:00,34.18,34.18,34.18,34.18,100.0,34.18,1.0
2013-07-18 22:00:00+00:00,34.17,34.21,34.17,34.17,1617.0,34.1873,8.0
2013-07-18 23:00:00+00:00,34.21,34.26,34.17,34.17,1595.0,34.2168,7.0
2013-07-19 12:00:00+00:00,34.39,34.39,34.22,34.22,3052.0,34.3779,10.0
2013-07-19 13:00:00+00:00,34.23,34.61,34.11,34.355,1034516.0,34.3359,3543.0
2013-07-19 14:00:00+00:00,34.376,34.85,34.265,34.74,1130478.0,34.5624,6597.0
2013-07-19 15:00:00+00:00,34.73,34.78,34.58,34.62,725925.0,34.6595,4138.0
2013-07-19 16:00:00+00:00,34.62,34.72,34.58,34.604,542588.0,34.6432,3608.0
2013-07-19 17:00:00+00:00,34.605,34.679,34.4,34.475,501629.0,34.544,2977.0
2013-07-19 18:00:00+00:00,34.47,34.67,34.41,34.59,564113.0,34.5241,3460.0
2013-07-19 19:00:00+00:00,34.5975,34.75,34.58,34.71,1922879.0,34.6802,10219.0
2013-07-19 20:00:00+00:00,34.71,34.78,34.67,34.78,78466.0,34.7304,20.0
2013-07-19 21:00:00+00:00,34.8,34.8,34.8,34.8,400.0,34.8,1.0
2013-07-19 22:00:00+00:00,34.8,34.84,34.7,34.84,610.0,34.7842,4.0
2013-07-19 23:00:00+00:00,34.69,34.69,34.69,34.69,980.0,34.69,6.0
2013-07-22 12:00:00+00:00,34.75,34.97,34.75,34.94,1700.0,34.9471,7.0
2013-07-22 13:00:00+00:00,34.97,35.06,34.57,34.76,788523.0,34.7682,3489.0
2013-07-22 14:00:00+00:00,34.809,34.88,34.59,34.755,1006436.0,34.7492,5191.0
2013-07-22 15:00:00+00:00,34.76,34.96,34.76,34.815,873578.0,34.8338,3910.0
2013-07-22 16:00:00+00:00,34.82,34.99,34.76,34.87,544949.0,34.87,2907.0
2013-07-22 17:00:00+00:00,34.86,35.0,34.77,34.98,453237.0,34.9049,2412.0
2013-07-22 18:00:00+00:00,34.98,35.23,34.98,35.2275,776202.0,35.0906,4055.0
2013-07-22 19:00:00+00:00,35.225,35.4,35.08,35.2936,2195941.0,35.2311,10747.0
2013-07-22 20:00:00+00:00,35.27,35.35,35.1,35.35,3277.0,35.2832,7.0
2013-07-22 21:00:00+00:00,35.29,35.29,35.29,35.29,1500.0,35.29,1.0
2013-07-22 22:00:00+00:00,35.32,35.38,35.32,35.35,3653.0,35.3566,13.0
2013-07-22 23:00:00+00:00,35.35,35.45,35.35,35.45,1108.0,35.4114,6.0
2013-07-23 11:00:00+00:00,35.8,36.5,35.75,35.75,7349.0,36.1595,25.0
2013-07-23 12:00:00+00:00,35.75,35.95,35.06,35.12,29229.0,35.2861,52.0
2013-07-23 13:00:00+00:00,35.02,35.65,34.55,34.67,2083727.0,35.0809,9664.0
2013-07-23 14:00:00+00:00,34.6751,35.03,34.34,34.93,1986507.0,34.7908,10556.0
2013-07-23 15:00:00+00:00,34.93,35.75,34.73,35.13,1854428.0,35.3009,9576.0
2013-07-23 16:00:00+00:00,35.13,35.5,35.09,35.211,867597.0,35.254,4412.0
2013-07-23 17:00:00+00:00,35.21,35.48,35.21,35.45,666266.0,35.3604,3841.0
2013-07-23 18:00:00+00:00,35.44,35.441,35.16,35.2,959102.0,35.2759,5038.0
2013-07-23 19:00:00+00:00,35.1999,35.37,35.15,35.32,1283958.0,35.2897,7192.0
2013-07-23 20:00:00+00:00,35.35,35.48,35.34,35.35,5240.0,35.3634,8.0
2013-07-23 22:00:00+00:00,35.35,35.35,35.35,35.35,100.0,35.35,1.0
2013-07-23 23:00:00+00:00,35.31,35.55,35.31,35.37,5867.0,35.4996,19.0
2013-07-24 12:00:00+00:00,35.5,35.75,35.5,35.6,6700.0,35.6572,25.0
2013-07-24 13:00:00+00:00,35.51,35.53,34.83,34.84,923754.0,35.0583,4218.0
2013-07-24 14:00:00+00:00,34.83,34.88,34.52,34.62,1537639.0,34.6757,7660.0
2013-07-24 15:00:00+00:00,34.62,34.7169,34.5,34.66,777531.0,34.6269,4242.0
2013-07-24 16:00:00+00:00,34.65,34.68,34.4,34.43,556630.0,34.5548,2898.0
2013-07-24 17:00:00+00:00,34.43,34.54,34.4,34.535,548216.0,34.4686,2952.0
2013-07-24 18:00:00+00:00,34.535,34.875,34.531,34.68,1058508.0,34.7135,5351.0
2013-07-24 19:00:00+00:00,34.67,34.68,34.51,34.6,1294056.0,34.5809,6847.0
2013-07-24 20:00:00+00:00,34.6,34.65,34.59,34.62,2833.0,34.6067,8.0
2013-07-24 21:00:00+00:00,34.62,34.64,34.52,34.52,495.0,34.5875,3.0
2013-07-24 22:00:00+00:00,34.55,34.55,34.55,34.55,100.0,34.55,1.0
2013-07-25 11:00:00+00:00,34.55,34.55,34.55,34.55,3200.0,34.55,11.0
2013-07-25 12:00:00+00:00,34.55,34.6,34.42,34.6,17021.0,34.595,7.0
2013-07-25 13:00:00+00:00,34.53,34.82,34.4,34.8099,541627.0,34.64,2807.0
2013-07-25 14:00:00+00:00,34.8068,35.68,34.79,35.46,1790021.0,35.2143,9598.0
2013-07-25 15:00:00+00:00,35.455,35.97,35.44,35.7568,1936361.0,35.8078,9941.0
2013-07-25 16:00:00+00:00,35.76,35.89,35.64,35.87,893128.0,35.8011,4897.0
2013-07-25 17:00:00+00:00,35.87,35.91,35.47,35.665,1390954.0,35.6853,7416.0
2013-07-25 18:00:00+00:00,35.6699,35.82,35.42,35.565,1567552.0,35.6099,7494.0
2013-07-25 19:00:00+00:00,35.57,35.82,35.565,35.67,1805761.0,35.6991,10958.0
2013-07-25 20:00:00+00:00,35.7259,35.7259,35.7259,35.7259,1900.0,35.4014,3.0
2013-07-25 23:00:00+00:00,35.64,35.8,35.64,35.8,200.0,35.72,2.0
2013-07-26 11:00:00+00:00,35.67,35.67,35.67,35.67,100.0,35.67,1.0
2013-07-26 12:00:00+00:00,35.54,35.55,35.5,35.5,4100.0,35.5366,10.0
2013-07-26 13:00:00+00:00,35.54,36.25,35.54,35.98,993994.0,36.0069,4748.0
2013-07-26 14:00:00+00:00,35.97,35.99,35.59,35.68,972822.0,35.7995,6003.0
2013-07-26 15:00:00+00:00,35.68,36.125,35.6,36.07,830664.0,35.9371,4668.0
2013-07-26 16:00:00+00:00,36.0637,36.25,36.06,36.14,708847.0,36.1479,4067.0
2013-07-26 17:00:00+00:00,36.14,36.33,36.05,36.11,834228.0,36.1895,4032.0
2013-07-26 18:00:00+00:00,36.11,36.12,35.97,36.035,500842.0,36.0462,2975.0
2013-07-26 19:00:00+00:00,36.05,36.08,35.97,36.05,939488.0,36.0298,5576.0
2013-07-26 20:00:00+00:00,36.04,36.04,36.04,36.04,5848.0,36.04,1.0
2013-07-29 12:00:00+00:00,36.0,36.0,36.0,36.0,150.0,36.0,1.0
2013-07-29 13:00:00+00:00,35.91,36.23,35.91,35.985,503264.0,36.0677,2615.0
2013-07-29 14:00:00+00:00,35.965,35.965,35.682,35.73,669470.0,35.8155,4301.0
2013-07-29 15:00:00+00:00,35.72,35.7954,35.56,35.7675,578809.0,35.6775,3520.0
2013-07-29 16:00:00+00:00,35.77,35.935,35.76,35.861,532743.0,35.8534,3200.0
2013-07-29 17:00:00+00:00,35.86,35.885,35.75,35.805,365538.0,35.8188,2504.0
2013-07-29 18:00:00+00:00,35.81,35.9499,35.761,35.895,515503.0,35.851,3033.0
2013-07-29 19:00:00+00:00,35.89,35.93,35.77,35.79,1079412.0,35.8446,6377.0
2013-07-29 20:00:00+00:00,35.857,35.857,35.72,35.8,14000.0,35.7899,17.0
2013-07-29 21:00:00+00:00,35.88,35.88,35.88,35.88,2200.0,35.88,12.0
2013-07-29 22:00:00+00:00,35.9,35.9,35.88,35.9,800.0,35.895,5.0
2013-07-29 23:00:00+00:00,35.87,35.87,35.81,35.81,500.0,35.834,3.0
2013-07-30 12:00:00+00:00,35.71,35.71,35.7,35.7,1150.0,35.7013,2.0
2013-07-30 13:00:00+00:00,35.81,36.01,35.332,35.4702,518811.0,35.5989,2517.0
2013-07-30 14:00:00+00:00,35.48,35.57,35.3532,35.36,945997.0,35.4676,5071.0
2013-07-30 15:00:00+00:00,35.36,35.77,35.25,35.72,1082228.0,35.5197,5459.0
2013-07-30 16:00:00+00:00,35.715,35.83,35.64,35.785,530671.0,35.7395,3429.0
2013-07-30 17:00:00+00:00,35.785,35.8,35.4501,35.69,589463.0,35.617,3718.0
2013-07-30 18:00:00+00:00,35.68,35.685,35.52,35.58,592373.0,35.6016,3918.0
2013-07-30 19:00:00+00:00,35.58,35.62,35.47,35.54,1392787.0,35.5525,8292.0
2013-07-30 20:00:00+00:00,35.509,35.55,35.4265,35.4265,4062.0,35.4718,4.0
2013-07-30 21:00:00+00:00,35.53,35.53,35.45,35.45,1000.0,35.522,5.0
2013-07-31 12:00:00+00:00,35.53,35.53,35.53,35.53,800.0,35.53,2.0
2013-07-31 13:00:00+00:00,35.47,35.63,35.2,35.5118,671796.0,35.4117,2980.0
2013-07-31 14:00:00+00:00,35.511,35.75,35.2,35.73,1421294.0,35.4718,7770.0
2013-07-31 15:00:00+00:00,35.73,35.734,35.26,35.43,891189.0,35.4407,5604.0
2013-07-31 16:00:00+00:00,35.4377,35.59,35.375,35.5475,574681.0,35.4772,3683.0
2013-07-31 17:00:00+00:00,35.54,35.85,35.46,35.71,918770.0,35.6194,5689.0
2013-07-31 18:00:00+00:00,35.71,36.13,35.63,36.08,998268.0,35.9146,6428.0
2013-07-31 19:00:00+00:00,36.09,36.095,35.71,35.77,1474867.0,35.863,8831.0
2013-07-31 20:00:00+00:00,35.77,35.77,35.77,35.77,22408.0,35.77,6.0
2013-07-31 22:00:00+00:00,35.95,35.95,35.95,35.95,500.0,35.95,1.0
2013-08-01 13:00:00+00:00,36.15,36.25,35.95,36.14,634778.0,36.1247,3226.0
2013-08-01 14:00:00+00:00,36.145,36.24,35.92,35.98,907424.0,36.0499,4897.0
2013-08-01 15:00:00+00:00,35.98,36.25,35.92,36.1554,527704.0,36.1103,3004.0
2013-08-01 16:00:00+00:00,36.155,36.23,36.08,36.215,471970.0,36.1631,2768.0
2013-08-01 17:00:00+00:00,36.21,36.37,36.16,36.35,627813.0,36.2611,3343.0
2013-08-01 18:00:00+00:00,36.35,36.52,36.19,36.205,914649.0,36.3668,5370.0
2013-08-01 19:00:00+00:00,36.2075,36.22,35.95,36.07,1267281.0,36.0792,7162.0
2013-08-01 20:00:00+00:00,36.06,36.12,36.06,36.12,30106.0,36.062,7.0
2013-08-01 23:00:00+00:00,36.1,36.1,36.1,36.1,200.0,36.1,1.0
2013-08-02 12:00:00+00:00,36.06,36.06,36.0,36.0,23600.0,36.0552,3.0
2013-08-02 13:00:00+00:00,35.93,35.93,35.15,35.38,1085784.0,35.3839,5711.0
2013-08-02 14:00:00+00:00,35.38,35.431,35.03,35.07,1318242.0,35.2503,7195.0
2013-08-02 15:00:00+00:00,35.07,35.31,34.99,35.219,961292.0,35.1256,4860.0
2013-08-02 16:00:00+00:00,35.215,35.25,35.01,35.0601,508172.0,35.116,3000.0
2013-08-02 17:00:00+00:00,35.0699,35.165,35.01,35.159,611540.0,35.0905,3286.0
2013-08-02 18:00:00+00:00,35.15,35.2,35.045,35.1,776574.0,35.1352,4058.0
2013-08-02 19:00:00+00:00,35.11,35.17,35.015,35.1,1600310.0,35.0947,8635.0
2013-08-02 20:00:00+00:00,35.09,36.0132,35.08,35.08,3532.0,35.2971,10.0
2013-08-02 22:00:00+00:00,35.0901,35.17,35.09,35.15,500.0,35.118,5.0
2013-08-02 23:00:00+00:00,35.14,35.14,35.1,35.1,1500.0,35.124,5.0
2013-08-05 12:00:00+00:00,35.05,35.05,35.05,35.05,100.0,35.05,1.0
2013-08-05 13:00:00+00:00,35.07,35.07,34.72,34.93,598879.0,34.8834,2679.0
2013-08-05 14:00:00+00:00,34.9299,34.95,34.7,34.878,935125.0,34.7927,5271.0
2013-08-05 15:00:00+00:00,34.87,34.97,34.82,34.8933,558458.0,34.8943,3088.0
2013-08-05 16:00:00+00:00,34.9,35.0,34.85,34.92,428489.0,34.9296,2387.0
2013-08-05 17:00:00+00:00,34.92,34.955,34.85,34.93,445148.0,34.9129,2631.0
2013-08-05 18:00:00+00:00,34.94,35.2,34.91,35.12,517329.0,35.08,2726.0
2013-08-05 19:00:00+00:00,35.115,35.2,35.08,35.14,768541.0,35.1429,4528.0
2013-08-05 21:00:00+00:00,35.22,35.22,35.22,35.22,100.0,35.22,1.0
2013-08-06 11:00:00+00:00,35.16,35.16,35.16,35.16,2900.0,35.16,2.0
2013-08-06 12:00:00+00:00,35.13,35.4,35.13,35.4,5000.0,35.3284,15.0
2013-08-06 13:00:00+00:00,35.26,36.38,35.21,35.89,3044090.0,35.8935,11134.0
2013-08-06 14:00:00+00:00,35.89,36.06,35.63,35.665,1654544.0,35.8399,8894.0
2013-08-06 15:00:00+00:00,35.66,36.3,35.56,36.09,2354095.0,36.0043,9697.0
2013-08-06 16:00:00+00:00,36.09,36.55,35.26,36.26,4282824.0,36.0315,19973.0
2013-08-06 17:00:00+00:00,36.26,36.7299,36.16,36.69,1934037.0,36.4751,8349.0
2013-08-06 18:00:00+00:00,36.69,36.84,36.445,36.45,2503757.0,36.6707,11287.0
2013-08-06 19:00:00+00:00,36.44,36.65,36.42,36.52,2477961.0,36.5469,11683.0
2013-08-06 20:00:00+00:00,36.6,36.6,36.51,36.6,29775.0,36.5162,18.0
2013-08-06 22:00:00+00:00,36.59,36.59,36.5,36.5,1370.0,36.5581,5.0
2013-08-06 23:00:00+00:00,36.4501,36.59,36.45,36.59,978.0,36.4765,4.0
2013-08-07 12:00:00+00:00,36.45,36.45,36.4,36.4,450.0,36.4222,2.0
2013-08-07 13:00:00+00:00,36.4,37.5,36.4,37.01,2652484.0,37.1478,13635.0
2013-08-07 14:00:00+00:00,37.01,37.06,36.45,36.78,1804414.0,36.6886,9853.0
2013-08-07 15:00:00+00:00,36.78,37.19,36.725,36.89,1547196.0,36.9633,8857.0
2013-08-07 16:00:00+00:00,36.89,36.96,36.68,36.77,1027106.0,36.8397,6587.0
2013-08-07 17:00:00+00:00,36.76,36.98,36.72,36.8772,844822.0,36.8596,5559.0
2013-08-07 18:00:00+00:00,36.88,36.89,36.58,36.63,913089.0,36.7233,5721.0
2013-08-07 19:00:00+00:00,36.63,36.67,36.53,36.55,1278615.0,36.6058,7750.0
2013-08-07 20:00:00+00:00,36.55,36.66,36.53,36.66,93904.0,36.8322,55.0
2013-08-07 21:00:00+00:00,36.6,36.6,36.6,36.6,242.0,36.6,2.0
2013-08-07 22:00:00+00:00,36.6,36.61,36.6,36.6,600.0,36.6033,5.0
2013-08-07 23:00:00+00:00,36.64,36.64,36.64,36.64,125.0,36.64,1.0
2013-08-08 13:00:00+00:00,36.71,36.88,36.45,36.55,847040.0,36.6296,5041.0
2013-08-08 14:00:00+00:00,36.55,36.64,36.26,36.5699,1402898.0,36.4481,8763.0
2013-08-08 15:00:00+00:00,36.56,36.8,36.55,36.79,774560.0,36.6947,4563.0
2013-08-08 16:00:00+00:00,36.8,37.13,36.79,37.1,931286.0,36.9933,4492.0
2013-08-08 17:00:00+00:00,37.1001,37.15,37.02,37.13,788941.0,37.0926,3857.0
2013-08-08 18:00:00+00:00,37.13,37.15,37.02,37.0449,1290901.0,37.0793,6842.0
2013-08-08 19:00:00+00:00,37.0401,37.08,36.92,37.03,1260836.0,37.0256,7354.0
2013-08-08 20:00:00+00:00,37.0,37.0,36.95,37.0,23275.0,36.864,38.0
2013-08-08 21:00:00+00:00,37.05,37.05,37.05,37.05,125.0,37.05,1.0
2013-08-08 23:00:00+00:00,37.06,37.06,37.04,37.04,284.0,37.0494,2.0
2013-08-09 12:00:00+00:00,37.03,37.03,37.0,37.0,500.0,37.018,3.0
2013-08-09 13:00:00+00:00,37.08,37.31,36.82,37.18,718292.0,37.1457,3700.0
2013-08-09 14:00:00+00:00,37.18,37.32,37.09,37.09,921241.0,37.2004,5650.0
2013-08-09 15:00:00+00:00,37.099,37.268,37.005,37.02,1090071.0,37.1156,6169.0
2013-08-09 16:00:00+00:00,37.02,37.13,37.0,37.04,728281.0,37.0542,3771.0
2013-08-09 17:00:00+00:00,37.05,37.15,37.02,37.07,532906.0,37.0912,2718.0
2013-08-09 18:00:00+00:00,37.07,37.25,37.0151,37.24,819078.0,37.1116,4828.0
2013-08-09 19:00:00+00:00,37.24,37.28,37.08,37.13,1384775.0,37.1277,7749.0
2013-08-09 20:00:00+00:00,37.19,37.2,37.1,37.1,8500.0,37.1614,10.0
2013-08-09 21:00:00+00:00,37.1,37.1,37.1,37.1,1000.0,37.1,8.0
2013-08-09 22:00:00+00:00,37.1,37.1,37.1,37.1,800.0,37.1,2.0
2013-08-09 23:00:00+00:00,37.1,37.1,37.1,37.1,100.0,37.1,1.0
2013-08-12 12:00:00+00:00,36.9,36.92,36.89,36.9,3170.0,36.9022,10.0
2013-08-12 13:00:00+00:00,36.73,37.07,36.6,36.71,495631.0,36.8543,2558.0
2013-08-12 14:00:00+00:00,36.71,36.935,36.6,36.6999,722778.0,36.7648,5338.0
2013-08-12 15:00:00+00:00,36.69,36.79,36.66,36.74,581189.0,36.7196,3904.0
2013-08-12 16:00:00+00:00,36.74,36.77,36.6,36.74,497726.0,36.6822,3306.0
2013-08-12 17:00:00+00:00,36.74,36.95,36.7,36.91,733943.0,36.8267,4095.0
2013-08-12 18:00:00+00:00,36.917,36.95,36.74,36.79,572877.0,36.8452,3764.0
2013-08-12 19:00:00+00:00,36.79,36.885,36.71,36.84,1197200.0,36.8233,6469.0
2013-08-12 20:00:00+00:00,36.85,36.85,36.83,36.83,9453.0,36.8479,5.0
2013-08-12 22:00:00+00:00,36.94,36.94,36.94,36.94,2000.0,36.94,2.0
2013-08-13 13:00:00+00:00,36.98,37.0,36.65,36.71,315448.0,36.8222,1565.0
2013-08-13 14:00:00+00:00,36.74,36.76,36.49,36.53,667894.0,36.5758,4163.0
2013-08-13 15:00:00+00:00,36.52,36.58,36.43,36.49,534131.0,36.5153,3093.0
2013-08-13 16:00:00+00:00,36.4851,36.7,36.44,36.7,435694.0,36.5839,2629.0
2013-08-13 17:00:00+00:00,36.7,36.95,36.68,36.94,530315.0,36.8196,3260.0
2013-08-13 18:00:00+00:00,36.94,36.95,36.78,36.845,531902.0,36.8684,3342.0
2013-08-13 19:00:00+00:00,36.84,36.94,36.8,36.85,775454.0,36.8706,4132.0
2013-08-13 20:00:00+00:00,36.86,36.86,36.86,36.86,5950.0,36.86,1.0
2013-08-13 21:00:00+00:00,36.78,36.78,36.78,36.78,1000.0,36.78,1.0
2013-08-13 22:00:00+00:00,36.89,36.97,36.88,36.97,2991.0,36.895,4.0
2013-08-14 13:00:00+00:00,36.83,36.83,36.57,36.59,391155.0,36.7105,2142.0
2013-08-14 14:00:00+00:00,36.59,36.65,36.48,36.6,737594.0,36.5603,4199.0
2013-08-14 15:00:00+00:00,36.595,36.79,36.505,36.77,423043.0,36.6207,2901.0
2013-08-14 16:00:00+00:00,36.7522,36.9,36.74,36.775,378359.0,36.8188,1873.0
2013-08-14 17:00:00+00:00,36.7798,37.05,36.74,36.895,514821.0,36.9211,3156.0
2013-08-14 18:00:00+00:00,36.88,36.94,36.755,36.85,348040.0,36.8424,2072.0
2013-08-14 19:00:00+00:00,36.83,36.95,36.715,36.73,824057.0,36.8023,5185.0
2013-08-14 20:00:00+00:00,36.74,36.9053,36.74,36.9053,24598.0,36.7561,3.0
2013-08-15 12:00:00+00:00,36.47,36.5,36.35,36.35,4470.0,36.43,9.0
2013-08-15 13:00:00+00:00,36.35,36.64,36.27,36.27,401073.0,36.4731,2033.0
2013-08-15 14:00:00+00:00,36.27,36.37,36.04,36.14,665933.0,36.1924,4004.0
2013-08-15 15:00:00+00:00,36.14,36.41,36.13,36.36,688321.0,36.291,3719.0
2013-08-15 16:00:00+00:00,36.36,36.4,36.15,36.19,555215.0,36.2741,3081.0
2013-08-15 17:00:00+00:00,36.2,36.23,36.03,36.1076,469781.0,36.0936,3018.0
2013-08-15 18:00:00+00:00,36.11,36.3,36.02,36.23,687239.0,36.1697,4590.0
2013-08-15 19:00:00+00:00,36.24,36.26,35.92,35.94,1737256.0,36.0326,9623.0
2013-08-15 20:00:00+00:00,35.91,35.93,35.91,35.93,3200.0,35.9294,31.0
2013-08-15 21:00:00+00:00,35.91,36.0,35.91,36.0,1148.0,35.9178,5.0
2013-08-16 08:00:00+00:00,36.1,36.1,36.1,36.1,100.0,36.1,1.0
2013-08-16 11:00:00+00:00,36.1,36.1,36.1,36.1,400.0,36.1,1.0
2013-08-16 13:00:00+00:00,36.06,36.1,35.36,35.76,1087287.0,35.6295,5233.0
2013-08-16 14:00:00+00:00,35.77,35.78,35.27,35.54,1278163.0,35.4762,6644.0
2013-08-16 15:00:00+00:00,35.54,35.68,35.53,35.54,428332.0,35.6043,2704.0
2013-08-16 16:00:00+00:00,35.54,35.615,35.5,35.54,399200.0,35.5632,2597.0
2013-08-16 17:00:00+00:00,35.55,35.575,35.37,35.4,326985.0,35.4588,2295.0
2013-08-16 18:00:00+00:00,35.4,35.43,35.21,35.35,495583.0,35.2999,3104.0
2013-08-16 19:00:00+00:00,35.35,35.56,35.3301,35.42,1144237.0,35.471,6479.0
2013-08-16 20:00:00+00:00,35.38,35.45,35.38,35.45,7326.0,35.4133,5.0
2013-08-16 21:00:00+00:00,35.45,35.45,35.45,35.45,125.0,35.45,1.0
2013-08-16 22:00:00+00:00,35.45,35.45,35.45,35.45,1200.0,35.45,5.0
2013-08-16 23:00:00+00:00,35.45,35.45,35.45,35.45,1000.0,35.45,3.0
2013-08-19 11:00:00+00:00,35.4,35.4,35.4,35.4,200.0,35.4,1.0
2013-08-19 12:00:00+00:00,35.39,35.39,35.39,35.39,200.0,35.39,1.0
2013-08-19 13:00:00+00:00,35.21,35.39,34.86,35.05,1109316.0,35.1885,4952.0
2013-08-19 14:00:00+00:00,35.05,35.07,34.85,34.92,1244622.0,34.9601,7660.0
2013-08-19 15:00:00+00:00,34.91,34.965,34.75,34.76,606994.0,34.8663,4221.0
2013-08-19 16:00:00+00:00,34.76,34.78,34.55,34.6,580493.0,34.6342,3442.0
2013-08-19 17:00:00+00:00,34.6,34.62,34.3419,34.45,778935.0,34.4639,4477.0
2013-08-19 18:00:00+00:00,34.455,34.5599,34.36,34.5,948663.0,34.4533,4201.0
2013-08-19 19:00:00+00:00,34.51,34.605,34.37,34.46,1550062.0,34.4852,9378.0
2013-08-19 20:00:00+00:00,34.47,34.5,34.47,34.5,3767.0,34.4992,2.0
2013-08-19 23:00:00+00:00,34.47,34.47,34.47,34.47,20130.0,34.47,1.0
2013-08-20 12:00:00+00:00,34.76,34.86,34.55,34.56,3800.0,34.6039,8.0
2013-08-20 13:00:00+00:00,34.65,34.65,34.11,34.31,517041.0,34.2694,2522.0
2013-08-20 14:00:00+00:00,34.3,34.73,34.3,34.595,857162.0,34.5701,5393.0
2013-08-20 15:00:00+00:00,34.5931,34.81,34.51,34.7,575122.0,34.6708,3923.0
2013-08-20 16:00:00+00:00,34.7,34.92,34.6704,34.77,514378.0,34.7983,3343.0
2013-08-20 17:00:00+00:00,34.77,34.87,34.67,34.78,461695.0,34.7427,3057.0
2013-08-20 18:00:00+00:00,34.78,35.36,34.765,35.33,1326003.0,35.1107,7163.0
2013-08-20 19:00:00+00:00,35.34,35.58,35.24,35.248,1863427.0,35.406,11399.0
2013-08-20 20:00:00+00:00,35.24,35.24,35.24,35.24,3936.0,35.24,2.0
2013-08-20 22:00:00+00:00,35.29,35.29,35.29,35.29,220.0,35.29,1.0
2013-08-21 10:00:00+00:00,35.23,35.23,35.23,35.23,110.0,35.23,1.0
2013-08-21 12:00:00+00:00,35.21,35.21,35.21,35.21,300.0,35.21,1.0
2013-08-21 13:00:00+00:00,35.24,35.5,34.92,35.31,530889.0,35.2627,2899.0
2013-08-21 14:00:00+00:00,35.32,35.51,35.13,35.32,605249.0,35.3109,4423.0
2013-08-21 15:00:00+00:00,35.31,35.35,35.05,35.12,444569.0,35.2156,3192.0
2013-08-21 16:00:00+00:00,35.12,35.32,35.07,35.32,506245.0,35.1881,2931.0
2013-08-21 17:00:00+00:00,35.295,35.59,35.295,35.5,765346.0,35.4655,4613.0
2013-08-21 18:00:00+00:00,35.49,35.735,35.18,35.62,1155696.0,35.4484,7570.0
2013-08-21 19:00:00+00:00,35.63,35.7655,35.37,35.39,1416660.0,35.5899,8938.0
2013-08-21 20:00:00+00:00,35.4,35.4,35.4,35.4,12400.0,35.249,2.0
2013-08-21 21:00:00+00:00,35.35,35.35,35.35,35.35,1000.0,35.35,2.0
2013-08-21 23:00:00+00:00,35.23,35.23,35.18,35.18,1700.0,35.1947,5.0
2013-08-22 12:00:00+00:00,35.5,35.7,35.5,35.7,900.0,35.5822,3.0
2013-08-22 13:00:00+00:00,35.58,35.8577,35.5,35.56,425159.0,35.6745,2261.0
2013-08-22 14:00:00+00:00,35.57,35.85,35.475,35.61,628861.0,35.6801,4086.0
2013-08-22 15:00:00+00:00,35.61,35.65,35.35,35.4,385533.0,35.4699,2490.0
2013-08-22 16:00:00+00:00,35.4054,35.58,35.36,35.443,327647.0,35.4572,1912.0
2013-08-22 17:00:00+00:00,35.45,35.78,35.445,35.7,184947.0,35.6452,1060.0
2013-08-22 18:00:00+00:00,35.69,35.84,35.59,35.76,305922.0,35.6929,1310.0
2013-08-22 19:00:00+00:00,35.76,36.21,35.75,35.99,1043073.0,36.0298,6290.0
2013-08-22 20:00:00+00:00,35.97,35.98,35.96,35.98,1892.0,35.9774,3.0
2013-08-22 21:00:00+00:00,36.0,36.19,36.0,36.03,1000.0,36.091,3.0
2013-08-22 22:00:00+00:00,36.05,36.05,36.05,36.05,250.0,36.05,1.0
2013-08-22 23:00:00+00:00,35.98,35.98,35.98,35.98,300.0,35.98,2.0
2013-08-23 12:00:00+00:00,35.98,36.01,35.98,36.01,337.0,35.9978,2.0
2013-08-23 13:00:00+00:00,36.05,36.47,36.05,36.34,677924.0,36.3056,3871.0
2013-08-23 14:00:00+00:00,36.345,36.785,36.2601,36.74,1054205.0,36.6039,6576.0
2013-08-23 15:00:00+00:00,36.74,36.77,36.53,36.55,466045.0,36.6516,2940.0
2013-08-23 16:00:00+00:00,36.55,36.59,36.39,36.52,527106.0,36.4825,3039.0
2013-08-23 17:00:00+00:00,36.51,36.55,36.405,36.55,293624.0,36.48,1589.0
2013-08-23 18:00:00+00:00,36.54,36.6,36.47,36.59,340674.0,36.5186,2108.0
2013-08-23 19:00:00+00:00,36.58,36.61,36.36,36.41,1067249.0,36.442,6229.0
2013-08-23 20:00:00+00:00,36.4,36.4433,35.98,36.4433,3876.0,36.3383,4.0
2013-08-23 21:00:00+00:00,36.34,36.4,36.34,36.4,1172.0,36.3744,4.0
2013-08-23 23:00:00+00:00,36.46,36.46,36.46,36.46,300.0,36.46,1.0
2013-08-26 12:00:00+00:00,36.4,36.4,36.4,36.4,100.0,36.4,1.0
2013-08-26 13:00:00+00:00,36.48,36.58,36.18,36.26,371715.0,36.3923,2216.0
2013-08-26 14:00:00+00:00,36.25,36.29,36.0,36.19,748492.0,36.1384,4477.0
2013-08-26 15:00:00+00:00,36.18,36.44,36.125,36.43,664015.0,36.2917,3749.0
2013-08-26 16:00:00+00:00,36.44,36.535,36.39,36.47,299935.0,36.4707,2117.0
2013-08-26 17:00:00+00:00,36.471,36.52,36.34,36.35,250651.0,36.4689,1610.0
2013-08-26 18:00:00+00:00,36.35,36.42,36.22,36.27,371078.0,36.3457,2524.0
2013-08-26 19:00:00+00:00,36.28,36.28,35.985,36.03,996458.0,36.095,6378.0
2013-08-26 20:00:00+00:00,36.02,36.02,36.0,36.02,4796.0,36.0173,12.0
2013-08-26 21:00:00+00:00,36.14,36.14,36.14,36.14,300.0,36.14,1.0
2013-08-26 22:00:00+00:00,36.14,36.15,36.1,36.1,3000.0,36.1427,5.0
2013-08-26 23:00:00+00:00,36.1,36.27,36.02,36.27,1200.0,36.115,9.0
2013-08-27 12:00:00+00:00,35.91,36.02,35.6,35.65,3550.0,35.8273,21.0
2013-08-27 13:00:00+00:00,35.65,35.73,35.35,35.42,689186.0,35.5167,4210.0
2013-08-27 14:00:00+00:00,35.4,35.65,35.23,35.52,920799.0,35.3407,5714.0
2013-08-27 15:00:00+00:00,35.52,35.74,35.385,35.56,660164.0,35.5817,4509.0
2013-08-27 16:00:00+00:00,35.56,35.63,35.44,35.525,485363.0,35.5519,3292.0
2013-08-27 17:00:00+00:00,35.525,35.59,35.34,35.4,496334.0,35.4768,3342.0
2013-08-27 18:00:00+00:00,35.4099,35.45,35.29,35.35,522448.0,35.3675,3625.0
2013-08-27 19:00:00+00:00,35.355,35.4301,35.23,35.27,1356234.0,35.2932,8142.0
2013-08-27 20:00:00+00:00,35.26,35.28,35.26,35.28,5168.0,35.2605,3.0
2013-08-27 21:00:00+00:00,35.32,35.32,35.32,35.32,100.0,35.32,1.0
2013-08-27 23:00:00+00:00,35.31,35.31,35.29,35.29,700.0,35.3043,3.0
2013-08-28 11:00:00+00:00,35.25,35.25,35.25,35.25,100.0,35.25,1.0
2013-08-28 13:00:00+00:00,35.32,35.55,35.22,35.26,494074.0,35.4187,2775.0
2013-08-28 14:00:00+00:00,35.26,35.61,35.24,35.52,579823.0,35.4666,3747.0
2013-08-28 15:00:00+00:00,35.53,35.55,35.4,35.545,373938.0,35.4689,2602.0
2013-08-28 16:00:00+00:00,35.55,35.67,35.55,35.58,395517.0,35.6118,2236.0
2013-08-28 17:00:00+00:00,35.59,35.84,35.57,35.84,449183.0,35.6894,2475.0
2013-08-28 18:00:00+00:00,35.83,35.87,35.66,35.755,700510.0,35.762,3972.0
2013-08-28 19:00:00+00:00,35.75,35.86,35.74,35.77,993654.0,35.8102,6588.0
2013-08-28 20:00:00+00:00,35.77,35.77,35.77,35.77,553.0,35.77,1.0
2013-08-28 23:00:00+00:00,35.7,35.7,35.7,35.7,100.0,35.7,1.0
2013-08-29 13:00:00+00:00,35.83,35.98,35.4,35.9,751624.0,35.7028,4461.0
2013-08-29 14:00:00+00:00,35.88,36.14,35.71,36.07,506666.0,35.8988,3171.0
2013-08-29 15:00:00+00:00,36.08,36.17,35.95,36.035,380744.0,36.0682,2453.0
2013-08-29 16:00:00+00:00,36.03,36.06,35.93,35.99,215652.0,36.0063,1625.0
2013-08-29 17:00:00+00:00,35.99,36.08,35.78,35.83,385639.0,35.9219,2674.0
2013-08-29 18:00:00+00:00,35.83,36.0,35.8,35.91,439068.0,35.9059,2891.0
2013-08-29 19:00:00+00:00,35.92,35.94,35.77,35.81,717973.0,35.8435,4908.0
2013-08-29 20:00:00+00:00,35.64,35.64,35.63,35.63,700.0,35.6329,2.0
2013-08-30 13:00:00+00:00,35.98,36.14,35.9001,36.11,471210.0,36.0217,2341.0
2013-08-30 14:00:00+00:00,36.11,36.12,35.75,35.9,483082.0,35.9603,3172.0
2013-08-30 15:00:00+00:00,35.89,36.0,35.61,35.66,555030.0,35.8764,3308.0
2013-08-30 16:00:00+00:00,35.65,35.725,35.54,35.61,228878.0,35.624,1608.0
2013-08-30 17:00:00+00:00,35.6,35.69,35.49,35.5675,341555.0,35.6008,2136.0
2013-08-30 18:00:00+00:00,35.57,35.615,35.5,35.55,352671.0,35.565,2335.0
2013-08-30 19:00:00+00:00,35.56,35.6,35.4,35.53,986992.0,35.494,6207.0
2013-08-30 20:00:00+00:00,35.53,35.61,35.53,35.54,25037.0,35.5332,31.0
2013-08-30 21:00:00+00:00,35.54,35.54,35.54,35.54,300.0,35.54,1.0
2013-09-03 11:00:00+00:00,36.0,36.0,36.0,36.0,100.0,36.0,1.0
2013-09-03 12:00:00+00:00,36.01,36.01,36.01,36.01,5850.0,36.01,5.0
2013-09-03 13:00:00+00:00,36.25,36.83,35.53,36.62,1128834.0,36.5888,5026.0
2013-09-03 14:00:00+00:00,36.58,36.66,36.06,36.16,838993.0,36.3571,5317.0
2013-09-03 15:00:00+00:00,36.14,36.345,36.115,36.22,798227.0,36.2215,4945.0
2013-09-03 16:00:00+00:00,36.215,36.5,36.19,36.28,754575.0,36.3418,4166.0
2013-09-03 17:00:00+00:00,36.27,36.31,36.165,36.27,445689.0,36.2477,2739.0
2013-09-03 18:00:00+00:00,36.28,36.3,36.06,36.21,616884.0,36.2252,4099.0
2013-09-03 19:00:00+00:00,36.22,36.355,36.16,36.31,1232175.0,36.2837,7764.0
2013-09-03 20:00:00+00:00,36.3,36.3,36.3,36.3,2573.0,36.3,3.0
2013-09-03 22:00:00+00:00,36.3,36.3,36.3,36.3,242.0,36.3,2.0
2013-09-04 12:00:00+00:00,36.3,36.3,36.3,36.3,1201.0,36.3,1.0
2013-09-04 13:00:00+00:00,36.22,36.68,36.15,36.61,471634.0,36.4029,2615.0
2013-09-04 14:00:00+00:00,36.6,36.83,36.48,36.58,928446.0,36.6278,4968.0
2013-09-04 15:00:00+00:00,36.58,36.63,36.4,36.5101,443427.0,36.5131,2797.0
2013-09-04 16:00:00+00:00,36.52,36.66,36.52,36.59,362309.0,36.5862,2266.0
2013-09-04 17:00:00+00:00,36.59,36.82,36.58,36.81,643317.0,36.6927,3595.0
2013-09-04 18:00:00+00:00,36.81,36.94,36.78,36.89,847314.0,36.8699,4562.0
2013-09-04 19:00:00+00:00,36.899,36.94,36.79,36.87,1503512.0,36.8576,8556.0
2013-09-04 20:00:00+00:00,36.88,36.9,36.88,36.9,1004.0,36.89,3.0
2013-09-04 21:00:00+00:00,36.92,36.92,36.92,36.92,100.0,36.92,1.0
2013-09-05 13:00:00+00:00,36.83,37.04,36.71,36.885,737096.0,36.8824,3608.0
2013-09-05 14:00:00+00:00,36.888,36.945,36.555,36.92,1072704.0,36.7358,6156.0
2013-09-05 15:00:00+00:00,36.92,37.28,36.9,37.13,1300012.0,37.1453,5449.0
2013-09-05 16:00:00+00:00,37.12,37.14,36.87,37.04,653389.0,37.0193,4049.0
2013-09-05 17:00:00+00:00,37.04,37.17,36.87,37.065,590140.0,37.0315,3120.0
2013-09-05 18:00:00+00:00,37.04,37.115,37.0,37.025,882242.0,37.0557,4748.0
2013-09-05 19:00:00+00:00,37.02,37.025,36.75,36.76,1110613.0,36.8311,6393.0
2013-09-05 20:00:00+00:00,36.75,36.8,36.75,36.8,12218.0,36.7533,3.0
2013-09-06 12:00:00+00:00,37.05,37.05,37.05,37.05,200.0,37.05,2.0
2013-09-06 13:00:00+00:00,37.09,37.09,36.36,36.43,1385287.0,36.5557,6593.0
2013-09-06 14:00:00+00:00,36.42,36.79,36.14,36.65,1702085.0,36.4668,7757.0
2013-09-06 15:00:00+00:00,36.65,36.879,36.605,36.81,560361.0,36.7786,3651.0
2013-09-06 16:00:00+00:00,36.815,36.86,36.62,36.75,328884.0,36.7751,1936.0
2013-09-06 17:00:00+00:00,36.76,36.805,36.695,36.745,294541.0,36.7476,2067.0
2013-09-06 18:00:00+00:00,36.7403,37.06,36.7403,36.7876,1044647.0,36.9407,5372.0
2013-09-06 19:00:00+00:00,36.785,36.85,36.71,36.75,1560335.0,36.7588,9048.0
2013-09-06 20:00:00+00:00,36.7,36.75,36.66,36.75,1600.0,36.675,11.0
2013-09-09 13:00:00+00:00,36.89,37.04,36.57,36.8,826196.0,36.8038,4081.0
2013-09-09 14:00:00+00:00,36.8,37.0475,36.74,37.02,911751.0,36.9091,6001.0
2013-09-09 15:00:00+00:00,37.03,37.18,36.87,36.88,807418.0,37.0362,5099.0
2013-09-09 16:00:00+00:00,36.8701,37.14,36.8701,37.09,554134.0,37.0205,3039.0
2013-09-09 17:00:00+00:00,37.0854,37.15,36.92,37.075,559757.0,37.0693,3688.0
2013-09-09 18:00:00+00:00,37.08,37.11,36.68,36.715,821781.0,36.8868,4661.0
2013-09-09 19:00:00+00:00,36.71,36.75,36.55,36.58,1391910.0,36.6222,7789.0
2013-09-09 20:00:00+00:00,36.59,36.59,36.59,36.59,545.0,36.59,1.0
2013-09-10 09:00:00+00:00,36.58,36.58,36.57,36.57,500.0,36.576,3.0
2013-09-10 13:00:00+00:00,36.81,36.84,35.97,36.22,940384.0,36.2334,4946.0
2013-09-10 14:00:00+00:00,36.23,36.39,36.185,36.275,645224.0,36.2729,4198.0
2013-09-10 15:00:00+00:00,36.28,36.35,36.18,36.2,661129.0,36.2451,3417.0
2013-09-10 16:00:00+00:00,36.21,36.27,36.08,36.1175,672209.0,36.1714,3493.0
2013-09-10 17:00:00+00:00,36.12,36.21,36.08,36.19,483837.0,36.1494,2746.0
2013-09-10 18:00:00+00:00,36.18,36.2,36.03,36.17,708550.0,36.106,4266.0
2013-09-10 19:00:00+00:00,36.16,36.18,36.03,36.16,1272854.0,36.1092,7157.0
2013-09-10 20:00:00+00:00,36.15,36.15,36.15,36.15,374.0,36.15,2.0
2013-09-10 23:00:00+00:00,36.11,36.11,36.11,36.11,225.0,36.11,1.0
2013-09-11 13:00:00+00:00,36.25,36.26,35.54,35.75,777740.0,35.7988,3755.0
2013-09-11 14:00:00+00:00,35.73,35.84,35.54,35.661,754561.0,35.6706,4447.0
2013-09-11 15:00:00+00:00,35.67,35.85,35.605,35.83,615335.0,35.7296,3885.0
2013-09-11 16:00:00+00:00,35.837,35.85,35.7,35.79,455461.0,35.7713,3333.0
2013-09-11 17:00:00+00:00,35.78,35.88,35.68,35.8154,484469.0,35.7657,3095.0
2013-09-11 18:00:00+00:00,35.81,35.91,35.8,35.87,394301.0,35.8533,2585.0
2013-09-11 19:00:00+00:00,35.86,36.08,35.77,36.07,1258875.0,35.9467,6755.0
2013-09-11 20:00:00+00:00,36.07,36.07,36.0,36.02,8985.0,35.942,14.0
2013-09-11 21:00:00+00:00,36.0,36.01,36.0,36.01,500.0,36.008,4.0
2013-09-11 22:00:00+00:00,36.09,36.09,36.09,36.09,200.0,36.09,1.0
2013-09-11 23:00:00+00:00,36.09,36.1,36.09,36.1,300.0,36.0933,2.0
2013-09-12 13:00:00+00:00,35.86,35.87,35.13,35.13,1598912.0,35.3369,7115.0
2013-09-12 14:00:00+00:00,35.13,35.37,34.96,35.1299,2001831.0,35.1201,7557.0
2013-09-12 15:00:00+00:00,35.12,35.3,34.9189,34.9899,1277183.0,35.0906,5664.0
2013-09-12 16:00:00+00:00,34.98,35.29,34.89,34.91,715930.0,34.9462,3540.0
2013-09-12 17:00:00+00:00,34.91,35.01,34.68,34.7,946475.0,34.8506,4509.0
2013-09-12 18:00:00+00:00,34.71,34.93,34.67,34.93,1197246.0,34.7898,5350.0
2013-09-12 19:00:00+00:00,34.9301,34.94,34.69,34.7,1953546.0,34.7322,9400.0
2013-09-12 20:00:00+00:00,34.78,34.78,34.76,34.76,200.0,34.77,2.0
2013-09-12 21:00:00+00:00,34.76,34.76,34.76,34.76,200.0,34.76,1.0
2013-09-12 23:00:00+00:00,34.77,34.77,34.77,34.77,100.0,34.77,1.0
2013-09-13 13:00:00+00:00,34.7,35.0199,34.7,35.0,876630.0,34.9109,3761.0
2013-09-13 14:00:00+00:00,35.005,35.3701,34.94,35.2299,1851309.0,35.1802,7469.0
2013-09-13 15:00:00+00:00,35.23,35.25,35.06,35.1,1624877.0,35.1498,4384.0
2013-09-13 16:00:00+00:00,35.1,35.31,35.04,35.255,1661110.0,35.213,5376.0
2013-09-13 17:00:00+00:00,35.25,35.26,35.11,35.154,738633.0,35.2108,2573.0
2013-09-13 18:00:00+00:00,35.16,35.2,35.06,35.115,418017.0,35.13,2515.0
2013-09-13 19:00:00+00:00,35.12,35.19,35.01,35.04,1311044.0,35.0961,6648.0
2013-09-13 20:00:00+00:00,35.0,35.05,35.0,35.05,4854.0,35.0439,6.0
2013-09-13 23:00:00+00:00,35.12,35.12,35.12,35.12,100.0,35.12,1.0
2013-09-16 12:00:00+00:00,35.7,35.7,35.37,35.37,3485.0,35.5183,16.0
2013-09-16 13:00:00+00:00,35.43,35.52,35.03,35.07,597967.0,35.2643,2480.0
2013-09-16 14:00:00+00:00,35.0799,35.15,34.95,34.99,920506.0,35.0439,4107.0
2013-09-16 15:00:00+00:00,34.99,35.11,34.94,35.06,1166657.0,35.0156,4568.0
2013-09-16 16:00:00+00:00,35.06,35.14,34.85,34.87,505404.0,34.9941,2507.0
2013-09-16 17:00:00+00:00,34.87,34.96,34.72,34.83,805500.0,34.8436,3926.0
2013-09-16 18:00:00+00:00,34.83,34.83,34.67,34.72,575164.0,34.7179,3199.0
2013-09-16 19:00:00+00:00,34.71,34.777,34.52,34.55,1696394.0,34.639,8000.0
2013-09-16 20:00:00+00:00,34.54,34.56,34.48,34.48,9308.0,34.5421,13.0
2013-09-16 21:00:00+00:00,34.51,34.52,34.51,34.52,350.0,34.5143,2.0
2013-09-17 12:00:00+00:00,34.4799,34.56,34.4799,34.56,951.0,34.5011,5.0
2013-09-17 13:00:00+00:00,34.68,34.81,34.445,34.5,516078.0,34.6533,2196.0
2013-09-17 14:00:00+00:00,34.49,34.63,34.4,34.5696,754561.0,34.5116,4229.0
2013-09-17 15:00:00+00:00,34.57,34.61,34.51,34.548,475558.0,34.5648,2525.0
2013-09-17 16:00:00+00:00,34.55,34.56,34.5,34.55,305670.0,34.5306,1876.0
2013-09-17 17:00:00+00:00,34.55,34.56,34.44,34.44,413937.0,34.4927,2423.0
2013-09-17 18:00:00+00:00,34.45,34.53,34.3601,34.5,712289.0,34.456,3897.0
2013-09-17 19:00:00+00:00,34.5,34.6,34.48,34.6,960048.0,34.553,5400.0
2013-09-17 20:00:00+00:00,34.6,34.6,34.6,34.6,77429.0,34.5479,4.0
2013-09-18 13:00:00+00:00,34.71,34.71,34.3937,34.5,381960.0,34.5625,1978.0
2013-09-18 14:00:00+00:00,34.5193,34.63,34.44,34.49,570724.0,34.5176,3392.0
2013-09-18 15:00:00+00:00,34.495,34.62,34.4,34.54,479283.0,34.4978,2908.0
2013-09-18 16:00:00+00:00,34.535,34.578,34.45,34.46,337442.0,34.5097,2044.0
2013-09-18 17:00:00+00:00,34.4675,34.82,34.45,34.78,665129.0,34.677,3120.0
2013-09-18 18:00:00+00:00,34.79,35.16,34.79,35.15,1147009.0,35.0153,6401.0
2013-09-18 19:00:00+00:00,35.15,35.1616,34.97,35.09,1014801.0,35.0563,6341.0
2013-09-18 20:00:00+00:00,35.09,35.1,34.7562,34.98,32871.0,35.0639,8.0
2013-09-18 21:00:00+00:00,35.05,35.05,35.05,35.05,200.0,35.05,1.0
2013-09-18 23:00:00+00:00,35.09,35.09,35.09,35.09,1100.0,35.09,2.0
2013-09-19 12:00:00+00:00,35.2,35.28,35.2,35.26,2200.0,35.2382,7.0
2013-09-19 13:00:00+00:00,35.28,35.49,35.16,35.23,624486.0,35.323,3055.0
2013-09-19 14:00:00+00:00,35.22,35.27,34.91,35.16,909382.0,35.0499,5090.0
2013-09-19 15:00:00+00:00,35.15,35.19,35.01,35.025,645023.0,35.1285,3935.0
2013-09-19 16:00:00+00:00,35.02,35.14,34.99,35.065,631304.0,35.0658,3888.0
2013-09-19 17:00:00+00:00,35.07,35.1,34.8,34.81,630794.0,34.9218,3024.0
2013-09-19 18:00:00+00:00,34.815,34.83,34.67,34.68,577112.0,34.7452,3601.0
2013-09-19 19:00:00+00:00,34.69,34.83,34.66,34.74,918468.0,34.7505,5896.0
2013-09-19 20:00:00+00:00,34.73,35.45,34.73,35.2,43361.0,35.0964,224.0
2013-09-19 21:00:00+00:00,35.16,35.16,35.11,35.11,400.0,35.1351,4.0
2013-09-19 22:00:00+00:00,35.11,35.11,35.1,35.1,2100.0,35.1019,11.0
2013-09-19 23:00:00+00:00,35.1,35.1,35.1,35.1,3400.0,35.1,12.0
2013-09-20 12:00:00+00:00,35.1,35.23,35.1,35.2,8000.0,35.1776,20.0
2013-09-20 13:00:00+00:00,35.22,35.57,35.02,35.215,1607153.0,35.1981,4666.0
2013-09-20 14:00:00+00:00,35.22,35.255,34.755,34.85,1348865.0,34.9544,6988.0
2013-09-20 15:00:00+00:00,34.84,34.86,34.55,34.55,872409.0,34.6843,4280.0
2013-09-20 16:00:00+00:00,34.55,34.75,34.45,34.73,792843.0,34.5684,4403.0
2013-09-20 17:00:00+00:00,34.72,34.74,34.525,34.54,484656.0,34.599,2691.0
2013-09-20 18:00:00+00:00,34.54,34.64,34.5,34.58,739348.0,34.5623,4464.0
2013-09-20 19:00:00+00:00,34.57,34.57,34.43,34.45,2035378.0,34.4859,10629.0
2013-09-20 20:00:00+00:00,34.44,34.45,34.44,34.44,5632.0,34.4405,8.0
2013-09-20 22:00:00+00:00,34.61,34.61,34.47,34.47,220.0,34.5336,2.0
2013-09-23 09:00:00+00:00,34.3,34.3,34.3,34.3,600.0,34.3,6.0
2013-09-23 11:00:00+00:00,34.21,34.21,34.08,34.08,2810.0,34.1202,15.0
2013-09-23 12:00:00+00:00,34.19,34.25,34.1,34.25,8320.0,34.2046,14.0
2013-09-23 13:00:00+00:00,34.23,34.4,33.8,33.8,932677.0,34.0964,3648.0
2013-09-23 14:00:00+00:00,33.81,34.13,33.8,34.09,802876.0,34.0036,4944.0
2013-09-23 15:00:00+00:00,34.09,34.2,33.99,34.0201,657534.0,34.0854,3370.0
2013-09-23 16:00:00+00:00,34.0201,34.13,33.93,34.023,381662.0,34.012,2410.0
2013-09-23 17:00:00+00:00,34.02,34.15,33.9,34.148,452433.0,33.9993,2495.0
2013-09-23 18:00:00+00:00,34.15,34.17,34.02,34.1236,586311.0,34.0984,3089.0
2013-09-23 19:00:00+00:00,34.1233,34.1365,34.04,34.1,915193.0,34.0856,5329.0
2013-09-23 20:00:00+00:00,34.11,34.44,34.05,34.05,7988.0,34.1749,6.0
2013-09-23 22:00:00+00:00,34.1,34.1,34.1,34.1,1500.0,34.1,1.0
2013-09-24 11:00:00+00:00,34.08,34.11,34.08,34.11,400.0,34.095,3.0
2013-09-24 12:00:00+00:00,34.05,34.2,34.05,34.2,1421.0,34.1419,5.0
2013-09-24 13:00:00+00:00,34.32,34.35,33.93,33.94,384932.0,34.0959,1751.0
2013-09-24 14:00:00+00:00,33.94,34.45,33.89,34.43,885592.0,34.1286,4781.0
2013-09-24 15:00:00+00:00,34.43,34.74,34.36,34.67,962763.0,34.5604,5120.0
2013-09-24 16:00:00+00:00,34.67,34.68,34.265,34.35,614018.0,34.4787,3895.0
2013-09-24 17:00:00+00:00,34.36,34.48,34.32,34.4265,356065.0,34.4044,1772.0
2013-09-24 18:00:00+00:00,34.4269,34.5,34.36,34.38,525417.0,34.4252,3143.0
2013-09-24 19:00:00+00:00,34.38,34.45,34.23,34.32,1148328.0,34.3142,6764.0
2013-09-24 20:00:00+00:00,34.31,34.31,34.31,34.31,29968.0,34.3097,2.0
2013-09-24 23:00:00+00:00,34.31,34.31,34.31,34.31,119.0,34.31,1.0
2013-09-25 12:00:00+00:00,34.35,34.35,34.35,34.35,300.0,34.35,1.0
2013-09-25 13:00:00+00:00,34.32,34.7,34.29,34.63,395491.0,34.5073,1812.0
2013-09-25 14:00:00+00:00,34.63,34.65,34.335,34.65,727921.0,34.5193,4230.0
2013-09-25 15:00:00+00:00,34.66,35.04,34.63,34.885,981838.0,34.8838,4319.0
2013-09-25 16:00:00+00:00,34.885,35.08,34.73,35.055,599419.0,34.8848,3507.0
2013-09-25 17:00:00+00:00,35.06,35.1,34.93,35.02,589382.0,35.036,3499.0
2013-09-25 18:00:00+00:00,35.015,35.08,34.86,34.975,565817.0,35.0027,3334.0
2013-09-25 19:00:00+00:00,34.9799,35.05,34.84,34.9,1045221.0,34.9305,6414.0
2013-09-25 20:00:00+00:00,34.88,34.88,34.31,34.31,293358.0,34.3227,4.0
2013-09-25 22:00:00+00:00,34.89,34.89,34.89,34.89,500.0,34.89,1.0
2013-09-25 23:00:00+00:00,34.98,34.98,34.98,34.98,500.0,34.98,1.0
2013-09-26 11:00:00+00:00,35.0,35.0,35.0,35.0,100.0,35.0,1.0
2013-09-26 13:00:00+00:00,35.09,35.09,34.72,34.72,551618.0,34.9219,2360.0
2013-09-26 14:00:00+00:00,34.72,34.77,34.38,34.48,824286.0,34.5515,4153.0
2013-09-26 15:00:00+00:00,34.47,34.47,34.3,34.3051,619736.0,34.3692,2567.0
2013-09-26 16:00:00+00:00,34.31,34.48,34.255,34.4175,688018.0,34.373,3167.0
2013-09-26 17:00:00+00:00,34.42,34.48,34.33,34.4,439117.0,34.4046,2504.0
2013-09-26 18:00:00+00:00,34.4,34.4,34.14,34.1975,690225.0,34.2269,3788.0
2013-09-26 19:00:00+00:00,34.195,34.34,34.14,34.33,1407441.0,34.2723,7262.0
2013-09-26 20:00:00+00:00,34.31,34.34,34.291,34.31,62370.0,34.3095,10.0
2013-09-26 21:00:00+00:00,34.32,34.32,34.32,34.32,800.0,34.32,4.0
2013-09-27 10:00:00+00:00,34.3,34.3,34.3,34.3,200.0,34.3,2.0
2013-09-27 12:00:00+00:00,34.23,34.24,34.23,34.24,900.0,34.2378,4.0
2013-09-27 13:00:00+00:00,34.17,34.43,34.15,34.26,506769.0,34.2847,2819.0
2013-09-27 14:00:00+00:00,34.26,34.465,34.22,34.445,635557.0,34.3235,4062.0
2013-09-27 15:00:00+00:00,34.44,34.46,34.29,34.425,409619.0,34.3931,2471.0
2013-09-27 16:00:00+00:00,34.43,34.51,34.34,34.35,474104.0,34.4529,1950.0
2013-09-27 17:00:00+00:00,34.36,34.45,34.3,34.35,291834.0,34.3671,1851.0
2013-09-27 18:00:00+00:00,34.3594,34.395,34.31,34.3303,551728.0,34.362,2159.0
2013-09-27 19:00:00+00:00,34.34,34.38,34.26,34.29,1742611.0,34.3328,5602.0
2013-09-27 20:00:00+00:00,34.38,34.38,34.29,34.29,10933.0,34.3005,5.0
2013-09-27 23:00:00+00:00,34.35,34.35,34.35,34.35,400.0,34.35,1.0
2013-09-30 11:00:00+00:00,33.89,33.89,33.89,33.89,200.0,33.89,1.0
2013-09-30 12:00:00+00:00,34.0,34.02,33.8,33.81,3820.0,33.9186,12.0
2013-09-30 13:00:00+00:00,33.78,33.98,33.7,33.88,455641.0,33.8278,1989.0
2013-09-30 14:00:00+00:00,33.89,34.02,33.815,33.98,775315.0,33.921,4620.0
2013-09-30 15:00:00+00:00,33.97,34.0075,33.86,33.895,734506.0,33.938,3943.0
2013-09-30 16:00:00+00:00,33.9,33.98,33.83,33.975,472864.0,33.9044,2707.0
2013-09-30 17:00:00+00:00,33.975,34.09,33.96,34.02,1298158.0,34.0051,4723.0
2013-09-30 18:00:00+00:00,34.03,34.254,34.01,34.14,707612.0,34.1697,3733.0
2013-09-30 19:00:00+00:00,34.14,34.17,33.98,34.16,1653695.0,34.0865,9750.0
2013-09-30 20:00:00+00:00,34.0528,34.15,34.0528,34.15,293376.0,34.0697,8.0
2013-09-30 22:00:00+00:00,34.15,34.15,34.15,34.15,100.0,34.15,1.0
2013-10-01 12:00:00+00:00,34.15,34.15,34.15,34.15,5724.0,34.15,1.0
2013-10-01 13:00:00+00:00,34.15,34.39,33.98,34.05,339179.0,34.1935,1715.0
2013-10-01 14:00:00+00:00,34.04,34.1001,33.85,33.98,687787.0,33.9548,4110.0
2013-10-01 15:00:00+00:00,33.98,34.16,33.97,34.09,746029.0,34.0603,3276.0
2013-10-01 16:00:00+00:00,34.08,34.17,34.02,34.09,444268.0,34.0743,2676.0
2013-10-01 17:00:00+00:00,34.08,34.08,34.0,34.02,373541.0,34.0323,2234.0
2013-10-01 18:00:00+00:00,34.02,34.066,33.914,33.99,527246.0,33.9945,3226.0
2013-10-01 19:00:00+00:00,33.99,34.0,33.765,33.85,1548806.0,33.8507,8402.0
2013-10-01 20:00:00+00:00,33.9,33.9,33.84,33.84,25582.0,33.8424,18.0
2013-10-01 21:00:00+00:00,33.84,33.84,33.84,33.84,350.0,33.84,2.0
2013-10-02 09:00:00+00:00,34.1,34.1,34.1,34.1,100.0,34.1,1.0
2013-10-02 11:00:00+00:00,34.1,34.22,34.0,34.1,4200.0,34.1279,12.0
2013-10-02 12:00:00+00:00,34.12,34.21,33.84,34.05,7594.0,34.0374,20.0
2013-10-02 13:00:00+00:00,34.05,34.35,34.0,34.19,1492164.0,34.2087,5413.0
2013-10-02 14:00:00+00:00,34.19,34.29,34.02,34.1985,907766.0,34.1699,5341.0
2013-10-02 15:00:00+00:00,34.2,34.515,34.2,34.499,1462867.0,34.3535,6275.0
2013-10-02 16:00:00+00:00,34.5,34.67,34.33,34.37,1037056.0,34.4995,4027.0
2013-10-02 17:00:00+00:00,34.365,34.54,34.365,34.45,789802.0,34.4894,4291.0
2013-10-02 18:00:00+00:00,34.4554,34.475,34.23,34.315,721587.0,34.3611,4500.0
2013-10-02 19:00:00+00:00,34.32,34.41,34.22,34.37,2142626.0,34.3455,8902.0
2013-10-02 20:00:00+00:00,34.38,34.38,34.36,34.36,6114.0,34.3797,3.0
2013-10-03 11:00:00+00:00,34.38,34.38,34.38,34.38,300.0,34.38,1.0
2013-10-03 12:00:00+00:00,34.25,34.25,34.25,34.25,100.0,34.25,1.0
2013-10-03 13:00:00+00:00,34.38,34.38,34.11,34.2,583725.0,34.2108,3234.0
2013-10-03 14:00:00+00:00,34.2,34.46,34.14,34.4,1396932.0,34.2648,5643.0
2013-10-03 15:00:00+00:00,34.3999,34.46,34.005,34.005,612425.0,34.2424,3747.0
2013-10-03 16:00:00+00:00,34.01,34.05,33.88,33.99,684099.0,33.9635,3629.0
2013-10-03 17:00:00+00:00,33.99,34.13,33.91,34.0,481784.0,34.0267,2600.0
2013-10-03 18:00:00+00:00,34.0,34.1,33.94,34.04,540051.0,34.019,3179.0
2013-10-03 19:00:00+00:00,34.04,34.2,34.005,34.09,1144756.0,34.1026,6466.0
2013-10-03 20:00:00+00:00,34.13,34.13,34.09,34.09,5200.0,34.1285,3.0
2013-10-03 21:00:00+00:00,34.1,34.1,34.1,34.1,100.0,34.1,1.0
2013-10-03 23:00:00+00:00,34.0901,34.0901,34.09,34.09,2000.0,34.0901,2.0
2013-10-04 12:00:00+00:00,33.78,33.92,33.78,33.88,5470.0,33.8429,19.0
2013-10-04 13:00:00+00:00,33.93,33.93,33.35,33.77,1248540.0,33.582,5801.0
2013-10-04 14:00:00+00:00,33.77,34.15,33.55,33.97,1595141.0,33.8909,6701.0
2013-10-04 15:00:00+00:00,33.96,34.2,33.9,34.073,828018.0,34.1002,3953.0
2013-10-04 16:00:00+00:00,34.079,34.14,33.97,33.98,513284.0,34.0503,2855.0
2013-10-04 17:00:00+00:00,33.975,34.15,33.95,34.13,374788.0,34.0661,2270.0
2013-10-04 18:00:00+00:00,34.13,34.4,34.11,34.3825,908776.0,34.2762,4217.0
2013-10-04 19:00:00+00:00,34.3801,34.49,34.315,34.4399,2002440.0,34.4143,9827.0
2013-10-04 20:00:00+00:00,34.43,34.44,34.1,34.34,28996.0,34.3914,30.0
2013-10-04 21:00:00+00:00,34.44,34.44,34.44,34.44,400.0,34.44,1.0
2013-10-07 12:00:00+00:00,34.15,34.18,33.99,34.15,3400.0,34.1618,8.0
2013-10-07 13:00:00+00:00,34.0699,34.12,33.82,33.86,691017.0,33.9907,2907.0
2013-10-07 14:00:00+00:00,33.8585,34.0701,33.85,34.065,578552.0,33.9577,3189.0
2013-10-07 15:00:00+00:00,34.07,34.1,33.95,34.01,424382.0,34.0207,2480.0
2013-10-07 16:00:00+00:00,34.01,34.057,33.95,34.0,367640.0,34.0025,2302.0
2013-10-07 17:00:00+00:00,34.01,34.33,34.005,34.32,467995.0,34.1636,2767.0
2013-10-07 18:00:00+00:00,34.32,34.39,34.19,34.24,472737.0,34.2763,2605.0
2013-10-07 19:00:00+00:00,34.248,34.29,34.04,34.05,1242700.0,34.1369,6884.0
2013-10-07 20:00:00+00:00,34.05,34.05,34.04,34.04,5096.0,34.048,6.0
2013-10-07 21:00:00+00:00,34.06,34.0601,34.06,34.06,2800.0,34.06,10.0
2013-10-08 13:00:00+00:00,34.22,34.25,33.89,34.1075,393217.0,34.0734,2058.0
2013-10-08 14:00:00+00:00,34.105,34.12,33.82,33.86,636739.0,33.9569,4043.0
2013-10-08 15:00:00+00:00,33.85,33.95,33.76,33.88,741063.0,33.8503,4989.0
2013-10-08 16:00:00+00:00,33.88,34.03,33.71,34.03,843461.0,33.8475,5149.0
2013-10-08 17:00:00+00:00,34.03,34.04,33.82,33.85,698811.0,33.918,4101.0
2013-10-08 18:00:00+00:00,33.855,33.86,33.69,33.81,705800.0,33.7578,4181.0
2013-10-08 19:00:00+00:00,33.802,33.95,33.71,33.72,1615623.0,33.8306,8876.0
2013-10-08 20:00:00+00:00,33.64,33.77,33.64,33.64,400.0,33.705,4.0
2013-10-09 12:00:00+00:00,34.18,34.18,34.18,34.18,100.0,34.18,1.0
2013-10-09 13:00:00+00:00,33.81,33.81,33.2,33.46,796783.0,33.4486,3920.0
2013-10-09 14:00:00+00:00,33.47,33.75,33.28,33.65,1185231.0,33.5304,7006.0
2013-10-09 15:00:00+00:00,33.66,34.17,33.64,34.06,1532032.0,33.9274,7629.0
2013-10-09 16:00:00+00:00,34.05,34.16,33.855,33.87,689284.0,34.0294,4226.0
2013-10-09 17:00:00+00:00,33.87,34.23,33.8662,34.039,536724.0,34.0451,3188.0
2013-10-09 18:00:00+00:00,34.03,34.11,33.97,34.1084,545864.0,34.0388,3453.0
2013-10-09 19:00:00+00:00,34.1,34.1,33.945,33.97,1357442.0,34.0014,8359.0
2013-10-09 20:00:00+00:00,33.97,33.97,33.91,33.91,23113.0,33.9687,13.0
2013-10-09 21:00:00+00:00,33.83,33.83,33.83,33.83,100.0,33.83,1.0
2013-10-09 22:00:00+00:00,33.93,33.95,33.85,33.95,1600.0,33.9375,10.0
2013-10-10 12:00:00+00:00,34.15,34.19,34.15,34.19,1300.0,34.1869,6.0
2013-10-10 13:00:00+00:00,34.3,34.97,34.3,34.847,1223056.0,34.7698,4899.0
2013-10-10 14:00:00+00:00,34.83,34.9,34.5,34.875,1166583.0,34.725,6707.0
2013-10-10 15:00:00+00:00,34.87,35.1653,34.87,35.03,1391488.0,35.0087,7023.0
2013-10-10 16:00:00+00:00,35.02,35.155,35.01,35.11,788104.0,35.0752,4037.0
2013-10-10 17:00:00+00:00,35.11,35.9,34.98,35.6325,2315571.0,35.4109,11664.0
2013-10-10 18:00:00+00:00,35.64,35.87,35.2,35.414,1960581.0,35.5043,11181.0
2013-10-10 19:00:00+00:00,35.42,35.59,35.41,35.56,2139289.0,35.5101,12137.0
2013-10-10 20:00:00+00:00,35.56,35.59,35.4,35.59,19036.0,35.4955,23.0
2013-10-10 21:00:00+00:00,35.57,35.57,35.57,35.57,545.0,35.4756,2.0
2013-10-10 23:00:00+00:00,35.53,35.53,35.3,35.3,350.0,35.4271,3.0
2013-10-11 12:00:00+00:00,35.78,35.79,35.52,35.52,2700.0,35.7752,6.0
2013-10-11 13:00:00+00:00,35.55,36.64,35.55,36.5,1853162.0,36.2105,7564.0
2013-10-11 14:00:00+00:00,36.51,36.85,36.37,36.6677,2708562.0,36.6252,14477.0
2013-10-11 15:00:00+00:00,36.67,37.08,36.58,37.035,1721111.0,36.7728,8270.0
2013-10-11 16:00:00+00:00,37.0342,37.19,36.83,36.9,1312617.0,37.0108,7097.0
2013-10-11 17:00:00+00:00,36.9,36.945,36.79,36.85,1367599.0,36.864,6743.0
2013-10-11 18:00:00+00:00,36.85,36.9,36.38,36.512,3294047.0,36.6305,14557.0
2013-10-11 19:00:00+00:00,36.5146,36.56,36.37,36.53,2455163.0,36.4837,13117.0
2013-10-11 20:00:00+00:00,36.54,36.63,36.54,36.6,3607.0,36.5461,14.0
2013-10-11 21:00:00+00:00,36.58,36.58,36.58,36.58,100.0,36.58,1.0
2013-10-11 22:00:00+00:00,36.58,36.58,36.58,36.58,150.0,36.58,1.0
2013-10-11 23:00:00+00:00,36.58,36.58,36.58,36.58,200.0,36.58,1.0
2013-10-14 12:00:00+00:00,36.39,36.39,36.0,36.01,2900.0,36.0628,14.0
2013-10-14 13:00:00+00:00,36.22,36.37,35.85,36.255,870164.0,36.138,4750.0
2013-10-14 14:00:00+00:00,36.255,36.37,36.03,36.21,943439.0,36.2264,5853.0
2013-10-14 15:00:00+00:00,36.21,36.32,36.05,36.316,719693.0,36.1696,4420.0
2013-10-14 16:00:00+00:00,36.315,36.53,36.215,36.51,690377.0,36.3481,4232.0
2013-10-14 17:00:00+00:00,36.5,36.57,36.44,36.4834,557820.0,36.4985,3276.0
2013-10-14 18:00:00+00:00,36.49,36.64,36.46,36.5701,483861.0,36.5615,3248.0
2013-10-14 19:00:00+00:00,36.57,36.645,36.48,36.56,1163392.0,36.5657,7001.0
2013-10-14 20:00:00+00:00,36.57,36.58,36.54,36.58,2849.0,36.56,8.0
2013-10-14 22:00:00+00:00,36.5,36.5,36.5,36.5,200.0,36.5,1.0
2013-10-14 23:00:00+00:00,36.5799,36.58,36.5799,36.58,600.0,36.58,3.0
2013-10-15 11:00:00+00:00,36.55,36.57,36.55,36.57,500.0,36.56,5.0
2013-10-15 12:00:00+00:00,36.42,36.8,36.4,36.77,3275.0,36.6712,16.0
2013-10-15 13:00:00+00:00,36.8,37.26,36.66,37.05,1546151.0,36.9809,6916.0
2013-10-15 14:00:00+00:00,37.05,37.1,36.4501,36.47,1034815.0,36.8737,6206.0
2013-10-15 15:00:00+00:00,36.47,36.71,36.346,36.64,939696.0,36.555,5303.0
2013-10-15 16:00:00+00:00,36.63,36.65,36.47,36.48,522190.0,36.556,2767.0
2013-10-15 17:00:00+00:00,36.48,36.54,36.405,36.49,436672.0,36.4777,2686.0
2013-10-15 18:00:00+00:00,36.49,36.57,36.25,36.4962,820498.0,36.4107,4833.0
2013-10-15 19:00:00+00:00,36.5,36.67,36.44,36.5,1099808.0,36.5424,6269.0
2013-10-15 20:00:00+00:00,36.49,36.49,36.49,36.49,13041.0,36.49,2.0
2013-10-15 21:00:00+00:00,36.69,36.72,36.69,36.72,500.0,36.71,3.0
2013-10-15 22:00:00+00:00,36.56,36.56,36.55,36.55,500.0,36.552,2.0
2013-10-15 23:00:00+00:00,36.55,36.7,36.55,36.7,1500.0,36.6213,7.0
2013-10-16 11:00:00+00:00,36.69,36.69,36.69,36.69,100.0,36.69,1.0
2013-10-16 13:00:00+00:00,36.83,37.14,36.76,37.08,858993.0,36.965,4302.0
2013-10-16 14:00:00+00:00,37.08,37.1,36.82,37.07,1223027.0,36.9807,7129.0
2013-10-16 15:00:00+00:00,37.07,37.12,36.895,36.95,1080727.0,37.0174,5972.0
2013-10-16 16:00:00+00:00,36.95,37.06,36.8775,37.03,1124730.0,36.9669,5965.0
2013-10-16 17:00:00+00:00,37.03,37.06,36.97,37.01,874540.0,37.0194,4477.0
2013-10-16 18:00:00+00:00,37.01,37.09,36.96,37.06,925669.0,37.0145,5002.0
2013-10-16 19:00:00+00:00,37.055,37.26,37.0,37.25,1680533.0,37.1601,8832.0
2013-10-16 20:00:00+00:00,37.25,37.25,37.037,37.037,89925.0,37.0808,2.0
2013-10-16 21:00:00+00:00,37.15,37.15,37.15,37.15,400.0,37.15,1.0
2013-10-16 22:00:00+00:00,36.9576,36.9576,36.9576,36.9576,22222.0,36.9576,1.0
2013-10-17 12:00:00+00:00,37.06,37.06,37.06,37.06,100.0,37.06,1.0
2013-10-17 13:00:00+00:00,37.25,37.67,37.11,37.544,874699.0,37.4728,3875.0
2013-10-17 14:00:00+00:00,37.54,37.86,37.5,37.857,1245602.0,37.6381,5918.0
2013-10-17 15:00:00+00:00,37.85,38.31,37.8401,38.3,1553593.0,38.0765,8077.0
2013-10-17 16:00:00+00:00,38.29,38.78,38.265,38.3601,1679991.0,38.5051,7722.0
2013-10-17 17:00:00+00:00,38.37,38.49,38.11,38.3,877712.0,38.2851,5056.0
2013-10-17 18:00:00+00:00,38.3,38.43,38.12,38.39,840656.0,38.2802,5622.0
2013-10-17 19:00:00+00:00,38.38,38.5,38.24,38.4,2158206.0,38.3847,13219.0
2013-10-17 20:00:00+00:00,38.1485,38.45,38.1485,38.45,8600.0,38.177,4.0
2013-10-17 21:00:00+00:00,38.45,38.56,38.45,38.56,2020.0,38.4885,10.0
2013-10-17 22:00:00+00:00,38.57,38.57,38.55,38.55,3100.0,38.5639,12.0
2013-10-17 23:00:00+00:00,38.5501,38.74,38.55,38.73,925.0,38.6341,7.0
2013-10-18 12:00:00+00:00,38.71,38.82,38.71,38.8,4051.0,38.7484,13.0
2013-10-18 13:00:00+00:00,38.73,38.81,38.13,38.1519,1007804.0,38.5118,3579.0
2013-10-18 14:00:00+00:00,38.15,38.36,38.1,38.21,829775.0,38.2162,4619.0
2013-10-18 15:00:00+00:00,38.205,38.59,38.165,38.5599,598159.0,38.4174,3490.0
2013-10-18 16:00:00+00:00,38.55,38.61,38.4,38.54,501601.0,38.5369,3031.0
2013-10-18 17:00:00+00:00,38.543,38.7,38.543,38.66,612605.0,38.6363,3129.0
2013-10-18 18:00:00+00:00,38.669,38.88,38.645,38.83,585869.0,38.7567,3545.0
2013-10-18 19:00:00+00:00,38.8254,39.1,38.74,39.07,2753845.0,38.9448,12132.0
2013-10-18 20:00:00+00:00,39.1,39.1,38.96,38.96,56791.0,39.0803,66.0
2013-10-18 21:00:00+00:00,38.98,38.98,38.58,38.58,3400.0,38.8735,9.0
2013-10-18 22:00:00+00:00,39.09,39.09,39.0,39.0,28500.0,39.0014,4.0
2013-10-21 11:00:00+00:00,39.13,39.13,39.12,39.12,700.0,39.1286,7.0
2013-10-21 12:00:00+00:00,39.16,39.21,38.93,39.21,4825.0,39.1809,16.0
2013-10-21 13:00:00+00:00,39.2,39.84,39.06,39.774,1199930.0,39.4103,5395.0
2013-10-21 14:00:00+00:00,39.753,39.753,39.09,39.25,1365398.0,39.3544,7033.0
2013-10-21 15:00:00+00:00,39.25,39.7,39.25,39.64,804574.0,39.5307,5040.0
2013-10-21 16:00:00+00:00,39.6454,39.78,39.58,39.6,585722.0,39.6847,3676.0
2013-10-21 17:00:00+00:00,39.5999,39.8,39.59,39.695,538289.0,39.6954,3143.0
2013-10-21 18:00:00+00:00,39.69,39.73,39.53,39.65,861469.0,39.6414,4395.0
2013-10-21 19:00:00+00:00,39.65,39.75,39.64,39.74,1544951.0,39.7027,8107.0
2013-10-21 20:00:00+00:00,39.8,39.85,39.75,39.85,11112.0,39.3241,5.0
2013-10-21 21:00:00+00:00,39.8,39.86,39.8,39.85,1300.0,39.8423,4.0
2013-10-21 22:00:00+00:00,39.75,39.75,39.75,39.75,100.0,39.75,1.0
2013-10-21 23:00:00+00:00,39.75,39.75,39.75,39.75,943.0,39.75,3.0
2013-10-22 12:00:00+00:00,39.86,40.0,39.86,40.0,7300.0,39.9592,19.0
2013-10-22 13:00:00+00:00,40.0,40.6662,39.94,40.5801,1370728.0,40.3528,6321.0
2013-10-22 14:00:00+00:00,40.6,40.7,40.02,40.05,1746737.0,40.4261,7892.0
2013-10-22 15:00:00+00:00,40.045,40.3,40.03,40.25,1871946.0,40.2182,7150.0
2013-10-22 16:00:00+00:00,40.255,40.26,39.99,40.02,869840.0,40.0462,4848.0
2013-10-22 17:00:00+00:00,40.03,40.1,39.97,40.05,1140185.0,40.0531,4464.0
2013-10-22 18:00:00+00:00,40.05,40.49,40.03,40.3972,860408.0,40.2883,4790.0
2013-10-22 19:00:00+00:00,40.4,40.53,40.345,40.46,2033495.0,40.4647,9960.0
2013-10-22 20:00:00+00:00,40.45,40.4861,40.45,40.45,328846.0,40.3028,7.0
2013-10-22 22:00:00+00:00,40.5,40.5,40.5,40.5,100.0,40.5,1.0
2013-10-23 11:00:00+00:00,40.31,40.31,40.31,40.31,3000.0,40.31,2.0
2013-10-23 13:00:00+00:00,40.28,41.2,39.9,40.915,1832707.0,40.7069,7801.0
2013-10-23 14:00:00+00:00,40.92,41.169,40.645,40.89,1974631.0,40.8933,10964.0
2013-10-23 15:00:00+00:00,40.9,41.06,40.625,40.7,1043628.0,40.8593,5600.0
2013-10-23 16:00:00+00:00,40.7,40.85,40.57,40.8445,698363.0,40.712,3999.0
2013-10-23 17:00:00+00:00,40.84,40.99,40.7,40.91,601332.0,40.8675,3486.0
2013-10-23 18:00:00+00:00,40.91,40.98,40.25,40.33,2175522.0,40.551,9721.0
2013-10-23 19:00:00+00:00,40.32,40.54,39.92,40.14,3582800.0,40.1676,16795.0
2013-10-23 20:00:00+00:00,40.13,40.15,40.13,40.13,1939.0,40.1331,5.0
2013-10-23 21:00:00+00:00,40.07,40.07,40.07,40.07,100.0,40.07,1.0
2013-10-23 22:00:00+00:00,39.97,40.05,39.93,40.0,3702.0,39.9761,15.0
2013-10-23 23:00:00+00:00,40.01,40.05,39.97,40.05,1000.0,39.995,5.0
2013-10-24 12:00:00+00:00,40.13,40.32,40.13,40.13,1400.0,40.2221,5.0
2013-10-24 13:00:00+00:00,40.01,40.01,39.33,39.3499,2395547.0,39.5801,10092.0
2013-10-24 14:00:00+00:00,39.34,39.77,39.34,39.75,1304267.0,39.6116,7556.0
2013-10-24 15:00:00+00:00,39.75,39.75,39.5,39.69,943081.0,39.6615,6192.0
2013-10-24 16:00:00+00:00,39.7,39.71,39.435,39.48,1158793.0,39.5451,6228.0
2013-10-24 17:00:00+00:00,39.48,39.51,39.37,39.48,1562592.0,39.4404,7222.0
2013-10-24 18:00:00+00:00,39.475,39.6,39.452,39.515,1194515.0,39.5223,6527.0
2013-10-24 19:00:00+00:00,39.525,39.57,39.39,39.42,2819191.0,39.4699,13355.0
2013-10-24 20:00:00+00:00,39.42,39.42,39.31,39.42,6442.0,39.4149,6.0
2013-10-24 21:00:00+00:00,39.42,39.42,39.34,39.34,1200.0,39.4133,5.0
2013-10-24 22:00:00+00:00,39.42,39.42,39.42,39.42,200.0,39.42,1.0
2013-10-25 11:00:00+00:00,39.3,39.3,39.3,39.3,100.0,39.3,1.0
2013-10-25 12:00:00+00:00,39.42,39.42,39.42,39.42,7632.0,39.42,1.0
2013-10-25 13:00:00+00:00,39.42,39.8,39.3,39.35,808505.0,39.5104,4574.0
2013-10-25 14:00:00+00:00,39.35,39.45,39.1,39.37,991221.0,39.2625,6285.0
2013-10-25 15:00:00+00:00,39.37,39.72,39.25,39.505,986552.0,39.5012,5759.0
2013-10-25 16:00:00+00:00,39.505,39.58,39.34,39.41,663528.0,39.4451,3435.0
2013-10-25 17:00:00+00:00,39.41,39.46,39.36,39.4375,493313.0,39.406,3133.0
2013-10-25 18:00:00+00:00,39.43,39.54,39.415,39.5,600380.0,39.4926,3200.0
2013-10-25 19:00:00+00:00,39.5,39.5,39.25,39.43,2095862.0,39.3687,10907.0
2013-10-25 20:00:00+00:00,39.44,39.44,39.35,39.35,1485.0,39.4137,4.0
2013-10-25 21:00:00+00:00,39.29,39.29,39.25,39.25,1500.0,39.27,8.0
2013-10-25 22:00:00+00:00,39.25,39.25,39.25,39.25,200.0,39.25,1.0
2013-10-28 13:00:00+00:00,39.46,39.96,39.46,39.79,1066435.0,39.7126,5216.0
2013-10-28 14:00:00+00:00,39.7886,40.21,39.67,40.07,1349676.0,39.9279,7809.0
2013-10-28 15:00:00+00:00,40.08,40.08,39.51,39.53,773718.0,39.7622,4459.0
2013-10-28 16:00:00+00:00,39.52,39.7021,39.51,39.6,497794.0,39.5955,2791.0
2013-10-28 17:00:00+00:00,39.6,39.69,39.53,39.59,510685.0,39.592,2929.0
2013-10-28 18:00:00+00:00,39.59,39.83,39.42,39.8,1066323.0,39.6341,5169.0
2013-10-28 19:00:00+00:00,39.8,39.8,39.37,39.46,2044300.0,39.499,10862.0
2013-10-28 20:00:00+00:00,39.42,39.66,39.4,39.66,5168.0,39.4577,13.0
2013-10-28 21:00:00+00:00,39.6,39.66,39.6,39.66,600.0,39.65,2.0
2013-10-28 22:00:00+00:00,39.76,39.76,39.4,39.4,1090.0,39.5637,5.0
2013-10-28 23:00:00+00:00,39.42,39.42,39.2,39.2,3800.0,39.2605,8.0
2013-10-29 11:00:00+00:00,38.4,39.4,38.4,39.4,1110.0,38.709,9.0
2013-10-29 12:00:00+00:00,39.46,40.4,38.04,40.2,23480.0,40.1427,82.0
2013-10-29 13:00:00+00:00,40.2,41.12,39.8,40.361,2315042.0,40.4404,10123.0
2013-10-29 14:00:00+00:00,40.4,40.64,39.84,40.12,1515278.0,40.2205,8888.0
2013-10-29 15:00:00+00:00,40.11,40.17,39.71,39.951,1148295.0,39.9203,6117.0
2013-10-29 16:00:00+00:00,39.95,40.35,39.92,40.225,993937.0,40.1375,4304.0
2013-10-29 17:00:00+00:00,40.23,40.68,40.14,40.5,1589469.0,40.3612,5735.0
2013-10-29 18:00:00+00:00,40.5,40.55,40.26,40.2812,1196771.0,40.3676,6369.0
2013-10-29 19:00:00+00:00,40.28,40.3,40.16,40.21,1582858.0,40.2278,8667.0
2013-10-29 20:00:00+00:00,40.21,40.21,40.0,40.02,40081.0,40.1948,16.0
2013-10-29 21:00:00+00:00,40.21,40.23,40.21,40.21,650.0,40.2177,3.0
2013-10-29 22:00:00+00:00,40.03,40.03,40.03,40.03,189.0,40.03,1.0
2013-10-30 12:00:00+00:00,39.9,39.9,39.9,39.9,492.0,39.9,2.0
2013-10-30 13:00:00+00:00,40.0,40.68,39.83,40.61,1087606.0,40.1319,5032.0
2013-10-30 14:00:00+00:00,40.61,40.99,40.21,40.86,1582513.0,40.6771,9086.0
2013-10-30 15:00:00+00:00,40.86,40.89,40.405,40.79,896947.0,40.6734,5439.0
2013-10-30 16:00:00+00:00,40.79,40.82,40.68,40.7,550554.0,40.7354,3794.0
2013-10-30 17:00:00+00:00,40.695,40.71,40.36,40.42,563718.0,40.5013,4013.0
2013-10-30 18:00:00+00:00,40.42,40.655,40.21,40.64,1394853.0,40.4466,6961.0
2013-10-30 19:00:00+00:00,40.64,41.46,40.62,41.4,4703188.0,41.0467,19052.0
2013-10-30 20:00:00+00:00,41.41,41.51,41.31,41.51,24140.0,41.4022,20.0
2013-10-30 21:00:00+00:00,41.49,41.49,41.4,41.4,405.0,41.4444,2.0
2013-10-30 22:00:00+00:00,41.13,41.13,41.13,41.13,100.0,41.13,1.0
2013-10-31 13:00:00+00:00,41.3,42.15,41.15,41.65,1702196.0,41.8275,8058.0
2013-10-31 14:00:00+00:00,41.65,41.905,41.52,41.74,2456318.0,41.7305,11499.0
2013-10-31 15:00:00+00:00,41.75,41.755,41.33,41.3501,1362752.0,41.5582,7159.0
2013-10-31 16:00:00+00:00,41.36,41.54,41.16,41.21,645143.0,41.4013,3901.0
2013-10-31 17:00:00+00:00,41.21,41.41,41.2,41.41,548827.0,41.3112,3388.0
2013-10-31 18:00:00+00:00,41.415,41.61,41.341,41.41,722964.0,41.4958,4566.0
2013-10-31 19:00:00+00:00,41.39,41.44,41.17,41.18,1676621.0,41.3208,9669.0
2013-10-31 20:00:00+00:00,41.17,41.25,41.15,41.25,8114.0,41.172,11.0
2013-10-31 22:00:00+00:00,41.13,41.13,41.13,41.13,200.0,41.13,1.0
2013-10-31 23:00:00+00:00,41.25,41.25,41.25,41.25,100.0,41.25,1.0
2013-11-01 12:00:00+00:00,41.3,41.6,41.3,41.5,8200.0,41.4696,29.0
2013-11-01 13:00:00+00:00,41.17,41.4,40.83,41.09,1059215.0,41.0819,4380.0
2013-11-01 14:00:00+00:00,41.0701,41.08,40.7,41.0375,999175.0,40.8966,5701.0
2013-11-01 15:00:00+00:00,41.03,41.04,40.74,40.76,861054.0,40.8567,5099.0
2013-11-01 16:00:00+00:00,40.77,40.9,40.77,40.82,489081.0,40.8374,3222.0
2013-11-01 17:00:00+00:00,40.82,41.06,40.69,40.919,771229.0,40.8896,4596.0
2013-11-01 18:00:00+00:00,40.91,40.99,40.76,40.83,871410.0,40.8804,5268.0
2013-11-01 19:00:00+00:00,40.8399,41.03,40.78,41.01,1932239.0,40.8967,10025.0
2013-11-01 20:00:00+00:00,41.0,41.0,40.98,40.98,994.0,40.998,3.0
2013-11-01 21:00:00+00:00,40.98,40.98,40.98,40.98,400.0,40.98,2.0
2013-11-04 13:00:00+00:00,41.19,41.2,41.19,41.2,1500.0,41.198,3.0
2013-11-04 14:00:00+00:00,41.2,41.31,40.82,40.95,494341.0,41.0457,2898.0
2013-11-04 15:00:00+00:00,40.94,41.1513,40.79,41.12,851758.0,40.9918,4863.0
2013-11-04 16:00:00+00:00,41.11,41.12,40.985,41.025,611569.0,41.0337,3371.0
2013-11-04 17:00:00+00:00,41.02,41.19,40.98,41.11,445475.0,41.0882,2582.0
2013-11-04 18:00:00+00:00,41.115,41.33,41.115,41.32,483804.0,41.2266,2559.0
2013-11-04 19:00:00+00:00,41.33,41.42,41.28,41.4136,593673.0,41.3512,3411.0
2013-11-04 20:00:00+00:00,41.414,41.68,41.36,41.55,1131135.0,41.5286,6186.0
2013-11-04 21:00:00+00:00,41.55,41.55,41.55,41.55,512.0,41.55,2.0
2013-11-05 13:00:00+00:00,40.97,41.13,40.97,41.13,8650.0,41.1016,71.0
2013-11-05 14:00:00+00:00,41.13,41.48,41.1174,41.26,418347.0,41.3357,2144.0
2013-11-05 15:00:00+00:00,41.26,41.5,41.12,41.45,517602.0,41.2872,3713.0
2013-11-05 16:00:00+00:00,41.46,41.5,41.19,41.22,618059.0,41.2911,3982.0
2013-11-05 17:00:00+00:00,41.22,41.47,41.19,41.4001,394167.0,41.3574,2309.0
2013-11-05 18:00:00+00:00,41.405,41.505,41.265,41.29,610659.0,41.3859,3168.0
2013-11-05 19:00:00+00:00,41.29,41.55,41.22,41.45,715653.0,41.3849,4481.0
2013-11-05 20:00:00+00:00,41.4554,41.535,41.36,41.42,1017582.0,41.4468,6582.0
2013-11-05 21:00:00+00:00,41.44,41.44,41.175,41.25,37490.0,41.4525,13.0
2013-11-05 23:00:00+00:00,41.42,41.43,41.42,41.43,1200.0,41.4292,3.0
2013-11-06 12:00:00+00:00,41.19,41.5,41.19,41.5,5401.0,41.3859,18.0
2013-11-06 13:00:00+00:00,41.38,41.38,41.38,41.38,200.0,41.38,2.0
2013-11-06 14:00:00+00:00,41.49,41.534,41.28,41.47,497097.0,41.4187,2385.0
2013-11-06 15:00:00+00:00,41.47,41.485,41.032,41.13,1317305.0,41.2692,6700.0
2013-11-06 16:00:00+00:00,41.1345,41.37,41.07,41.29,594294.0,41.1914,3877.0
2013-11-06 17:00:00+00:00,41.283,41.29,40.76,40.77,864656.0,40.983,5531.0
2013-11-06 18:00:00+00:00,40.765,40.79,40.595,40.605,986582.0,40.6922,5809.0
2013-11-06 19:00:00+00:00,40.6,40.64,40.27,40.43,1193931.0,40.45,7280.0
2013-11-06 20:00:00+00:00,40.421,40.43,40.115,40.23,2669525.0,40.245,13308.0
2013-11-06 21:00:00+00:00,40.24,40.24,40.24,40.24,19313.0,40.24,10.0
2013-11-06 22:00:00+00:00,40.21,40.23,40.21,40.23,690.0,40.2155,3.0
2013-11-07 00:00:00+00:00,40.24,40.24,40.24,40.24,200.0,40.24,1.0
2013-11-07 13:00:00+00:00,40.47,40.47,40.0,40.3,1950.0,40.2138,11.0
2013-11-07 14:00:00+00:00,40.25,40.29,39.66,39.966,1440565.0,39.9734,6347.0
2013-11-07 15:00:00+00:00,39.97,40.46,39.58,39.87,1200569.0,39.978,7181.0
2013-11-07 16:00:00+00:00,39.865,40.05,39.56,39.97,1205034.0,39.7918,6589.0
2013-11-07 17:00:00+00:00,39.97,40.2,39.86,40.04,900863.0,40.0552,4935.0
2013-11-07 18:00:00+00:00,40.0336,40.05,39.82,39.86,1133310.0,39.963,6831.0
2013-11-07 19:00:00+00:00,39.86,39.86,39.56,39.78,1296725.0,39.6825,7647.0
2013-11-07 20:00:00+00:00,39.78,39.83,39.28,39.29,3768357.0,39.4697,17773.0
2013-11-07 21:00:00+00:00,39.28,39.31,39.26,39.26,29706.0,39.5693,9.0
2013-11-07 22:00:00+00:00,39.31,39.31,39.21,39.21,1276.0,39.262,7.0
2013-11-08 00:00:00+00:00,39.28,39.31,39.28,39.31,596.0,39.2936,4.0
2013-11-08 13:00:00+00:00,39.2,39.2,39.2,39.2,1300.0,39.2,4.0
2013-11-08 14:00:00+00:00,39.32,39.41,39.01,39.29,719505.0,39.2911,3661.0
2013-11-08 15:00:00+00:00,39.282,39.75,39.01,39.39,1691817.0,39.2943,9400.0
2013-11-08 16:00:00+00:00,39.39,39.705,39.37,39.65,1214735.0,39.522,6860.0
2013-11-08 17:00:00+00:00,39.66,39.96,39.65,39.81,729057.0,39.8411,4466.0
2013-11-08 18:00:00+00:00,39.8,39.935,39.705,39.835,729272.0,39.8183,4066.0
2013-11-08 19:00:00+00:00,39.835,40.13,39.82,40.1,1187867.0,39.9253,6544.0
2013-11-08 20:00:00+00:00,40.1,40.32,40.02,40.32,2111598.0,40.1939,11872.0
2013-11-08 21:00:00+00:00,40.32,40.32,40.32,40.32,4880.0,40.32,2.0
2013-11-08 22:00:00+00:00,40.3,40.3,40.3,40.3,300.0,40.3,2.0
2013-11-08 23:00:00+00:00,40.1,40.3,40.1,40.3,200.0,40.2,2.0
2013-11-11 14:00:00+00:00,40.24,40.4099,39.871,40.26,517649.0,40.0681,2501.0
2013-11-11 15:00:00+00:00,40.26,40.33,40.05,40.14,635425.0,40.1927,3920.0
2013-11-11 16:00:00+00:00,40.14,40.14,39.95,40.05,449059.0,40.0426,2635.0
2013-11-11 17:00:00+00:00,40.05,40.21,40.0001,40.16,362760.0,40.1319,2273.0
2013-11-11 18:00:00+00:00,40.16,40.2,40.01,40.08,362995.0,40.0984,2176.0
2013-11-11 19:00:00+00:00,40.0875,40.2,40.05,40.14,646023.0,40.1299,3593.0
2013-11-11 20:00:00+00:00,40.14,40.39,40.1,40.31,1326166.0,40.2468,6932.0
2013-11-11 21:00:00+00:00,40.31,40.31,40.31,40.31,100.0,40.31,1.0
2013-11-11 23:00:00+00:00,40.35,40.35,40.35,40.35,200.0,40.35,1.0
2013-11-12 00:00:00+00:00,40.35,40.35,40.35,40.35,800.0,40.35,3.0
2013-11-12 14:00:00+00:00,40.32,41.4026,40.32,41.4001,1073559.0,41.1192,4883.0
2013-11-12 15:00:00+00:00,41.4001,41.74,40.91,40.91,1933119.0,41.4528,9061.0
2013-11-12 16:00:00+00:00,40.915,41.28,40.81,41.26,854250.0,41.0731,4756.0
2013-11-12 17:00:00+00:00,41.27,41.3301,41.06,41.11,540945.0,41.1541,3466.0
2013-11-12 18:00:00+00:00,41.1,41.2,40.885,40.93,725366.0,41.0449,4325.0
2013-11-12 19:00:00+00:00,40.94,41.22,40.9225,41.14,551260.0,41.0451,3417.0
2013-11-12 20:00:00+00:00,41.143,41.18,40.96,41.01,1211364.0,41.0279,7078.0
2013-11-12 21:00:00+00:00,41.02,41.02,40.96,40.96,928.0,41.0135,2.0
2013-11-13 11:00:00+00:00,41.0,41.0,41.0,41.0,100.0,41.0,1.0
2013-11-13 13:00:00+00:00,40.87,40.87,40.81,40.81,2090.0,40.8409,5.0
2013-11-13 14:00:00+00:00,40.99,41.14,40.58,40.825,812572.0,40.8169,4345.0
2013-11-13 15:00:00+00:00,40.83,41.01,40.72,40.8554,1129811.0,40.8917,5804.0
2013-11-13 16:00:00+00:00,40.85,40.9464,40.64,40.805,630298.0,40.7985,3837.0
2013-11-13 17:00:00+00:00,40.81,40.92,40.68,40.89,801204.0,40.8346,4037.0
2013-11-13 18:00:00+00:00,40.89,40.9876,40.77,40.87,676195.0,40.8842,3994.0
2013-11-13 19:00:00+00:00,40.87,40.91,40.78,40.87,822448.0,40.8536,5167.0
2013-11-13 20:00:00+00:00,40.87,41.28,40.86,41.25,1324964.0,41.1063,7722.0
2013-11-13 21:00:00+00:00,41.22,41.22,41.22,41.22,100.0,41.22,1.0
2013-11-13 22:00:00+00:00,41.25,41.25,41.25,41.25,224514.0,40.8797,12.0
2013-11-14 00:00:00+00:00,41.35,41.35,41.35,41.35,1000.0,41.35,2.0
2013-11-14 12:00:00+00:00,40.85,40.85,40.63,40.63,3227.0,40.82,30.0
2013-11-14 14:00:00+00:00,41.58,42.06,41.42,42.0,1175019.0,41.8225,4244.0
2013-11-14 15:00:00+00:00,41.9999,42.7,41.88,42.5523,1576594.0,42.2611,7392.0
2013-11-14 16:00:00+00:00,42.5586,43.25,42.49,43.1,2044325.0,42.9303,10180.0
2013-11-14 17:00:00+00:00,43.1,43.35,42.84,42.88,1368447.0,43.1733,6796.0
2013-11-14 18:00:00+00:00,42.88,43.04,42.79,42.99,864966.0,42.9443,4782.0
2013-11-14 19:00:00+00:00,42.99,43.02,42.8,42.91,875017.0,42.8876,5349.0
2013-11-14 20:00:00+00:00,42.9,42.94,42.8,42.83,1270220.0,42.8603,7270.0
2013-11-14 21:00:00+00:00,42.84,42.9,42.82,42.9,2537.0,42.8566,8.0
2013-11-15 00:00:00+00:00,43.02,43.02,42.85,42.85,1000.0,42.923,4.0
2013-11-15 12:00:00+00:00,44.0,44.0,44.0,44.0,235.0,44.0,1.0
2013-11-15 13:00:00+00:00,43.4,43.4,43.0,43.1,5000.0,43.2872,14.0
2013-11-15 14:00:00+00:00,42.95,43.11,42.5,42.95,1282827.0,42.7745,4321.0
2013-11-15 15:00:00+00:00,42.94,43.07,42.8,43.015,1064408.0,42.9489,5799.0
2013-11-15 16:00:00+00:00,43.01,43.07,42.61,42.695,1198685.0,42.8822,6459.0
2013-11-15 17:00:00+00:00,42.695,42.71,42.54,42.55,674979.0,42.6726,4161.0
2013-11-15 18:00:00+00:00,42.5425,43.2,42.4,43.13,1606091.0,42.7719,8753.0
2013-11-15 19:00:00+00:00,43.12,43.775,42.97,43.02,3863171.0,43.3577,17506.0
2013-11-15 20:00:00+00:00,43.04,43.3,42.995,43.02,2658272.0,43.1012,12738.0
2013-11-15 21:00:00+00:00,43.1,43.1,42.99,43.0,2400.0,43.0413,16.0
2013-11-15 22:00:00+00:00,42.91,42.91,42.91,42.91,100.0,42.91,1.0
2013-11-15 23:00:00+00:00,43.0,43.0,43.0,43.0,188.0,43.0,1.0
2013-11-16 00:00:00+00:00,43.08,43.08,43.08,43.08,100.0,43.08,1.0
2013-11-18 12:00:00+00:00,43.0,43.0,43.0,43.0,300.0,43.0,1.0
2013-11-18 13:00:00+00:00,43.17,43.17,43.0,43.05,17400.0,43.0028,5.0
2013-11-18 14:00:00+00:00,43.33,43.47,43.0,43.1,611624.0,43.2094,3143.0
2013-11-18 15:00:00+00:00,43.1,43.2,42.8,43.18,896027.0,43.0265,5572.0
2013-11-18 16:00:00+00:00,43.185,43.24,43.03,43.03,706604.0,43.1448,3593.0
2013-11-18 17:00:00+00:00,43.01,43.08,42.8,42.81,567085.0,42.9263,3618.0
2013-11-18 18:00:00+00:00,42.81,43.18,42.76,43.18,613607.0,42.9364,3523.0
2013-11-18 19:00:00+00:00,43.188,43.4599,43.18,43.35,1367622.0,43.3544,6771.0
2013-11-18 20:00:00+00:00,43.355,43.355,42.865,42.92,2299646.0,43.0083,13255.0
2013-11-18 21:00:00+00:00,42.92,43.0,42.92,43.0,310.0,42.9716,2.0
2013-11-19 14:00:00+00:00,42.82,43.22,42.68,43.09,699434.0,42.9657,3365.0
2013-11-19 15:00:00+00:00,43.11,43.59,42.975,43.29,1263451.0,43.3347,7251.0
2013-11-19 16:00:00+00:00,43.3,43.31,42.83,43.09,1164149.0,43.0181,5590.0
2013-11-19 17:00:00+00:00,43.082,43.33,43.05,43.2,764121.0,43.228,4378.0
2013-11-19 18:00:00+00:00,43.21,43.23,42.67,42.69,932674.0,42.8891,5522.0
2013-11-19 19:00:00+00:00,42.6736,43.02,42.65,42.8554,648079.0,42.8352,4093.0
2013-11-19 20:00:00+00:00,42.85,42.8516,42.28,42.34,2994081.0,42.519,13918.0
2013-11-19 21:00:00+00:00,42.34,42.35,42.34,42.35,300.0,42.3433,3.0
2013-11-20 00:00:00+00:00,42.52,42.52,42.52,42.52,100.0,42.52,1.0
2013-11-20 14:00:00+00:00,42.35,42.82,42.32,42.5,488349.0,42.5655,2374.0
2013-11-20 15:00:00+00:00,42.49,42.67,42.28,42.32,934275.0,42.5052,5503.0
2013-11-20 16:00:00+00:00,42.32,42.32,42.09,42.1844,786202.0,42.1762,4890.0
2013-11-20 17:00:00+00:00,42.18,42.2,41.94,42.04,480692.0,42.0806,2782.0
2013-11-20 18:00:00+00:00,42.04,42.19,42.03,42.05,483243.0,42.111,2647.0
2013-11-20 19:00:00+00:00,42.05,42.2,41.91,42.17,915440.0,42.0762,5618.0
2013-11-20 20:00:00+00:00,42.18,42.1801,41.99,42.12,1612879.0,42.0699,10079.0
2013-11-20 22:00:00+00:00,41.99,41.99,41.98,41.98,1000.0,41.983,2.0
2013-11-20 23:00:00+00:00,42.27,42.27,42.27,42.27,100.0,42.27,1.0
2013-11-21 14:00:00+00:00,42.07,42.65,42.07,42.5799,634208.0,42.3368,3050.0
2013-11-21 15:00:00+00:00,42.58,42.735,42.44,42.7,669279.0,42.5576,3808.0
2013-11-21 16:00:00+00:00,42.695,42.73,42.499,42.5,710687.0,42.6405,4497.0
2013-11-21 17:00:00+00:00,42.5,42.55,42.26,42.29,606577.0,42.4215,3434.0
2013-11-21 18:00:00+00:00,42.3,42.53,42.29,42.515,624268.0,42.4132,2816.0
2013-11-21 19:00:00+00:00,42.52,42.715,42.48,42.53,1014955.0,42.5826,4248.0
2013-11-21 20:00:00+00:00,42.53,42.6,42.5,42.55,1130685.0,42.5427,6314.0
2013-11-21 21:00:00+00:00,42.54,42.61,42.54,42.59,3724.0,42.5521,8.0
2013-11-21 22:00:00+00:00,42.5901,42.5901,42.59,42.59,4600.0,42.5901,2.0
2013-11-22 14:00:00+00:00,42.94,43.64,42.64,43.009,947460.0,43.2127,3666.0
2013-11-22 15:00:00+00:00,43.0,43.22,42.88,43.01,1099772.0,43.0757,5808.0
2013-11-22 16:00:00+00:00,43.02,43.2,42.97,43.04,740842.0,43.0563,4608.0
2013-11-22 17:00:00+00:00,43.05,43.1,42.9,42.985,730220.0,43.011,4228.0
2013-11-22 18:00:00+00:00,42.981,43.57,42.85,43.57,1350107.0,43.2007,7544.0
2013-11-22 19:00:00+00:00,43.565,43.95,43.345,43.945,1398708.0,43.6279,7587.0
2013-11-22 20:00:00+00:00,43.95,44.48,43.895,44.1,4322796.0,44.1159,22859.0
2013-11-22 21:00:00+00:00,44.15,44.15,44.11,44.15,26094.0,44.1109,5.0
2013-11-22 22:00:00+00:00,44.15,44.22,44.03,44.03,845.0,44.155,5.0
2013-11-25 13:00:00+00:00,44.0,44.2,44.0,44.2,500.0,44.16,3.0
2013-11-25 14:00:00+00:00,44.2,44.2,43.44,43.62,916434.0,43.7891,4241.0
2013-11-25 15:00:00+00:00,43.63,44.37,43.47,44.21,1207116.0,43.9368,6747.0
2013-11-25 16:00:00+00:00,44.2178,44.62,44.175,44.505,1127857.0,44.4057,5726.0
2013-11-25 17:00:00+00:00,44.5,44.56,44.24,44.55,661575.0,44.4307,4001.0
2013-11-25 18:00:00+00:00,44.55,44.68,44.47,44.59,760497.0,44.5525,3766.0
2013-11-25 19:00:00+00:00,44.59,44.73,44.46,44.52,814885.0,44.5972,4263.0
2013-11-25 20:00:00+00:00,44.52,44.63,44.4,44.58,1739152.0,44.5229,9641.0
2013-11-25 21:00:00+00:00,44.69,44.69,44.69,44.69,169.0,44.69,1.0
2013-11-25 22:00:00+00:00,44.55,44.55,44.45,44.45,1300.0,44.4838,6.0
2013-11-25 23:00:00+00:00,44.51,44.51,44.4,44.4,625.0,44.4588,4.0
2013-11-26 00:00:00+00:00,44.5,44.5,44.36,44.36,400.0,44.43,3.0
2013-11-26 13:00:00+00:00,44.56,44.58,44.56,44.58,200.0,44.57,2.0
2013-11-26 14:00:00+00:00,44.565,44.68,44.0,44.37,618894.0,44.3534,3407.0
2013-11-26 15:00:00+00:00,44.36,44.645,44.23,44.46,918257.0,44.4488,5251.0
2013-11-26 16:00:00+00:00,44.46,44.48,44.02,44.23,1154514.0,44.2667,6784.0
2013-11-26 17:00:00+00:00,44.2264,44.31,44.07,44.2901,958508.0,44.2047,5544.0
2013-11-26 18:00:00+00:00,44.3,44.67,44.29,44.6601,870350.0,44.5105,4842.0
2013-11-26 19:00:00+00:00,44.67,44.67,44.34,44.413,899707.0,44.4467,5319.0
2013-11-26 20:00:00+00:00,44.42,44.5564,44.33,44.34,1591020.0,44.459,8991.0
2013-11-26 21:00:00+00:00,44.35,44.35,44.35,44.35,2118.0,44.35,4.0
2013-11-26 22:00:00+00:00,44.24,44.24,44.24,44.24,300.0,44.24,2.0
2013-11-27 13:00:00+00:00,44.3,44.3,44.3,44.3,200.0,44.3,2.0
2013-11-27 14:00:00+00:00,44.28,45.98,44.28,45.58,1553149.0,45.3849,6932.0
2013-11-27 15:00:00+00:00,45.57,46.2001,45.51,46.16,1849596.0,45.8231,9863.0
2013-11-27 16:00:00+00:00,46.1638,46.37,46.0101,46.06,1333533.0,46.229,7209.0
2013-11-27 17:00:00+00:00,46.07,46.075,45.735,45.84,750657.0,45.9326,4039.0
2013-11-27 18:00:00+00:00,45.84,46.24,45.83,46.23,633368.0,46.0205,3516.0
2013-11-27 19:00:00+00:00,46.23,46.24,45.98,45.99,739848.0,46.1158,4160.0
2013-11-27 20:00:00+00:00,46.0,46.0691,45.86,45.97,1489531.0,45.94,8038.0
2013-11-27 21:00:00+00:00,45.96,45.96,45.7,45.7,19083.0,45.8012,19.0
2013-11-27 22:00:00+00:00,45.88,45.93,45.88,45.93,600.0,45.9217,3.0
2013-11-28 00:00:00+00:00,45.95,45.95,45.95,45.95,600.0,45.95,3.0
2013-11-29 14:00:00+00:00,45.81,46.2099,45.575,45.93,767464.0,45.8852,3601.0
2013-11-29 15:00:00+00:00,45.92,46.29,45.7201,45.845,996345.0,46.0171,4973.0
2013-11-29 16:00:00+00:00,45.85,45.95,45.52,45.69,1003763.0,45.7861,5546.0
2013-11-29 17:00:00+00:00,45.69,45.87,45.5932,45.68,1155137.0,45.7335,7202.0
2013-11-29 18:00:00+00:00,45.72,45.72,45.72,45.72,370177.0,45.72,2.0
2013-12-02 14:00:00+00:00,45.92,46.38,45.705,45.715,869413.0,46.0099,4308.0
2013-12-02 15:00:00+00:00,45.72,46.863,45.66,46.67,1578663.0,46.3527,8481.0
2013-12-02 16:00:00+00:00,46.68,47.12,46.68,47.01,1669076.0,46.933,9857.0
2013-12-02 17:00:00+00:00,47.02,47.24,46.73,46.88,1575955.0,46.9544,9774.0
2013-12-02 18:00:00+00:00,46.87,47.19,46.78,46.96,1550641.0,46.9734,9331.0
2013-12-02 19:00:00+00:00,46.95,47.09,46.9,47.0812,993361.0,46.9862,6852.0
2013-12-02 20:00:00+00:00,47.09,47.17,46.8,46.84,3055134.0,46.9352,17167.0
2013-12-02 21:00:00+00:00,46.83,46.83,46.76,46.83,41407.0,46.8297,10.0
2013-12-02 23:00:00+00:00,46.8,46.8,46.7,46.7,1597.0,46.7217,7.0
2013-12-03 12:00:00+00:00,45.97,45.97,45.97,45.97,200.0,45.97,2.0
2013-12-03 13:00:00+00:00,46.68,46.68,46.68,46.68,100.0,46.68,1.0
2013-12-03 14:00:00+00:00,46.83,47.26,46.56,46.89,803385.0,46.9176,4404.0
2013-12-03 15:00:00+00:00,46.9,46.97,46.275,46.327,1671784.0,46.555,7672.0
2013-12-03 16:00:00+00:00,46.33,46.33,45.52,45.805,1653647.0,45.8969,9195.0
2013-12-03 17:00:00+00:00,45.805,46.465,45.67,46.44,1224714.0,46.1731,7074.0
2013-12-03 18:00:00+00:00,46.455,46.9,46.32,46.89,1627948.0,46.6245,8734.0
2013-12-03 19:00:00+00:00,46.89,46.99,46.34,46.41,2091172.0,46.7137,10875.0
2013-12-03 20:00:00+00:00,46.41,46.9,46.39,46.79,3296268.0,46.7281,17739.0
2013-12-03 21:00:00+00:00,46.77,46.8,46.77,46.8,890246.0,46.7079,8.0
2013-12-03 22:00:00+00:00,46.75,46.75,46.75,46.75,100.0,46.75,1.0
2013-12-03 23:00:00+00:00,46.77,46.85,46.77,46.85,600.0,46.82,4.0
2013-12-04 00:00:00+00:00,46.77,46.85,46.77,46.85,500.0,46.818,3.0
2013-12-04 13:00:00+00:00,46.7,46.7,46.5,46.5,2000.0,46.5655,7.0
2013-12-04 14:00:00+00:00,46.2,46.3,44.68,45.329,3040790.0,45.4802,14964.0
2013-12-04 15:00:00+00:00,45.32,46.28,45.25,46.12,2646939.0,45.6704,13570.0
2013-12-04 16:00:00+00:00,46.11,46.2,45.702,46.11,1695476.0,45.9433,8148.0
2013-12-04 17:00:00+00:00,46.12,46.12,45.17,45.2975,1503245.0,45.4761,8307.0
2013-12-04 18:00:00+00:00,45.3,45.5,44.53,44.94,2112675.0,44.8639,10938.0
2013-12-04 19:00:00+00:00,44.94,45.48,44.9,45.38,1721172.0,45.1943,9218.0
2013-12-04 20:00:00+00:00,45.385,45.45,45.02,45.03,4082109.0,45.2024,17425.0
2013-12-04 21:00:00+00:00,45.02,45.241,45.01,45.01,523508.0,45.2324,8.0
2013-12-05 00:00:00+00:00,45.01,45.01,45.01,45.01,100.0,45.01,1.0
2013-12-05 13:00:00+00:00,45.3,45.4,45.12,45.4,3200.0,45.2647,12.0
2013-12-05 14:00:00+00:00,45.45,46.23,45.4,45.88,2777578.0,45.9157,11853.0
2013-12-05 15:00:00+00:00,45.88,46.32,45.58,45.771,2492341.0,45.9089,14767.0
2013-12-05 16:00:00+00:00,45.77,45.77,45.35,45.748,2002647.0,45.5398,11036.0
2013-12-05 17:00:00+00:00,45.74,45.94,45.55,45.695,1383778.0,45.7572,6741.0
2013-12-05 18:00:00+00:00,45.72,45.95,45.72,45.7869,1222301.0,45.8143,6904.0
2013-12-05 19:00:00+00:00,45.79,45.9677,45.65,45.685,1716374.0,45.825,6755.0
2013-12-05 20:00:00+00:00,45.68,45.71,45.3,45.35,2824036.0,45.449,16525.0
2013-12-05 21:00:00+00:00,45.32,45.3606,45.28,45.28,185523.0,45.3593,16.0
2013-12-05 23:00:00+00:00,45.35,45.35,45.3,45.3,1200.0,45.3083,2.0
2013-12-06 13:00:00+00:00,45.84,45.84,45.84,45.84,100.0,45.84,1.0
2013-12-06 14:00:00+00:00,45.84,46.43,45.7,46.3127,1287937.0,46.2006,6267.0
2013-12-06 15:00:00+00:00,46.32,46.49,46.01,46.25,2076315.0,46.2451,9654.0
2013-12-06 16:00:00+00:00,46.25,46.71,46.13,46.56,956895.0,46.4706,5548.0
2013-12-06 17:00:00+00:00,46.56,46.95,46.51,46.53,1806942.0,46.6749,6282.0
2013-12-06 18:00:00+00:00,46.53,46.725,46.48,46.6,1241289.0,46.5992,7607.0
2013-12-06 19:00:00+00:00,46.6,47.2,46.59,47.04,2043548.0,46.9476,10092.0
2013-12-06 20:00:00+00:00,47.032,47.085,46.29,46.58,2603058.0,46.5849,14387.0
2013-12-09 11:00:00+00:00,47.2,47.2,47.2,47.2,200.0,47.2,1.0
2013-12-09 12:00:00+00:00,47.4,47.4,47.2,47.2,400.0,47.25,4.0
2013-12-09 13:00:00+00:00,47.32,47.55,47.32,47.5,4750.0,47.4665,18.0
2013-12-09 14:00:00+00:00,47.58,47.98,47.04,47.5397,2312346.0,47.6337,11567.0
2013-12-09 15:00:00+00:00,47.55,47.55,47.02,47.13,2154424.0,47.349,13484.0
2013-12-09 16:00:00+00:00,47.14,47.21,46.75,46.86,1626979.0,47.0067,9141.0
2013-12-09 17:00:00+00:00,46.86,47.05,46.58,47.0,1590926.0,46.8279,9062.0
2013-12-09 18:00:00+00:00,47.0,47.07,46.46,46.5,1303893.0,46.855,8048.0
2013-12-09 19:00:00+00:00,46.5,46.65,46.12,46.19,1816070.0,46.4748,9440.0
2013-12-09 20:00:00+00:00,46.19,46.48,46.065,46.14,2638042.0,46.214,16196.0
2013-12-09 21:00:00+00:00,46.14,46.15,46.13,46.13,3982.0,46.1403,7.0
2013-12-09 22:00:00+00:00,46.3,46.3,46.3,46.3,500.0,46.3,2.0
2013-12-09 23:00:00+00:00,46.3,46.3,46.3,46.3,974.0,46.3,6.0
2013-12-10 13:00:00+00:00,46.1,46.12,45.9,45.9,6000.0,45.9583,19.0
2013-12-10 14:00:00+00:00,45.85,46.26,45.09,46.21,2423575.0,45.5835,11600.0
2013-12-10 15:00:00+00:00,46.218,46.72,46.04,46.18,2505603.0,46.3744,12538.0
2013-12-10 16:00:00+00:00,46.18,46.76,46.13,46.37,1350905.0,46.3835,9527.0
2013-12-10 17:00:00+00:00,46.375,46.699,46.25,46.55,1412755.0,46.5072,6689.0
2013-12-10 18:00:00+00:00,46.54,46.61,46.33,46.43,999223.0,46.4706,6314.0
2013-12-10 19:00:00+00:00,46.43,46.58,46.24,46.395,1739444.0,46.4588,8622.0
2013-12-10 20:00:00+00:00,46.4,46.58,46.395,46.48,1648071.0,46.4818,12152.0
2013-12-10 21:00:00+00:00,46.48,46.5,46.48,46.5,39128.0,46.4804,7.0
2013-12-10 22:00:00+00:00,46.64,46.64,46.64,46.64,1895.0,46.64,6.0
2013-12-11 00:00:00+00:00,46.75,46.75,46.75,46.75,200.0,46.75,1.0
2013-12-11 12:00:00+00:00,46.6,46.6,46.6,46.6,500.0,46.6,1.0
2013-12-11 13:00:00+00:00,46.67,46.67,46.46,46.46,8400.0,46.5411,41.0
2013-12-11 14:00:00+00:00,46.51,46.9,45.48,45.925,1803610.0,45.8557,10175.0
2013-12-11 15:00:00+00:00,45.93,46.08,45.51,45.82,1529092.0,45.7778,9677.0
2013-12-11 16:00:00+00:00,45.8164,45.87,45.68,45.79,865926.0,45.7787,5748.0
2013-12-11 17:00:00+00:00,45.78,45.925,45.555,45.83,924151.0,45.7559,6203.0
2013-12-11 18:00:00+00:00,45.83,46.02,45.7,46.0,698027.0,45.876,4850.0
2013-12-11 19:00:00+00:00,46.0185,46.28,45.975,46.1775,975493.0,46.1352,7135.0
2013-12-11 20:00:00+00:00,46.18,46.19,45.9,46.04,2189883.0,46.0314,15361.0
2013-12-11 21:00:00+00:00,46.04,46.04,46.04,46.04,8064.0,46.04,2.0
2013-12-11 23:00:00+00:00,46.08,46.08,46.08,46.08,250.0,46.08,1.0
2013-12-12 14:00:00+00:00,45.68,46.4,45.52,46.38,662189.0,46.0526,3850.0
2013-12-12 15:00:00+00:00,46.38,46.49,45.93,46.19,962402.0,46.1746,7030.0
2013-12-12 16:00:00+00:00,46.185,46.41,46.17,46.275,1037418.0,46.264,6798.0
2013-12-12 17:00:00+00:00,46.275,46.33,46.05,46.19,846753.0,46.2075,5318.0
2013-12-12 18:00:00+00:00,46.192,46.23,46.0,46.15,815098.0,46.1182,5176.0
2013-12-12 19:00:00+00:00,46.15,46.33,46.1,46.19,696402.0,46.2236,4737.0
2013-12-12 20:00:00+00:00,46.185,46.19,45.84,45.89,1361851.0,45.9783,10591.0
2013-12-12 21:00:00+00:00,45.86,45.88,45.76,45.76,10139.0,45.8668,20.0
2013-12-12 22:00:00+00:00,45.8,45.8,45.8,45.8,220.0,45.8,1.0
2013-12-13 00:00:00+00:00,45.8799,45.88,45.8799,45.88,200.0,45.88,2.0
2013-12-13 14:00:00+00:00,45.93,46.03,45.16,45.2301,715926.0,45.5545,4787.0
2013-12-13 15:00:00+00:00,45.24,45.63,45.2,45.56,961749.0,45.4657,6568.0
2013-12-13 16:00:00+00:00,45.55,45.66,45.4,45.65,767738.0,45.5303,5422.0
2013-12-13 17:00:00+00:00,45.66,45.84,45.545,45.65,349939.0,45.6871,2869.0
2013-12-13 18:00:00+00:00,45.66,46.03,45.65,45.85,655910.0,45.899,4805.0
2013-12-13 19:00:00+00:00,45.85,46.0,45.6774,45.97,542362.0,45.7981,4702.0
2013-12-13 20:00:00+00:00,45.97,46.26,45.91,46.13,1801422.0,46.1548,11907.0
2013-12-13 21:00:00+00:00,46.13,46.13,46.06,46.06,11732.0,46.1282,6.0
2013-12-16 13:00:00+00:00,46.22,46.51,46.2,46.45,4300.0,46.4118,14.0
2013-12-16 14:00:00+00:00,46.52,47.2,46.52,47.19,939128.0,46.8617,5027.0
2013-12-16 15:00:00+00:00,47.19,47.36,46.7799,46.91,1066153.0,47.0142,7357.0
2013-12-16 16:00:00+00:00,46.91,47.26,46.81,47.23,1177947.0,47.085,7430.0
2013-12-16 17:00:00+00:00,47.22,47.235,46.99,47.09,902270.0,47.1104,5460.0
2013-12-16 18:00:00+00:00,47.09,47.16,46.84,46.85,821602.0,47.0026,5786.0
2013-12-16 19:00:00+00:00,46.85,46.92,46.75,46.82,731018.0,46.8153,5193.0
2013-12-16 20:00:00+00:00,46.81,46.82,46.61,46.75,1305613.0,46.7179,8973.0
2013-12-16 21:00:00+00:00,46.77,47.11,46.7,46.75,142704.0,47.106,7.0
2013-12-17 14:00:00+00:00,46.89,47.13,46.44,47.13,617957.0,46.7638,3601.0
2013-12-17 15:00:00+00:00,47.14,47.14,46.7,46.84,1140168.0,46.9002,8550.0
2013-12-17 16:00:00+00:00,46.83,47.035,46.61,46.99,1286817.0,46.8505,8049.0
2013-12-17 17:00:00+00:00,46.985,47.15,46.98,47.13,512183.0,47.0525,4019.0
2013-12-17 18:00:00+00:00,47.13,47.24,46.8899,47.02,838734.0,47.0758,5573.0
2013-12-17 19:00:00+00:00,47.0107,47.24,46.97,47.1,733117.0,47.1054,5841.0
2013-12-17 20:00:00+00:00,47.11,47.28,46.97,47.0,1341660.0,47.0941,9798.0
2013-12-17 21:00:00+00:00,46.99,46.99,46.99,46.99,16662.0,46.99,5.0
2013-12-18 13:00:00+00:00,47.0,47.0,47.0,47.0,600.0,47.0,3.0
2013-12-18 14:00:00+00:00,47.0,47.67,47.0,47.37,913546.0,47.3385,4110.0
2013-12-18 15:00:00+00:00,47.3599,47.45,46.93,47.0,1572318.0,47.1447,9057.0
2013-12-18 16:00:00+00:00,47.0,47.04,46.87,46.93,821890.0,46.967,5500.0
2013-12-18 17:00:00+00:00,46.93,46.98,46.8499,46.865,421655.0,46.915,3141.0
2013-12-18 18:00:00+00:00,46.86,47.11,46.46,46.91,613122.0,46.6858,4515.0
2013-12-18 19:00:00+00:00,46.874,47.83,46.56,47.7,1314129.0,47.4375,9621.0
2013-12-18 20:00:00+00:00,47.71,48.15,47.655,48.1,2371349.0,47.9864,16422.0
2013-12-18 21:00:00+00:00,48.1,48.1,47.99,48.1,40029.0,47.8472,56.0
2013-12-19 13:00:00+00:00,48.3,48.4,48.05,48.05,1060.0,48.2207,6.0
2013-12-19 14:00:00+00:00,47.94,48.0,47.53,47.912,804826.0,47.7827,4147.0
2013-12-19 15:00:00+00:00,47.929,48.2,47.72,47.98,1013667.0,48.0145,7429.0
2013-12-19 16:00:00+00:00,47.98,48.18,47.68,47.7582,1238396.0,47.9776,8081.0
2013-12-19 17:00:00+00:00,47.76,47.76,47.36,47.4,744963.0,47.5812,4839.0
2013-12-19 18:00:00+00:00,47.39,47.42,46.97,47.31,1106353.0,47.2401,7453.0
2013-12-19 19:00:00+00:00,47.305,47.32,47.01,47.05,947621.0,47.1425,7177.0
2013-12-19 20:00:00+00:00,47.05,47.06,46.56,46.67,3319808.0,46.7231,20152.0
2013-12-19 21:00:00+00:00,46.66,46.66,46.58,46.66,170660.0,46.6599,11.0
2013-12-19 22:00:00+00:00,46.66,46.66,46.66,46.66,400.0,46.66,2.0
2013-12-19 23:00:00+00:00,46.81,46.81,46.81,46.81,150.0,46.81,1.0
2013-12-20 00:00:00+00:00,46.69,46.69,46.69,46.69,100.0,46.69,1.0
2013-12-20 14:00:00+00:00,46.71,47.6,46.57,47.5,2012531.0,47.0856,8774.0
2013-12-20 15:00:00+00:00,47.53,47.55,47.16,47.26,1079112.0,47.3133,7205.0
2013-12-20 16:00:00+00:00,47.27,47.58,47.24,47.32,624642.0,47.4244,4512.0
2013-12-20 17:00:00+00:00,47.3202,47.53,47.27,47.505,971705.0,47.4048,6078.0
2013-12-20 18:00:00+00:00,47.51,47.58,47.39,47.415,483414.0,47.4694,3819.0
2013-12-20 19:00:00+00:00,47.42,47.54,47.28,47.5,733633.0,47.4447,5257.0
2013-12-20 20:00:00+00:00,47.5,47.53,47.205,47.46,1897154.0,47.404,13080.0
2013-12-20 21:00:00+00:00,47.49,47.4995,47.4,47.46,28635.0,47.487,19.0
2013-12-20 22:00:00+00:00,47.33,47.46,47.33,47.46,282.0,47.3761,2.0
2013-12-23 12:00:00+00:00,47.58,47.58,47.58,47.58,300.0,47.58,1.0
2013-12-23 13:00:00+00:00,47.7,47.78,47.7,47.78,5640.0,47.7248,9.0
2013-12-23 14:00:00+00:00,47.86,48.09,47.571,47.9932,738514.0,47.9125,3484.0
2013-12-23 15:00:00+00:00,47.9906,48.34,47.93,48.09,1297316.0,48.0995,7823.0
2013-12-23 16:00:00+00:00,48.08,48.19,47.97,48.08,542449.0,48.083,3592.0
2013-12-23 17:00:00+00:00,48.08,48.3,47.9373,48.1802,569976.0,48.132,3827.0
2013-12-23 18:00:00+00:00,48.1923,48.35,48.15,48.26,493500.0,48.287,3207.0
2013-12-23 19:00:00+00:00,48.267,48.33,48.1541,48.22,517671.0,48.2468,3960.0
2013-12-23 20:00:00+00:00,48.23,48.38,48.23,48.355,1108713.0,48.3218,8290.0
2013-12-23 21:00:00+00:00,48.36,48.36,48.25,48.29,3574.0,48.2945,9.0
2013-12-23 23:00:00+00:00,48.3001,48.3001,48.3,48.3,318.0,48.3001,2.0
2013-12-24 00:00:00+00:00,48.29,48.29,48.29,48.29,300.0,48.29,1.0
2013-12-24 14:00:00+00:00,48.35,48.5,48.05,48.245,399042.0,48.2747,1680.0
2013-12-24 15:00:00+00:00,48.25,48.47,48.17,48.38,886891.0,48.3223,5336.0
2013-12-24 16:00:00+00:00,48.3918,48.52,48.32,48.46,648992.0,48.4522,4058.0
2013-12-24 17:00:00+00:00,48.4567,48.69,48.35,48.62,589031.0,48.5477,4377.0
2013-12-24 18:00:00+00:00,48.63,48.63,48.63,48.63,44698.0,48.63,1.0
2013-12-26 14:00:00+00:00,48.56,48.96,48.51,48.53,563093.0,48.6738,2897.0
2013-12-26 15:00:00+00:00,48.53,48.9,48.53,48.6502,1167314.0,48.6992,6623.0
2013-12-26 16:00:00+00:00,48.6569,48.92,48.58,48.87,399926.0,48.7281,3056.0
2013-12-26 17:00:00+00:00,48.87,48.92,48.7446,48.81,200786.0,48.8237,1742.0
2013-12-26 18:00:00+00:00,48.7992,48.9,48.7,48.85,264936.0,48.8012,2166.0
2013-12-26 19:00:00+00:00,48.84,48.87,48.7,48.76,290656.0,48.7719,2541.0
2013-12-26 20:00:00+00:00,48.75,48.87,48.69,48.77,856267.0,48.7683,6896.0
2013-12-26 22:00:00+00:00,48.74,48.74,48.74,48.74,100.0,48.74,1.0
2013-12-26 23:00:00+00:00,48.8,48.8,48.8,48.8,500.0,48.8,2.0
2013-12-27 00:00:00+00:00,48.8,48.8,48.8,48.8,600.0,48.8,3.0
2013-12-27 13:00:00+00:00,48.93,48.93,48.76,48.76,23177.0,48.7622,2.0
2013-12-27 14:00:00+00:00,48.87,48.87,48.263,48.28,393704.0,48.5118,2179.0
2013-12-27 15:00:00+00:00,48.26,48.35,47.875,47.89,856434.0,48.1327,4854.0
2013-12-27 16:00:00+00:00,47.9,48.58,47.8892,48.56,666825.0,48.2368,3739.0
2013-12-27 17:00:00+00:00,48.54,48.6,48.33,48.6,367986.0,48.4929,2184.0
2013-12-27 18:00:00+00:00,48.59,48.77,48.575,48.715,306603.0,48.6735,2024.0
2013-12-27 19:00:00+00:00,48.71,48.7466,48.585,48.595,283775.0,48.6614,2048.0
2013-12-27 20:00:00+00:00,48.6,48.72,48.56,48.68,681818.0,48.6672,4853.0
2013-12-27 21:00:00+00:00,48.67,48.67,48.67,48.67,3207.0,48.67,2.0
2013-12-27 22:00:00+00:00,48.75,48.75,48.75,48.75,643.0,48.75,3.0
2013-12-30 13:00:00+00:00,48.57,48.57,48.57,48.57,1000.0,48.57,9.0
2013-12-30 14:00:00+00:00,48.7,48.85,48.19,48.22,481714.0,48.4631,2684.0
2013-12-30 15:00:00+00:00,48.21,48.59,48.19,48.41,934829.0,48.4245,6099.0
2013-12-30 16:00:00+00:00,48.4,48.52,48.32,48.47,490154.0,48.4499,2947.0
2013-12-30 17:00:00+00:00,48.47,48.56,48.43,48.5174,278710.0,48.4923,2053.0
2013-12-30 18:00:00+00:00,48.52,48.59,48.45,48.5399,370813.0,48.5187,2469.0
2013-12-30 19:00:00+00:00,48.54,48.745,48.54,48.655,346300.0,48.652,2488.0
2013-12-30 20:00:00+00:00,48.65,48.76,48.59,48.64,906144.0,48.6809,6108.0
2013-12-30 22:00:00+00:00,48.6,48.6,48.6,48.6,200.0,48.6,1.0
2013-12-31 14:00:00+00:00,48.86,49.94,48.845,49.94,951285.0,49.5899,4753.0
2013-12-31 15:00:00+00:00,49.94,50.39,49.833,50.37,1426362.0,50.1279,8009.0
2013-12-31 16:00:00+00:00,50.37,50.48,50.12,50.19,942948.0,50.3303,5601.0
2013-12-31 17:00:00+00:00,50.19,50.5,50.05,50.5,559211.0,50.2545,3865.0
2013-12-31 18:00:00+00:00,50.5,50.54,50.35,50.42,496257.0,50.4502,3351.0
2013-12-31 19:00:00+00:00,50.43,50.455,50.2,50.27,439844.0,50.3165,2961.0
2013-12-31 20:00:00+00:00,50.27,50.5,50.06,50.4,1211145.0,50.3295,8691.0
2013-12-31 21:00:00+00:00,50.4,50.41,50.4,50.4,42613.0,50.4,11.0
2014-01-02 13:00:00+00:00,51.0,51.1,50.39,50.39,5710.0,50.4526,6.0
2014-01-02 14:00:00+00:00,50.4,50.5,49.93,50.24,741214.0,50.2061,3555.0
2014-01-02 15:00:00+00:00,50.25,50.495,50.15,50.39,721882.0,50.3677,4618.0
2014-01-02 16:00:00+00:00,50.38,50.42,49.7,49.8054,578628.0,50.0407,3963.0
2014-01-02 17:00:00+00:00,49.81,49.9899,49.74,49.78,309163.0,49.8262,2550.0
2014-01-02 18:00:00+00:00,49.79,49.855,49.66,49.69,460427.0,49.7496,3038.0
2014-01-02 19:00:00+00:00,49.7,49.84,49.57,49.78,428206.0,49.7133,3243.0
2014-01-02 20:00:00+00:00,49.78,49.96,49.69,49.86,1086299.0,49.8611,7901.0
2014-01-02 21:00:00+00:00,49.85,49.87,49.85,49.87,3370.0,49.8682,5.0
2014-01-02 22:00:00+00:00,49.855,49.855,49.855,49.855,100.0,49.855,1.0
2014-01-02 23:00:00+00:00,49.98,49.98,49.78,49.78,1100.0,49.9436,3.0
2014-01-03 13:00:00+00:00,50.02,50.02,49.87,49.87,400.0,49.945,2.0
2014-01-03 14:00:00+00:00,49.95,49.98,49.68,49.79,427764.0,49.8332,2547.0
2014-01-03 15:00:00+00:00,49.8,49.9,48.975,49.088,1283761.0,49.4892,8652.0
2014-01-03 16:00:00+00:00,49.083,49.5125,49.08,49.13,858909.0,49.2698,6160.0
2014-01-03 17:00:00+00:00,49.13,49.32,49.125,49.24,278477.0,49.2373,2228.0
2014-01-03 18:00:00+00:00,49.24,49.42,49.24,49.39,225720.0,49.34,1795.0
2014-01-03 19:00:00+00:00,49.39,49.555,49.375,49.45,360861.0,49.4505,2899.0
2014-01-03 20:00:00+00:00,49.46,49.5399,49.34,49.35,723100.0,49.4308,6238.0
2014-01-03 21:00:00+00:00,49.35,49.4665,49.35,49.4665,14982.0,49.4594,4.0
2014-01-06 13:00:00+00:00,49.55,49.65,49.5,49.65,900.0,49.5304,6.0
2014-01-06 14:00:00+00:00,49.56,50.45,49.48,50.32,877457.0,50.0629,4593.0
2014-01-06 15:00:00+00:00,50.3192,50.32,49.685,49.685,1537050.0,49.9906,7042.0
2014-01-06 16:00:00+00:00,49.6948,49.825,49.53,49.7001,573947.0,49.6904,4524.0
2014-01-06 17:00:00+00:00,49.695,49.92,49.5553,49.82,490029.0,49.7138,2836.0
2014-01-06 18:00:00+00:00,49.82,49.92,49.72,49.85,582557.0,49.8036,3688.0
2014-01-06 19:00:00+00:00,49.84,50.05,49.831,49.945,657839.0,49.9265,4369.0
2014-01-06 20:00:00+00:00,49.94,50.005,49.82,49.83,1228259.0,49.9186,8007.0
2014-01-06 21:00:00+00:00,49.83,49.91,49.72,49.83,93547.0,49.8296,14.0
2014-01-06 23:00:00+00:00,49.83,49.83,49.83,49.83,100.0,49.83,1.0
2014-01-07 00:00:00+00:00,49.83,49.83,49.83,49.83,125.0,49.83,1.0
2014-01-07 13:00:00+00:00,49.95,50.209,49.95,50.0,1400.0,50.1039,6.0
2014-01-07 14:00:00+00:00,49.9,50.12,49.03,49.55,1006847.0,49.4665,5574.0
2014-01-07 15:00:00+00:00,49.53,50.03,49.53,50.01,1501013.0,49.8178,9160.0
2014-01-07 16:00:00+00:00,50.015,50.22,50.01,50.18,1168931.0,50.132,5880.0
2014-01-07 17:00:00+00:00,50.19,50.65,50.02,50.44,1322410.0,50.32,7568.0
2014-01-07 18:00:00+00:00,50.43,51.15,50.29,50.935,1561490.0,50.7399,8805.0
2014-01-07 19:00:00+00:00,50.92,51.3,50.6068,51.27,1829524.0,51.0032,13143.0
2014-01-07 20:00:00+00:00,51.27,52.03,51.17,51.42,4485808.0,51.6094,26964.0
2014-01-07 21:00:00+00:00,51.42,51.42,51.42,51.42,145.0,51.42,1.0
2014-01-08 14:00:00+00:00,51.42,51.565,51.03,51.23,1280712.0,51.3215,4976.0
2014-01-08 15:00:00+00:00,51.24,51.32,50.8,51.0,1348773.0,51.0425,8294.0
2014-01-08 16:00:00+00:00,51.0,51.24,50.69,51.04,1683211.0,50.9296,7842.0
2014-01-08 17:00:00+00:00,51.04,51.23,50.9,51.21,1234389.0,51.0075,4486.0
2014-01-08 18:00:00+00:00,51.2,51.51,51.1,51.345,958101.0,51.2953,6134.0
2014-01-08 19:00:00+00:00,51.35,51.72,51.14,51.59,1287565.0,51.3923,8941.0
2014-01-08 20:00:00+00:00,51.58,51.91,51.44,51.86,3278232.0,51.694,16991.0
2014-01-08 21:00:00+00:00,51.86,51.86,51.86,51.86,72441.0,51.86,8.0
2014-01-08 22:00:00+00:00,51.61,51.95,51.61,51.95,1300.0,51.6885,4.0
2014-01-09 13:00:00+00:00,52.05,52.06,52.05,52.06,2410.0,52.0573,5.0
2014-01-09 14:00:00+00:00,52.05,52.98,51.95,52.89,1359659.0,52.4875,6665.0
2014-01-09 15:00:00+00:00,52.886,53.03,52.56,52.8959,1550158.0,52.8334,9943.0
2014-01-09 16:00:00+00:00,52.89,52.99,52.55,52.73,1332587.0,52.7582,10150.0
2014-01-09 17:00:00+00:00,52.725,52.79,52.57,52.76,1050492.0,52.6773,7355.0
2014-01-09 18:00:00+00:00,52.765,52.78,52.38,52.55,1578280.0,52.5723,8404.0
2014-01-09 19:00:00+00:00,52.555,52.68,52.48,52.67,1424884.0,52.5704,9099.0
2014-01-09 20:00:00+00:00,52.675,53.0,52.67,52.91,2133655.0,52.8641,13769.0
2014-01-09 21:00:00+00:00,52.9,52.9,52.9,52.9,8890.0,52.9,2.0
2014-01-09 22:00:00+00:00,52.11,52.35,52.11,52.35,200.0,52.23,2.0
2014-01-10 00:00:00+00:00,53.0,53.0,53.0,53.0,330.0,53.0,3.0
2014-01-10 13:00:00+00:00,53.0,53.0,52.9,52.9,700.0,52.9443,4.0
2014-01-10 14:00:00+00:00,52.9,53.3,52.63,52.69,1040358.0,52.9086,5299.0
2014-01-10 15:00:00+00:00,52.7,52.81,52.26,52.7001,1069379.0,52.5397,6817.0
2014-01-10 16:00:00+00:00,52.7,53.45,52.67,53.3,1310408.0,53.1561,8455.0
2014-01-10 17:00:00+00:00,53.31,53.44,53.12,53.365,896981.0,53.2656,5796.0
2014-01-10 18:00:00+00:00,53.36,53.3705,52.98,53.101,1254371.0,53.1527,6721.0
2014-01-10 19:00:00+00:00,53.105,53.12,52.84,52.985,1151836.0,52.9889,8134.0
2014-01-10 20:00:00+00:00,52.99,53.37,52.99,53.25,3129882.0,53.2081,20170.0
2014-01-13 13:00:00+00:00,52.78,52.78,52.78,52.78,1550.0,52.78,11.0
2014-01-13 14:00:00+00:00,53.19,53.64,52.8,53.3099,877314.0,53.2477,4723.0
2014-01-13 15:00:00+00:00,53.3062,53.315,52.84,53.04,837408.0,53.037,6328.0
2014-01-13 16:00:00+00:00,53.04,53.095,52.68,52.79,687335.0,52.86,5173.0
2014-01-13 17:00:00+00:00,52.79,52.81,52.39,52.4,772453.0,52.5962,5485.0
2014-01-13 18:00:00+00:00,52.39,52.47,52.2,52.23,785878.0,52.3368,5713.0
2014-01-13 19:00:00+00:00,52.22,52.32,51.8588,51.88,1091983.0,52.1171,7569.0
2014-01-13 20:00:00+00:00,51.88,51.88,51.16,51.495,2708749.0,51.4837,19206.0
2014-01-13 21:00:00+00:00,51.49,52.51,51.49,52.51,12877.0,51.5263,9.0
2014-01-13 22:00:00+00:00,51.8,51.8,51.8,51.8,100.0,51.8,1.0
2014-01-13 23:00:00+00:00,51.56,51.74,51.521,51.74,4200.0,51.5793,9.0
2014-01-14 00:00:00+00:00,51.74,51.74,51.57,51.6,850.0,51.6076,5.0
2014-01-14 13:00:00+00:00,51.52,52.35,51.52,51.99,1400.0,52.0512,4.0
2014-01-14 14:00:00+00:00,51.98,52.5,51.98,52.345,842974.0,52.2911,5082.0
2014-01-14 15:00:00+00:00,52.3462,52.57,52.25,52.51,1485642.0,52.3935,9603.0
2014-01-14 16:00:00+00:00,52.52,52.58,52.15,52.16,890943.0,52.3253,6159.0
2014-01-14 17:00:00+00:00,52.1602,52.2,51.89,51.905,1047918.0,52.0396,7296.0
2014-01-14 18:00:00+00:00,51.91,52.08,51.89,51.95,869386.0,51.9782,5695.0
2014-01-14 19:00:00+00:00,51.945,52.14,51.8,52.045,934059.0,51.9403,5903.0
2014-01-14 20:00:00+00:00,52.045,52.4165,52.0,52.38,1321445.0,52.285,9794.0
2014-01-14 21:00:00+00:00,52.38,52.38,52.38,52.38,11551.0,52.38,2.0
2014-01-14 22:00:00+00:00,52.44,52.5,52.44,52.5,3726.0,52.4052,5.0
2014-01-15 13:00:00+00:00,52.51,52.51,52.51,52.51,200.0,52.51,1.0
2014-01-15 14:00:00+00:00,52.26,52.28,51.139,51.5,1642199.0,51.6805,7097.0
2014-01-15 15:00:00+00:00,51.51,51.59,50.76,51.08,2432940.0,51.2656,12902.0
2014-01-15 16:00:00+00:00,51.08,51.36,50.76,50.93,1800041.0,51.0748,9872.0
2014-01-15 17:00:00+00:00,50.926,51.27,50.78,50.8,997118.0,51.0527,5723.0
2014-01-15 18:00:00+00:00,50.8,51.02,50.77,50.99,877730.0,50.872,6168.0
2014-01-15 19:00:00+00:00,50.99,51.58,50.845,51.55,1239031.0,51.1719,7890.0
2014-01-15 20:00:00+00:00,51.55,51.94,51.55,51.65,3169241.0,51.7052,18034.0
2014-01-15 21:00:00+00:00,51.64,51.64,51.55,51.55,8719.0,51.6358,7.0
2014-01-15 22:00:00+00:00,51.35,51.38,51.35,51.38,550.0,51.3673,4.0
2014-01-15 23:00:00+00:00,51.45,51.55,51.45,51.47,1445.0,51.4797,6.0
2014-01-16 00:00:00+00:00,51.55,51.55,51.55,51.55,250.0,51.55,2.0
2014-01-16 13:00:00+00:00,51.5,51.5,51.41,51.43,600.0,51.4317,3.0
2014-01-16 14:00:00+00:00,51.22,51.48,51.02,51.045,1058394.0,51.2473,5886.0
2014-01-16 15:00:00+00:00,51.04,51.11,50.01,50.15,2728436.0,50.523,16763.0
2014-01-16 16:00:00+00:00,50.145,50.61,50.07,50.555,1760542.0,50.4232,11087.0
2014-01-16 17:00:00+00:00,50.55,50.59,50.34,50.44,985335.0,50.4577,6687.0
2014-01-16 18:00:00+00:00,50.45,50.57,50.31,50.39,913088.0,50.4621,5879.0
2014-01-16 19:00:00+00:00,50.4,51.03,50.34,51.0299,1265454.0,50.596,8861.0
2014-01-16 20:00:00+00:00,51.03,51.09,50.81,50.89,1639389.0,50.928,11835.0
2014-01-16 21:00:00+00:00,50.88,50.88,50.67,50.67,2728.0,50.8135,12.0
2014-01-17 13:00:00+00:00,51.0,51.0,51.0,51.0,100.0,51.0,1.0
2014-01-17 14:00:00+00:00,50.82,51.36,50.3101,51.34,1004328.0,50.9027,4313.0
2014-01-17 15:00:00+00:00,51.34,51.86,51.28,51.66,979186.0,51.5909,6903.0
2014-01-17 16:00:00+00:00,51.66,51.97,51.66,51.89,756842.0,51.8232,4923.0
2014-01-17 17:00:00+00:00,51.9,52.01,51.6759,51.69,582253.0,51.8681,3885.0
2014-01-17 18:00:00+00:00,51.69,51.72,51.48,51.49,555936.0,51.5673,3397.0
2014-01-17 19:00:00+00:00,51.49,51.89,51.4,51.77,742906.0,51.6306,5343.0
2014-01-17 20:00:00+00:00,51.78,51.81,51.37,51.42,1770326.0,51.5235,12240.0
2014-01-17 21:00:00+00:00,51.42,51.42,51.419,51.419,3687.0,51.4191,2.0
2014-01-17 23:00:00+00:00,51.5,51.5,51.5,51.5,1700.0,51.5,3.0
2014-01-21 13:00:00+00:00,51.7,51.7,51.63,51.63,400.0,51.665,2.0
2014-01-21 14:00:00+00:00,52.0,52.84,52.0,52.53,867671.0,52.472,4701.0
2014-01-21 15:00:00+00:00,52.53,52.54,51.93,51.96,755588.0,52.2415,6120.0
2014-01-21 16:00:00+00:00,51.94,52.05,51.72,51.76,639930.0,51.8639,5219.0
2014-01-21 17:00:00+00:00,51.76,52.15,51.67,52.09,611005.0,51.8985,4999.0
2014-01-21 18:00:00+00:00,52.08,52.25,52.02,52.07,620222.0,52.1129,4686.0
2014-01-21 19:00:00+00:00,52.08,52.1,51.73,51.8,615580.0,51.9157,4902.0
2014-01-21 20:00:00+00:00,51.8,51.91,51.62,51.89,1359079.0,51.7972,10435.0
2014-01-21 21:00:00+00:00,51.89,51.89,51.75,51.75,4114.0,51.8866,5.0
2014-01-22 13:00:00+00:00,51.89,51.89,51.89,51.89,100.0,51.89,1.0
2014-01-22 14:00:00+00:00,51.341,51.88,51.341,51.8001,392667.0,51.716,2633.0
2014-01-22 15:00:00+00:00,51.8099,51.97,51.3,51.34,757320.0,51.596,5855.0
2014-01-22 16:00:00+00:00,51.35,51.43,50.97,51.01,568535.0,51.1266,4093.0
2014-01-22 17:00:00+00:00,51.0136,51.03,50.74,50.99,690619.0,50.9308,5188.0
2014-01-22 18:00:00+00:00,50.98,51.06,50.65,50.72,726165.0,50.8962,5191.0
2014-01-22 19:00:00+00:00,50.71,50.94,50.52,50.84,1192307.0,50.7497,7529.0
2014-01-22 20:00:00+00:00,50.85,51.18,50.845,50.96,1953836.0,51.0362,13117.0
2014-01-22 21:00:00+00:00,50.95,50.95,50.95,50.95,7439.0,50.95,6.0
2014-01-22 22:00:00+00:00,50.95,53.5,50.95,52.5,56179.0,52.5676,234.0
2014-01-22 23:00:00+00:00,52.99,53.0,52.55,52.91,8015.0,52.8681,29.0
2014-01-23 00:00:00+00:00,52.91,52.96,52.81,52.86,5035.0,52.8785,11.0
2014-01-23 10:00:00+00:00,52.8,53.26,52.8,53.26,900.0,52.8944,4.0
2014-01-23 11:00:00+00:00,53.0,53.33,52.57,52.57,3960.0,53.0748,11.0
2014-01-23 12:00:00+00:00,52.58,53.08,52.57,52.89,32119.0,52.9,61.0
2014-01-23 13:00:00+00:00,52.89,53.0,52.0,52.3,125566.0,52.3553,228.0
2014-01-23 14:00:00+00:00,52.3,52.3,50.9,51.86,2179740.0,51.7224,10833.0
2014-01-23 15:00:00+00:00,51.87,51.9,50.34,50.47,2093970.0,51.0235,14859.0
2014-01-23 16:00:00+00:00,50.47,50.86,50.44,50.81,1135875.0,50.7249,7654.0
2014-01-23 17:00:00+00:00,50.7901,51.07,50.7,50.83,1118276.0,50.9341,7324.0
2014-01-23 18:00:00+00:00,50.82,50.84,50.58,50.6227,1069330.0,50.6873,7456.0
2014-01-23 19:00:00+00:00,50.6246,50.95,50.6225,50.898,841239.0,50.7868,6836.0
2014-01-23 20:00:00+00:00,50.895,51.34,50.82,51.24,1978690.0,51.1294,13866.0
2014-01-23 21:00:00+00:00,51.25,51.25,51.25,51.25,1733.0,51.25,6.0
2014-01-23 22:00:00+00:00,51.15,51.2,51.15,51.2,475.0,51.1605,4.0
2014-01-24 00:00:00+00:00,51.15,51.15,51.15,51.15,300.0,51.15,1.0
2014-01-24 11:00:00+00:00,51.15,51.15,51.15,51.15,300.0,51.15,3.0
2014-01-24 13:00:00+00:00,51.05,51.05,51.05,51.05,200.0,51.05,2.0
2014-01-24 14:00:00+00:00,50.81,50.81,50.02,50.53,830406.0,50.4372,5629.0
2014-01-24 15:00:00+00:00,50.52,50.57,49.28,49.305,2186505.0,49.858,14524.0
2014-01-24 16:00:00+00:00,49.3,49.34,48.65,49.287,2028767.0,49.0554,12493.0
2014-01-24 17:00:00+00:00,49.2825,49.9,49.15,49.88,1026765.0,49.5607,8411.0
2014-01-24 18:00:00+00:00,49.88,49.94,49.305,49.31,704861.0,49.6637,5194.0
2014-01-24 19:00:00+00:00,49.31,49.48,49.06,49.43,1027627.0,49.2825,7336.0
2014-01-24 20:00:00+00:00,49.43,49.45,49.035,49.05,2652699.0,49.2873,16499.0
2014-01-24 21:00:00+00:00,49.04,49.04,49.04,49.04,138.0,49.04,1.0
2014-01-24 22:00:00+00:00,49.01,49.011,49.01,49.01,770.0,49.0101,4.0
2014-01-24 23:00:00+00:00,49.01,49.01,49.0,49.0,883.0,49.0034,4.0
2014-01-27 13:00:00+00:00,49.95,49.95,49.36,49.36,1200.0,49.6475,8.0
2014-01-27 14:00:00+00:00,49.84,49.88,49.24,49.5,765157.0,49.5204,4674.0
2014-01-27 15:00:00+00:00,49.5,49.8,48.97,49.07,1094776.0,49.3594,7932.0
2014-01-27 16:00:00+00:00,49.06,49.17,48.81,48.9821,926105.0,49.0126,6639.0
2014-01-27 17:00:00+00:00,48.98,48.99,48.66,48.87,873866.0,48.867,4254.0
2014-01-27 18:00:00+00:00,48.865,49.36,48.84,49.29,818460.0,49.1931,5656.0
2014-01-27 19:00:00+00:00,49.3,50.07,49.3,50.01,950341.0,49.6979,6594.0
2014-01-27 20:00:00+00:00,50.0,50.11,49.55,49.56,1774179.0,49.8085,13711.0
2014-01-27 21:00:00+00:00,49.57,49.6,49.57,49.6,12484.0,49.5716,11.0
2014-01-28 00:00:00+00:00,49.5,49.5,49.5,49.5,250.0,49.5,1.0
2014-01-28 14:00:00+00:00,49.52,49.755,48.71,49.71,677686.0,49.2925,4523.0
2014-01-28 15:00:00+00:00,49.74,50.1601,49.59,50.13,1268741.0,49.9404,7136.0
2014-01-28 16:00:00+00:00,50.13,50.175,49.72,49.73,729601.0,49.9022,5558.0
2014-01-28 17:00:00+00:00,49.73,49.84,49.51,49.79,454391.0,49.6888,3531.0
2014-01-28 18:00:00+00:00,49.8,49.9,49.73,49.88,742254.0,49.7854,3789.0
2014-01-28 19:00:00+00:00,49.88,50.12,49.86,50.04,535869.0,49.967,4557.0
2014-01-28 20:00:00+00:00,50.04,50.31,49.995,50.2036,2257170.0,50.164,14994.0
2014-01-28 21:00:00+00:00,50.22,50.22,50.2,50.22,41469.0,49.9446,6.0
2014-01-28 22:00:00+00:00,50.22,50.22,50.22,50.22,100.0,50.22,1.0
2014-01-28 23:00:00+00:00,50.0201,50.0201,50.02,50.02,228.0,50.0201,2.0
2014-01-29 00:00:00+00:00,50.45,50.45,50.45,50.45,100.0,50.45,1.0
2014-01-29 13:00:00+00:00,50.45,50.45,49.9,49.96,2600.0,50.2167,11.0
2014-01-29 14:00:00+00:00,49.98,50.09,48.6,49.75,1207304.0,49.3253,6934.0
2014-01-29 15:00:00+00:00,49.72,51.6,49.66,51.29,2233233.0,50.6753,13233.0
2014-01-29 16:00:00+00:00,51.29,52.24,51.08,52.2,1616151.0,51.7298,9456.0
2014-01-29 17:00:00+00:00,52.24,52.44,51.34,51.55,2316324.0,51.9068,10339.0
2014-01-29 18:00:00+00:00,51.54,51.58,51.1,51.48,834347.0,51.3369,5135.0
2014-01-29 19:00:00+00:00,51.46,51.88,51.05,51.46,1190390.0,51.343,8013.0
2014-01-29 20:00:00+00:00,51.46,51.715,51.19,51.4,1973431.0,51.412,14514.0
2014-01-29 21:00:00+00:00,51.4,51.4,51.4,51.4,51953.0,51.4,2.0
2014-01-29 23:00:00+00:00,51.44,51.44,51.44,51.44,200.0,51.44,1.0
2014-01-30 11:00:00+00:00,51.44,51.44,51.44,51.44,1000.0,51.44,6.0
2014-01-30 12:00:00+00:00,50.8,50.82,50.8,50.8,700.0,50.8114,6.0
2014-01-30 13:00:00+00:00,51.73,51.73,51.0,51.62,1800.0,51.5228,9.0
2014-01-30 14:00:00+00:00,51.95,52.8,51.92,52.21,1124603.0,52.2931,6172.0
2014-01-30 15:00:00+00:00,52.19,52.21,51.42,51.5,1011832.0,51.7734,7209.0
2014-01-30 16:00:00+00:00,51.52,51.77,51.43,51.65,568535.0,51.5813,4408.0
2014-01-30 17:00:00+00:00,51.66,52.04,51.63,51.85,525688.0,51.8406,3942.0
2014-01-30 18:00:00+00:00,51.84,52.04,51.73,51.89,446343.0,51.9052,3278.0
2014-01-30 19:00:00+00:00,51.88,51.91,51.45,51.61,596704.0,51.6658,4329.0
2014-01-30 20:00:00+00:00,51.615,51.72,51.31,51.41,1937817.0,51.5368,11650.0
2014-01-30 21:00:00+00:00,51.41,51.41,51.21,51.21,708.0,51.3535,5.0
2014-01-31 00:00:00+00:00,51.4,51.4,51.39,51.39,775.0,51.3983,6.0
2014-01-31 11:00:00+00:00,50.75,50.75,50.75,50.75,500.0,50.75,1.0
2014-01-31 13:00:00+00:00,50.8,50.9,50.51,50.54,3200.0,50.6992,11.0
2014-01-31 14:00:00+00:00,50.8,52.23,50.8,51.97,1011763.0,51.7269,5183.0
2014-01-31 15:00:00+00:00,52.0,52.19,51.38,51.66,864091.0,51.7602,5783.0
2014-01-31 16:00:00+00:00,51.65,51.8926,51.47,51.5,556565.0,51.6503,3802.0
2014-01-31 17:00:00+00:00,51.5,51.822,51.48,51.8,590899.0,51.6904,3528.0
2014-01-31 18:00:00+00:00,51.79,51.86,51.64,51.7,601070.0,51.7241,3927.0
2014-01-31 19:00:00+00:00,51.7,51.74,51.555,51.59,617059.0,51.6832,4462.0
2014-01-31 20:00:00+00:00,51.59,51.6,51.07,51.1,1563243.0,51.2612,10704.0
2014-01-31 21:00:00+00:00,51.1,51.16,51.1,51.1501,17056.0,51.1044,13.0
2014-01-31 22:00:00+00:00,51.15,51.15,51.15,51.15,100.0,51.15,1.0
2014-01-31 23:00:00+00:00,51.15,51.15,51.15,51.15,250.0,51.15,1.0
2014-02-03 13:00:00+00:00,51.25,51.25,51.2,51.2,1348.0,51.224,7.0
2014-02-03 14:00:00+00:00,51.1,51.49,50.54,50.85,965982.0,51.0908,5158.0
2014-02-03 15:00:00+00:00,50.86,50.86,49.7,50.29,1325172.0,50.163,9110.0
2014-02-03 16:00:00+00:00,50.3,50.3,49.77,49.8,913033.0,49.9624,6824.0
2014-02-03 17:00:00+00:00,49.7965,50.04,49.56,49.82,740380.0,49.7995,6123.0
2014-02-03 18:00:00+00:00,49.83,49.9,49.24,49.255,818694.0,49.5092,6635.0
2014-02-03 19:00:00+00:00,49.255,49.355,48.8,48.82,1232410.0,49.0991,9786.0
2014-02-03 20:00:00+00:00,48.82,49.02,48.71,48.85,2540624.0,48.8411,19628.0
2014-02-03 21:00:00+00:00,48.85,48.85,48.84,48.85,5732.0,48.8497,8.0
2014-02-03 22:00:00+00:00,48.85,48.85,48.8,48.8,376.0,48.8266,2.0
2014-02-03 23:00:00+00:00,48.68,48.85,48.68,48.85,1674.0,48.7464,10.0
2014-02-04 13:00:00+00:00,48.81,49.36,48.81,49.36,300.0,49.1767,2.0
2014-02-04 14:00:00+00:00,49.3,49.3,46.64,47.65,3820805.0,47.4776,24038.0
2014-02-04 15:00:00+00:00,47.64,47.91,47.14,47.51,3022223.0,47.4755,21344.0
2014-02-04 16:00:00+00:00,47.5,48.42,47.45,47.98,2581801.0,47.8163,16759.0
2014-02-04 17:00:00+00:00,47.99,48.49,47.91,48.4048,1586752.0,48.1486,10879.0
2014-02-04 18:00:00+00:00,48.405,48.76,47.9607,47.97,1266760.0,48.3916,9993.0
2014-02-04 19:00:00+00:00,47.97,48.712,47.94,48.712,825336.0,48.3417,7153.0
2014-02-04 20:00:00+00:00,48.69,48.75,48.22,48.23,2139182.0,48.4908,15305.0
2014-02-04 21:00:00+00:00,48.24,48.85,48.2,48.24,1760.0,48.5105,6.0
2014-02-04 23:00:00+00:00,48.1,48.1,48.1,48.1,200.0,48.1,2.0
2014-02-05 00:00:00+00:00,48.03,48.1,48.03,48.1,297.0,48.0764,5.0
2014-02-05 13:00:00+00:00,48.0,48.03,47.9,48.03,700.0,47.9757,3.0
2014-02-05 14:00:00+00:00,48.1,48.24,46.27,46.7,2171201.0,46.8149,12533.0
2014-02-05 15:00:00+00:00,46.65,47.0,46.3,46.92,3214952.0,46.6725,18308.0
2014-02-05 16:00:00+00:00,46.92,47.26,46.54,47.01,2773391.0,46.8621,14308.0
2014-02-05 17:00:00+00:00,47.01,47.05,46.735,46.98,1353502.0,46.8857,7895.0
2014-02-05 18:00:00+00:00,46.9731,47.236,46.69,46.79,1495595.0,46.9309,9573.0
2014-02-05 19:00:00+00:00,46.79,46.84,46.465,46.51,1181772.0,46.6871,7803.0
2014-02-05 20:00:00+00:00,46.51,46.605,46.28,46.37,3062666.0,46.4182,20054.0
2014-02-05 21:00:00+00:00,46.37,46.39,46.34,46.39,182617.0,46.6633,18.0
2014-02-05 22:00:00+00:00,46.31,46.37,46.0,46.0,2448.0,46.1904,19.0
2014-02-05 23:00:00+00:00,46.02,46.02,46.01,46.02,8899.0,46.0193,16.0
2014-02-06 00:00:00+00:00,46.03,46.04,46.03,46.04,1000.0,46.035,3.0
2014-02-06 13:00:00+00:00,46.55,46.55,46.55,46.55,600.0,46.5375,5.0
2014-02-06 14:00:00+00:00,46.35,46.62,45.9,46.4,934344.0,46.2843,4471.0
2014-02-06 15:00:00+00:00,46.395,47.0,46.24,46.79,1613864.0,46.5447,10721.0
2014-02-06 16:00:00+00:00,46.8,46.99,46.69,46.975,603632.0,46.8558,4696.0
2014-02-06 17:00:00+00:00,46.9798,47.05,46.81,46.81,739073.0,46.9712,4749.0
2014-02-06 18:00:00+00:00,46.82,47.15,46.81,46.9125,912193.0,47.0101,6368.0
2014-02-06 19:00:00+00:00,46.92,47.24,46.89,47.18,933446.0,47.0537,6656.0
2014-02-06 20:00:00+00:00,47.18,47.4,47.13,47.17,2606784.0,47.2437,12892.0
2014-02-06 21:00:00+00:00,47.18,47.18,47.18,47.18,190.0,47.18,2.0
2014-02-06 23:00:00+00:00,47.1,47.1,47.1,47.1,400.0,47.1,2.0
2014-02-07 13:00:00+00:00,47.1,47.1,47.1,47.1,1100.0,47.1,3.0
2014-02-07 14:00:00+00:00,47.17,47.94,47.16,47.87,705683.0,47.7126,4575.0
2014-02-07 15:00:00+00:00,47.87,48.36,47.51,48.319,1474403.0,47.8011,8560.0
2014-02-07 16:00:00+00:00,48.34,48.76,48.29,48.493,1088519.0,48.5314,7980.0
2014-02-07 17:00:00+00:00,48.5,48.5,47.96,48.13,1020123.0,48.1873,5875.0
2014-02-07 18:00:00+00:00,48.125,48.44,48.06,48.38,726397.0,48.1977,5163.0
2014-02-07 19:00:00+00:00,48.38,48.555,48.35,48.5,1049028.0,48.4562,6501.0
2014-02-07 20:00:00+00:00,48.495,48.92,48.43,48.82,3401996.0,48.7586,15553.0
2014-02-07 21:00:00+00:00,48.82,48.9,47.18,47.18,930.0,48.3082,4.0
2014-02-07 22:00:00+00:00,48.98,48.98,48.98,48.98,100.0,48.98,1.0
2014-02-08 00:00:00+00:00,48.97,48.97,48.97,48.97,120.0,48.97,1.0
2014-02-10 13:00:00+00:00,48.7,48.7,48.7,48.7,800.0,48.7,2.0
2014-02-10 14:00:00+00:00,48.57,48.79,47.4,47.7,823137.0,47.8904,5352.0
2014-02-10 15:00:00+00:00,47.7,47.86,47.28,47.37,873905.0,47.5791,6536.0
2014-02-10 16:00:00+00:00,47.38,47.51,47.25,47.295,980274.0,47.3856,6537.0
2014-02-10 17:00:00+00:00,47.29,47.3599,47.01,47.18,890325.0,47.1573,5194.0
2014-02-10 18:00:00+00:00,47.18,47.425,47.165,47.355,868686.0,47.3255,5792.0
2014-02-10 19:00:00+00:00,47.35,47.45,47.28,47.291,780904.0,47.3593,6040.0
2014-02-10 20:00:00+00:00,47.3,47.39,47.22,47.35,2093569.0,47.298,13667.0
2014-02-10 21:00:00+00:00,47.36,47.36,47.34,47.35,297643.0,47.1292,7.0
2014-02-11 13:00:00+00:00,47.41,47.77,47.38,47.65,2195.0,47.569,11.0
2014-02-11 14:00:00+00:00,47.45,48.28,47.26,48.04,751081.0,47.8957,4595.0
2014-02-11 15:00:00+00:00,48.04,48.405,47.75,48.12,1082074.0,48.0963,8040.0
2014-02-11 16:00:00+00:00,48.14,48.44,47.89,48.2441,626736.0,48.2074,4839.0
2014-02-11 17:00:00+00:00,48.2425,48.32,47.95,47.98,534822.0,48.1497,4335.0
2014-02-11 18:00:00+00:00,47.99,48.12,47.99,47.99,451736.0,48.0567,3586.0
2014-02-11 19:00:00+00:00,47.98,48.05,47.77,47.85,845709.0,47.9196,5786.0
2014-02-11 20:00:00+00:00,47.85,47.99,47.78,47.81,1769021.0,47.854,12094.0
2014-02-11 21:00:00+00:00,47.82,47.82,47.82,47.82,5133.0,47.82,3.0
2014-02-11 23:00:00+00:00,47.97,47.97,47.8,47.8,200.0,47.885,2.0
2014-02-12 00:00:00+00:00,47.82,47.82,47.82,47.82,20449.0,47.82,1.0
2014-02-12 14:00:00+00:00,47.99,48.35,47.86,47.886,512908.0,48.1104,2999.0
2014-02-12 15:00:00+00:00,47.89,47.925,47.51,47.74,736276.0,47.6926,4987.0
2014-02-12 16:00:00+00:00,47.73,47.985,47.635,47.6475,802450.0,47.8389,5917.0
2014-02-12 17:00:00+00:00,47.64,48.005,47.48,47.81,1060836.0,47.7175,7165.0
2014-02-12 18:00:00+00:00,47.82,47.83,47.55,47.62,514056.0,47.6761,3807.0
2014-02-12 19:00:00+00:00,47.63,47.655,47.43,47.43,484607.0,47.5363,3166.0
2014-02-12 20:00:00+00:00,47.44,47.66,47.3,47.63,1586263.0,47.4915,10212.0
2014-02-13 00:00:00+00:00,47.64,47.64,47.64,47.64,300.0,47.64,2.0
2014-02-13 14:00:00+00:00,47.46,48.24,47.34,48.0,706675.0,47.9153,4094.0
2014-02-13 15:00:00+00:00,48.01,48.13,47.6501,48.03,778020.0,47.92,6686.0
2014-02-13 16:00:00+00:00,48.02,48.19,47.825,48.13,681799.0,48.0142,5255.0
2014-02-13 17:00:00+00:00,48.12,48.37,48.09,48.31,585981.0,48.2451,4059.0
2014-02-13 18:00:00+00:00,48.32,48.87,48.275,48.73,918326.0,48.5968,5994.0
2014-02-13 19:00:00+00:00,48.73,48.88,48.59,48.86,952366.0,48.7227,6721.0
2014-02-13 20:00:00+00:00,48.85,49.04,48.77,49.0,1841993.0,48.9402,13115.0
2014-02-13 21:00:00+00:00,49.03,49.03,49.01,49.01,200.0,49.02,2.0
2014-02-13 22:00:00+00:00,48.9,48.9,48.9,48.9,100.0,48.9,1.0
2014-02-13 23:00:00+00:00,49.0,49.0,49.0,49.0,200.0,49.0,1.0
2014-02-14 13:00:00+00:00,49.48,49.48,49.0,49.0,400.0,49.125,3.0
2014-02-14 14:00:00+00:00,48.87,49.35,48.37,49.35,593768.0,48.9099,4550.0
2014-02-14 15:00:00+00:00,49.3,50.16,49.0,50.033,1891941.0,49.7697,13853.0
2014-02-14 16:00:00+00:00,50.04,50.12,49.3,49.54,885668.0,49.5913,7133.0
2014-02-14 17:00:00+00:00,49.54,49.58,49.31,49.385,466077.0,49.4623,3842.0
2014-02-14 18:00:00+00:00,49.38,49.61,49.345,49.5299,495335.0,49.4592,4077.0
2014-02-14 19:00:00+00:00,49.53,49.81,49.525,49.78,578807.0,49.6923,5003.0
2014-02-14 20:00:00+00:00,49.77,49.87,49.635,49.86,1553607.0,49.7714,11324.0
2014-02-14 21:00:00+00:00,49.86,50.21,49.74,50.21,10236.0,49.9866,35.0
2014-02-15 00:00:00+00:00,49.9,49.9,49.9,49.9,300.0,49.9,2.0
2014-02-18 13:00:00+00:00,49.86,50.16,49.86,50.16,1400.0,49.9671,7.0
2014-02-18 14:00:00+00:00,50.15,50.63,49.93,50.54,771274.0,50.2871,5019.0
2014-02-18 15:00:00+00:00,50.52,50.57,50.11,50.375,984369.0,50.3527,6810.0
2014-02-18 16:00:00+00:00,50.36,50.82,50.32,50.625,881450.0,50.5378,6053.0
2014-02-18 17:00:00+00:00,50.622,50.7,50.5,50.618,769136.0,50.6028,5527.0
2014-02-18 18:00:00+00:00,50.6146,50.64,50.4,50.52,680585.0,50.5225,4631.0
2014-02-18 19:00:00+00:00,50.525,50.58,50.42,50.55,806069.0,50.4827,5670.0
2014-02-18 20:00:00+00:00,50.54,50.7685,50.45,50.74,1891886.0,50.6442,12167.0
2014-02-18 21:00:00+00:00,50.74,50.79,50.74,50.79,660.0,50.7476,3.0
2014-02-18 23:00:00+00:00,50.6,50.6,50.6,50.6,150.0,50.6,2.0
2014-02-19 13:00:00+00:00,50.84,50.84,50.7,50.7,250.0,50.784,2.0
2014-02-19 14:00:00+00:00,50.39,51.02,50.38,50.77,732744.0,50.7677,5422.0
2014-02-19 15:00:00+00:00,50.76,51.1,50.61,50.94,1425673.0,50.9231,8607.0
2014-02-19 16:00:00+00:00,50.94,51.0,50.5,50.55,936461.0,50.6597,5998.0
2014-02-19 17:00:00+00:00,50.55,50.92,50.515,50.91,911151.0,50.7203,5467.0
2014-02-19 18:00:00+00:00,50.91,50.93,50.66,50.72,594254.0,50.8403,2991.0
2014-02-19 19:00:00+00:00,50.725,50.97,50.689,50.77,604677.0,50.8206,5008.0
2014-02-19 20:00:00+00:00,50.76,50.78,50.39,50.49,2043821.0,50.5116,13234.0
2014-02-20 14:00:00+00:00,50.5,50.56,49.92,49.94,858438.0,50.2455,5212.0
2014-02-20 15:00:00+00:00,49.91,50.04,48.99,49.61,2737980.0,49.4575,19961.0
2014-02-20 16:00:00+00:00,49.62,49.9525,49.31,49.91,1316634.0,49.6801,9956.0
2014-02-20 17:00:00+00:00,49.9,50.1,49.75,49.75,1131022.0,49.9117,8390.0
2014-02-20 18:00:00+00:00,49.76,49.93,49.66,49.8,685144.0,49.7827,5371.0
2014-02-20 19:00:00+00:00,49.79,49.8199,49.3,49.36,1214314.0,49.6004,9048.0
2014-02-20 20:00:00+00:00,49.37,49.65,49.355,49.58,2292496.0,49.5597,14810.0
2014-02-20 21:00:00+00:00,49.59,49.59,49.59,49.59,600.0,49.59,1.0
2014-02-20 22:00:00+00:00,49.55,49.55,49.55,49.55,100.0,49.55,1.0
2014-02-21 00:00:00+00:00,49.55,49.77,49.55,49.77,1200.0,49.7458,7.0
2014-02-21 14:00:00+00:00,49.65,50.1,49.65,50.01,640220.0,49.9258,3252.0
2014-02-21 15:00:00+00:00,50.0,50.45,49.81,50.445,770764.0,50.1581,5846.0
2014-02-21 16:00:00+00:00,50.45,50.54,50.3,50.31,969072.0,50.4392,6947.0
2014-02-21 17:00:00+00:00,50.32,50.65,50.31,50.582,511375.0,50.512,3250.0
2014-02-21 18:00:00+00:00,50.59,50.61,50.29,50.37,426148.0,50.4668,3388.0
2014-02-21 19:00:00+00:00,50.36,50.4,49.79,49.98,774322.0,50.0781,6375.0
2014-02-21 20:00:00+00:00,49.987,50.235,49.96,50.22,2182877.0,50.1457,11517.0
2014-02-21 21:00:00+00:00,50.21,50.35,50.12,50.35,3376.0,50.2029,14.0
2014-02-21 22:00:00+00:00,50.26,50.27,50.26,50.27,800.0,50.2675,8.0
2014-02-22 00:00:00+00:00,50.42,50.42,50.42,50.42,500.0,50.42,2.0
2014-02-24 14:00:00+00:00,50.31,51.03,50.2,50.94,697221.0,50.6231,4413.0
2014-02-24 15:00:00+00:00,50.94,51.39,50.77,51.39,1035110.0,51.0049,8426.0
2014-02-24 16:00:00+00:00,51.38,51.8081,51.2942,51.68,846446.0,51.5682,6278.0
2014-02-24 17:00:00+00:00,51.69,51.87,51.4801,51.59,559673.0,51.6643,4282.0
2014-02-24 18:00:00+00:00,51.58,51.59,51.21,51.22,533212.0,51.408,4333.0
2014-02-24 19:00:00+00:00,51.22,51.32,50.78,51.14,844951.0,51.0536,6605.0
2014-02-24 20:00:00+00:00,51.14,51.145,50.89,50.92,1552865.0,50.9767,11545.0
2014-02-24 21:00:00+00:00,50.92,51.12,50.92,51.12,74245.0,50.9203,3.0
2014-02-25 14:00:00+00:00,50.98,51.5,50.8801,51.105,572164.0,51.2229,3638.0
2014-02-25 15:00:00+00:00,51.105,51.53,50.77,51.4712,997424.0,51.171,7675.0
2014-02-25 16:00:00+00:00,51.46,51.76,51.38,51.685,883366.0,51.5526,5913.0
2014-02-25 17:00:00+00:00,51.68,52.11,51.6,52.07,706051.0,51.8623,4363.0
2014-02-25 18:00:00+00:00,52.08,52.09,51.7,51.83,453515.0,51.8474,3466.0
2014-02-25 19:00:00+00:00,51.81,51.895,51.63,51.875,576094.0,51.7941,4476.0
2014-02-25 20:00:00+00:00,51.875,52.16,51.83,52.09,1904777.0,52.0321,13083.0
2014-02-25 21:00:00+00:00,52.09,52.09,52.09,52.09,2809.0,52.09,2.0
2014-02-25 22:00:00+00:00,52.0,52.0,52.0,52.0,100.0,52.0,1.0
2014-02-26 13:00:00+00:00,52.15,52.19,52.15,52.19,599.0,52.1725,5.0
2014-02-26 14:00:00+00:00,52.35,52.64,52.0,52.14,531416.0,52.2917,3097.0
2014-02-26 15:00:00+00:00,52.19,52.38,51.92,52.17,722244.0,52.156,5206.0
2014-02-26 16:00:00+00:00,52.17,52.2,51.25,51.298,1075274.0,51.7218,7570.0
2014-02-26 17:00:00+00:00,51.292,51.48,50.98,51.0,670005.0,51.2519,4760.0
2014-02-26 18:00:00+00:00,50.995,51.13,50.69,50.94,1165365.0,50.955,7041.0
2014-02-26 19:00:00+00:00,50.94,50.97,50.55,50.6999,1311342.0,50.6911,5504.0
2014-02-26 20:00:00+00:00,50.7,50.79,50.535,50.73,1478456.0,50.6596,10374.0
2014-02-26 21:00:00+00:00,50.72,52.09,50.72,50.7399,8487.0,50.8047,17.0
2014-02-26 23:00:00+00:00,50.74,50.74,50.74,50.74,200.0,50.74,1.0
2014-02-27 13:00:00+00:00,50.75,50.75,50.75,50.75,500.0,50.75,3.0
2014-02-27 14:00:00+00:00,50.75,50.75,49.28,49.29,1139442.0,49.8383,6104.0
2014-02-27 15:00:00+00:00,49.31,49.6,48.87,48.89,2352352.0,49.2434,14071.0
2014-02-27 16:00:00+00:00,48.88,48.98,48.55,48.579,1993377.0,48.768,11078.0
2014-02-27 17:00:00+00:00,48.58,48.728,48.27,48.365,1447806.0,48.4562,10186.0
2014-02-27 18:00:00+00:00,48.37,48.81,48.17,48.33,2153394.0,48.5092,13884.0
2014-02-27 19:00:00+00:00,48.33,48.62,48.12,48.44,1941200.0,48.399,12223.0
2014-02-27 20:00:00+00:00,48.445,48.76,48.26,48.53,3278283.0,48.4765,21704.0
2014-02-27 21:00:00+00:00,48.6,48.6,48.51,48.57,12305.0,48.5365,13.0
2014-02-27 22:00:00+00:00,48.64,48.64,48.55,48.57,1335.0,48.6194,5.0
2014-02-27 23:00:00+00:00,48.5701,48.63,48.57,48.63,583.0,48.5829,3.0
2014-02-28 00:00:00+00:00,48.64,48.65,48.64,48.65,847.0,48.6465,3.0
2014-02-28 14:00:00+00:00,48.61,48.79,48.28,48.3755,799166.0,48.5464,5015.0
2014-02-28 15:00:00+00:00,48.38,48.57,47.97,48.28,1847402.0,48.2787,12138.0
2014-02-28 16:00:00+00:00,48.28,48.31,47.8899,48.1999,1061146.0,48.0491,7435.0
2014-02-28 17:00:00+00:00,48.2,48.45,48.14,48.4,713797.0,48.304,4711.0
2014-02-28 18:00:00+00:00,48.4,48.45,48.07,48.13,913709.0,48.2234,6188.0
2014-02-28 19:00:00+00:00,48.14,48.15,47.81,47.95,1544625.0,47.9823,8012.0
2014-02-28 20:00:00+00:00,47.945,48.01,47.68,47.98,2118958.0,47.9042,14154.0
2014-02-28 21:00:00+00:00,47.99,48.02,47.98,47.98,12292.0,47.979,11.0
2014-02-28 22:00:00+00:00,47.97,47.97,47.82,47.82,2000.0,47.8575,3.0
2014-03-03 13:00:00+00:00,47.58,47.63,47.02,47.63,2840.0,47.5719,13.0
2014-03-03 14:00:00+00:00,47.79,49.05,47.63,48.91,1187670.0,48.575,7391.0
2014-03-03 15:00:00+00:00,48.92,49.08,48.205,48.385,1243522.0,48.5334,9409.0
2014-03-03 16:00:00+00:00,48.39,48.4,47.87,48.065,815159.0,48.0542,6404.0
2014-03-03 17:00:00+00:00,48.0609,48.42,48.0,48.19,891065.0,48.206,6171.0
2014-03-03 18:00:00+00:00,48.18,48.613,48.05,48.55,624784.0,48.2735,5003.0
2014-03-03 19:00:00+00:00,48.55,48.59,48.1,48.31,686314.0,48.3033,5463.0
2014-03-03 20:00:00+00:00,48.3,48.435,48.185,48.35,1425853.0,48.2855,11092.0
2014-03-03 21:00:00+00:00,48.3413,48.35,48.3413,48.35,2274.0,48.3486,2.0
2014-03-03 22:00:00+00:00,48.35,48.35,48.3499,48.3499,300.0,48.35,2.0
2014-03-03 23:00:00+00:00,48.35,48.35,48.35,48.35,250.0,48.35,1.0
2014-03-04 00:00:00+00:00,48.45,48.45,48.45,48.45,200.0,48.4438,3.0
2014-03-04 13:00:00+00:00,48.32,48.53,48.31,48.35,3200.0,48.4883,8.0
2014-03-04 14:00:00+00:00,48.7,48.86,48.08,48.41,689276.0,48.4216,4136.0
2014-03-04 15:00:00+00:00,48.41,48.42,48.0,48.15,1029047.0,48.2083,7450.0
2014-03-04 16:00:00+00:00,48.15,48.265,48.05,48.1,750078.0,48.1359,4946.0
2014-03-04 17:00:00+00:00,48.1,48.57,48.06,48.53,835585.0,48.2426,5791.0
2014-03-04 18:00:00+00:00,48.53,48.66,48.251,48.385,1232266.0,48.5012,7568.0
2014-03-04 19:00:00+00:00,48.38,48.9,48.32,48.87,1282664.0,48.6353,8231.0
2014-03-04 20:00:00+00:00,48.875,49.3,48.87,49.21,3387773.0,49.1371,19954.0
2014-03-04 21:00:00+00:00,49.1667,49.22,49.1,49.1,33164.0,49.1715,11.0
2014-03-04 22:00:00+00:00,49.1,49.1,49.1,49.1,500.0,49.1,1.0
2014-03-04 23:00:00+00:00,49.04,49.04,49.04,49.04,150.0,49.04,1.0
2014-03-05 00:00:00+00:00,49.04,49.06,49.04,49.06,300.0,49.0533,2.0
2014-03-05 12:00:00+00:00,49.2,49.2,49.2,49.2,410.0,49.1985,6.0
2014-03-05 14:00:00+00:00,49.22,49.365,48.8801,49.21,489433.0,49.2096,2934.0
2014-03-05 15:00:00+00:00,49.21,49.7108,49.18,49.62,1150002.0,49.425,6702.0
2014-03-05 16:00:00+00:00,49.62,50.22,49.61,50.1799,1296349.0,49.9386,9543.0
2014-03-05 17:00:00+00:00,50.17,50.215,49.89,50.19,603887.0,50.0561,4933.0
2014-03-05 18:00:00+00:00,50.18,50.36,50.1,50.19,816534.0,50.2407,6385.0
2014-03-05 19:00:00+00:00,50.2,50.26,50.05,50.0899,865408.0,50.1824,6682.0
2014-03-05 20:00:00+00:00,50.08,50.34,49.89,50.2838,1911088.0,50.157,13405.0
2014-03-05 21:00:00+00:00,50.28,50.28,50.28,50.28,4359.0,50.28,4.0
2014-03-05 23:00:00+00:00,50.32,50.32,50.32,50.32,100.0,50.32,1.0
2014-03-06 14:00:00+00:00,50.32,52.37,50.32,52.37,1889877.0,51.5403,9681.0
2014-03-06 15:00:00+00:00,52.35,52.5,51.6,52.005,2157970.0,51.9183,11942.0
2014-03-06 16:00:00+00:00,52.0,52.24,51.85,52.205,1282983.0,52.0007,5575.0
2014-03-06 17:00:00+00:00,52.21,52.6,52.2,52.54,1102627.0,52.4256,6932.0
2014-03-06 18:00:00+00:00,52.54,52.6,52.04,52.18,1017400.0,52.3824,6787.0
2014-03-06 19:00:00+00:00,52.18,52.51,52.01,52.41,1008708.0,52.2445,7180.0
2014-03-06 20:00:00+00:00,52.41,52.85,52.27,52.85,3112601.0,52.6851,18991.0
2014-03-06 21:00:00+00:00,52.82,52.88,52.74,52.86,6118.0,52.8068,15.0
2014-03-06 22:00:00+00:00,52.86,52.86,52.86,52.86,351.0,52.86,3.0
2014-03-06 23:00:00+00:00,52.86,52.9,52.86,52.9,626.0,52.8728,5.0
2014-03-07 00:00:00+00:00,52.9,52.9,52.9,52.9,400.0,52.9,1.0
2014-03-07 12:00:00+00:00,53.17,53.17,53.17,53.17,200.0,53.17,1.0
2014-03-07 13:00:00+00:00,53.2,53.2,52.9,53.19,4126.0,53.0492,27.0
2014-03-07 14:00:00+00:00,53.15,53.39,52.72,53.2,1390623.0,53.035,5983.0
2014-03-07 15:00:00+00:00,53.21,53.42,52.56,52.5963,1461097.0,53.1951,8736.0
2014-03-07 16:00:00+00:00,52.61,52.87,52.34,52.82,896180.0,52.573,6641.0
2014-03-07 17:00:00+00:00,52.82,52.955,52.69,52.73,440869.0,52.8373,3652.0
2014-03-07 18:00:00+00:00,52.72,52.815,52.47,52.57,675884.0,52.647,5032.0
2014-03-07 19:00:00+00:00,52.58,52.61,52.25,52.48,712607.0,52.4306,5523.0
2014-03-07 20:00:00+00:00,52.49,53.0,52.49,52.99,1718974.0,52.8786,11937.0
2014-03-07 21:00:00+00:00,52.99,52.99,52.99,52.99,2474.0,52.99,4.0
2014-03-10 12:00:00+00:00,52.83,53.08,52.83,53.08,1200.0,52.8542,7.0
2014-03-10 13:00:00+00:00,53.01,53.92,52.97,53.74,1054334.0,53.5259,4857.0
2014-03-10 14:00:00+00:00,53.74,53.84,52.77,53.1,1499371.0,53.2657,9145.0
2014-03-10 15:00:00+00:00,53.09,53.43,52.88,52.96,977426.0,53.1578,6524.0
2014-03-10 16:00:00+00:00,52.96,53.18,52.74,53.16,642610.0,52.8588,4756.0
2014-03-10 17:00:00+00:00,53.16,53.387,52.97,53.36,456932.0,53.1802,3460.0
2014-03-10 18:00:00+00:00,53.36,53.67,53.29,53.54,738855.0,53.4725,5295.0
2014-03-10 19:00:00+00:00,53.537,53.56,53.21,53.48,2103150.0,53.4302,10308.0
2014-03-10 20:00:00+00:00,53.37,53.37,53.37,53.37,500.0,53.37,3.0
2014-03-11 13:00:00+00:00,53.61,53.63,52.78,52.91,846124.0,53.0464,4114.0
2014-03-11 14:00:00+00:00,52.9,53.27,52.72,53.16,1346347.0,53.023,8966.0
2014-03-11 15:00:00+00:00,53.17,53.28,52.84,52.8575,657368.0,53.0785,5129.0
2014-03-11 16:00:00+00:00,52.86,53.29,52.67,53.22,878649.0,52.9395,5666.0
2014-03-11 17:00:00+00:00,53.21,53.76,53.15,53.73,943226.0,53.477,5067.0
2014-03-11 18:00:00+00:00,53.73,53.85,53.34,53.3746,1232095.0,53.6971,5849.0
2014-03-11 19:00:00+00:00,53.37,53.76,53.13,53.66,1647334.0,53.5539,12346.0
2014-03-11 20:00:00+00:00,53.67,53.67,53.2,53.55,60625.0,53.6409,29.0
2014-03-11 21:00:00+00:00,53.57,53.57,53.57,53.57,250.0,53.57,2.0
2014-03-12 12:00:00+00:00,53.53,53.53,53.4,53.4,600.0,53.4867,2.0
2014-03-12 13:00:00+00:00,53.34,54.95,53.3,54.48,2682038.0,54.474,11501.0
2014-03-12 14:00:00+00:00,54.48,54.67,53.7,54.358,2185836.0,54.2707,12126.0
2014-03-12 15:00:00+00:00,54.37,54.89,54.2,54.54,1356467.0,54.5704,8525.0
2014-03-12 16:00:00+00:00,54.54,55.17,54.53,55.16,1362720.0,54.8776,7977.0
2014-03-12 17:00:00+00:00,55.15,55.155,54.66,54.9067,864680.0,54.8709,5952.0
2014-03-12 18:00:00+00:00,54.91,55.24,54.86,55.045,1154261.0,55.0579,8670.0
2014-03-12 19:00:00+00:00,55.04,55.32,54.99,55.28,2588734.0,55.2223,17611.0
2014-03-12 20:00:00+00:00,55.29,55.29,55.29,55.29,35710.0,54.9656,8.0
2014-03-12 21:00:00+00:00,55.28,55.29,55.28,55.29,1000.0,55.2849,4.0
2014-03-12 22:00:00+00:00,55.21,55.29,55.21,55.29,200.0,55.25,2.0
2014-03-12 23:00:00+00:00,55.21,55.29,55.21,55.21,900.0,55.2367,5.0
2014-03-13 12:00:00+00:00,55.4,55.4,55.4,55.4,500.0,55.4,1.0
2014-03-13 13:00:00+00:00,55.29,55.36,54.37,54.52,1136628.0,54.8469,6810.0
2014-03-13 14:00:00+00:00,54.53,54.86,54.46,54.609,1702212.0,54.6434,11401.0
2014-03-13 15:00:00+00:00,54.61,54.66,54.24,54.33,908301.0,54.483,6440.0
2014-03-13 16:00:00+00:00,54.325,54.42,53.71,53.72,1133707.0,54.0808,7354.0
2014-03-13 17:00:00+00:00,53.71,53.965,53.5101,53.775,797531.0,53.7363,6177.0
2014-03-13 18:00:00+00:00,53.775,53.88,53.42,53.68,1046877.0,53.674,7639.0
2014-03-13 19:00:00+00:00,53.689,54.18,53.63,54.05,1807206.0,53.9254,13779.0
2014-03-13 20:00:00+00:00,54.04,54.05,54.04,54.05,8832.0,54.0497,2.0
2014-03-13 21:00:00+00:00,55.29,55.29,55.29,55.29,1600.0,55.29,1.0
2014-03-13 22:00:00+00:00,54.25,54.25,54.25,54.25,100.0,54.25,1.0
2014-03-13 23:00:00+00:00,54.39,54.39,54.1,54.1,1380.0,54.2152,3.0
2014-03-14 12:00:00+00:00,54.07,54.07,53.9,53.9,515.0,54.0046,4.0
2014-03-14 13:00:00+00:00,53.8,54.8,53.8,54.1,1149583.0,54.389,6370.0
2014-03-14 14:00:00+00:00,54.08,54.5,53.8,54.16,1925285.0,54.2068,11115.0
2014-03-14 15:00:00+00:00,54.15,54.4,53.96,54.32,1139796.0,54.1213,6746.0
2014-03-14 16:00:00+00:00,54.31,54.535,54.2,54.5,1005173.0,54.4177,6971.0
2014-03-14 17:00:00+00:00,54.5,54.56,54.29,54.34,893236.0,54.3949,5417.0
2014-03-14 18:00:00+00:00,54.34,54.37,54.24,54.24,549433.0,54.3253,4123.0
2014-03-14 19:00:00+00:00,54.24,54.35,54.16,54.23,1676670.0,54.2419,12085.0
2014-03-14 20:00:00+00:00,54.1702,54.28,54.1702,54.28,55975.0,54.1767,11.0
2014-03-14 21:00:00+00:00,54.39,54.39,54.39,54.39,1500.0,54.39,1.0
2014-03-14 22:00:00+00:00,54.4,54.4,54.4,54.4,500.0,54.4,1.0
2014-03-17 12:00:00+00:00,55.01,55.01,54.65,54.72,2300.0,54.7009,13.0
2014-03-17 13:00:00+00:00,54.51,54.79,54.26,54.74,759527.0,54.6113,4411.0
2014-03-17 14:00:00+00:00,54.74,55.17,54.51,54.55,1239768.0,54.886,8310.0
2014-03-17 15:00:00+00:00,54.55,54.69,54.08,54.33,1187969.0,54.3442,7213.0
2014-03-17 16:00:00+00:00,54.34,54.49,54.32,54.4799,534542.0,54.395,4538.0
2014-03-17 17:00:00+00:00,54.48,54.625,54.41,54.48,596476.0,54.5113,4739.0
2014-03-17 18:00:00+00:00,54.48,54.55,54.35,54.43,551510.0,54.4483,5072.0
2014-03-17 19:00:00+00:00,54.43,54.44,54.06,54.32,1829638.0,54.2346,14241.0
2014-03-17 20:00:00+00:00,54.32,54.32,54.32,54.32,2337.0,54.46,2.0
2014-03-17 23:00:00+00:00,54.44,54.44,54.44,54.44,600.0,54.44,5.0
2014-03-18 12:00:00+00:00,54.44,54.52,54.32,54.32,2782.0,54.4152,8.0
2014-03-18 13:00:00+00:00,54.34,54.65,54.07,54.47,487434.0,54.4185,2748.0
2014-03-18 14:00:00+00:00,54.48,55.12,54.41,54.87,972159.0,54.8073,6822.0
2014-03-18 15:00:00+00:00,54.88,55.22,54.68,55.202,620920.0,54.9617,4621.0
2014-03-18 16:00:00+00:00,55.2199,55.335,55.04,55.14,396592.0,55.2119,3599.0
2014-03-18 17:00:00+00:00,55.14,55.38,54.99,55.01,373027.0,55.2098,3415.0
2014-03-18 18:00:00+00:00,55.02,55.07,54.82,54.955,845961.0,54.9356,4786.0
2014-03-18 19:00:00+00:00,54.95,55.09,54.88,55.07,1369199.0,54.9853,9988.0
2014-03-18 20:00:00+00:00,55.08,55.08,54.97,55.05,3173.0,55.0686,5.0
2014-03-18 21:00:00+00:00,55.001,55.001,55.001,55.001,900.0,55.001,1.0
2014-03-18 22:00:00+00:00,55.0,55.0,55.0,55.0,300.0,55.0,1.0
2014-03-19 13:00:00+00:00,55.08,55.08,54.25,54.45,745339.0,54.5294,4091.0
2014-03-19 14:00:00+00:00,54.44,54.88,54.32,54.87,767824.0,54.5938,5570.0
2014-03-19 15:00:00+00:00,54.87,54.9,54.69,54.86,547508.0,54.794,4384.0
2014-03-19 16:00:00+00:00,54.85,55.37,54.84,55.15,461244.0,55.1196,3278.0
2014-03-19 17:00:00+00:00,55.14,55.14,54.845,54.92,251375.0,55.0055,2447.0
2014-03-19 18:00:00+00:00,54.92,54.92,54.51,54.53,507570.0,54.6698,4862.0
2014-03-19 19:00:00+00:00,54.54,54.55,54.0,54.34,1411698.0,54.3068,11299.0
2014-03-19 20:00:00+00:00,54.34,54.35,54.31,54.31,22790.0,54.569,35.0
2014-03-20 12:00:00+00:00,54.32,54.32,54.32,54.32,200.0,54.32,1.0
2014-03-20 13:00:00+00:00,54.31,54.53,53.66,54.52,740867.0,54.0179,4246.0
2014-03-20 14:00:00+00:00,54.47,54.62,54.12,54.38,658056.0,54.3047,4082.0
2014-03-20 15:00:00+00:00,54.38,54.83,54.365,54.7921,697499.0,54.6054,5550.0
2014-03-20 16:00:00+00:00,54.79,55.45,54.71,55.44,1322859.0,55.0745,8197.0
2014-03-20 17:00:00+00:00,55.443,55.49,55.12,55.4125,643356.0,55.3013,4482.0
2014-03-20 18:00:00+00:00,55.42,55.6,55.13,55.2,1228684.0,55.3781,8778.0
2014-03-20 19:00:00+00:00,55.2,55.45,55.05,55.19,1448375.0,55.1582,10024.0
2014-03-20 20:00:00+00:00,55.19,55.19,55.19,55.19,6010.0,55.19,1.0
2014-03-20 21:00:00+00:00,54.34,55.36,54.34,55.359,900.0,54.9066,3.0
2014-03-20 22:00:00+00:00,55.36,55.36,55.15,55.15,200.0,55.255,2.0
2014-03-20 23:00:00+00:00,55.15,55.15,55.15,55.15,100.0,55.15,1.0
2014-03-21 12:00:00+00:00,55.5,55.5,55.48,55.48,400.0,55.495,2.0
2014-03-21 13:00:00+00:00,55.5,55.96,54.729,54.97,1344235.0,55.4775,4599.0
2014-03-21 14:00:00+00:00,54.96,54.98,54.3,54.647,765424.0,54.5655,5693.0
2014-03-21 15:00:00+00:00,54.65,54.91,54.33,54.415,763588.0,54.6339,5718.0
2014-03-21 16:00:00+00:00,54.421,54.5,54.24,54.35,683835.0,54.335,5318.0
2014-03-21 17:00:00+00:00,54.36,54.47,54.23,54.39,761262.0,54.3279,5641.0
2014-03-21 18:00:00+00:00,54.396,54.42,54.1,54.18,845688.0,54.2725,6643.0
2014-03-21 19:00:00+00:00,54.18,54.18,53.79,53.8,2436597.0,53.9096,15472.0
2014-03-21 20:00:00+00:00,53.79,53.79,53.79,53.79,25805.0,53.79,3.0
2014-03-21 21:00:00+00:00,53.78,53.78,53.78,53.78,100.0,53.78,1.0
2014-03-21 22:00:00+00:00,53.82,53.82,53.82,53.82,100.0,53.82,1.0
2014-03-24 12:00:00+00:00,54.21,54.21,53.8,53.8,1240.0,54.1637,3.0
2014-03-24 13:00:00+00:00,54.39,54.91,54.12,54.56,665423.0,54.5237,3348.0
2014-03-24 14:00:00+00:00,54.53,54.54,53.96,54.01,726230.0,54.2778,5931.0
2014-03-24 15:00:00+00:00,54.0156,54.02,53.61,53.6699,629964.0,53.8239,4330.0
2014-03-24 16:00:00+00:00,53.67,53.915,53.66,53.86,459492.0,53.7963,3757.0
2014-03-24 17:00:00+00:00,53.86,54.14,53.855,53.96,1246420.0,53.9881,3644.0
2014-03-24 18:00:00+00:00,53.95,54.22,53.93,54.18,709483.0,54.122,4637.0
2014-03-24 19:00:00+00:00,54.19,54.3446,54.02,54.13,1251229.0,54.1783,9165.0
2014-03-24 20:00:00+00:00,54.13,54.2,54.06,54.06,108218.0,54.13,15.0
2014-03-24 21:00:00+00:00,54.1101,54.1101,54.11,54.11,200.0,54.1101,2.0
2014-03-24 22:00:00+00:00,54.18,54.18,54.18,54.18,100.0,54.18,1.0
2014-03-24 23:00:00+00:00,54.19,54.19,54.19,54.19,250.0,54.19,2.0
2014-03-25 13:00:00+00:00,54.6,54.74,54.13,54.6102,748625.0,54.4917,3392.0
2014-03-25 14:00:00+00:00,54.62,54.66,54.14,54.3539,876424.0,54.3419,5387.0
2014-03-25 15:00:00+00:00,54.34,54.61,54.09,54.3,466912.0,54.3774,3797.0
2014-03-25 16:00:00+00:00,54.29,54.39,53.91,54.11,682233.0,54.1217,4680.0
2014-03-25 17:00:00+00:00,54.1057,54.5,54.09,54.2692,557984.0,54.2835,4260.0
2014-03-25 18:00:00+00:00,54.28,54.33,54.05,54.16,448734.0,54.1975,3412.0
2014-03-25 19:00:00+00:00,54.18,54.56,54.16,54.39,1414759.0,54.3899,10304.0
2014-03-25 20:00:00+00:00,54.37,54.3754,54.37,54.3754,29553.0,54.3715,5.0
2014-03-26 13:00:00+00:00,54.57,55.02,54.46,54.82,762542.0,54.759,4000.0
2014-03-26 14:00:00+00:00,54.8,54.86,54.12,54.14,813344.0,54.6014,5337.0
2014-03-26 15:00:00+00:00,54.1399,54.345,53.97,54.13,497367.0,54.0864,3060.0
2014-03-26 16:00:00+00:00,54.14,54.24,54.01,54.11,316230.0,54.1176,2886.0
2014-03-26 17:00:00+00:00,54.1066,54.14,53.76,54.14,805614.0,53.9519,5982.0
2014-03-26 18:00:00+00:00,54.13,54.22,53.991,54.04,567648.0,54.0959,4586.0
2014-03-26 19:00:00+00:00,54.04,54.11,53.79,53.94,1489463.0,53.955,11717.0
2014-03-26 20:00:00+00:00,53.94,53.94,53.94,53.94,6392.0,53.94,4.0
2014-03-26 22:00:00+00:00,53.9,53.9,53.9,53.9,400.0,53.9,2.0
2014-03-27 12:00:00+00:00,53.93,53.93,53.72,53.72,1000.0,53.909,5.0
2014-03-27 13:00:00+00:00,53.81,53.81,52.73,53.11,951224.0,53.098,5571.0
2014-03-27 14:00:00+00:00,53.12,53.72,53.07,53.24,1098783.0,53.4783,6925.0
2014-03-27 15:00:00+00:00,53.25,53.34,52.47,52.56,728709.0,52.9166,5926.0
2014-03-27 16:00:00+00:00,52.56,52.64,52.395,52.5,775392.0,52.5047,6428.0
2014-03-27 17:00:00+00:00,52.505,52.534,52.335,52.45,657411.0,52.4606,5308.0
2014-03-27 18:00:00+00:00,52.45,52.47,52.0228,52.06,1202764.0,52.218,8611.0
2014-03-27 19:00:00+00:00,52.06,52.445,51.98,52.17,1968386.0,52.2025,14179.0
2014-03-27 20:00:00+00:00,52.17,52.27,52.14,52.27,1375.0,52.2005,8.0
2014-03-27 21:00:00+00:00,52.18,52.18,52.18,52.18,500.0,52.18,1.0
2014-03-28 12:00:00+00:00,52.43,52.43,52.35,52.39,1500.0,52.3833,4.0
2014-03-28 13:00:00+00:00,52.41,52.78,52.3,52.6,514641.0,52.6001,2705.0
2014-03-28 14:00:00+00:00,52.66,53.435,52.64,53.4,1170763.0,53.0827,7390.0
2014-03-28 15:00:00+00:00,53.39,53.415,52.93,52.98,606660.0,53.1638,4196.0
2014-03-28 16:00:00+00:00,52.97,53.08,52.7,52.73,396264.0,52.8557,2981.0
2014-03-28 17:00:00+00:00,52.75,52.95,52.71,52.9462,449104.0,52.8242,3472.0
2014-03-28 18:00:00+00:00,52.94,52.98,52.68,52.84,596486.0,52.8191,3808.0
2014-03-28 19:00:00+00:00,52.84,52.94,52.65,52.85,1617062.0,52.83,9391.0
2014-03-28 20:00:00+00:00,52.86,52.86,52.86,52.86,10358.0,52.86,4.0
2014-03-28 21:00:00+00:00,52.86,52.86,52.17,52.17,1389.0,52.711,2.0
2014-03-31 12:00:00+00:00,53.25,53.25,53.25,53.25,300.0,53.25,1.0
2014-03-31 13:00:00+00:00,52.86,53.84,52.86,53.23,1049304.0,53.6258,4503.0
2014-03-31 14:00:00+00:00,53.27,53.28,52.81,53.04,680503.0,53.0842,4316.0
2014-03-31 15:00:00+00:00,53.05,53.12,52.64,52.72,481223.0,52.8335,3814.0
2014-03-31 16:00:00+00:00,52.73,53.155,52.72,53.0892,539106.0,52.8962,3267.0
2014-03-31 17:00:00+00:00,53.1,53.149,52.99,53.12,340459.0,53.0706,2888.0
2014-03-31 18:00:00+00:00,53.135,53.32,53.06,53.17,655383.0,53.1888,4174.0
2014-03-31 19:00:00+00:00,53.17,53.245,53.02,53.12,1362816.0,53.126,10390.0
2014-03-31 20:00:00+00:00,53.13,53.13,53.1,53.1,23135.0,53.1003,14.0
2014-03-31 22:00:00+00:00,53.05,53.05,53.05,53.05,1400.0,53.05,7.0
2014-03-31 23:00:00+00:00,53.05,53.05,53.05,53.05,200.0,53.05,2.0
2014-04-01 12:00:00+00:00,53.15,53.35,53.1,53.1,17940.0,53.1211,10.0
2014-04-01 13:00:00+00:00,53.36,54.5,53.36,54.44,1237605.0,53.9839,6316.0
2014-04-01 14:00:00+00:00,54.39,54.6,54.21,54.54,1211094.0,54.4881,7233.0
2014-04-01 15:00:00+00:00,54.53,54.73,54.32,54.66,852159.0,54.522,6205.0
2014-04-01 16:00:00+00:00,54.66,54.89,54.55,54.83,774723.0,54.7647,4817.0
2014-04-01 17:00:00+00:00,54.83,55.46,54.73,55.44,1175605.0,55.1419,7275.0
2014-04-01 18:00:00+00:00,55.44,55.755,55.33,55.51,1164553.0,55.5419,8521.0
2014-04-01 19:00:00+00:00,55.5,55.57,55.34,55.5,2032240.0,55.4622,15218.0
2014-04-01 20:00:00+00:00,55.51,55.51,55.1639,55.4,11019.0,55.266,20.0
2014-04-01 21:00:00+00:00,53.1,55.32,53.1,55.32,400.0,53.655,2.0
2014-04-01 23:00:00+00:00,55.43,55.43,55.43,55.43,100.0,55.43,1.0
2014-04-02 12:00:00+00:00,55.51,55.51,55.51,55.51,1100.0,55.51,3.0
2014-04-02 13:00:00+00:00,55.03,55.22,54.45,54.66,678714.0,54.7252,3574.0
2014-04-02 14:00:00+00:00,54.67,54.74,54.4,54.65,835039.0,54.5839,6136.0
2014-04-02 15:00:00+00:00,54.651,54.77,54.14,54.34,999199.0,54.3855,7067.0
2014-04-02 16:00:00+00:00,54.335,54.69,54.21,54.63,472872.0,54.5168,3512.0
2014-04-02 17:00:00+00:00,54.63,54.74,54.515,54.59,554816.0,54.6086,3789.0
2014-04-02 18:00:00+00:00,54.6,54.7,54.46,54.64,651980.0,54.5491,4562.0
2014-04-02 19:00:00+00:00,54.633,54.87,54.59,54.86,1710125.0,54.732,11057.0
2014-04-02 20:00:00+00:00,54.85,54.85,54.81,54.85,63119.0,54.6812,12.0
2014-04-03 12:00:00+00:00,54.99,54.99,54.99,54.99,300.0,54.99,3.0
2014-04-03 13:00:00+00:00,55.04,55.95,54.97,55.92,992428.0,55.5608,4733.0
2014-04-03 14:00:00+00:00,55.93,55.98,55.55,55.64,849278.0,55.7465,5950.0
2014-04-03 15:00:00+00:00,55.64,55.81,55.59,55.67,526465.0,55.6913,3951.0
2014-04-03 16:00:00+00:00,55.665,55.67,55.47,55.51,328692.0,55.5481,2460.0
2014-04-03 17:00:00+00:00,55.5,55.65,55.48,55.56,387170.0,55.5443,2910.0
2014-04-03 18:00:00+00:00,55.5654,55.78,55.5,55.55,613076.0,55.6343,4593.0
2014-04-03 19:00:00+00:00,55.542,55.83,55.5,55.79,1428577.0,55.7166,10020.0
2014-04-03 20:00:00+00:00,55.7788,55.7788,55.7788,55.7788,13372.0,55.7788,1.0
2014-04-03 22:00:00+00:00,55.7,55.7,55.7,55.7,500.0,55.7,2.0
2014-04-04 12:00:00+00:00,55.83,55.98,55.83,55.98,544.0,55.9524,2.0
2014-04-04 13:00:00+00:00,56.0,56.32,55.79,56.01,1046194.0,56.0237,5587.0
2014-04-04 14:00:00+00:00,56.02,56.31,55.83,56.05,861371.0,56.0562,6785.0
2014-04-04 15:00:00+00:00,56.05,56.08,55.0,55.11,999236.0,55.6059,7282.0
2014-04-04 16:00:00+00:00,55.13,55.15,54.5,54.55,718428.0,54.8498,5283.0
2014-04-04 17:00:00+00:00,54.55,54.75,54.3199,54.74,819142.0,54.5768,5978.0
2014-04-04 18:00:00+00:00,54.74,54.89,54.36,54.49,910602.0,54.6359,6050.0
2014-04-04 19:00:00+00:00,54.49,54.55,54.33,54.37,1330768.0,54.4233,9980.0
2014-04-04 20:00:00+00:00,54.38,54.38,54.38,54.38,689.0,54.38,1.0
2014-04-04 22:00:00+00:00,54.45,54.45,54.45,54.45,300.0,54.45,1.0
2014-04-04 23:00:00+00:00,54.45,54.45,54.45,54.45,100.0,54.45,1.0
2014-04-07 12:00:00+00:00,54.45,54.45,54.45,54.45,100.0,54.45,1.0
2014-04-07 13:00:00+00:00,54.37,54.51,53.43,53.81,845316.0,53.7745,5174.0
2014-04-07 14:00:00+00:00,53.815,53.87,52.68,52.7,1763278.0,53.2466,10927.0
2014-04-07 15:00:00+00:00,52.71,52.72,52.22,52.24,1127881.0,52.5545,6896.0
2014-04-07 16:00:00+00:00,52.24,52.348,52.12,52.27,794410.0,52.2315,4887.0
2014-04-07 17:00:00+00:00,52.27,52.27,51.92,51.96,859058.0,52.0398,5231.0
2014-04-07 18:00:00+00:00,51.96,52.28,51.88,52.25,1268641.0,52.0373,7842.0
2014-04-07 19:00:00+00:00,52.248,52.36,51.9,51.9,2854211.0,52.1168,16495.0
2014-04-07 20:00:00+00:00,51.91,51.91,51.91,51.91,60000.0,51.91,1.0
2014-04-07 22:00:00+00:00,52.13,52.13,52.13,52.13,200.0,52.13,1.0
2014-04-07 23:00:00+00:00,52.13,52.13,52.13,52.13,100.0,52.13,1.0
2014-04-08 12:00:00+00:00,52.4,52.4,51.91,52.32,1886.0,52.1932,11.0
2014-04-08 13:00:00+00:00,52.32,52.63,51.9,51.9044,756295.0,52.261,4969.0
2014-04-08 14:00:00+00:00,51.9,52.02,50.97,51.21,1595703.0,51.3726,11422.0
2014-04-08 15:00:00+00:00,51.2032,51.3,50.99,51.085,1494592.0,51.1076,9197.0
2014-04-08 16:00:00+00:00,51.08,51.15,50.92,51.07,1163235.0,51.0466,5782.0
2014-04-08 17:00:00+00:00,51.08,51.7,51.03,51.69,961221.0,51.3527,6516.0
2014-04-08 18:00:00+00:00,51.69,51.7,51.37,51.45,714081.0,51.4756,5535.0
2014-04-08 19:00:00+00:00,51.445,51.8,51.425,51.66,1623798.0,51.6328,12445.0
2014-04-08 20:00:00+00:00,51.65,51.7,51.65,51.7,17155.0,51.652,5.0
2014-04-09 12:00:00+00:00,51.7,51.89,51.7,51.89,1350.0,51.8226,4.0
2014-04-09 13:00:00+00:00,51.89,52.37,51.54,52.03,657575.0,51.8405,4131.0
2014-04-09 14:00:00+00:00,52.04,52.45,51.8,52.25,993191.0,52.0879,7062.0
2014-04-09 15:00:00+00:00,52.25,52.36,52.05,52.33,530357.0,52.227,4078.0
2014-04-09 16:00:00+00:00,52.3198,52.67,52.2894,52.61,555292.0,52.5074,4447.0
2014-04-09 17:00:00+00:00,52.62,52.99,52.6,52.88,724154.0,52.8428,4409.0
2014-04-09 18:00:00+00:00,52.88,53.15,52.78,52.8185,666965.0,52.9507,5447.0
2014-04-09 19:00:00+00:00,52.8172,52.9901,52.81,52.96,1427671.0,52.9347,10703.0
2014-04-09 20:00:00+00:00,52.95,53.0,52.95,53.0,55298.0,52.7864,13.0
2014-04-09 22:00:00+00:00,53.0,53.0,53.0,53.0,100.0,53.0,1.0
2014-04-09 23:00:00+00:00,53.2,53.2,53.2,53.2,100.0,53.2,1.0
2014-04-10 12:00:00+00:00,52.83,52.83,52.83,52.83,300.0,52.83,2.0
2014-04-10 13:00:00+00:00,52.85,53.44,52.47,53.308,654667.0,53.0416,3825.0
2014-04-10 14:00:00+00:00,53.32,53.76,53.0,53.0,691766.0,53.3113,6395.0
2014-04-10 15:00:00+00:00,53.0,53.05,52.47,52.53,529180.0,52.7665,4466.0
2014-04-10 16:00:00+00:00,52.53,52.54,52.07,52.07,482948.0,52.291,4201.0
2014-04-10 17:00:00+00:00,52.08,52.25,51.9,52.25,440124.0,52.0655,3650.0
2014-04-10 18:00:00+00:00,52.2498,52.74,52.2,52.25,722989.0,52.5046,5806.0
2014-04-10 19:00:00+00:00,52.24,52.24,51.85,51.94,1439372.0,52.0001,11707.0
2014-04-10 20:00:00+00:00,51.93,52.14,51.93,52.14,20795.0,51.931,5.0
2014-04-10 21:00:00+00:00,51.9,51.9,51.73,51.73,2100.0,51.868,9.0
2014-04-10 22:00:00+00:00,52.0,52.0,51.76,51.93,681.0,51.9153,5.0
2014-04-11 12:00:00+00:00,51.88,51.88,51.5,51.5,7434.0,51.6577,24.0
2014-04-11 13:00:00+00:00,51.41,52.32,51.36,51.48,562662.0,51.6811,3736.0
2014-04-11 14:00:00+00:00,51.47,51.5211,50.876,51.13,1059831.0,51.1292,6916.0
2014-04-11 15:00:00+00:00,51.14,51.35,50.99,51.3,492941.0,51.1884,3674.0
2014-04-11 16:00:00+00:00,51.29,51.39,51.2,51.38,346107.0,51.2929,3121.0
2014-04-11 17:00:00+00:00,51.39,51.41,50.94,50.97,425400.0,51.1249,3539.0
2014-04-11 18:00:00+00:00,50.97,51.15,50.61,50.76,623397.0,50.8241,5053.0
2014-04-11 19:00:00+00:00,50.76,51.38,50.7,50.97,1921076.0,51.068,14044.0
2014-04-11 20:00:00+00:00,50.96,50.96,50.96,50.96,206.0,50.96,1.0
2014-04-11 23:00:00+00:00,51.08,51.08,51.08,51.08,100.0,51.08,1.0
2014-04-14 12:00:00+00:00,51.03,51.03,51.03,51.03,200.0,51.03,1.0
2014-04-14 13:00:00+00:00,51.4,51.9,51.31,51.57,573651.0,51.6207,3660.0
2014-04-14 14:00:00+00:00,51.5844,52.25,51.53,52.19,734745.0,52.0369,6168.0
2014-04-14 15:00:00+00:00,52.19,52.28,51.98,51.98,573191.0,52.1768,4151.0
2014-04-14 16:00:00+00:00,51.98,52.22,51.66,51.68,531622.0,51.8613,2976.0
2014-04-14 17:00:00+00:00,51.69,51.82,51.48,51.81,867865.0,51.6952,5448.0
2014-04-14 18:00:00+00:00,51.81,52.04,51.75,51.87,625535.0,51.943,5154.0
2014-04-14 19:00:00+00:00,51.87,52.13,51.58,52.05,1725159.0,51.9396,13167.0
2014-04-14 20:00:00+00:00,52.05,52.05,52.05,52.05,1261.0,52.05,2.0
2014-04-15 12:00:00+00:00,52.35,52.35,52.35,52.35,100.0,52.35,1.0
2014-04-15 13:00:00+00:00,52.08,53.35,52.01,53.34,762912.0,52.8653,4405.0
2014-04-15 14:00:00+00:00,53.34,53.69,52.98,53.13,1556557.0,53.3987,10839.0
2014-04-15 15:00:00+00:00,53.12,53.15,52.67,52.8,901352.0,52.9161,6710.0
2014-04-15 16:00:00+00:00,52.79,52.82,52.36,52.36,389030.0,52.6204,3210.0
2014-04-15 17:00:00+00:00,52.36,53.0,52.3,52.97,587572.0,52.7038,4374.0
2014-04-15 18:00:00+00:00,52.99,53.5099,52.97,53.23,694782.0,53.2593,5762.0
2014-04-15 19:00:00+00:00,53.24,53.67,53.18,53.55,1678310.0,53.4723,12778.0
2014-04-15 20:00:00+00:00,53.57,53.57,53.25,53.25,191394.0,53.2539,7.0
2014-04-15 21:00:00+00:00,53.72,53.96,53.72,53.75,5810.0,53.8306,16.0
2014-04-15 22:00:00+00:00,53.85,53.85,53.85,53.85,500.0,53.85,3.0
2014-04-15 23:00:00+00:00,53.84,53.84,53.82,53.84,570.0,53.8365,3.0
2014-04-16 12:00:00+00:00,54.07,54.2,54.07,54.1,1741.0,54.1343,7.0
2014-04-16 13:00:00+00:00,54.2,54.37,53.41,54.15,741010.0,54.0143,4272.0
2014-04-16 14:00:00+00:00,54.13,54.71,53.95,54.71,1521824.0,54.3114,10485.0
2014-04-16 15:00:00+00:00,54.7,55.32,54.63,55.13,1148555.0,55.0212,8933.0
2014-04-16 16:00:00+00:00,55.12,55.6099,55.065,55.3401,1492584.0,55.3973,7612.0
2014-04-16 17:00:00+00:00,55.342,55.8,55.29,55.42,775652.0,55.502,5837.0
2014-04-16 18:00:00+00:00,55.43,55.76,55.225,55.75,856204.0,55.4021,7014.0
2014-04-16 19:00:00+00:00,55.74,55.93,55.54,55.93,2575866.0,55.7223,15398.0
2014-04-16 20:00:00+00:00,55.95,56.02,55.91,56.02,14080.0,55.9578,25.0
2014-04-16 21:00:00+00:00,55.89,55.9,55.89,55.9,300.0,55.8933,2.0
2014-04-16 22:00:00+00:00,55.8,55.8,55.55,55.55,320.0,55.6516,2.0
2014-04-17 12:00:00+00:00,55.9,55.9,55.59,55.59,450.0,55.8311,3.0
2014-04-17 13:00:00+00:00,55.64,55.9,55.33,55.39,764339.0,55.566,3928.0
2014-04-17 14:00:00+00:00,55.4,55.7,54.91,55.68,1156629.0,55.2888,8347.0
2014-04-17 15:00:00+00:00,55.69,55.82,55.45,55.5,892923.0,55.6312,7690.0
2014-04-17 16:00:00+00:00,55.5,55.83,55.22,55.69,884956.0,55.5342,5216.0
2014-04-17 17:00:00+00:00,55.69,55.77,55.55,55.7101,697507.0,55.6454,5671.0
2014-04-17 18:00:00+00:00,55.72,55.97,55.72,55.81,678401.0,55.8535,5578.0
2014-04-17 19:00:00+00:00,55.82,56.02,55.73,56.01,1985190.0,55.932,12892.0
2014-04-17 20:00:00+00:00,56.01,56.01,55.85,55.85,13096.0,55.9446,11.0
2014-04-21 13:00:00+00:00,56.0,56.24,55.5,56.16,475055.0,55.9415,2857.0
2014-04-21 14:00:00+00:00,56.19,56.5,55.889,56.097,702565.0,56.2403,5411.0
2014-04-21 15:00:00+00:00,56.09,56.37,56.01,56.2892,364930.0,56.2076,2705.0
2014-04-21 16:00:00+00:00,56.28,56.55,56.28,56.34,352995.0,56.4024,2823.0
2014-04-21 17:00:00+00:00,56.34,56.37,56.0,56.07,458917.0,56.2043,2980.0
2014-04-21 18:00:00+00:00,56.065,56.3,56.0,56.05,472668.0,56.1295,4119.0
2014-04-21 19:00:00+00:00,56.06,56.25,55.97,56.23,1498954.0,56.1095,11565.0
2014-04-21 21:00:00+00:00,56.22,56.22,56.22,56.22,200.0,56.22,1.0
2014-04-22 08:00:00+00:00,56.2,56.2,56.2,56.2,100.0,56.2,1.0
2014-04-22 10:00:00+00:00,56.05,56.05,56.05,56.05,100.0,56.05,1.0
2014-04-22 12:00:00+00:00,55.73,55.73,55.46,55.46,1365.0,55.5503,8.0
2014-04-22 13:00:00+00:00,55.57,55.6,54.72,55.3,1136284.0,55.0785,6159.0
2014-04-22 14:00:00+00:00,55.31,55.95,55.05,55.95,1378536.0,55.4845,8033.0
2014-04-22 15:00:00+00:00,55.95,56.32,55.9137,56.21,958530.0,56.1029,5846.0
2014-04-22 16:00:00+00:00,56.2,56.65,56.19,56.3,764705.0,56.3691,5175.0
2014-04-22 17:00:00+00:00,56.3,56.58,56.25,56.58,715585.0,56.3955,4435.0
2014-04-22 18:00:00+00:00,56.59,56.7,56.42,56.68,718369.0,56.5633,5080.0
2014-04-22 19:00:00+00:00,56.67,56.69,56.21,56.56,2311399.0,56.4424,14952.0
2014-04-22 20:00:00+00:00,56.55,56.55,56.0573,56.41,210912.0,56.1853,9.0
2014-04-22 21:00:00+00:00,56.49,56.49,56.33,56.33,1300.0,56.3477,5.0
2014-04-22 22:00:00+00:00,56.54,56.54,56.54,56.54,100.0,56.54,1.0
2014-04-22 23:00:00+00:00,56.5399,56.54,56.5399,56.54,232.0,56.54,2.0
2014-04-23 12:00:00+00:00,56.4,56.45,56.4,56.45,300.0,56.4167,2.0
2014-04-23 13:00:00+00:00,56.24,56.47,55.93,56.27,647604.0,56.1643,3298.0
2014-04-23 14:00:00+00:00,56.25,56.39,55.97,56.38,616950.0,56.1313,4942.0
2014-04-23 15:00:00+00:00,56.37,56.6925,56.14,56.6716,504773.0,56.4401,3595.0
2014-04-23 16:00:00+00:00,56.68,56.7,56.25,56.32,550180.0,56.4683,3945.0
2014-04-23 17:00:00+00:00,56.32,56.79,56.25,56.67,668611.0,56.5596,3798.0
2014-04-23 18:00:00+00:00,56.675,56.79,56.4878,56.4878,429925.0,56.6664,3609.0
2014-04-23 19:00:00+00:00,56.49,56.575,56.4296,56.46,782634.0,56.4959,6801.0
2014-04-23 20:00:00+00:00,56.46,56.61,56.46,56.5,16698.0,56.4621,6.0
2014-04-23 21:00:00+00:00,56.61,56.61,56.46,56.46,5577.0,56.4674,2.0
2014-04-24 13:00:00+00:00,56.89,56.92,55.82,55.92,440951.0,56.3126,2832.0
2014-04-24 14:00:00+00:00,55.93,56.42,55.83,56.23,510686.0,56.1637,4623.0
2014-04-24 15:00:00+00:00,56.23,56.71,56.21,56.475,422662.0,56.4574,2954.0
2014-04-24 16:00:00+00:00,56.51,56.83,56.47,56.76,351187.0,56.6249,2890.0
2014-04-24 17:00:00+00:00,56.76,56.84,56.33,56.43,413924.0,56.6091,3344.0
2014-04-24 18:00:00+00:00,56.42,56.76,56.29,56.73,529008.0,56.5555,4071.0
2014-04-24 19:00:00+00:00,56.73,56.79,56.39,56.53,1209838.0,56.5659,9184.0
2014-04-24 20:00:00+00:00,56.55,56.55,56.55,56.55,21273.0,56.55,7.0
2014-04-25 12:00:00+00:00,56.46,56.55,56.46,56.46,1200.0,56.4975,8.0
2014-04-25 13:00:00+00:00,56.42,56.85,56.42,56.605,686609.0,56.6626,4449.0
2014-04-25 14:00:00+00:00,56.61,57.39,56.6,57.02,1105932.0,57.0321,7746.0
2014-04-25 15:00:00+00:00,57.02,57.29,56.72,57.01,755017.0,56.9914,4983.0
2014-04-25 16:00:00+00:00,57.0,57.035,56.7301,56.76,465099.0,56.8976,3804.0
2014-04-25 17:00:00+00:00,56.7585,56.904,56.61,56.74,421746.0,56.745,3322.0
2014-04-25 18:00:00+00:00,56.74,56.77,56.35,56.35,677154.0,56.5485,4387.0
2014-04-25 19:00:00+00:00,56.36,56.81,56.31,56.68,1134279.0,56.5697,9049.0
2014-04-25 20:00:00+00:00,56.67,57.25,56.67,57.25,13552.0,56.7042,7.0
2014-04-28 11:00:00+00:00,56.92,56.92,56.67,56.67,1000.0,56.768,3.0
2014-04-28 12:00:00+00:00,57.27,57.29,57.27,57.27,4000.0,57.273,15.0
2014-04-28 13:00:00+00:00,56.56,58.0,56.38,57.99,947992.0,57.0733,5612.0
2014-04-28 14:00:00+00:00,57.959,58.33,57.46,58.17,1360505.0,57.8717,8992.0
2014-04-28 15:00:00+00:00,58.17,58.32,57.61,57.6351,1263155.0,57.8935,8037.0
2014-04-28 16:00:00+00:00,57.63,57.98,57.42,57.98,1036835.0,57.7564,6813.0
2014-04-28 17:00:00+00:00,57.97,57.99,57.44,57.44,1155139.0,57.6015,7728.0
2014-04-28 18:00:00+00:00,57.45,57.76,57.11,57.45,851788.0,57.4562,6296.0
2014-04-28 19:00:00+00:00,57.46,58.27,57.44,57.98,2552555.0,58.0312,18149.0
2014-04-28 20:00:00+00:00,57.97,58.5,57.97,58.0,107159.0,57.973,22.0
2014-04-28 21:00:00+00:00,58.39,58.39,58.39,58.39,100.0,58.39,1.0
2014-04-28 22:00:00+00:00,58.25,58.3,58.25,58.3,1180.0,58.2873,5.0
2014-04-28 23:00:00+00:00,58.3,58.3,58.3,58.3,172.0,58.3,1.0
2014-04-29 11:00:00+00:00,58.0,58.8,58.0,58.8,2200.0,58.3932,9.0
2014-04-29 12:00:00+00:00,58.69,59.55,58.69,59.0,68413.0,59.2161,317.0
2014-04-29 13:00:00+00:00,59.0,59.2,57.32,57.53,1264329.0,58.1978,7387.0
2014-04-29 14:00:00+00:00,57.61,58.0,57.49,57.6399,1111257.0,57.6531,9208.0
2014-04-29 15:00:00+00:00,57.63,57.65,57.09,57.4,1100681.0,57.3997,8705.0
2014-04-29 16:00:00+00:00,57.383,57.67,57.32,57.41,711985.0,57.4579,5021.0
2014-04-29 17:00:00+00:00,57.41,57.415,56.81,56.83,801764.0,57.1124,5896.0
2014-04-29 18:00:00+00:00,56.831,57.04,56.61,56.7506,1035037.0,56.8336,7626.0
2014-04-29 19:00:00+00:00,56.7551,56.84,56.575,56.83,1681672.0,56.7303,12380.0
2014-04-29 20:00:00+00:00,56.84,56.88,56.84,56.88,11162.0,56.8406,5.0
2014-04-29 21:00:00+00:00,56.83,56.83,56.83,56.83,270.0,56.83,1.0
2014-04-29 22:00:00+00:00,56.9,56.9,56.9,56.9,100.0,56.9,1.0
2014-04-29 23:00:00+00:00,56.84,56.84,56.83,56.83,700.0,56.8371,4.0
2014-04-30 12:00:00+00:00,56.95,57.14,56.95,57.14,300.0,57.0767,2.0
2014-04-30 13:00:00+00:00,56.81,57.7,56.72,57.0,1047605.0,57.1417,5831.0
2014-04-30 14:00:00+00:00,56.98,57.49,56.67,56.84,1419465.0,57.0613,9966.0
2014-04-30 15:00:00+00:00,56.85,57.02,56.67,56.98,586921.0,56.904,4938.0
2014-04-30 16:00:00+00:00,57.0,57.38,56.93,57.33,850108.0,57.1397,5911.0
2014-04-30 17:00:00+00:00,57.32,57.33,56.97,57.22,711406.0,57.1641,4744.0
2014-04-30 18:00:00+00:00,57.2087,57.34,56.99,57.2,1069823.0,57.1875,8069.0
2014-04-30 19:00:00+00:00,57.21,57.36,57.1,57.18,1288662.0,57.2152,11578.0
2014-04-30 20:00:00+00:00,57.17,57.17,57.17,57.17,100104.0,57.17,9.0
2014-04-30 21:00:00+00:00,57.29,57.29,57.29,57.29,1000.0,57.29,1.0
2014-04-30 22:00:00+00:00,57.33,57.33,57.33,57.33,100.0,57.33,1.0
2014-05-01 12:00:00+00:00,57.04,57.04,57.03,57.03,500.0,57.0372,3.0
2014-05-01 13:00:00+00:00,56.89,57.47,56.77,57.09,636483.0,57.2354,3796.0
2014-05-01 14:00:00+00:00,57.09,58.1,57.06,57.92,1300428.0,57.6006,8177.0
2014-05-01 15:00:00+00:00,57.93,58.2,57.7,58.08,765582.0,57.9615,5860.0
2014-05-01 16:00:00+00:00,58.08,58.38,58.01,58.22,601560.0,58.1788,5030.0
2014-05-01 17:00:00+00:00,58.21,58.27,57.64,57.655,609912.0,57.9501,5090.0
2014-05-01 18:00:00+00:00,57.655,57.708,57.46,57.54,522387.0,57.5754,4398.0
2014-05-01 19:00:00+00:00,57.54,57.72,57.39,57.7,1398402.0,57.5446,9934.0
2014-05-01 20:00:00+00:00,57.71,57.71,57.71,57.71,9152.0,57.71,5.0
2014-05-02 13:00:00+00:00,57.72,58.35,57.41,58.31,673177.0,58.0002,3716.0
2014-05-02 14:00:00+00:00,58.33,59.09,58.201,58.54,2103020.0,58.7498,13224.0
2014-05-02 15:00:00+00:00,58.51,58.56,57.995,58.02,741057.0,58.1728,6054.0
2014-05-02 16:00:00+00:00,58.04,58.088,57.95,58.03,450964.0,58.0114,3584.0
2014-05-02 17:00:00+00:00,58.04,58.065,57.8,57.84,600310.0,57.9444,3210.0
2014-05-02 18:00:00+00:00,57.84,57.88,57.645,57.76,762838.0,57.7751,5609.0
2014-05-02 19:00:00+00:00,57.76,58.015,57.745,57.915,1097926.0,57.9449,7352.0
2014-05-02 20:00:00+00:00,57.91,57.99,57.91,57.91,10170.0,57.9139,6.0
2014-05-05 12:00:00+00:00,57.8,57.8,57.8,57.8,100.0,57.8,1.0
2014-05-05 13:00:00+00:00,57.68,57.68,57.0,57.12,501952.0,57.3053,2489.0
2014-05-05 14:00:00+00:00,57.1599,57.97,57.07,57.71,489502.0,57.6322,3554.0
2014-05-05 15:00:00+00:00,57.7115,57.74,57.45,57.5,420772.0,57.5774,3085.0
2014-05-05 16:00:00+00:00,57.51,57.6268,57.41,57.44,365000.0,57.5223,2543.0
2014-05-05 17:00:00+00:00,57.43,57.62,57.19,57.324,902663.0,57.484,4915.0
2014-05-05 18:00:00+00:00,57.3354,58.21,57.33,58.125,1897273.0,57.8294,10472.0
2014-05-05 19:00:00+00:00,58.12,58.38,58.065,58.27,1707391.0,58.2744,12865.0
2014-05-05 20:00:00+00:00,58.29,58.37,58.27,58.37,888.0,58.3278,8.0
2014-05-05 22:00:00+00:00,58.36,58.38,58.36,58.38,400.0,58.365,2.0
2014-05-06 12:00:00+00:00,58.72,58.87,58.64,58.8,1950.0,58.6901,14.0
2014-05-06 13:00:00+00:00,58.64,59.23,58.54,58.9,961809.0,58.86,5184.0
2014-05-06 14:00:00+00:00,58.91,59.22,58.749,59.095,928671.0,58.9854,6263.0
2014-05-06 15:00:00+00:00,59.08,59.69,58.97,59.58,1175688.0,59.3408,7523.0
2014-05-06 16:00:00+00:00,59.575,59.615,59.04,59.16,674661.0,59.3138,5276.0
2014-05-06 17:00:00+00:00,59.15,59.16,58.83,58.93,586650.0,58.9902,5003.0
2014-05-06 18:00:00+00:00,58.92,58.99,58.62,58.76,896914.0,58.7941,7113.0
2014-05-06 19:00:00+00:00,58.75,58.85,58.39,58.5,1975014.0,58.623,14864.0
2014-05-06 20:00:00+00:00,58.51,58.51,58.51,58.51,272.0,58.51,1.0
2014-05-06 21:00:00+00:00,58.5675,58.5675,58.5675,58.5675,31900.0,58.5675,1.0
2014-05-06 22:00:00+00:00,58.55,58.55,58.54,58.54,341.0,58.5453,3.0
2014-05-07 13:00:00+00:00,58.89,58.89,57.73,57.89,754965.0,58.2125,4260.0
2014-05-07 14:00:00+00:00,57.9,58.02,57.14,57.18,1275199.0,57.4759,10529.0
2014-05-07 15:00:00+00:00,57.18,57.82,57.06,57.71,728275.0,57.3989,6476.0
2014-05-07 16:00:00+00:00,57.7,57.735,57.25,57.288,505035.0,57.4794,4648.0
2014-05-07 17:00:00+00:00,57.29,57.76,57.25,57.44,800688.0,57.5219,5652.0
2014-05-07 18:00:00+00:00,57.437,57.83,57.41,57.44,1011181.0,57.6419,7315.0
2014-05-07 19:00:00+00:00,57.45,57.98,57.44,57.81,1945116.0,57.7612,13239.0
2014-05-07 20:00:00+00:00,57.82,57.82,57.74,57.76,53488.0,57.8171,14.0
2014-05-07 23:00:00+00:00,57.82,57.85,57.82,57.85,600.0,57.845,2.0
2014-05-08 13:00:00+00:00,57.68,58.23,57.4,58.18,544966.0,57.7494,3189.0
2014-05-08 14:00:00+00:00,58.21,58.5,57.67,57.802,608134.0,58.1825,4891.0
2014-05-08 15:00:00+00:00,57.81,57.82,57.33,57.7201,585453.0,57.634,4535.0
2014-05-08 16:00:00+00:00,57.73,57.81,57.41,57.44,577938.0,57.5928,3813.0
2014-05-08 17:00:00+00:00,57.43,57.554,57.15,57.2,418109.0,57.3136,2965.0
2014-05-08 18:00:00+00:00,57.21,57.24,56.75,56.83,579575.0,57.0354,4388.0
2014-05-08 19:00:00+00:00,56.83,56.99,56.58,56.82,1159162.0,56.7962,8927.0
2014-05-08 20:00:00+00:00,56.81,56.81,56.81,56.81,3368.0,56.81,4.0
2014-05-09 12:00:00+00:00,56.91,56.91,56.27,56.27,300.0,56.5393,4.0
2014-05-09 13:00:00+00:00,56.92,56.92,55.3505,55.36,1052717.0,56.0859,6184.0
2014-05-09 14:00:00+00:00,55.4,55.66,55.19,55.44,1630700.0,55.396,12211.0
2014-05-09 15:00:00+00:00,55.45,55.528,55.19,55.47,716587.0,55.3962,5387.0
2014-05-09 16:00:00+00:00,55.48,55.8,55.39,55.65,540072.0,55.5594,4185.0
2014-05-09 17:00:00+00:00,55.67,55.73,55.4,55.47,439201.0,55.5558,3661.0
2014-05-09 18:00:00+00:00,55.48,55.65,55.3325,55.562,619053.0,55.4925,5120.0
2014-05-09 19:00:00+00:00,55.57,55.94,55.49,55.94,1335609.0,55.7761,10203.0
2014-05-09 20:00:00+00:00,55.93,55.93,55.93,55.93,4740.0,55.93,3.0
2014-05-09 22:00:00+00:00,55.94,56.0,55.94,56.0,700.0,55.9486,2.0
2014-05-09 23:00:00+00:00,56.03,56.03,56.03,56.03,100.0,56.03,1.0
2014-05-12 13:00:00+00:00,56.2,56.85,56.16,56.79,995608.0,56.4821,5063.0
2014-05-12 14:00:00+00:00,56.77,57.03,56.52,56.8176,704990.0,56.8096,5728.0
2014-05-12 15:00:00+00:00,56.83,57.21,56.825,57.07,626143.0,57.0093,5321.0
2014-05-12 16:00:00+00:00,57.065,57.18,56.9375,57.02,421235.0,57.0216,4052.0
2014-05-12 17:00:00+00:00,57.0,57.07,56.65,56.72,442781.0,56.8013,3723.0
2014-05-12 18:00:00+00:00,56.72,56.73,56.08,56.15,871646.0,56.3602,6763.0
2014-05-12 19:00:00+00:00,56.15,56.39,56.1,56.28,1287498.0,56.2751,10086.0
2014-05-12 20:00:00+00:00,56.28,56.28,56.28,56.28,9656.0,56.28,6.0
2014-05-12 22:00:00+00:00,56.41,56.41,56.41,56.41,1000.0,56.41,1.0
2014-05-12 23:00:00+00:00,56.45,56.45,56.45,56.45,250.0,56.45,1.0
2014-05-13 13:00:00+00:00,56.59,56.69,55.84,55.96,580305.0,56.1614,4149.0
2014-05-13 14:00:00+00:00,55.95,56.67,55.67,56.53,1593380.0,56.1986,9582.0
2014-05-13 15:00:00+00:00,56.5349,56.79,56.29,56.3099,863155.0,56.5231,5306.0
2014-05-13 16:00:00+00:00,56.31,56.48,56.17,56.475,592426.0,56.2887,4472.0
2014-05-13 17:00:00+00:00,56.48,56.86,56.47,56.82,482505.0,56.6821,3417.0
2014-05-13 18:00:00+00:00,56.83,56.95,56.73,56.85,440494.0,56.8643,3914.0
2014-05-13 19:00:00+00:00,56.84,56.86,56.34,56.36,1772870.0,56.5244,12015.0
2014-05-13 20:00:00+00:00,56.34,56.37,56.34,56.37,2284.0,56.3788,4.0
2014-05-13 22:00:00+00:00,56.53,56.53,56.53,56.53,300.0,56.53,1.0
2014-05-13 23:00:00+00:00,56.45,56.45,56.45,56.45,200.0,56.45,1.0
2014-05-14 12:00:00+00:00,56.9,56.9,56.88,56.88,600.0,56.8933,3.0
2014-05-14 13:00:00+00:00,56.7,56.7,55.71,56.0,901839.0,56.0064,3861.0
2014-05-14 14:00:00+00:00,55.99,56.215,55.8,56.01,815023.0,56.0069,6155.0
2014-05-14 15:00:00+00:00,56.01,56.36,56.0,56.275,584523.0,56.1876,4843.0
2014-05-14 16:00:00+00:00,56.28,57.0162,56.26,57.0,617589.0,56.6287,4861.0
2014-05-14 17:00:00+00:00,56.99,57.59,56.99,57.11,1140878.0,57.3115,8194.0
2014-05-14 18:00:00+00:00,57.1,57.12,56.65,56.69,651777.0,56.8793,5006.0
2014-05-14 19:00:00+00:00,56.69,56.72,56.43,56.52,1018120.0,56.5467,7756.0
2014-05-14 20:00:00+00:00,56.52,56.52,56.52,56.52,2736.0,56.52,2.0
2014-05-14 22:00:00+00:00,56.65,56.65,56.65,56.65,170.0,56.65,1.0
2014-05-15 11:00:00+00:00,56.65,56.65,56.65,56.65,200.0,56.65,3.0
2014-05-15 13:00:00+00:00,56.27,56.33,55.71,55.7735,530025.0,56.0105,3635.0
2014-05-15 14:00:00+00:00,55.77,55.92,55.26,55.64,952822.0,55.5879,7987.0
2014-05-15 15:00:00+00:00,55.64,55.88,55.26,55.31,801461.0,55.5286,6055.0
2014-05-15 16:00:00+00:00,55.3,55.5132,55.25,55.474,381117.0,55.3745,3370.0
2014-05-15 17:00:00+00:00,55.48,55.65,55.36,55.59,433676.0,55.4763,3381.0
2014-05-15 18:00:00+00:00,55.5844,55.93,55.4068,55.84,702241.0,55.6999,5652.0
2014-05-15 19:00:00+00:00,55.84,55.9,55.645,55.82,1268315.0,55.7987,9817.0
2014-05-15 20:00:00+00:00,55.85,55.85,55.85,55.85,100.0,55.85,1.0
2014-05-15 22:00:00+00:00,55.75,55.75,55.75,55.75,100.0,55.75,1.0
2014-05-16 13:00:00+00:00,55.56,55.65,55.02,55.25,868951.0,55.3212,3247.0
2014-05-16 14:00:00+00:00,55.25,55.42,54.94,55.26,970600.0,55.1632,6601.0
2014-05-16 15:00:00+00:00,55.26,55.49,55.21,55.36,550892.0,55.329,4290.0
2014-05-16 16:00:00+00:00,55.35,55.4196,55.09,55.29,648816.0,55.2495,4535.0
2014-05-16 17:00:00+00:00,55.285,55.3,54.96,55.09,739841.0,55.0997,5380.0
2014-05-16 18:00:00+00:00,55.085,55.14,54.91,55.125,791505.0,54.9964,5245.0
2014-05-16 19:00:00+00:00,55.12,55.18,54.99,55.1,1647491.0,55.0647,11402.0
2014-05-16 20:00:00+00:00,55.1,55.16,55.04,55.1,17865.0,55.0987,12.0
2014-05-16 21:00:00+00:00,55.1,55.1,55.1,55.1,496.0,55.1,3.0
2014-05-16 22:00:00+00:00,55.06,55.06,55.05,55.05,350.0,55.0529,4.0
2014-05-16 23:00:00+00:00,55.1,55.1,55.1,55.1,600.0,55.1,5.0
2014-05-19 11:00:00+00:00,54.85,54.86,54.85,54.86,440.0,54.8557,5.0
2014-05-19 12:00:00+00:00,54.85,54.85,54.83,54.83,450.0,54.8389,3.0
2014-05-19 13:00:00+00:00,54.83,55.52,54.712,55.4,791469.0,55.0574,3948.0
2014-05-19 14:00:00+00:00,55.41,55.79,55.27,55.42,743100.0,55.5163,5348.0
2014-05-19 15:00:00+00:00,55.415,55.59,55.33,55.48,320950.0,55.4608,2602.0
2014-05-19 16:00:00+00:00,55.49,55.52,55.34,55.42,341222.0,55.4494,2572.0
2014-05-19 17:00:00+00:00,55.41,55.45,55.17,55.37,436056.0,55.3047,3185.0
2014-05-19 18:00:00+00:00,55.37,55.44,55.29,55.3234,423877.0,55.3532,3261.0
2014-05-19 19:00:00+00:00,55.33,55.41,55.22,55.26,1084227.0,55.3006,7734.0
2014-05-19 20:00:00+00:00,55.27,55.27,55.27,55.27,4864.0,55.27,6.0
2014-05-19 23:00:00+00:00,55.42,55.42,55.42,55.42,100.0,55.42,1.0
2014-05-20 13:00:00+00:00,55.28,56.14,55.15,56.0,655972.0,55.8049,3711.0
2014-05-20 14:00:00+00:00,56.0,56.059,55.61,55.88,1421212.0,55.8182,5506.0
2014-05-20 15:00:00+00:00,55.89,56.03,55.72,55.76,507990.0,55.8668,3658.0
2014-05-20 16:00:00+00:00,55.74,55.75,55.37,55.42,354954.0,55.4886,3102.0
2014-05-20 17:00:00+00:00,55.44,55.44,54.76,54.7601,626197.0,55.1104,4387.0
2014-05-20 18:00:00+00:00,54.77,55.0,54.77,54.87,665998.0,54.897,3842.0
2014-05-20 19:00:00+00:00,54.88,55.01,54.76,54.91,1245751.0,54.8863,8727.0
2014-05-20 20:00:00+00:00,54.92,54.92,54.92,54.92,8652.0,54.92,3.0
2014-05-20 23:00:00+00:00,54.88,54.88,54.88,54.88,450.0,54.88,1.0
2014-05-21 13:00:00+00:00,55.21,55.38,54.65,54.695,805333.0,54.975,4603.0
2014-05-21 14:00:00+00:00,54.72,55.11,54.02,54.19,2233995.0,54.6819,11456.0
2014-05-21 15:00:00+00:00,54.18,54.33,53.94,53.9699,1077609.0,54.1328,7865.0
2014-05-21 16:00:00+00:00,53.98,54.27,53.84,54.215,776264.0,53.9915,5897.0
2014-05-21 17:00:00+00:00,54.21,54.43,54.11,54.13,628682.0,54.2687,4437.0
2014-05-21 18:00:00+00:00,54.125,54.14,53.81,54.1,1122960.0,53.9794,8187.0
2014-05-21 19:00:00+00:00,54.1,54.31,54.08,54.22,1278151.0,54.2019,10173.0
2014-05-21 20:00:00+00:00,54.18,54.18,54.18,54.18,100.0,54.18,1.0
2014-05-21 21:00:00+00:00,54.19,54.19,54.18,54.18,1100.0,54.1891,2.0
2014-05-22 12:00:00+00:00,54.26,54.26,54.26,54.26,100.0,54.26,1.0
2014-05-22 13:00:00+00:00,54.26,54.74,54.22,54.38,510263.0,54.4501,2790.0
2014-05-22 14:00:00+00:00,54.38,54.57,54.26,54.46,508794.0,54.4345,4164.0
2014-05-22 15:00:00+00:00,54.46,54.98,54.42,54.925,552036.0,54.7657,3934.0
2014-05-22 16:00:00+00:00,54.92,54.96,54.68,54.74,319233.0,54.8443,2825.0
2014-05-22 17:00:00+00:00,54.74,54.95,54.64,54.89,379248.0,54.7682,3140.0
2014-05-22 18:00:00+00:00,54.89,54.94,54.78,54.93,388544.0,54.8598,3041.0
2014-05-22 19:00:00+00:00,54.92,54.92,54.66,54.68,706351.0,54.7291,5800.0
2014-05-22 20:00:00+00:00,54.71,54.71,54.67,54.67,3679.0,54.6806,7.0
2014-05-23 12:00:00+00:00,54.94,54.94,54.94,54.94,840.0,54.94,3.0
2014-05-23 13:00:00+00:00,54.75,54.8,54.33,54.495,407644.0,54.5401,2346.0
2014-05-23 14:00:00+00:00,54.49,55.23,54.49,55.1,904504.0,55.0421,6301.0
2014-05-23 15:00:00+00:00,55.1,55.12,54.65,54.718,549793.0,54.8753,3876.0
2014-05-23 16:00:00+00:00,54.72,54.72,54.51,54.62,453924.0,54.6091,2762.0
2014-05-23 17:00:00+00:00,54.62,54.69,54.47,54.49,285754.0,54.5876,2305.0
2014-05-23 18:00:00+00:00,54.4845,54.61,54.4,54.555,505709.0,54.512,3279.0
2014-05-23 19:00:00+00:00,54.55,54.625,54.48,54.53,751107.0,54.5397,5867.0
2014-05-23 20:00:00+00:00,54.54,54.54,54.54,54.54,2958.0,54.54,5.0
2014-05-27 12:00:00+00:00,54.83,55.0,54.83,55.0,2090.0,54.9312,9.0
2014-05-27 13:00:00+00:00,55.0,55.0,54.2,54.2,908733.0,54.4382,4410.0
2014-05-27 14:00:00+00:00,54.2,54.55,54.0,54.07,959261.0,54.1212,6312.0
2014-05-27 15:00:00+00:00,54.06,54.09,53.92,54.03,746221.0,54.0035,5704.0
2014-05-27 16:00:00+00:00,54.03,54.12,53.95,53.978,568016.0,54.0227,4617.0
2014-05-27 17:00:00+00:00,53.99,54.02,53.68,53.73,643196.0,53.8793,4739.0
2014-05-27 18:00:00+00:00,53.74,54.07,53.73,53.9736,677336.0,53.9078,5051.0
2014-05-27 19:00:00+00:00,53.97,54.055,53.71,53.75,1682596.0,53.8651,11408.0
2014-05-27 20:00:00+00:00,53.74,53.91,53.74,53.89,26160.0,53.7604,31.0
2014-05-28 13:00:00+00:00,53.91,54.95,53.81,54.77,1204993.0,54.5171,5909.0
2014-05-28 14:00:00+00:00,54.76,54.76,54.33,54.58,1311496.0,54.5583,10108.0
2014-05-28 15:00:00+00:00,54.5632,54.76,54.398,54.5,524826.0,54.5565,4366.0
2014-05-28 16:00:00+00:00,54.5,54.59,54.42,54.5499,291578.0,54.5251,2787.0
2014-05-28 17:00:00+00:00,54.55,55.33,54.51,55.33,869663.0,54.9034,6705.0
2014-05-28 18:00:00+00:00,55.33,56.0,55.32,56.0,1658495.0,55.6075,11282.0
2014-05-28 19:00:00+00:00,56.0,56.125,55.67,55.69,2590391.0,55.8827,17484.0
2014-05-28 20:00:00+00:00,55.69,55.69,55.69,55.69,2206.0,55.69,4.0
2014-05-28 21:00:00+00:00,55.65,55.65,55.44,55.44,710.0,55.5048,5.0
2014-05-28 22:00:00+00:00,55.74,55.74,55.74,55.74,100.0,55.74,1.0
2014-05-29 13:00:00+00:00,55.77,56.24,55.7201,55.89,630695.0,55.9698,4112.0
2014-05-29 14:00:00+00:00,55.89,56.0,55.47,55.93,743294.0,55.7448,6046.0
2014-05-29 15:00:00+00:00,55.95,56.4298,55.95,56.39,688728.0,56.2046,5152.0
2014-05-29 16:00:00+00:00,56.395,56.45,56.2,56.29,493045.0,56.3266,3054.0
2014-05-29 17:00:00+00:00,56.28,56.49,56.145,56.485,485703.0,56.2821,3785.0
2014-05-29 18:00:00+00:00,56.485,56.56,56.29,56.53,546841.0,56.4145,3818.0
2014-05-29 19:00:00+00:00,56.53,56.69,56.51,56.63,1175468.0,56.624,8850.0
2014-05-29 20:00:00+00:00,56.5,56.65,56.5,56.65,10328.0,56.5045,4.0
2014-05-29 22:00:00+00:00,56.69,56.69,56.69,56.69,150.0,56.69,1.0
2014-05-30 13:00:00+00:00,56.7,57.05,56.3,56.47,495161.0,56.5936,2726.0
2014-05-30 14:00:00+00:00,56.4999,56.76,56.25,56.33,627146.0,56.49,4716.0
2014-05-30 15:00:00+00:00,56.32,56.52,56.03,56.04,475647.0,56.248,3772.0
2014-05-30 16:00:00+00:00,56.04,56.055,55.7,55.7288,493033.0,55.8727,3560.0
2014-05-30 17:00:00+00:00,55.74,55.9,55.69,55.755,483961.0,55.8104,3027.0
2014-05-30 18:00:00+00:00,55.76,56.06,55.68,56.035,619469.0,55.9222,4298.0
2014-05-30 19:00:00+00:00,56.0399,56.08,55.89,56.05,1224714.0,56.0158,8598.0
2014-05-30 20:00:00+00:00,56.05,56.05,56.05,56.05,5355.0,56.05,9.0
2014-06-02 12:00:00+00:00,56.15,56.15,56.15,56.15,395.0,56.15,1.0
2014-06-02 13:00:00+00:00,56.1,56.48,55.8403,55.87,278819.0,56.1319,1450.0
2014-06-02 14:00:00+00:00,55.86,56.26,55.57,56.2599,524734.0,55.9267,4154.0
2014-06-02 15:00:00+00:00,56.26,56.54,56.23,56.48,348038.0,56.3991,2932.0
2014-06-02 16:00:00+00:00,56.47,56.53,56.29,56.37,294135.0,56.438,2504.0
2014-06-02 17:00:00+00:00,56.38,56.57,56.3,56.5625,350659.0,56.4364,2639.0
2014-06-02 18:00:00+00:00,56.56,56.618,56.44,56.495,328838.0,56.5014,2831.0
2014-06-02 19:00:00+00:00,56.498,56.545,56.37,56.52,814667.0,56.4758,6361.0
2014-06-02 20:00:00+00:00,56.51,56.51,56.51,56.51,490.0,56.51,2.0
2014-06-03 13:00:00+00:00,56.4,56.4,55.75,55.77,603033.0,56.0234,3352.0
2014-06-03 14:00:00+00:00,55.77,56.15,55.77,55.85,739335.0,55.9511,5343.0
2014-06-03 15:00:00+00:00,55.86,55.8799,55.19,55.28,939709.0,55.5627,6607.0
2014-06-03 16:00:00+00:00,55.275,55.51,55.25,55.51,473504.0,55.3795,3085.0
2014-06-03 17:00:00+00:00,55.505,55.62,55.42,55.62,572345.0,55.4846,2884.0
2014-06-03 18:00:00+00:00,55.62,55.73,55.3,55.31,570952.0,55.593,4091.0
2014-06-03 19:00:00+00:00,55.31,55.43,55.25,55.39,1143793.0,55.362,8368.0
2014-06-03 20:00:00+00:00,55.4,55.4,55.3599,55.36,10615.0,55.3963,12.0
2014-06-03 21:00:00+00:00,55.37,55.37,55.37,55.37,1300.0,55.37,7.0
2014-06-03 22:00:00+00:00,55.35,55.35,55.35,55.35,250.0,55.35,1.0
2014-06-04 13:00:00+00:00,55.15,55.275,54.68,55.275,495770.0,55.0267,2547.0
2014-06-04 14:00:00+00:00,55.27,55.35,54.3,54.435,1347292.0,54.6211,8608.0
2014-06-04 15:00:00+00:00,54.44,54.5,54.29,54.49,1128492.0,54.406,5965.0
2014-06-04 16:00:00+00:00,54.49,54.77,54.44,54.64,582521.0,54.6652,4124.0
2014-06-04 17:00:00+00:00,54.65,54.73,54.44,54.6074,748230.0,54.5957,4689.0
2014-06-04 18:00:00+00:00,54.61,54.68,54.32,54.32,752239.0,54.5549,4573.0
2014-06-04 19:00:00+00:00,54.32,54.61,54.3,54.55,1317824.0,54.4488,8895.0
2014-06-04 20:00:00+00:00,54.55,54.57,54.55,54.57,7181.0,54.5521,3.0
2014-06-04 22:00:00+00:00,54.57,54.57,54.57,54.57,300.0,54.57,1.0
2014-06-04 23:00:00+00:00,54.59,54.59,54.59,54.59,500.0,54.59,2.0
2014-06-05 13:00:00+00:00,54.96,54.99,54.61,54.85,473834.0,54.7864,2903.0
2014-06-05 14:00:00+00:00,54.8496,55.28,54.35,55.22,1018667.0,54.8965,7886.0
2014-06-05 15:00:00+00:00,55.21,55.72,55.19,55.63,772423.0,55.4828,5514.0
2014-06-05 16:00:00+00:00,55.64,55.79,55.48,55.49,450189.0,55.6372,3764.0
2014-06-05 17:00:00+00:00,55.4899,55.63,55.47,55.485,316693.0,55.5305,2877.0
2014-06-05 18:00:00+00:00,55.485,55.69,55.45,55.54,412173.0,55.5797,3569.0
2014-06-05 19:00:00+00:00,55.5442,55.66,55.5,55.64,1119431.0,55.5686,8000.0
2014-06-05 20:00:00+00:00,55.64,55.64,55.64,55.64,10657.0,55.64,9.0
2014-06-05 23:00:00+00:00,55.62,55.62,55.62,55.62,140.0,55.62,1.0
2014-06-06 12:00:00+00:00,55.64,55.64,55.64,55.64,310.0,55.6419,7.0
2014-06-06 13:00:00+00:00,55.75,55.79,55.225,55.382,278185.0,55.4621,1555.0
2014-06-06 14:00:00+00:00,55.36,55.49,55.17,55.49,538759.0,55.3009,3651.0
2014-06-06 15:00:00+00:00,55.49,55.6,55.36,55.41,298000.0,55.4663,2676.0
2014-06-06 16:00:00+00:00,55.412,55.49,55.28,55.325,362194.0,55.3433,2805.0
2014-06-06 17:00:00+00:00,55.32,55.36,55.26,55.32,281311.0,55.3026,2247.0
2014-06-06 18:00:00+00:00,55.31,55.32,55.22,55.24,309218.0,55.283,2484.0
2014-06-06 19:00:00+00:00,55.2319,55.25,55.14,55.21,737247.0,55.1938,5606.0
2014-06-06 20:00:00+00:00,55.15,55.22,55.15,55.22,14716.0,55.2176,4.0
2014-06-06 22:00:00+00:00,55.33,55.33,55.33,55.33,300.0,55.33,1.0
2014-06-09 13:00:00+00:00,55.29,55.49,55.02,55.45,310102.0,55.2486,1733.0
2014-06-09 14:00:00+00:00,55.5,55.56,55.1701,55.41,465803.0,55.3156,3958.0
2014-06-09 15:00:00+00:00,55.42,55.51,55.28,55.41,347600.0,55.3833,2693.0
2014-06-09 16:00:00+00:00,55.4,55.66,55.3,55.5,470060.0,55.4792,3576.0
2014-06-09 17:00:00+00:00,55.52,55.6,55.2133,55.23,515038.0,55.3555,3908.0
2014-06-09 18:00:00+00:00,55.228,55.25,54.54,54.71,832585.0,54.8092,5930.0
2014-06-09 19:00:00+00:00,54.71,54.8482,54.71,54.84,866755.0,54.7897,6931.0
2014-06-09 22:00:00+00:00,54.84,54.84,54.84,54.84,100.0,54.84,1.0
2014-06-09 23:00:00+00:00,54.84,54.84,54.84,54.84,100.0,54.84,1.0
2014-06-10 13:00:00+00:00,54.55,54.67,53.67,53.74,1135688.0,54.013,5927.0
2014-06-10 14:00:00+00:00,53.7499,53.93,53.42,53.62,1375381.0,53.6338,9351.0
2014-06-10 15:00:00+00:00,53.629,53.73,53.4,53.44,909277.0,53.5817,5716.0
2014-06-10 16:00:00+00:00,53.44,53.57,53.25,53.41,1010350.0,53.4187,5557.0
2014-06-10 17:00:00+00:00,53.42,53.7,53.25,53.68,846181.0,53.4456,5572.0
2014-06-10 18:00:00+00:00,53.68,53.69,53.32,53.34,827690.0,53.4417,5953.0
2014-06-10 19:00:00+00:00,53.35,53.37,53.24,53.3,1909804.0,53.2955,11092.0
2014-06-10 20:00:00+00:00,53.31,53.31,53.25,53.25,14992.0,53.2851,9.0
2014-06-10 21:00:00+00:00,53.27,53.4,53.27,53.4,736.0,53.3049,6.0
2014-06-10 22:00:00+00:00,53.32,53.32,53.32,53.32,164.0,53.32,1.0
2014-06-10 23:00:00+00:00,53.32,53.32,53.32,53.32,300.0,53.32,3.0
2014-06-11 12:00:00+00:00,53.0,53.18,53.0,53.12,1300.0,53.1062,10.0
2014-06-11 13:00:00+00:00,53.11,53.65,52.75,53.63,1158671.0,53.2853,4940.0
2014-06-11 14:00:00+00:00,53.63,53.63,52.89,53.3657,1069689.0,53.3037,6570.0
2014-06-11 15:00:00+00:00,53.365,53.54,53.31,53.32,494212.0,53.4148,3933.0
2014-06-11 16:00:00+00:00,53.33,53.545,53.3,53.51,456572.0,53.411,2903.0
2014-06-11 17:00:00+00:00,53.51,53.51,53.05,53.06,716134.0,53.3178,4493.0
2014-06-11 18:00:00+00:00,53.05,53.21,52.96,53.05,1168250.0,53.0856,7329.0
2014-06-11 19:00:00+00:00,53.05,53.36,52.95,53.2,1951401.0,53.1499,11403.0
2014-06-11 20:00:00+00:00,53.19,53.19,53.19,53.19,37674.0,53.19,4.0
2014-06-11 23:00:00+00:00,53.32,53.32,53.32,53.32,300.0,53.32,2.0
2014-06-12 11:00:00+00:00,53.54,53.55,53.54,53.55,400.0,53.5425,4.0
2014-06-12 12:00:00+00:00,53.7,53.8,53.7,53.75,11500.0,53.7493,13.0
2014-06-12 13:00:00+00:00,53.55,53.88,52.93,53.58,1561913.0,53.3887,6324.0
2014-06-12 14:00:00+00:00,53.58,53.78,53.33,53.465,1298857.0,53.5471,7246.0
2014-06-12 15:00:00+00:00,53.47,53.73,53.11,53.12,727038.0,53.4161,5228.0
2014-06-12 16:00:00+00:00,53.11,53.71,52.92,53.68,1107910.0,53.3651,6659.0
2014-06-12 17:00:00+00:00,53.68,53.95,53.45,53.5,1343689.0,53.7562,7935.0
2014-06-12 18:00:00+00:00,53.49,53.8,53.45,53.62,681433.0,53.6415,5212.0
2014-06-12 19:00:00+00:00,53.63,53.83,53.5,53.8,1630345.0,53.6813,11287.0
2014-06-12 20:00:00+00:00,53.81,53.82,53.78,53.82,4849.0,53.8091,6.0
2014-06-12 21:00:00+00:00,53.8,53.83,53.8,53.83,1150.0,53.8065,7.0
2014-06-12 22:00:00+00:00,53.8,53.8,53.8,53.8,100.0,53.8,1.0
2014-06-13 13:00:00+00:00,53.82,54.0299,53.59,53.88,446464.0,53.8258,2642.0
2014-06-13 14:00:00+00:00,53.88,54.01,53.56,53.88,416872.0,53.8316,3597.0
2014-06-13 15:00:00+00:00,53.89,54.01,53.68,53.705,482503.0,53.8576,3442.0
2014-06-13 16:00:00+00:00,53.72,53.77,53.59,53.67,403876.0,53.6788,2858.0
2014-06-13 17:00:00+00:00,53.67,53.74,53.5,53.535,384481.0,53.5742,3099.0
2014-06-13 18:00:00+00:00,53.54,53.72,53.4302,53.63,450641.0,53.5894,3411.0
2014-06-13 19:00:00+00:00,53.62,53.75,53.5,53.7398,1078217.0,53.6255,7291.0
2014-06-13 20:00:00+00:00,53.74,53.74,53.74,53.74,124.0,53.74,1.0
2014-06-16 13:00:00+00:00,53.84,53.84,53.28,53.29,432003.0,53.5008,2562.0
2014-06-16 14:00:00+00:00,53.29,53.5,53.21,53.4854,792616.0,53.3746,5452.0
2014-06-16 15:00:00+00:00,53.5,53.52,53.15,53.25,442823.0,53.2935,2766.0
2014-06-16 16:00:00+00:00,53.27,53.56,53.25,53.48,412472.0,53.4282,2584.0
2014-06-16 17:00:00+00:00,53.4799,53.56,53.31,53.32,470010.0,53.4702,2868.0
2014-06-16 18:00:00+00:00,53.32,53.54,53.32,53.36,492422.0,53.4174,3393.0
2014-06-16 19:00:00+00:00,53.35,53.38,53.29,53.35,1242831.0,53.3438,8381.0
2014-06-16 20:00:00+00:00,53.35,53.48,53.35,53.48,5282.0,53.3549,5.0
2014-06-16 22:00:00+00:00,53.4,53.4,53.4,53.4,100.0,53.4,1.0
2014-06-17 13:00:00+00:00,53.28,53.69,53.0,53.67,563140.0,53.3548,2550.0
2014-06-17 14:00:00+00:00,53.67,53.69,53.23,53.31,539300.0,53.4715,4194.0
2014-06-17 15:00:00+00:00,53.31,53.58,53.27,53.4472,395087.0,53.4453,3351.0
2014-06-17 16:00:00+00:00,53.45,53.62,53.3718,53.555,326485.0,53.4914,2300.0
2014-06-17 17:00:00+00:00,53.543,53.6,53.41,53.6,368993.0,53.4918,2683.0
2014-06-17 18:00:00+00:00,53.6,53.9,53.57,53.85,798094.0,53.7959,5778.0
2014-06-17 19:00:00+00:00,53.8553,54.15,53.74,54.11,1415886.0,53.9673,9423.0
2014-06-17 20:00:00+00:00,54.11,54.12,54.05,54.05,9990.0,53.9193,10.0
2014-06-17 22:00:00+00:00,54.1,54.14,54.1,54.14,300.0,54.1267,2.0
2014-06-18 09:00:00+00:00,54.21,54.21,54.21,54.21,100.0,54.21,1.0
2014-06-18 12:00:00+00:00,54.25,54.28,54.11,54.28,800.0,54.2338,4.0
2014-06-18 13:00:00+00:00,54.16,54.3,53.775,54.285,452318.0,54.1347,2933.0
2014-06-18 14:00:00+00:00,54.3,54.38,53.86,53.94,915612.0,54.114,7055.0
2014-06-18 15:00:00+00:00,53.93,54.62,53.89,54.53,687580.0,54.334,5197.0
2014-06-18 16:00:00+00:00,54.52,54.63,54.46,54.51,453027.0,54.5361,3261.0
2014-06-18 17:00:00+00:00,54.51,55.07,54.47,55.022,764911.0,54.8328,5884.0
2014-06-18 18:00:00+00:00,55.01,55.67,54.87,55.32,1448412.0,55.3538,10163.0
2014-06-18 19:00:00+00:00,55.32,55.68,55.19,55.65,1954430.0,55.4805,14230.0
2014-06-18 20:00:00+00:00,55.64,55.67,55.64,55.67,2781.0,55.6411,7.0
2014-06-18 21:00:00+00:00,55.68,55.68,55.65,55.65,300.0,55.66,2.0
2014-06-18 22:00:00+00:00,55.65,55.65,55.65,55.65,200.0,55.65,2.0
2014-06-18 23:00:00+00:00,55.65,55.71,55.65,55.71,625.0,55.6692,5.0
2014-06-19 12:00:00+00:00,55.7,55.99,55.7,55.99,2060.0,55.8787,13.0
2014-06-19 13:00:00+00:00,55.99,57.08,55.83,56.649,1470761.0,56.5767,7990.0
2014-06-19 14:00:00+00:00,56.62,56.78,56.265,56.29,847915.0,56.5543,7274.0
2014-06-19 15:00:00+00:00,56.29,56.83,56.29,56.8,848539.0,56.5883,6820.0
2014-06-19 16:00:00+00:00,56.79,57.09,56.74,56.9301,987041.0,56.9708,6910.0
2014-06-19 17:00:00+00:00,56.935,57.01,56.88,56.99,867797.0,56.9538,6513.0
2014-06-19 18:00:00+00:00,56.98,57.14,56.95,57.03,938318.0,57.023,6391.0
2014-06-19 19:00:00+00:00,57.03,57.09,56.94,57.08,1931542.0,57.0018,13237.0
2014-06-19 20:00:00+00:00,57.08,57.09,56.94,57.07,2092.0,57.0576,9.0
2014-06-19 21:00:00+00:00,57.21,57.23,57.09,57.09,205610.0,57.0909,10.0
2014-06-19 22:00:00+00:00,57.09,57.09,57.09,57.09,250.0,57.09,1.0
2014-06-19 23:00:00+00:00,57.09,57.09,57.09,57.09,300.0,57.09,2.0
2014-06-20 12:00:00+00:00,57.11,57.11,57.09,57.09,1450.0,57.1021,10.0
2014-06-20 13:00:00+00:00,57.13,57.44,56.78,56.83,1066792.0,57.1328,3244.0
2014-06-20 14:00:00+00:00,56.83,57.23,56.71,57.19,719527.0,56.9811,5740.0
2014-06-20 15:00:00+00:00,57.18,57.39,57.01,57.32,663042.0,57.224,5087.0
2014-06-20 16:00:00+00:00,57.31,57.43,57.17,57.32,471740.0,57.3183,3682.0
2014-06-20 17:00:00+00:00,57.32,57.34,56.89,57.005,646730.0,57.1227,4479.0
2014-06-20 18:00:00+00:00,57.02,57.3,57.01,57.235,550279.0,57.2173,4322.0
2014-06-20 19:00:00+00:00,57.2399,57.37,57.23,57.34,1285260.0,57.3,9035.0
2014-06-20 20:00:00+00:00,57.31,57.38,57.15,57.38,28876.0,57.3423,32.0
2014-06-20 21:00:00+00:00,57.44,57.44,57.09,57.4,13055.0,57.3313,6.0
2014-06-20 22:00:00+00:00,57.48,57.48,57.48,57.48,150.0,57.48,1.0
2014-06-23 12:00:00+00:00,57.65,57.71,57.65,57.71,2600.0,57.6654,10.0
2014-06-23 13:00:00+00:00,57.43,57.65,57.09,57.636,458167.0,57.3847,2608.0
2014-06-23 14:00:00+00:00,57.65,57.89,57.5399,57.84,705150.0,57.7262,5032.0
2014-06-23 15:00:00+00:00,57.83,57.83,57.45,57.7748,448035.0,57.6302,3652.0
2014-06-23 16:00:00+00:00,57.77,57.88,57.505,57.62,425707.0,57.6709,3272.0
2014-06-23 17:00:00+00:00,57.625,57.63,57.27,57.33,436827.0,57.4148,3463.0
2014-06-23 18:00:00+00:00,57.325,57.325,57.07,57.28,612296.0,57.1946,4453.0
2014-06-23 19:00:00+00:00,57.28,57.37,57.24,57.28,1152483.0,57.3063,8288.0
2014-06-23 20:00:00+00:00,57.31,57.31,57.31,57.31,2683.0,57.31,3.0
2014-06-24 13:00:00+00:00,57.32,58.13,57.26,57.7199,812879.0,57.8215,4359.0
2014-06-24 14:00:00+00:00,57.72,58.08,57.7,58.045,808653.0,57.9385,4792.0
2014-06-24 15:00:00+00:00,58.04,58.065,57.57,57.72,642349.0,57.7952,4200.0
2014-06-24 16:00:00+00:00,57.74,57.75,57.19,57.2057,448944.0,57.4068,3067.0
2014-06-24 17:00:00+00:00,57.2,57.25,56.83,56.89,816761.0,57.039,5024.0
2014-06-24 18:00:00+00:00,56.88,56.88,56.17,56.32,1062981.0,56.5889,7012.0
2014-06-24 19:00:00+00:00,56.31,56.31,55.86,55.99,1745760.0,56.0627,12764.0
2014-06-24 20:00:00+00:00,55.99,56.0,55.65,55.69,11267.0,55.8783,41.0
2014-06-24 21:00:00+00:00,55.69,55.9,55.69,55.9,1510.0,55.8285,8.0
2014-06-24 22:00:00+00:00,55.85,55.85,55.0,55.02,16910.0,55.6038,55.0
2014-06-24 23:00:00+00:00,54.99,54.99,54.66,54.99,2500.0,54.9348,9.0
2014-06-25 10:00:00+00:00,55.75,55.75,55.75,55.75,200.0,55.75,1.0
2014-06-25 11:00:00+00:00,55.01,55.01,53.99,54.0,2400.0,54.3325,18.0
2014-06-25 12:00:00+00:00,54.0,54.25,53.12,53.16,65890.0,53.7249,342.0
2014-06-25 13:00:00+00:00,53.2,53.35,50.15,51.85,12109629.0,51.2473,61441.0
2014-06-25 14:00:00+00:00,51.85,52.23,50.77,51.43,6288160.0,51.4492,34277.0
2014-06-25 15:00:00+00:00,51.43,51.43,50.5,50.9159,4086988.0,50.8151,22191.0
2014-06-25 16:00:00+00:00,50.92,51.04,50.031,50.375,4360750.0,50.3959,22304.0
2014-06-25 17:00:00+00:00,50.38,51.65,50.23,50.99,6714000.0,51.0447,35395.0
2014-06-25 18:00:00+00:00,51.0,51.4,50.88,51.135,3223900.0,51.1414,15130.0
2014-06-25 19:00:00+00:00,51.1355,51.46,50.89,51.35,6329259.0,51.2358,29578.0
2014-06-25 20:00:00+00:00,51.35,51.43,51.25,51.35,152856.0,51.3367,79.0
2014-06-25 21:00:00+00:00,51.43,51.55,51.41,51.47,14358.0,51.4319,40.0
2014-06-25 22:00:00+00:00,51.47,51.69,51.46,51.69,4150.0,51.5475,20.0
2014-06-25 23:00:00+00:00,51.6,51.67,51.6,51.65,2187.0,51.6144,14.0
2014-06-26 08:00:00+00:00,51.8,51.8,51.8,51.8,500.0,51.8,1.0
2014-06-26 11:00:00+00:00,51.76,52.2,51.76,51.78,13995.0,52.0296,72.0
2014-06-26 12:00:00+00:00,51.78,52.3,51.78,51.95,46675.0,52.1084,215.0
2014-06-26 13:00:00+00:00,51.99,52.34,51.38,51.78,2951649.0,51.8734,13479.0
2014-06-26 14:00:00+00:00,51.78,52.4,51.44,52.34,2904415.0,51.8642,15243.0
2014-06-26 15:00:00+00:00,52.33,52.55,52.14,52.41,2190890.0,52.397,12515.0
2014-06-26 16:00:00+00:00,52.42,52.69,52.332,52.525,1124409.0,52.5261,6616.0
2014-06-26 17:00:00+00:00,52.52,52.94,52.51,52.69,1353734.0,52.7759,8059.0
2014-06-26 18:00:00+00:00,52.685,52.72,52.31,52.32,1598485.0,52.5319,8803.0
2014-06-26 19:00:00+00:00,52.325,52.52,52.2,52.25,2740579.0,52.3536,13856.0
2014-06-26 20:00:00+00:00,52.25,52.34,52.2,52.34,2983.0,52.2818,13.0
2014-06-26 21:00:00+00:00,52.28,52.33,52.28,52.33,265.0,52.3111,2.0
2014-06-26 22:00:00+00:00,52.28,52.28,52.27,52.27,800.0,52.2768,3.0
2014-06-26 23:00:00+00:00,52.32,52.35,52.32,52.35,1421.0,52.3412,6.0
2014-06-27 11:00:00+00:00,52.35,52.35,52.35,52.35,100.0,52.35,1.0
2014-06-27 12:00:00+00:00,52.26,52.35,52.26,52.35,550.0,52.3336,4.0
2014-06-27 13:00:00+00:00,52.35,52.44,51.72,52.035,799203.0,52.0176,3675.0
2014-06-27 14:00:00+00:00,52.04,52.39,51.8,52.33,1026804.0,52.0995,5945.0
2014-06-27 15:00:00+00:00,52.33,52.49,52.14,52.1672,980122.0,52.3413,6166.0
2014-06-27 16:00:00+00:00,52.17,52.21,52.01,52.0175,533785.0,52.1097,3854.0
2014-06-27 17:00:00+00:00,52.015,52.03,51.84,51.955,754974.0,51.9681,4303.0
2014-06-27 18:00:00+00:00,51.96,52.03,51.61,51.65,1127425.0,51.8864,6132.0
2014-06-27 19:00:00+00:00,51.65,51.88,51.23,51.68,3257048.0,51.6515,17456.0
2014-06-27 20:00:00+00:00,51.68,51.69,51.25,51.25,481113.0,51.6691,113.0
2014-06-27 21:00:00+00:00,51.27,51.67,51.26,51.45,36957.0,51.5834,37.0
2014-06-27 22:00:00+00:00,51.36,51.46,51.36,51.46,2050.0,51.4113,9.0
2014-06-27 23:00:00+00:00,51.5,51.5,51.46,51.46,900.0,51.4867,3.0
2014-06-30 11:00:00+00:00,51.55,51.55,51.5,51.5,1020.0,51.5184,9.0
2014-06-30 12:00:00+00:00,51.6,51.65,51.5,51.5,3210.0,51.5305,23.0
2014-06-30 13:00:00+00:00,51.53,51.83,50.6,51.06,1539236.0,51.1052,7015.0
2014-06-30 14:00:00+00:00,51.09,51.2,50.75,50.8,1347376.0,50.9395,9234.0
2014-06-30 15:00:00+00:00,50.8,50.8,50.6,50.7466,1502458.0,50.6836,8714.0
2014-06-30 16:00:00+00:00,50.74,50.81,50.59,50.7,1234180.0,50.659,7599.0
2014-06-30 17:00:00+00:00,50.7099,50.71,50.22,50.32,1793205.0,50.4741,9359.0
2014-06-30 18:00:00+00:00,50.315,50.51,50.22,50.37,1567697.0,50.3809,8634.0
2014-06-30 19:00:00+00:00,50.37,50.91,50.04,50.09,3721496.0,50.1651,19968.0
2014-06-30 20:00:00+00:00,50.1,50.18,50.08,50.15,208075.0,50.1032,51.0
2014-06-30 21:00:00+00:00,50.15,50.15,50.13,50.15,2243.0,50.1484,11.0
2014-06-30 22:00:00+00:00,50.15,50.15,50.14,50.15,3041.0,50.149,11.0
2014-06-30 23:00:00+00:00,50.14,50.15,50.14,50.15,309.0,50.1432,3.0
2014-07-01 12:00:00+00:00,50.1,50.4,50.1,50.37,16645.0,50.1484,21.0
2014-07-01 13:00:00+00:00,50.37,51.1,50.22,50.55,2342129.0,50.6318,8306.0
2014-07-01 14:00:00+00:00,50.58,50.69,50.41,50.625,2145226.0,50.5252,12344.0
2014-07-01 15:00:00+00:00,50.63,50.63,50.12,50.1455,1427371.0,50.4152,8131.0
2014-07-01 16:00:00+00:00,50.14,50.26,50.01,50.08,1640266.0,50.1068,8846.0
2014-07-01 17:00:00+00:00,50.08,50.52,50.05,50.28,2080982.0,50.288,9907.0
2014-07-01 18:00:00+00:00,50.29,50.36,50.05,50.28,1406934.0,50.1647,9842.0
2014-07-01 19:00:00+00:00,50.27,50.41,50.2,50.32,2804379.0,50.3173,15618.0
2014-07-01 20:00:00+00:00,50.32,50.4,50.3147,50.32,300800.0,50.3219,14.0
2014-07-01 21:00:00+00:00,50.38,50.39,50.3799,50.38,1390.0,50.3807,5.0
2014-07-01 22:00:00+00:00,50.38,50.54,50.38,50.54,690.0,50.4264,3.0
2014-07-01 23:00:00+00:00,50.53,50.53,50.53,50.53,200.0,50.523,4.0
2014-07-02 12:00:00+00:00,50.55,50.81,50.5,50.73,8770.0,50.6885,47.0
2014-07-02 13:00:00+00:00,50.73,50.73,50.21,50.33,1106438.0,50.4153,4560.0
2014-07-02 14:00:00+00:00,50.34,51.11,50.3,50.95,2000190.0,50.8485,11214.0
2014-07-02 15:00:00+00:00,50.95,51.01,50.51,50.54,860890.0,50.7149,6094.0
2014-07-02 16:00:00+00:00,50.537,50.7966,50.53,50.78,574387.0,50.6493,4035.0
2014-07-02 17:00:00+00:00,50.79,50.89,50.625,50.75,861487.0,50.7515,5540.0
2014-07-02 18:00:00+00:00,50.76,50.85,50.66,50.74,828843.0,50.7463,5540.0
2014-07-02 19:00:00+00:00,50.75,50.88,50.71,50.83,1675992.0,50.7856,10348.0
2014-07-02 20:00:00+00:00,50.8,50.83,50.8,50.82,13282.0,50.8288,16.0
2014-07-02 21:00:00+00:00,50.82,50.89,50.82,50.85,914.0,50.8539,8.0
2014-07-02 22:00:00+00:00,50.85,50.85,50.85,50.85,2898.0,50.85,4.0
2014-07-02 23:00:00+00:00,50.83,50.83,50.83,50.83,100.0,50.83,1.0
2014-07-03 12:00:00+00:00,51.01,51.02,51.0,51.0,400.0,51.01,3.0
2014-07-03 13:00:00+00:00,51.05,51.15,50.47,50.63,896475.0,50.8787,4601.0
2014-07-03 14:00:00+00:00,50.63,51.0,50.61,50.8425,1215414.0,50.8822,6515.0
2014-07-03 15:00:00+00:00,50.845,50.92,50.6525,50.84,706208.0,50.8016,4409.0
2014-07-03 16:00:00+00:00,50.85,50.98,50.81,50.94,1119833.0,50.8897,7715.0
2014-07-03 17:00:00+00:00,50.94,51.0,50.94,51.0,334710.0,50.9999,5.0
2014-07-07 11:00:00+00:00,51.21,51.36,51.21,51.36,400.0,51.2475,2.0
2014-07-07 12:00:00+00:00,51.21,51.21,51.19,51.19,1730.0,51.2077,6.0
2014-07-07 13:00:00+00:00,51.2,51.25,50.45,50.59,821240.0,50.7019,3918.0
2014-07-07 14:00:00+00:00,50.59,50.8,50.31,50.5199,898773.0,50.537,6631.0
2014-07-07 15:00:00+00:00,50.52,50.599,50.33,50.45,670129.0,50.4576,5060.0
2014-07-07 16:00:00+00:00,50.45,50.67,50.32,50.49,587684.0,50.4801,4180.0
2014-07-07 17:00:00+00:00,50.5,50.5201,50.26,50.3,646720.0,50.3397,4332.0
2014-07-07 18:00:00+00:00,50.31,50.45,50.27,50.32,660363.0,50.3633,5301.0
2014-07-07 19:00:00+00:00,50.32,50.355,50.22,50.28,1201224.0,50.2869,9022.0
2014-07-07 20:00:00+00:00,50.27,50.27,50.25,50.27,12664.0,50.2695,11.0
2014-07-07 22:00:00+00:00,50.2999,50.3,50.2999,50.3,1100.0,50.3,4.0
2014-07-07 23:00:00+00:00,50.29,50.29,50.25,50.25,350.0,50.2672,3.0
2014-07-08 11:00:00+00:00,50.55,50.58,50.55,50.58,2000.0,50.57,5.0
2014-07-08 12:00:00+00:00,50.3,50.3,50.3,50.3,100.0,50.3,1.0
2014-07-08 13:00:00+00:00,50.17,50.35,49.06,49.3986,1785294.0,49.4824,8270.0
2014-07-08 14:00:00+00:00,49.4,49.59,49.08,49.46,1888824.0,49.31,10989.0
2014-07-08 15:00:00+00:00,49.47,49.5199,49.3,49.35,984444.0,49.3782,6727.0
2014-07-08 16:00:00+00:00,49.3525,49.54,49.23,49.43,927884.0,49.3532,5618.0
2014-07-08 17:00:00+00:00,49.44,49.57,49.32,49.52,927397.0,49.4573,5708.0
2014-07-08 18:00:00+00:00,49.5199,49.64,49.19,49.19,1069754.0,49.4118,6504.0
2014-07-08 19:00:00+00:00,49.2,49.296,49.07,49.15,2069103.0,49.1491,14326.0
2014-07-08 20:00:00+00:00,49.16,49.24,49.16,49.24,17714.0,49.1741,22.0
2014-07-08 21:00:00+00:00,49.19,49.19,49.19,49.19,300.0,49.19,2.0
2014-07-08 22:00:00+00:00,49.27,49.27,49.27,49.27,200.0,49.27,1.0
2014-07-09 12:00:00+00:00,49.45,49.45,49.35,49.35,1800.0,49.3789,9.0
2014-07-09 13:00:00+00:00,49.42,49.59,48.31,48.84,1602928.0,48.8768,8462.0
2014-07-09 14:00:00+00:00,48.85,49.31,48.59,49.185,1821037.0,48.9529,9675.0
2014-07-09 15:00:00+00:00,49.187,49.27,48.83,48.99,912900.0,49.077,5839.0
2014-07-09 16:00:00+00:00,48.9855,49.32,48.98,49.27,759773.0,49.1706,4304.0
2014-07-09 17:00:00+00:00,49.27,49.43,49.22,49.23,705786.0,49.3361,4973.0
2014-07-09 18:00:00+00:00,49.24,49.26,49.08,49.17,1129403.0,49.1577,7318.0
2014-07-09 19:00:00+00:00,49.175,49.47,49.175,49.26,1880250.0,49.2932,11899.0
2014-07-09 20:00:00+00:00,49.28,49.28,49.23,49.23,9798.0,49.269,12.0
2014-07-09 21:00:00+00:00,49.23,49.23,49.23,49.23,150.0,49.23,1.0
2014-07-09 22:00:00+00:00,49.35,49.35,49.35,49.35,300.0,49.35,4.0
2014-07-09 23:00:00+00:00,49.28,49.28,49.28,49.28,1549.0,49.28,12.0
2014-07-10 12:00:00+00:00,48.72,48.98,48.5,48.59,3878.0,48.5794,20.0
2014-07-10 13:00:00+00:00,48.51,49.1,48.4201,48.97,1071263.0,48.7936,6196.0
2014-07-10 14:00:00+00:00,48.99,49.11,48.79,48.91,1334365.0,48.9686,9210.0
2014-07-10 15:00:00+00:00,48.91,49.02,48.85,48.985,762764.0,48.9614,5838.0
2014-07-10 16:00:00+00:00,48.98,49.09,48.79,48.9,1064971.0,48.968,6650.0
2014-07-10 17:00:00+00:00,48.89,49.105,48.88,49.0632,639881.0,48.9931,4834.0
2014-07-10 18:00:00+00:00,49.06,49.29,49.06,49.12,932798.0,49.1832,6632.0
2014-07-10 19:00:00+00:00,49.11,49.23,49.01,49.2,1437449.0,49.1644,10069.0
2014-07-10 20:00:00+00:00,49.25,49.28,49.1,49.11,1548.0,49.2159,13.0
2014-07-10 22:00:00+00:00,49.21,49.29,49.21,49.29,200.0,49.25,2.0
2014-07-11 12:00:00+00:00,49.25,49.25,49.25,49.25,200.0,49.25,2.0
2014-07-11 13:00:00+00:00,49.24,49.75,49.055,49.379,856950.0,49.2811,4744.0
2014-07-11 14:00:00+00:00,49.38,50.0,49.28,49.88,1540337.0,49.7383,10784.0
2014-07-11 15:00:00+00:00,49.89,49.97,49.64,49.91,1012594.0,49.8084,6535.0
2014-07-11 16:00:00+00:00,49.91,50.02,49.66,49.81,775996.0,49.8528,5095.0
2014-07-11 17:00:00+00:00,49.8099,49.9,49.65,49.9,646509.0,49.7536,4525.0
2014-07-11 18:00:00+00:00,49.89,50.01,49.85,49.99,771129.0,49.9323,5251.0
2014-07-11 19:00:00+00:00,49.99,50.19,49.92,50.11,1373249.0,50.0886,9654.0
2014-07-11 20:00:00+00:00,50.11,50.11,50.11,50.11,705.0,50.11,7.0
2014-07-11 21:00:00+00:00,50.11,50.17,50.11,50.17,380.0,50.1324,3.0
2014-07-11 22:00:00+00:00,50.11,50.11,50.11,50.11,200.0,50.11,1.0
2014-07-14 08:00:00+00:00,50.15,50.15,50.15,50.15,100.0,50.15,1.0
2014-07-14 11:00:00+00:00,50.38,50.4,50.38,50.4,500.0,50.388,5.0
2014-07-14 12:00:00+00:00,50.43,50.54,50.3,50.33,9745.0,50.3851,22.0
2014-07-14 13:00:00+00:00,50.47,50.6,49.69,49.78,716608.0,50.0984,3054.0
2014-07-14 14:00:00+00:00,49.78,50.0,49.71,49.75,1155740.0,49.8034,6251.0
2014-07-14 15:00:00+00:00,49.75,50.0,49.72,49.79,731683.0,49.8246,4736.0
2014-07-14 16:00:00+00:00,49.7844,49.918,49.73,49.7901,531221.0,49.8206,3622.0
2014-07-14 17:00:00+00:00,49.79,49.82,49.7,49.78,566197.0,49.7605,3523.0
2014-07-14 18:00:00+00:00,49.79,49.86,49.75,49.82,832092.0,49.781,3951.0
2014-07-14 19:00:00+00:00,49.82,49.99,49.79,49.94,1460077.0,49.8808,8692.0
2014-07-14 20:00:00+00:00,49.93,50.0,49.93,50.0,9121.0,49.9308,5.0
2014-07-14 21:00:00+00:00,49.85,49.85,48.0,48.25,68813.0,49.1235,219.0
2014-07-14 22:00:00+00:00,48.25,48.69,48.1,48.15,38659.0,49.2822,78.0
2014-07-14 23:00:00+00:00,48.15,48.32,48.11,48.2,11824.0,48.2446,24.0
2014-07-15 10:00:00+00:00,48.3,48.5,48.3,48.5,1188.0,48.4663,4.0
2014-07-15 11:00:00+00:00,48.65,49.01,48.6,48.75,12425.0,48.8075,43.0
2014-07-15 12:00:00+00:00,48.81,49.03,47.76,48.72,192348.0,48.324,910.0
2014-07-15 13:00:00+00:00,48.7,50.52,48.56,49.865,2533085.0,49.8277,13783.0
2014-07-15 14:00:00+00:00,49.87,50.05,49.3,49.376,2331921.0,49.6657,13688.0
2014-07-15 15:00:00+00:00,49.36,50.09,49.259,50.0,1663137.0,49.7752,9733.0
2014-07-15 16:00:00+00:00,49.98,50.73,49.86,50.41,1457713.0,50.2848,8148.0
2014-07-15 17:00:00+00:00,50.42,50.81,50.4,50.66,1519300.0,50.5948,9292.0
2014-07-15 18:00:00+00:00,50.665,50.69,50.46,50.54,1044889.0,50.5574,7278.0
2014-07-15 19:00:00+00:00,50.54,50.75,50.18,50.29,2243509.0,50.3841,14295.0
2014-07-15 20:00:00+00:00,50.2595,50.52,50.2595,50.52,17432.0,50.3786,5.0
2014-07-15 21:00:00+00:00,50.28,50.28,50.28,50.28,125.0,50.28,2.0
2014-07-15 23:00:00+00:00,50.4,50.4,50.4,50.4,100.0,50.4,1.0
2014-07-16 12:00:00+00:00,50.5,50.5,50.5,50.5,200.0,50.5,1.0
2014-07-16 13:00:00+00:00,50.21,50.67,50.15,50.315,884676.0,50.4557,5184.0
2014-07-16 14:00:00+00:00,50.31,50.41,49.66,49.84,1518082.0,49.9096,9597.0
2014-07-16 15:00:00+00:00,49.83,49.9501,49.695,49.74,914296.0,49.8568,6274.0
2014-07-16 16:00:00+00:00,49.74,49.91,49.65,49.84,585922.0,49.7804,4460.0
2014-07-16 17:00:00+00:00,49.84,49.94,49.755,49.781,528083.0,49.8396,4284.0
2014-07-16 18:00:00+00:00,49.78,49.99,49.75,49.95,860168.0,49.9107,5993.0
2014-07-16 19:00:00+00:00,49.94,50.145,49.885,50.06,1742629.0,50.0407,9815.0
2014-07-16 20:00:00+00:00,50.08,50.09,50.0,50.06,10476.0,50.032,16.0
2014-07-17 12:00:00+00:00,49.7,49.7,49.7,49.7,300.0,49.7,3.0
2014-07-17 13:00:00+00:00,49.71,50.0,49.63,49.953,845517.0,49.7677,4051.0
2014-07-17 14:00:00+00:00,49.99,50.14,49.73,49.77,644763.0,49.9486,4897.0
2014-07-17 15:00:00+00:00,49.76,49.8,49.25,49.35,1175987.0,49.4577,8199.0
2014-07-17 16:00:00+00:00,49.35,49.5,49.26,49.45,566791.0,49.3512,4402.0
2014-07-17 17:00:00+00:00,49.46,49.54,49.15,49.35,823517.0,49.3597,5201.0
2014-07-17 18:00:00+00:00,49.35,49.35,49.22,49.26,1072324.0,49.2842,5728.0
2014-07-17 19:00:00+00:00,49.26,49.27,48.77,48.85,1835205.0,48.9531,11711.0
2014-07-17 20:00:00+00:00,49.3189,49.3189,48.84,48.84,28646.0,49.2514,7.0
2014-07-17 21:00:00+00:00,48.75,48.85,48.75,48.85,700.0,48.8214,3.0
2014-07-17 22:00:00+00:00,48.9,48.9,48.76,48.76,1300.0,48.7723,3.0
2014-07-17 23:00:00+00:00,48.75,48.75,48.75,48.75,450.0,48.75,3.0
2014-07-18 12:00:00+00:00,48.97,48.97,48.97,48.97,125.0,48.97,1.0
2014-07-18 13:00:00+00:00,48.97,49.08,48.84,48.985,1157479.0,48.9713,3505.0
2014-07-18 14:00:00+00:00,48.985,49.1,48.9,48.99,816430.0,48.9971,6072.0
2014-07-18 15:00:00+00:00,49.0,49.06,48.915,48.99,678568.0,48.9924,4766.0
2014-07-18 16:00:00+00:00,49.0,49.129,48.98,48.985,404058.0,49.0351,2792.0
2014-07-18 17:00:00+00:00,48.985,49.0,48.75,48.85,736212.0,48.8654,4083.0
2014-07-18 18:00:00+00:00,48.8571,48.98,48.81,48.82,643472.0,48.8753,4211.0
2014-07-18 19:00:00+00:00,48.825,48.96,48.77,48.81,1863418.0,48.8365,9444.0
2014-07-18 20:00:00+00:00,48.8,48.84,48.8,48.84,10333.0,48.8102,8.0
2014-07-18 21:00:00+00:00,48.85,48.85,48.85,48.85,300.0,48.85,2.0
2014-07-18 23:00:00+00:00,48.85,48.85,48.85,48.85,100.0,48.85,1.0
2014-07-21 12:00:00+00:00,48.76,48.8,48.75,48.8,700.0,48.7857,7.0
2014-07-21 13:00:00+00:00,48.72,48.78,47.8433,48.59,1067396.0,48.2883,5164.0
2014-07-21 14:00:00+00:00,48.6,48.6,48.245,48.26,834892.0,48.3711,5665.0
2014-07-21 15:00:00+00:00,48.25,48.41,48.18,48.2,974210.0,48.2998,4673.0
2014-07-21 16:00:00+00:00,48.21,48.24,48.01,48.1,569622.0,48.124,3488.0
2014-07-21 17:00:00+00:00,48.1,48.1,47.9,47.9344,1157182.0,48.0054,6412.0
2014-07-21 18:00:00+00:00,47.94,48.0,47.81,47.89,1145835.0,47.9015,6701.0
2014-07-21 19:00:00+00:00,47.88,47.91,47.77,47.815,1961596.0,47.8309,11246.0
2014-07-21 20:00:00+00:00,47.82,47.91,47.81,47.82,6100.0,47.8268,16.0
2014-07-21 22:00:00+00:00,47.89,47.89,47.82,47.82,300.0,47.8667,2.0
2014-07-21 23:00:00+00:00,47.8201,47.8201,47.82,47.82,2100.0,47.82,3.0
2014-07-22 13:00:00+00:00,48.08,48.45,47.98,48.29,922236.0,48.2034,5317.0
2014-07-22 14:00:00+00:00,48.29,48.5,48.19,48.3673,735444.0,48.3563,4752.0
2014-07-22 15:00:00+00:00,48.37,48.41,48.2,48.25,795947.0,48.2866,5371.0
2014-07-22 16:00:00+00:00,48.24,48.33,48.15,48.33,444941.0,48.2511,3282.0
2014-07-22 17:00:00+00:00,48.33,48.34,48.1,48.22,691627.0,48.2148,5263.0
2014-07-22 18:00:00+00:00,48.22,48.22,47.92,47.975,1320584.0,48.0312,8095.0
2014-07-22 19:00:00+00:00,47.97,48.01,47.84,47.87,1426949.0,47.9274,8742.0
2014-07-22 20:00:00+00:00,47.86,47.86,47.83,47.83,109743.0,47.9159,9.0
2014-07-22 21:00:00+00:00,47.82,47.82,47.82,47.82,400.0,47.8223,2.0
2014-07-23 12:00:00+00:00,48.0,48.0,48.0,48.0,692.0,48.0,3.0
2014-07-23 13:00:00+00:00,48.01,48.395,47.8,48.165,781806.0,48.0766,3917.0
2014-07-23 14:00:00+00:00,48.17,48.6999,48.17,48.405,1502588.0,48.4294,8031.0
2014-07-23 15:00:00+00:00,48.405,48.61,48.35,48.355,457806.0,48.4761,3157.0
2014-07-23 16:00:00+00:00,48.35,48.36,48.17,48.19,389020.0,48.2662,2863.0
2014-07-23 17:00:00+00:00,48.19,48.22,48.04,48.09,581338.0,48.1284,3916.0
2014-07-23 18:00:00+00:00,48.09,48.3,48.06,48.29,912276.0,48.1918,4363.0
2014-07-23 19:00:00+00:00,48.29,48.43,48.25,48.36,1338812.0,48.3546,7940.0
2014-07-23 20:00:00+00:00,48.37,48.37,48.35,48.35,7955.0,48.3505,4.0
2014-07-23 21:00:00+00:00,48.25,48.25,48.24,48.25,600.0,48.2467,5.0
2014-07-24 13:00:00+00:00,48.4,48.52,48.21,48.34,524827.0,48.4135,2638.0
2014-07-24 14:00:00+00:00,48.34,48.7,48.27,48.63,598827.0,48.5139,3979.0
2014-07-24 15:00:00+00:00,48.64,49.1,48.625,49.07,880051.0,48.9149,4823.0
2014-07-24 16:00:00+00:00,49.0701,49.09,48.96,48.99,457155.0,49.0231,3099.0
2014-07-24 17:00:00+00:00,48.9901,49.0,48.7,48.775,511840.0,48.7941,3499.0
2014-07-24 18:00:00+00:00,48.78,48.875,48.6,48.65,718188.0,48.7553,4705.0
2014-07-24 19:00:00+00:00,48.65,48.76,48.44,48.7,1415102.0,48.6477,8735.0
2014-07-24 20:00:00+00:00,48.68,48.69,48.6,48.68,28714.0,48.6759,18.0
2014-07-24 21:00:00+00:00,48.65,48.68,48.65,48.68,500.0,48.666,3.0
2014-07-24 22:00:00+00:00,48.68,48.68,48.68,48.68,370.0,48.68,3.0
2014-07-25 12:00:00+00:00,48.65,48.65,48.65,48.65,600.0,48.65,6.0
2014-07-25 13:00:00+00:00,48.65,48.96,48.63,48.88,469464.0,48.8469,2599.0
2014-07-25 14:00:00+00:00,48.8901,49.0,48.64,48.675,607067.0,48.8135,4583.0
2014-07-25 15:00:00+00:00,48.675,48.7892,48.45,48.7533,717478.0,48.6294,4812.0
2014-07-25 16:00:00+00:00,48.75,49.05,48.74,49.04,416676.0,48.8832,3063.0
2014-07-25 17:00:00+00:00,49.04,49.14,48.94,49.025,422492.0,49.0218,2774.0
2014-07-25 18:00:00+00:00,49.025,49.16,48.9848,49.14,485114.0,49.0962,3765.0
2014-07-25 19:00:00+00:00,49.14,49.24,49.13,49.19,1043351.0,49.1942,7039.0
2014-07-25 20:00:00+00:00,49.2,49.22,49.15,49.22,18504.0,49.2002,6.0
2014-07-25 21:00:00+00:00,49.22,49.22,49.16,49.16,17540.0,49.2001,3.0
2014-07-25 22:00:00+00:00,49.18,49.18,49.18,49.18,700.0,49.18,2.0
2014-07-28 12:00:00+00:00,49.39,49.39,49.39,49.39,100.0,49.39,1.0
2014-07-28 13:00:00+00:00,49.12,49.44,48.64,48.7,576189.0,49.0285,2858.0
2014-07-28 14:00:00+00:00,48.69,48.75,48.38,48.7,1131908.0,48.5679,6038.0
2014-07-28 15:00:00+00:00,48.69,49.04,48.66,48.96,737081.0,48.8848,4375.0
2014-07-28 16:00:00+00:00,48.96,49.02,48.94,48.985,492987.0,48.9614,3182.0
2014-07-28 17:00:00+00:00,48.99,49.19,48.95,49.14,525187.0,49.0659,3176.0
2014-07-28 18:00:00+00:00,49.135,49.15,48.85,48.96,441220.0,48.9662,3484.0
2014-07-28 19:00:00+00:00,48.96,49.06,48.86,49.04,1312178.0,48.9861,8847.0
2014-07-28 20:00:00+00:00,49.04,49.04,49.04,49.04,14980.0,49.04,5.0
2014-07-28 23:00:00+00:00,49.03,49.03,49.03,49.03,100.0,49.03,1.0
2014-07-29 12:00:00+00:00,49.2,49.8,49.2,49.79,18215.0,49.5415,108.0
2014-07-29 13:00:00+00:00,49.78,50.4,49.49,49.76,1608031.0,49.849,8036.0
2014-07-29 14:00:00+00:00,49.78,50.28,49.43,49.64,1595983.0,49.742,10296.0
2014-07-29 15:00:00+00:00,49.62,49.72,49.42,49.61,920895.0,49.5715,5930.0
2014-07-29 16:00:00+00:00,49.61,49.73,49.42,49.63,579930.0,49.5522,3927.0
2014-07-29 17:00:00+00:00,49.63,49.88,49.59,49.82,447725.0,49.745,3975.0
2014-07-29 18:00:00+00:00,49.82,50.16,49.8103,50.15,1358628.0,50.0122,9172.0
2014-07-29 19:00:00+00:00,50.15,50.31,49.79,49.855,3045452.0,50.0574,17691.0
2014-07-29 20:00:00+00:00,49.85,49.85,49.7,49.7,1502.0,49.82,5.0
2014-07-29 21:00:00+00:00,49.85,49.85,49.85,49.85,370.0,49.85,3.0
2014-07-29 22:00:00+00:00,49.8,49.8,49.8,49.8,200.0,49.8,1.0
2014-07-29 23:00:00+00:00,50.22,50.22,50.22,50.22,200.0,50.22,2.0
2014-07-30 10:00:00+00:00,50.48,50.74,50.48,50.74,1100.0,50.6927,5.0
2014-07-30 11:00:00+00:00,50.65,50.9,50.0,50.3,4106.0,50.5282,17.0
2014-07-30 12:00:00+00:00,50.3,50.65,50.25,50.44,14819.0,50.3268,45.0
2014-07-30 13:00:00+00:00,50.4,50.95,49.6,50.32,1298932.0,50.4449,6499.0
2014-07-30 14:00:00+00:00,50.29,50.44,49.76,49.98,1928153.0,50.0796,9398.0
2014-07-30 15:00:00+00:00,49.97,50.42,49.912,49.99,1368933.0,50.1113,6566.0
2014-07-30 16:00:00+00:00,50.0,50.24,49.76,50.06,815430.0,49.9898,4448.0
2014-07-30 17:00:00+00:00,50.06,50.06,49.79,49.82,836200.0,49.9135,4674.0
2014-07-30 18:00:00+00:00,49.819,50.02,49.76,49.97,1093046.0,49.9551,7234.0
2014-07-30 19:00:00+00:00,49.96,50.28,49.855,50.07,2340568.0,50.0404,13180.0
2014-07-30 20:00:00+00:00,50.06,50.22,50.0,50.0,73169.0,50.0802,12.0
2014-07-30 21:00:00+00:00,50.06,50.06,50.06,50.06,213.0,50.06,1.0
2014-07-31 10:00:00+00:00,50.06,50.06,50.06,50.06,1000.0,50.06,10.0
2014-07-31 12:00:00+00:00,50.13,50.13,49.75,49.75,200.0,49.94,2.0
2014-07-31 13:00:00+00:00,49.98,50.72,49.9755,50.63,1175862.0,50.4299,7492.0
2014-07-31 14:00:00+00:00,50.625,50.71,49.6,49.63,1798381.0,50.3492,13049.0
2014-07-31 15:00:00+00:00,49.62,49.83,49.38,49.4,929094.0,49.6143,7058.0
2014-07-31 16:00:00+00:00,49.43,50.39,49.38,50.3899,1059280.0,49.8827,8397.0
2014-07-31 17:00:00+00:00,50.385,50.965,50.345,50.945,1508979.0,50.6667,9651.0
2014-07-31 18:00:00+00:00,50.945,51.5,50.945,51.252,1995746.0,51.3309,12853.0
2014-07-31 19:00:00+00:00,51.25,51.31,50.735,50.81,2073557.0,50.9133,14635.0
2014-07-31 20:00:00+00:00,50.8,50.8,50.7,50.8,24782.0,50.7974,21.0
2014-07-31 21:00:00+00:00,50.73,50.78,50.73,50.78,1250.0,50.77,2.0
2014-07-31 22:00:00+00:00,50.78,50.78,50.78,50.78,950.0,50.78,3.0
2014-07-31 23:00:00+00:00,50.8,50.8,50.8,50.8,265.0,50.8,1.0
2014-08-01 12:00:00+00:00,50.59,50.59,50.5,50.55,960.0,50.5262,6.0
2014-08-01 13:00:00+00:00,50.72,50.8,50.01,50.56,827071.0,50.4451,4861.0
2014-08-01 14:00:00+00:00,50.56,51.04,50.17,50.235,1157016.0,50.595,8471.0
2014-08-01 15:00:00+00:00,50.22,50.24,49.37,49.44,1024944.0,49.7905,6588.0
2014-08-01 16:00:00+00:00,49.44,50.25,49.43,50.2,896112.0,49.8849,6677.0
2014-08-01 17:00:00+00:00,50.21,50.95,50.01,50.95,844969.0,50.5559,6254.0
2014-08-01 18:00:00+00:00,50.93,50.95,50.42,50.425,860462.0,50.6488,6625.0
2014-08-01 19:00:00+00:00,50.425,50.615,50.42,50.44,1089018.0,50.5171,8250.0
2014-08-01 20:00:00+00:00,50.42,50.8,50.42,50.8,9254.0,50.483,7.0
2014-08-01 21:00:00+00:00,50.2449,50.2449,50.2449,50.2449,300.0,50.2449,1.0
2014-08-04 12:00:00+00:00,50.56,50.56,50.48,50.55,1400.0,50.5314,5.0
2014-08-04 13:00:00+00:00,50.4,50.47,49.9001,50.37,926295.0,50.1435,4953.0
2014-08-04 14:00:00+00:00,50.365,50.44,49.58,49.59,919210.0,50.0929,6521.0
2014-08-04 15:00:00+00:00,49.59,50.12,49.51,49.88,543481.0,49.8801,3943.0
2014-08-04 16:00:00+00:00,49.87,50.08,49.755,49.97,520672.0,49.958,3727.0
2014-08-04 17:00:00+00:00,49.97,50.379,49.96,50.28,506201.0,50.1621,3707.0
2014-08-04 18:00:00+00:00,50.284,50.55,50.22,50.46,701260.0,50.3867,5065.0
2014-08-04 19:00:00+00:00,50.45,50.58,50.4,50.42,1109815.0,50.4775,7735.0
2014-08-04 20:00:00+00:00,50.42,50.42,50.42,50.42,4630.0,50.42,4.0
2014-08-04 21:00:00+00:00,50.42,50.42,50.42,50.42,2324.0,50.42,1.0
2014-08-05 12:00:00+00:00,50.26,50.26,50.25,50.25,700.0,50.2543,5.0
2014-08-05 13:00:00+00:00,49.92,50.09,49.4292,49.69,704289.0,49.7748,3172.0
2014-08-05 14:00:00+00:00,49.72,50.42,49.7,50.125,683555.0,50.091,4786.0
2014-08-05 15:00:00+00:00,50.14,50.46,49.84,49.94,581673.0,50.1478,4486.0
2014-08-05 16:00:00+00:00,49.93,50.16,49.93,50.11,511476.0,50.0626,3956.0
2014-08-05 17:00:00+00:00,50.13,50.36,49.63,49.74,503977.0,50.0112,4189.0
2014-08-05 18:00:00+00:00,49.76,49.86,49.51,49.64,698902.0,49.6684,5407.0
2014-08-05 19:00:00+00:00,49.63,49.87,49.51,49.73,1798696.0,49.729,11952.0
2014-08-05 20:00:00+00:00,49.73,49.73,49.73,49.73,9542.0,49.73,4.0
2014-08-06 12:00:00+00:00,49.6,49.61,49.6,49.6,1302.0,49.6026,5.0
2014-08-06 13:00:00+00:00,49.52,50.4,49.3,50.28,733331.0,49.9324,3922.0
2014-08-06 14:00:00+00:00,50.3,51.16,50.2,51.13,1359430.0,50.7441,9321.0
2014-08-06 15:00:00+00:00,51.1284,51.13,50.87,50.98,926151.0,51.0144,6104.0
2014-08-06 16:00:00+00:00,50.99,51.14,50.9111,51.0201,620531.0,51.0313,4420.0
2014-08-06 17:00:00+00:00,51.03,51.25,50.92,51.03,678977.0,51.101,4501.0
2014-08-06 18:00:00+00:00,51.03,51.39,50.91,51.3,1000155.0,51.1876,5921.0
2014-08-06 19:00:00+00:00,51.3,51.47,51.22,51.28,1478585.0,51.3332,10161.0
2014-08-06 20:00:00+00:00,51.26,51.52,49.73,51.4,22691.0,51.2969,39.0
2014-08-06 21:00:00+00:00,51.3,51.3,51.26,51.26,27100.0,51.2601,2.0
2014-08-06 22:00:00+00:00,51.35,51.35,51.35,51.35,200.0,51.35,2.0
2014-08-07 11:00:00+00:00,51.6,51.6,51.6,51.6,1000.0,51.6,3.0
2014-08-07 12:00:00+00:00,51.51,51.51,51.5,51.5,1200.0,51.5033,6.0
2014-08-07 13:00:00+00:00,51.5,51.53,51.14,51.392,606300.0,51.3312,3340.0
2014-08-07 14:00:00+00:00,51.4,51.77,51.09,51.15,955185.0,51.4902,6717.0
2014-08-07 15:00:00+00:00,51.14,51.145,50.65,50.9,729741.0,50.896,4382.0
2014-08-07 16:00:00+00:00,50.91,50.96,50.6,50.775,434140.0,50.8015,3596.0
2014-08-07 17:00:00+00:00,50.775,51.19,50.77,51.111,328766.0,51.0392,2890.0
2014-08-07 18:00:00+00:00,51.1101,51.12,50.805,50.805,419727.0,50.9672,3652.0
2014-08-07 19:00:00+00:00,50.816,50.91,50.62,50.86,1315847.0,50.7655,10138.0
2014-08-07 20:00:00+00:00,50.9067,50.9067,50.79,50.79,910.0,50.8289,4.0
2014-08-07 21:00:00+00:00,50.85,50.85,50.85,50.85,9675.0,50.85,1.0
2014-08-07 22:00:00+00:00,50.99,50.99,50.99,50.99,200.0,50.99,1.0
2014-08-08 12:00:00+00:00,51.11,51.11,51.11,51.11,300.0,51.11,2.0
2014-08-08 13:00:00+00:00,51.1,51.11,50.53,50.7,653744.0,50.742,3995.0
2014-08-08 14:00:00+00:00,50.71,51.1,50.64,50.96,613026.0,50.8342,4640.0
2014-08-08 15:00:00+00:00,50.98,51.14,50.85,51.04,367662.0,51.0279,2998.0
2014-08-08 16:00:00+00:00,51.04,51.12,50.965,51.053,293138.0,51.0527,2592.0
2014-08-08 17:00:00+00:00,51.05,51.43,51.04,51.31,408343.0,51.2758,3417.0
2014-08-08 18:00:00+00:00,51.31,51.46,51.29,51.39,455515.0,51.388,3886.0
2014-08-08 19:00:00+00:00,51.39,51.445,51.25,51.35,1409019.0,51.3512,10329.0
2014-08-08 20:00:00+00:00,51.36,51.36,51.36,51.36,24498.0,51.36,15.0
2014-08-08 21:00:00+00:00,51.3,51.3,51.3,51.3,400.0,51.3,1.0
2014-08-08 22:00:00+00:00,51.36,51.36,51.36,51.36,13068.0,51.36,1.0
2014-08-11 12:00:00+00:00,51.44,51.46,51.44,51.46,820.0,51.4502,4.0
2014-08-11 13:00:00+00:00,51.7,51.99,51.5,51.64,459933.0,51.7488,2750.0
2014-08-11 14:00:00+00:00,51.66,51.86,51.62,51.82,528737.0,51.7606,4983.0
2014-08-11 15:00:00+00:00,51.81,52.04,51.61,51.63,648469.0,51.8573,5020.0
2014-08-11 16:00:00+00:00,51.63,51.66,51.47,51.585,318913.0,51.5677,3223.0
2014-08-11 17:00:00+00:00,51.58,51.61,51.172,51.22,395884.0,51.3944,3382.0
2014-08-11 18:00:00+00:00,51.21,51.23,50.94,51.0,495398.0,51.1019,4398.0
2014-08-11 19:00:00+00:00,51.02,51.085,50.96,51.02,932245.0,51.0209,7343.0
2014-08-11 20:00:00+00:00,51.04,51.04,51.04,51.04,291.0,51.04,2.0
2014-08-11 22:00:00+00:00,51.04,51.04,51.04,51.04,300.0,51.04,1.0
2014-08-12 12:00:00+00:00,50.82,50.83,50.82,50.83,300.0,50.8233,3.0
2014-08-12 13:00:00+00:00,51.19,51.55,50.75,51.4,335917.0,51.2503,1932.0
2014-08-12 14:00:00+00:00,51.4,51.45,50.83,50.91,462550.0,51.1316,3846.0
2014-08-12 15:00:00+00:00,50.9,51.01,50.78,50.93,450979.0,50.9144,3359.0
2014-08-12 16:00:00+00:00,50.93,51.12,50.84,50.94,361249.0,50.99,2750.0
2014-08-12 17:00:00+00:00,50.96,51.1,50.9,50.98,314889.0,50.9967,2256.0
2014-08-12 18:00:00+00:00,50.98,51.04,50.8,50.96,402783.0,50.9161,3078.0
2014-08-12 19:00:00+00:00,50.96,51.09,50.89,51.03,1119006.0,50.9935,7970.0
2014-08-12 20:00:00+00:00,51.02,51.12,51.02,51.03,54578.0,51.0876,14.0
2014-08-12 23:00:00+00:00,51.08,51.08,51.08,51.08,201.0,51.08,1.0
2014-08-13 12:00:00+00:00,51.1,51.1,51.1,51.1,300.0,51.1,1.0
2014-08-13 13:00:00+00:00,51.19,51.48,50.79,50.8825,432461.0,51.0193,2179.0
2014-08-13 14:00:00+00:00,50.86,51.4,50.62,51.305,1528404.0,51.0569,8466.0
2014-08-13 15:00:00+00:00,51.3,51.56,51.22,51.41,881069.0,51.3983,5165.0
2014-08-13 16:00:00+00:00,51.41,51.7,51.39,51.565,355931.0,51.5321,2620.0
2014-08-13 17:00:00+00:00,51.5757,51.69,51.5,51.6789,287101.0,51.6138,2163.0
2014-08-13 18:00:00+00:00,51.68,51.75,51.42,51.53,509530.0,51.5977,3443.0
2014-08-13 19:00:00+00:00,51.53,51.645,51.32,51.33,1395117.0,51.4716,8369.0
2014-08-13 20:00:00+00:00,51.33,51.5,51.33,51.48,309094.0,51.3307,34.0
2014-08-14 13:00:00+00:00,51.49,51.98,51.36,51.92,431920.0,51.7507,2933.0
2014-08-14 14:00:00+00:00,51.92,52.5,51.72,52.33,1225327.0,52.2159,8336.0
2014-08-14 15:00:00+00:00,52.32,52.51,52.18,52.4,733631.0,52.3846,5627.0
2014-08-14 16:00:00+00:00,52.4,52.91,52.371,52.89,873999.0,52.7109,6278.0
2014-08-14 17:00:00+00:00,52.885,52.97,52.68,52.88,618351.0,52.8562,5006.0
2014-08-14 18:00:00+00:00,52.8734,53.1,52.72,52.915,1054376.0,52.9398,6494.0
2014-08-14 19:00:00+00:00,52.91,52.92,52.67,52.79,1621818.0,52.794,10984.0
2014-08-14 20:00:00+00:00,52.78,52.8,52.78,52.8,7557.0,52.7805,6.0
2014-08-14 21:00:00+00:00,52.66,52.75,52.66,52.75,350.0,52.7141,4.0
2014-08-15 12:00:00+00:00,53.09,53.09,53.09,53.09,200.0,53.09,1.0
2014-08-15 13:00:00+00:00,52.84,53.0189,52.43,52.58,635760.0,52.7652,3154.0
2014-08-15 14:00:00+00:00,52.57,53.0,52.5,52.74,1042086.0,52.777,8552.0
2014-08-15 15:00:00+00:00,52.74,52.935,52.21,52.32,1081231.0,52.6536,6045.0
2014-08-15 16:00:00+00:00,52.32,52.46,52.17,52.25,412737.0,52.335,3871.0
2014-08-15 17:00:00+00:00,52.25,52.53,52.11,52.4527,691380.0,52.2938,5982.0
2014-08-15 18:00:00+00:00,52.455,52.84,52.43,52.59,403841.0,52.6184,3630.0
2014-08-15 19:00:00+00:00,52.6,52.76,52.455,52.5,1434450.0,52.5549,9641.0
2014-08-15 20:00:00+00:00,52.49,52.5,52.49,52.5,2854.0,52.4953,5.0
2014-08-15 21:00:00+00:00,52.59,52.59,52.59,52.59,500.0,52.59,2.0
2014-08-15 22:00:00+00:00,52.5,52.5,52.5,52.5,200.0,52.5,1.0
2014-08-18 11:00:00+00:00,52.5,52.5,52.5,52.5,200.0,52.5,2.0
2014-08-18 12:00:00+00:00,52.46,52.59,52.46,52.59,2018.0,52.5206,12.0
2014-08-18 13:00:00+00:00,52.62,53.38,52.62,53.375,1130519.0,53.0565,5587.0
2014-08-18 14:00:00+00:00,53.38,53.54,53.15,53.5101,1050161.0,53.3921,7791.0
2014-08-18 15:00:00+00:00,53.5101,53.985,53.46,53.985,840720.0,53.7013,6253.0
2014-08-18 16:00:00+00:00,53.985,54.05,53.6099,53.62,680508.0,53.8091,4631.0
2014-08-18 17:00:00+00:00,53.6206,53.64,53.42,53.47,447458.0,53.5312,3837.0
2014-08-18 18:00:00+00:00,53.49,53.52,53.3,53.44,559873.0,53.3938,5094.0
2014-08-18 19:00:00+00:00,53.44,53.49,53.28,53.31,1399691.0,53.3719,10132.0
2014-08-18 20:00:00+00:00,53.32,53.42,53.31,53.42,22344.0,53.3837,8.0
2014-08-18 22:00:00+00:00,53.35,53.35,53.35,53.35,100.0,53.35,1.0
2014-08-19 13:00:00+00:00,53.6,53.86,53.44,53.6301,396243.0,53.6548,2165.0
2014-08-19 14:00:00+00:00,53.65,53.695,53.29,53.33,626988.0,53.5182,4479.0
2014-08-19 15:00:00+00:00,53.335,53.44,53.17,53.3,495907.0,53.295,3556.0
2014-08-19 16:00:00+00:00,53.3,53.82,53.245,53.8,461396.0,53.5142,3179.0
2014-08-19 17:00:00+00:00,53.79,53.9,53.67,53.9,464369.0,53.8037,3122.0
2014-08-19 18:00:00+00:00,53.8956,54.145,53.86,54.095,628223.0,54.0359,3996.0
2014-08-19 19:00:00+00:00,54.095,54.2,54.05,54.15,1494347.0,54.1241,9916.0
2014-08-19 20:00:00+00:00,54.15,54.15,53.95,54.02,2851.0,54.1142,12.0
2014-08-20 13:00:00+00:00,54.0,54.21,53.77,54.155,480930.0,54.0273,2941.0
2014-08-20 14:00:00+00:00,54.155,54.22,53.92,53.94,918900.0,54.0694,6652.0
2014-08-20 15:00:00+00:00,53.96,53.97,53.68,53.89,465154.0,53.8456,4021.0
2014-08-20 16:00:00+00:00,53.88,54.02,53.855,53.995,334645.0,53.9579,2656.0
2014-08-20 17:00:00+00:00,53.995,54.058,53.87,53.88,442942.0,53.9919,3010.0
2014-08-20 18:00:00+00:00,53.8799,53.97,53.641,53.92,716458.0,53.8324,5352.0
2014-08-20 19:00:00+00:00,53.92,54.08,53.9,53.95,986741.0,53.985,7817.0
2014-08-20 20:00:00+00:00,53.94,53.94,53.94,53.94,342.0,53.94,1.0
2014-08-20 21:00:00+00:00,53.77,53.77,53.77,53.77,100.0,53.77,1.0
2014-08-20 22:00:00+00:00,53.8,53.8,53.8,53.8,100.0,53.8,1.0
2014-08-21 12:00:00+00:00,54.29,54.29,54.29,54.29,150.0,54.29,1.0
2014-08-21 13:00:00+00:00,54.27,54.27,53.83,54.21,359745.0,54.0637,2142.0
2014-08-21 14:00:00+00:00,54.24,54.28,53.87,53.99,684219.0,54.0951,4730.0
2014-08-21 15:00:00+00:00,53.9813,54.06,53.88,53.915,404702.0,53.9638,3181.0
2014-08-21 16:00:00+00:00,53.91,54.0,53.86,53.92,380306.0,53.9258,2939.0
2014-08-21 17:00:00+00:00,53.9263,54.01,53.81,53.96,345468.0,53.9253,2819.0
2014-08-21 18:00:00+00:00,53.95,54.005,53.82,53.95,538716.0,53.9109,4072.0
2014-08-21 19:00:00+00:00,53.96,53.99,53.48,53.52,1844417.0,53.6779,11616.0
2014-08-21 20:00:00+00:00,53.54,53.54,53.5,53.5,38482.0,53.5101,6.0
2014-08-21 23:00:00+00:00,53.5,53.6,53.5,53.6,444.0,53.5523,4.0
2014-08-22 12:00:00+00:00,53.5,53.5,53.5,53.5,100.0,53.5,1.0
2014-08-22 13:00:00+00:00,53.6,53.94,53.426,53.8395,371978.0,53.7274,2245.0
2014-08-22 14:00:00+00:00,53.85,54.105,53.55,53.565,539614.0,53.8332,4629.0
2014-08-22 15:00:00+00:00,53.56,53.71,53.515,53.6,276523.0,53.6187,2592.0
2014-08-22 16:00:00+00:00,53.61,53.71,53.54,53.68,210563.0,53.6236,2078.0
2014-08-22 17:00:00+00:00,53.68,53.85,53.59,53.83,665578.0,53.664,2867.0
2014-08-22 18:00:00+00:00,53.82,53.87,53.7254,53.77,363824.0,53.8073,3222.0
2014-08-22 19:00:00+00:00,53.77,53.93,53.76,53.81,703693.0,53.8402,5730.0
2014-08-22 20:00:00+00:00,53.81,53.81,53.79,53.79,1985.0,53.804,4.0
2014-08-25 12:00:00+00:00,53.93,53.95,53.93,53.95,1000.0,53.941,9.0
2014-08-25 13:00:00+00:00,53.93,54.16,53.73,54.045,298208.0,53.9876,1679.0
2014-08-25 14:00:00+00:00,54.06,54.32,53.97,54.31,599611.0,54.122,3444.0
2014-08-25 15:00:00+00:00,54.32,54.5,54.21,54.31,390946.0,54.393,2881.0
2014-08-25 16:00:00+00:00,54.31,54.32,54.08,54.23,261801.0,54.1993,1920.0
2014-08-25 17:00:00+00:00,54.22,54.295,54.08,54.095,311316.0,54.1867,2039.0
2014-08-25 18:00:00+00:00,54.1,54.33,54.065,54.23,385941.0,54.1881,3158.0
2014-08-25 19:00:00+00:00,54.23,54.32,54.16,54.19,1019008.0,54.224,5414.0
2014-08-25 20:00:00+00:00,54.18,54.22,54.18,54.18,24127.0,54.1803,6.0
2014-08-26 13:00:00+00:00,54.09,54.36,53.65,53.79,449921.0,53.9215,2424.0
2014-08-26 14:00:00+00:00,53.79,54.08,53.5501,53.97,568782.0,53.8531,4149.0
2014-08-26 15:00:00+00:00,53.99,54.12,53.93,53.97,593921.0,54.0125,3422.0
2014-08-26 16:00:00+00:00,53.98,54.005,53.87,53.9228,403372.0,53.9381,1965.0
2014-08-26 17:00:00+00:00,53.92,53.95,53.68,53.78,517989.0,53.8335,2850.0
2014-08-26 18:00:00+00:00,53.79,53.84,53.73,53.74,541341.0,53.7932,3145.0
2014-08-26 19:00:00+00:00,53.74,53.88,53.72,53.78,996139.0,53.7961,6718.0
2014-08-26 20:00:00+00:00,53.77,53.77,53.77,53.77,27291.0,53.77,5.0
2014-08-27 12:00:00+00:00,53.8,53.8,53.8,53.8,200.0,53.8,1.0
2014-08-27 13:00:00+00:00,54.03,54.21,53.95,54.1,453067.0,54.0909,2514.0
2014-08-27 14:00:00+00:00,54.1,54.49,54.09,54.46,666470.0,54.28,4995.0
2014-08-27 15:00:00+00:00,54.47,54.61,54.2801,54.47,589091.0,54.4667,4551.0
2014-08-27 16:00:00+00:00,54.47,54.5199,54.3,54.36,316372.0,54.3848,2632.0
2014-08-27 17:00:00+00:00,54.36,54.42,54.34,54.41,285667.0,54.395,2106.0
2014-08-27 18:00:00+00:00,54.42,54.4356,54.33,54.33,292738.0,54.4039,2490.0
2014-08-27 19:00:00+00:00,54.33,54.37,54.24,54.25,970846.0,54.3028,6849.0
2014-08-27 20:00:00+00:00,54.25,54.25,54.25,54.25,1522.0,54.25,3.0
2014-08-28 12:00:00+00:00,54.24,54.24,54.24,54.24,2000.0,54.24,3.0
2014-08-28 13:00:00+00:00,53.89,54.16,53.86,54.0,317702.0,54.0016,2032.0
2014-08-28 14:00:00+00:00,54.0,54.35,53.96,54.31,455675.0,54.1207,3650.0
2014-08-28 15:00:00+00:00,54.31,54.44,54.145,54.19,393255.0,54.2872,3321.0
2014-08-28 16:00:00+00:00,54.19,54.33,54.11,54.215,298427.0,54.2248,2775.0
2014-08-28 17:00:00+00:00,54.22,54.255,54.08,54.17,376857.0,54.1708,2806.0
2014-08-28 18:00:00+00:00,54.17,54.22,54.03,54.04,489701.0,54.1266,3448.0
2014-08-28 19:00:00+00:00,54.0348,54.21,54.01,54.18,801772.0,54.1342,6141.0
2014-08-28 20:00:00+00:00,54.16,54.22,54.16,54.22,2982.0,54.164,4.0
2014-08-29 13:00:00+00:00,54.32,54.33,53.89,54.19,450302.0,54.1467,2831.0
2014-08-29 14:00:00+00:00,54.19,54.22,54.0,54.11,509521.0,54.0987,4542.0
2014-08-29 15:00:00+00:00,54.11,54.26,54.05,54.21,283363.0,54.152,2716.0
2014-08-29 16:00:00+00:00,54.21,54.28,54.125,54.22,319144.0,54.2051,2759.0
2014-08-29 17:00:00+00:00,54.21,54.26,54.05,54.08,289790.0,54.1673,3057.0
2014-08-29 18:00:00+00:00,54.085,54.24,54.01,54.22,494527.0,54.083,4703.0
2014-08-29 19:00:00+00:00,54.21,54.23,54.06,54.15,997054.0,54.1465,7533.0
2014-08-29 20:00:00+00:00,54.14,54.14,54.14,54.14,53268.0,54.14,12.0
2014-09-02 13:00:00+00:00,54.08,54.44,53.84,53.86,664474.0,54.1865,4186.0
2014-09-02 14:00:00+00:00,53.86,54.04,53.46,53.6799,889297.0,53.7029,6442.0
2014-09-02 15:00:00+00:00,53.675,53.75,53.18,53.32,649823.0,53.4382,5820.0
2014-09-02 16:00:00+00:00,53.32,53.32,53.0,53.03,479113.0,53.1216,4233.0
2014-09-02 17:00:00+00:00,53.02,53.16,52.91,53.1,471426.0,53.0545,3968.0
2014-09-02 18:00:00+00:00,53.1,53.38,53.05,53.34,504863.0,53.2139,4301.0
2014-09-02 19:00:00+00:00,53.34,53.43,53.18,53.42,973612.0,53.3433,8024.0
2014-09-02 20:00:00+00:00,53.42,53.42,53.33,53.33,10004.0,53.4086,10.0
2014-09-03 12:00:00+00:00,53.75,53.93,53.75,53.93,3000.0,53.8023,7.0
2014-09-03 13:00:00+00:00,53.87,53.89,53.165,53.19,557642.0,53.5194,3654.0
2014-09-03 14:00:00+00:00,53.21,53.29,52.91,53.04,901624.0,53.0915,6703.0
2014-09-03 15:00:00+00:00,53.05,53.2,52.93,52.95,668196.0,53.0891,5551.0
2014-09-03 16:00:00+00:00,52.945,53.26,52.93,53.16,372081.0,53.0833,3760.0
2014-09-03 17:00:00+00:00,53.16,53.3,53.12,53.22,365861.0,53.2168,3733.0
2014-09-03 18:00:00+00:00,53.22,53.32,53.06,53.28,635492.0,53.2058,5289.0
2014-09-03 19:00:00+00:00,53.27,53.28,53.09,53.155,1270761.0,53.1767,9943.0
2014-09-03 20:00:00+00:00,53.14,53.14,53.14,53.14,1269.0,53.14,3.0
2014-09-03 23:00:00+00:00,53.22,53.22,53.22,53.22,200.0,53.22,1.0
2014-09-04 13:00:00+00:00,53.25,53.66,53.01,53.42,532657.0,53.3754,3050.0
2014-09-04 14:00:00+00:00,53.415,53.53,53.245,53.3,532785.0,53.4122,4915.0
2014-09-04 15:00:00+00:00,53.3,53.53,53.15,53.17,610700.0,53.33,5548.0
2014-09-04 16:00:00+00:00,53.17,53.2,52.949,53.095,344017.0,53.0716,3252.0
2014-09-04 17:00:00+00:00,53.09,53.125,52.995,53.03,260794.0,53.0738,2791.0
2014-09-04 18:00:00+00:00,53.035,53.12,52.75,52.76,459148.0,52.9578,4158.0
2014-09-04 19:00:00+00:00,52.78,53.0,52.32,52.59,1643950.0,52.5346,12158.0
2014-09-04 20:00:00+00:00,52.6,52.6,52.6,52.6,20422.0,52.6,9.0
2014-09-05 13:00:00+00:00,52.59,52.76,52.3,52.75,271298.0,52.5687,1810.0
2014-09-05 14:00:00+00:00,52.76,52.79,52.28,52.67,518807.0,52.4991,4113.0
2014-09-05 15:00:00+00:00,52.68,53.315,52.65,53.2,546916.0,52.9548,4307.0
2014-09-05 16:00:00+00:00,53.2,53.43,53.19,53.29,435689.0,53.3248,3307.0
2014-09-05 17:00:00+00:00,53.28,53.29,52.91,52.92,739558.0,53.1084,5374.0
2014-09-05 18:00:00+00:00,52.925,53.02,52.765,52.92,763336.0,52.9231,5883.0
2014-09-05 19:00:00+00:00,52.92,53.17,52.915,53.01,1241329.0,53.0423,9367.0
2014-09-05 20:00:00+00:00,53.01,53.01,53.01,53.01,10029.0,53.01,4.0
2014-09-05 21:00:00+00:00,53.01,53.01,53.01,53.01,600.0,53.01,2.0
2014-09-05 22:00:00+00:00,53.01,53.01,53.01,53.01,100.0,53.01,1.0
2014-09-08 12:00:00+00:00,53.01,53.01,53.01,53.01,400.0,53.01,2.0
2014-09-08 13:00:00+00:00,53.0,53.46,52.84,53.42,359944.0,53.1972,2249.0
2014-09-08 14:00:00+00:00,53.44,53.52,53.23,53.4902,497668.0,53.3658,4287.0
2014-09-08 15:00:00+00:00,53.49,53.8,53.449,53.5435,622476.0,53.6376,5222.0
2014-09-08 16:00:00+00:00,53.52,53.745,53.5,53.71,435152.0,53.6271,2704.0
2014-09-08 17:00:00+00:00,53.7,53.76,53.62,53.68,416161.0,53.6872,3499.0
2014-09-08 18:00:00+00:00,53.67,53.79,53.43,53.435,476328.0,53.6291,4053.0
2014-09-08 19:00:00+00:00,53.44,53.58,53.4,53.51,1225823.0,53.4853,9287.0
2014-09-08 20:00:00+00:00,53.52,53.52,53.52,53.52,1668.0,53.517,4.0
2014-09-08 21:00:00+00:00,53.35,53.35,53.34,53.34,500.0,53.3438,4.0
2014-09-09 13:00:00+00:00,53.28,53.4488,53.03,53.18,543672.0,53.2063,2881.0
2014-09-09 14:00:00+00:00,53.15,53.19,52.77,53.06,1227077.0,52.9832,6200.0
2014-09-09 15:00:00+00:00,53.06,53.31,53.02,53.26,632241.0,53.1795,4915.0
2014-09-09 16:00:00+00:00,53.26,53.315,53.16,53.25,441635.0,53.2312,3911.0
2014-09-09 17:00:00+00:00,53.26,53.415,53.16,53.4,330579.0,53.2831,3030.0
2014-09-09 18:00:00+00:00,53.41,53.41,52.815,52.88,452339.0,53.1368,4222.0
2014-09-09 19:00:00+00:00,52.8854,52.8854,52.355,52.7,1386650.0,52.6411,10006.0
2014-09-09 20:00:00+00:00,52.69,52.69,52.69,52.69,19070.0,52.69,6.0
2014-09-09 21:00:00+00:00,52.8,52.8,52.75,52.75,600.0,52.7917,2.0
2014-09-09 23:00:00+00:00,52.75,52.75,52.75,52.75,200.0,52.75,2.0
2014-09-10 13:00:00+00:00,52.56,52.69,50.8,51.13,1910129.0,51.3524,9731.0
2014-09-10 14:00:00+00:00,51.11,51.38,50.48,50.655,1925170.0,50.918,14516.0
2014-09-10 15:00:00+00:00,50.654,51.1,50.63,51.05,977962.0,50.8957,7674.0
2014-09-10 16:00:00+00:00,51.0493,51.07,50.635,50.7,862340.0,50.9057,6414.0
2014-09-10 17:00:00+00:00,50.71,50.9,50.354,50.445,1217241.0,50.5788,8842.0
2014-09-10 18:00:00+00:00,50.45,50.79,50.45,50.74,917296.0,50.65,7424.0
2014-09-10 19:00:00+00:00,50.735,51.0,50.72,50.98,1951582.0,50.864,14100.0
2014-09-10 20:00:00+00:00,50.96,52.69,50.9137,52.69,66955.0,50.9391,4.0
2014-09-10 21:00:00+00:00,51.0001,51.05,50.96,50.96,825.0,50.9972,7.0
2014-09-10 22:00:00+00:00,50.99,51.03,50.96,51.03,7996.0,50.9672,8.0
2014-09-11 12:00:00+00:00,50.89,50.89,50.89,50.89,400.0,50.89,2.0
2014-09-11 13:00:00+00:00,50.8,50.88,50.48,50.7,746304.0,50.6452,5237.0
2014-09-11 14:00:00+00:00,50.69,50.86,50.24,50.395,1021667.0,50.52,8393.0
2014-09-11 15:00:00+00:00,50.39,50.59,50.23,50.27,820641.0,50.4214,7118.0
2014-09-11 16:00:00+00:00,50.28,50.81,50.25,50.79,541838.0,50.5465,4477.0
2014-09-11 17:00:00+00:00,50.79,50.92,50.69,50.87,595519.0,50.8519,4420.0
2014-09-11 18:00:00+00:00,50.88,50.95,49.61,49.82,3318009.0,50.1583,22431.0
2014-09-11 19:00:00+00:00,49.82,50.06,49.7,49.85,3273869.0,49.8913,21251.0
2014-09-11 20:00:00+00:00,49.85,49.87,49.8,49.87,31296.0,49.8643,28.0
2014-09-11 21:00:00+00:00,49.87,49.98,49.87,49.98,424.0,49.9219,4.0
2014-09-11 22:00:00+00:00,49.9,49.9,49.9,49.9,200.0,49.9,2.0
2014-09-11 23:00:00+00:00,49.92,49.92,49.84,49.84,1150.0,49.847,4.0
2014-09-12 11:00:00+00:00,49.6,49.6,49.6,49.6,150.0,49.6,2.0
2014-09-12 12:00:00+00:00,49.8,49.8,49.77,49.77,700.0,49.7914,5.0
2014-09-12 13:00:00+00:00,49.75,49.94,49.45,49.69,726698.0,49.6951,3865.0
2014-09-12 14:00:00+00:00,49.66,49.84,49.24,49.3,1921104.0,49.5434,11418.0
2014-09-12 15:00:00+00:00,49.29,49.4574,49.12,49.121,1017211.0,49.2998,7149.0
2014-09-12 16:00:00+00:00,49.13,49.2893,48.67,48.68,1197807.0,48.9412,8821.0
2014-09-12 17:00:00+00:00,48.68,48.7,48.3,48.4868,1778795.0,48.4676,11928.0
2014-09-12 18:00:00+00:00,48.4899,48.515,48.06,48.1,1651765.0,48.2812,10946.0
2014-09-12 19:00:00+00:00,48.12,48.56,48.1,48.43,2760245.0,48.3859,16246.0
2014-09-12 20:00:00+00:00,48.42,48.42,48.42,48.42,27739.0,48.7421,6.0
2014-09-12 21:00:00+00:00,48.45,48.55,48.42,48.55,4825.0,48.5041,17.0
2014-09-12 23:00:00+00:00,48.51,48.51,48.51,48.51,250.0,48.472,4.0
2014-09-15 13:00:00+00:00,48.51,48.68,48.02,48.35,843465.0,48.3518,4595.0
2014-09-15 14:00:00+00:00,48.35,48.66,48.19,48.41,1603458.0,48.4143,11297.0
2014-09-15 15:00:00+00:00,48.42,48.65,48.355,48.3699,1160873.0,48.4859,8014.0
2014-09-15 16:00:00+00:00,48.37,48.88,48.14,48.82,1070152.0,48.465,8305.0
2014-09-15 17:00:00+00:00,48.82,48.86,48.56,48.59,614831.0,48.7187,5263.0
2014-09-15 18:00:00+00:00,48.5948,48.88,48.555,48.85,647929.0,48.7686,5560.0
2014-09-15 19:00:00+00:00,48.85,49.03,48.77,48.97,1542851.0,48.9353,10365.0
2014-09-15 20:00:00+00:00,48.98,48.98,48.92,48.92,9779.0,48.9794,9.0
2014-09-15 21:00:00+00:00,49.0,49.0,49.0,49.0,200.0,49.0,2.0
2014-09-15 23:00:00+00:00,49.05,49.05,49.05,49.05,200.0,49.05,1.0
2014-09-16 13:00:00+00:00,48.8,49.62,48.6,49.2,645163.0,49.2377,4114.0
2014-09-16 14:00:00+00:00,49.21,49.61,49.15,49.47,748588.0,49.3985,6464.0
2014-09-16 15:00:00+00:00,49.47,49.878,49.325,49.72,880746.0,49.6546,6824.0
2014-09-16 16:00:00+00:00,49.71,49.82,49.38,49.42,886609.0,49.6648,6337.0
2014-09-16 17:00:00+00:00,49.42,49.55,49.295,49.405,990086.0,49.4342,6736.0
2014-09-16 18:00:00+00:00,49.41,49.46,48.775,48.81,956768.0,49.1409,6878.0
2014-09-16 19:00:00+00:00,48.81,48.96,48.66,48.69,2185628.0,48.759,13284.0
2014-09-16 20:00:00+00:00,48.7,48.74,48.64,48.74,19116.0,48.696,12.0
2014-09-16 21:00:00+00:00,48.74,48.85,48.7399,48.85,1400.0,48.7555,5.0
2014-09-17 12:00:00+00:00,48.86,48.9,48.86,48.89,664.0,48.8734,4.0
2014-09-17 13:00:00+00:00,48.94,48.98,48.35,48.37,998517.0,48.5798,5634.0
2014-09-17 14:00:00+00:00,48.37,48.51,48.06,48.062,1614830.0,48.3136,10117.0
2014-09-17 15:00:00+00:00,48.08,48.35,48.0,48.01,1278366.0,48.1441,7178.0
2014-09-17 16:00:00+00:00,48.01,48.08,47.87,47.96,1032594.0,47.9724,6948.0
2014-09-17 17:00:00+00:00,47.965,48.175,47.87,48.13,850881.0,47.9953,4637.0
2014-09-17 18:00:00+00:00,48.13,48.47,47.835,48.425,1790789.0,48.1803,11756.0
2014-09-17 19:00:00+00:00,48.42,48.6,48.14,48.2,1681900.0,48.2818,11811.0
2014-09-17 20:00:00+00:00,48.21,48.23,48.21,48.23,8030.0,48.2117,5.0
2014-09-17 21:00:00+00:00,48.23,48.23,48.21,48.21,568.0,48.223,2.0
2014-09-17 23:00:00+00:00,48.1,48.1,48.1,48.1,2000.0,48.1,4.0
2014-09-18 13:00:00+00:00,48.5,48.65,48.215,48.44,503687.0,48.4023,2648.0
2014-09-18 14:00:00+00:00,48.42,48.6399,48.31,48.32,922259.0,48.4704,6671.0
2014-09-18 15:00:00+00:00,48.32,48.47,47.62,47.65,1457432.0,48.0228,7667.0
2014-09-18 16:00:00+00:00,47.65,47.96,47.51,47.68,1218979.0,47.7004,7352.0
2014-09-18 17:00:00+00:00,47.68,47.83,47.37,47.5061,1742919.0,47.5595,10134.0
2014-09-18 18:00:00+00:00,47.51,47.65,47.3,47.465,1869244.0,47.4921,9214.0
2014-09-18 19:00:00+00:00,47.47,47.72,47.35,47.62,2577984.0,47.5575,14999.0
2014-09-18 20:00:00+00:00,47.62,47.62,47.62,47.62,325.0,47.62,2.0
2014-09-18 21:00:00+00:00,47.65,47.65,47.65,47.65,300.0,47.65,2.0
2014-09-18 22:00:00+00:00,47.62,47.62,47.62,47.62,235.0,47.62,2.0
2014-09-18 23:00:00+00:00,47.7,47.7,47.7,47.7,100.0,47.7,1.0
2014-09-19 13:00:00+00:00,47.8,48.16,47.62,47.982,1112510.0,47.9166,3304.0
2014-09-19 14:00:00+00:00,47.97,48.18,47.8,48.0432,1077624.0,47.9851,7069.0
2014-09-19 15:00:00+00:00,48.045,48.66,48.03,48.4401,1527337.0,48.3667,9795.0
2014-09-19 16:00:00+00:00,48.45,48.46,48.09,48.12,877535.0,48.243,6136.0
2014-09-19 17:00:00+00:00,48.11,48.17,47.9,48.15,696216.0,48.0525,5356.0
2014-09-19 18:00:00+00:00,48.14,48.19,48.0,48.061,943188.0,48.0884,6582.0
2014-09-19 19:00:00+00:00,48.065,48.4,48.01,48.36,2574772.0,48.2003,14372.0
2014-09-19 20:00:00+00:00,48.37,48.5,48.3,48.5,21102.0,48.371,27.0
2014-09-19 21:00:00+00:00,48.26,48.26,48.25,48.26,1100.0,48.2591,6.0
2014-09-19 22:00:00+00:00,48.37,48.37,48.37,48.37,205.0,48.37,1.0
2014-09-22 13:00:00+00:00,48.19,48.34,47.92,48.33,609017.0,48.1068,3252.0
2014-09-22 14:00:00+00:00,48.33,48.33,48.03,48.095,1155202.0,48.1056,7556.0
2014-09-22 15:00:00+00:00,48.095,48.14,47.57,47.61,1090010.0,47.9685,7729.0
2014-09-22 16:00:00+00:00,47.605,47.83,47.57,47.75,868886.0,47.7077,6111.0
2014-09-22 17:00:00+00:00,47.74,47.8101,47.54,47.6961,960632.0,47.689,6021.0
2014-09-22 18:00:00+00:00,47.69,47.745,47.41,47.42,905405.0,47.603,5858.0
2014-09-22 19:00:00+00:00,47.42,47.46,47.22,47.26,2421536.0,47.3411,15198.0
2014-09-22 20:00:00+00:00,47.26,47.73,47.26,47.3,49030.0,47.6544,14.0
2014-09-22 21:00:00+00:00,47.23,47.23,47.23,47.23,1000.0,47.2303,2.0
2014-09-22 22:00:00+00:00,47.5,47.5,47.3,47.3,300.0,47.4333,3.0
2014-09-23 12:00:00+00:00,47.25,47.63,47.25,47.63,300.0,47.3767,3.0
2014-09-23 13:00:00+00:00,47.44,48.05,47.07,48.02,810087.0,47.6169,4563.0
2014-09-23 14:00:00+00:00,48.02,48.05,47.45,47.55,1260701.0,47.7607,7833.0
2014-09-23 15:00:00+00:00,47.54,47.57,47.24,47.51,830273.0,47.4367,5646.0
2014-09-23 16:00:00+00:00,47.51,47.56,47.33,47.37,561831.0,47.4458,3556.0
2014-09-23 17:00:00+00:00,47.3652,47.4,47.02,47.15,874785.0,47.1765,5582.0
2014-09-23 18:00:00+00:00,47.1401,47.23,47.03,47.224,797631.0,47.137,4676.0
2014-09-23 19:00:00+00:00,47.225,47.25,47.04,47.16,1864965.0,47.1406,10810.0
2014-09-23 20:00:00+00:00,47.14,47.14,47.08,47.12,47311.0,47.1922,24.0
2014-09-23 21:00:00+00:00,47.12,47.12,47.12,47.12,400.0,47.12,2.0
2014-09-24 11:00:00+00:00,47.15,47.15,47.14,47.14,400.0,47.1475,3.0
2014-09-24 13:00:00+00:00,47.2,47.27,46.09,46.65,2198387.0,46.6943,7850.0
2014-09-24 14:00:00+00:00,46.64,46.73,45.73,45.755,2462308.0,46.1401,13437.0
2014-09-24 15:00:00+00:00,45.77,46.43,45.76,46.39,2195150.0,46.1102,11420.0
2014-09-24 16:00:00+00:00,46.395,46.42,46.3,46.405,1246578.0,46.3688,6636.0
2014-09-24 17:00:00+00:00,46.41,46.42,46.23,46.41,1047407.0,46.3458,6590.0
2014-09-24 18:00:00+00:00,46.4,47.09,46.4,47.09,1558761.0,46.7136,9821.0
2014-09-24 19:00:00+00:00,47.09,47.195,46.81,46.84,2763603.0,46.944,16499.0
2014-09-24 20:00:00+00:00,46.85,46.85,46.85,46.85,58866.0,46.85,7.0
2014-09-24 23:00:00+00:00,46.84,46.84,46.84,46.84,800.0,46.84,6.0
2014-09-25 12:00:00+00:00,46.84,47.0,46.84,46.85,3360.0,46.8925,30.0
2014-09-25 13:00:00+00:00,46.72,46.805,46.29,46.6,916357.0,46.5429,5337.0
2014-09-25 14:00:00+00:00,46.59,46.61,46.02,46.25,1314111.0,46.3018,10191.0
2014-09-25 15:00:00+00:00,46.25,46.36,46.05,46.11,1135981.0,46.2074,8227.0
2014-09-25 16:00:00+00:00,46.12,46.3,45.98,46.19,861917.0,46.1354,6611.0
2014-09-25 17:00:00+00:00,46.19,46.37,46.16,46.205,1006042.0,46.2556,5556.0
2014-09-25 18:00:00+00:00,46.2,46.29,46.04,46.23,806033.0,46.1495,5853.0
2014-09-25 19:00:00+00:00,46.23,46.52,46.15,46.34,2210545.0,46.3316,13723.0
2014-09-25 20:00:00+00:00,46.33,46.33,46.33,46.33,4332.0,46.33,5.0
2014-09-26 13:00:00+00:00,46.34,47.11,46.2101,47.1,1148965.0,46.7726,5855.0
2014-09-26 14:00:00+00:00,47.11,47.358,46.8,47.03,1136973.0,47.0561,7650.0
2014-09-26 15:00:00+00:00,47.04,47.225,46.83,46.83,724233.0,47.0335,5479.0
2014-09-26 16:00:00+00:00,46.83,47.14,46.7799,47.085,871144.0,46.9984,5680.0
2014-09-26 17:00:00+00:00,47.085,47.2357,46.99,47.15,744109.0,47.1093,4933.0
2014-09-26 18:00:00+00:00,47.1499,47.29,47.1,47.18,1033399.0,47.1816,7247.0
2014-09-26 19:00:00+00:00,47.175,47.23,47.0,47.015,2104176.0,47.1102,12784.0
2014-09-26 20:00:00+00:00,47.02,47.11,47.02,47.11,25849.0,47.0835,14.0
2014-09-26 22:00:00+00:00,47.09,47.1,47.09,47.0999,700.0,47.0921,5.0
2014-09-29 10:00:00+00:00,46.91,46.91,46.91,46.91,100.0,46.91,1.0
2014-09-29 12:00:00+00:00,46.98,47.71,46.88,46.88,1765.0,46.9803,11.0
2014-09-29 13:00:00+00:00,46.57,46.6877,46.24,46.58,585613.0,46.4478,3182.0
2014-09-29 14:00:00+00:00,46.58,47.13,46.53,47.05,874107.0,46.8708,6984.0
2014-09-29 15:00:00+00:00,47.06,47.25,46.9,47.06,933270.0,47.0554,6287.0
2014-09-29 16:00:00+00:00,47.07,47.07,46.75,46.88,803846.0,46.8833,5295.0
2014-09-29 17:00:00+00:00,46.88,46.975,46.69,46.8,564626.0,46.8143,4579.0
2014-09-29 18:00:00+00:00,46.805,46.85,46.4,46.7,1137358.0,46.6185,7489.0
2014-09-29 19:00:00+00:00,46.71,46.9,46.65,46.78,2249962.0,46.7901,13171.0
2014-09-29 20:00:00+00:00,46.77,46.9589,46.77,46.9589,5699.0,46.7763,10.0
2014-09-30 13:00:00+00:00,46.67,46.98,46.56,46.5699,645852.0,46.7368,4032.0
2014-09-30 14:00:00+00:00,46.56,46.94,46.39,46.9,1294165.0,46.7159,9369.0
2014-09-30 15:00:00+00:00,46.9,47.1,46.49,46.675,1077024.0,46.8667,7726.0
2014-09-30 16:00:00+00:00,46.685,46.925,46.535,46.555,1180982.0,46.7588,8883.0
2014-09-30 17:00:00+00:00,46.5536,46.71,46.28,46.48,952817.0,46.5053,5985.0
2014-09-30 18:00:00+00:00,46.49,46.54,46.26,46.425,989748.0,46.4054,7265.0
2014-09-30 19:00:00+00:00,46.425,46.44,46.24,46.27,2578187.0,46.3299,14932.0
2014-09-30 20:00:00+00:00,46.27,46.27,46.27,46.27,22203.0,46.27,14.0
2014-10-01 12:00:00+00:00,46.27,46.27,46.27,46.27,1855.0,46.27,1.0
2014-10-01 13:00:00+00:00,46.25,46.6,46.14,46.38,500921.0,46.341,2896.0
2014-10-01 14:00:00+00:00,46.38,47.06,46.12,47.06,1286282.0,46.6398,9613.0
2014-10-01 15:00:00+00:00,47.06,47.09,46.384,46.48,1127402.0,46.7081,8320.0
2014-10-01 16:00:00+00:00,46.47,46.6,46.3,46.455,882371.0,46.4464,5825.0
2014-10-01 17:00:00+00:00,46.46,46.5,45.82,45.85,1066503.0,46.164,6372.0
2014-10-01 18:00:00+00:00,45.855,45.96,45.61,45.62,1050101.0,45.832,6892.0
2014-10-01 19:00:00+00:00,45.62,45.69,45.31,45.58,2346751.0,45.5462,14155.0
2014-10-01 20:00:00+00:00,45.58,45.84,45.53,45.84,29577.0,45.6088,18.0
2014-10-01 21:00:00+00:00,45.83,45.84,45.83,45.84,515.0,45.8264,6.0
2014-10-01 23:00:00+00:00,45.84,45.84,45.84,45.84,440.0,45.8352,3.0
2014-10-02 13:00:00+00:00,45.76,46.27,45.46,45.84,875683.0,45.9198,4818.0
2014-10-02 14:00:00+00:00,45.83,45.89,44.63,44.67,1830165.0,45.2801,12576.0
2014-10-02 15:00:00+00:00,44.67,44.8499,44.4,44.54,1631910.0,44.6445,11364.0
2014-10-02 16:00:00+00:00,44.54,45.205,44.54,45.17,947207.0,44.8124,6576.0
2014-10-02 17:00:00+00:00,45.17,45.48,45.07,45.235,900486.0,45.2804,6753.0
2014-10-02 18:00:00+00:00,45.23,45.5,45.1275,45.43,1210217.0,45.3379,8284.0
2014-10-02 19:00:00+00:00,45.43,45.495,45.13,45.16,2014518.0,45.2663,12710.0
2014-10-02 20:00:00+00:00,45.16,45.28,45.12,45.12,25443.0,45.1615,7.0
2014-10-02 21:00:00+00:00,45.08,45.12,45.05,45.12,1300.0,45.0907,7.0
2014-10-02 23:00:00+00:00,45.17,45.17,45.17,45.17,400.0,45.17,3.0
2014-10-03 13:00:00+00:00,45.25,45.34,44.62,44.86,710283.0,44.9718,4118.0
2014-10-03 14:00:00+00:00,44.86,45.1468,44.673,44.73,1051224.0,44.8911,7869.0
2014-10-03 15:00:00+00:00,44.72,44.83,44.51,44.67,1345547.0,44.6544,9240.0
2014-10-03 16:00:00+00:00,44.66,45.1087,44.615,44.835,1428878.0,44.842,8742.0
2014-10-03 17:00:00+00:00,44.83,44.95,44.61,44.638,789450.0,44.7886,5973.0
2014-10-03 18:00:00+00:00,44.63,44.94,44.63,44.86,1240843.0,44.8558,7782.0
2014-10-03 19:00:00+00:00,44.855,45.0,44.71,44.74,2276379.0,44.8342,13640.0
2014-10-03 20:00:00+00:00,44.74,44.74,44.74,44.74,9382.0,44.74,9.0
2014-10-03 21:00:00+00:00,44.81,44.81,44.81,44.81,300.0,44.81,1.0
2014-10-03 22:00:00+00:00,44.81,44.81,44.81,44.81,200.0,44.81,2.0
2014-10-06 13:00:00+00:00,44.79,45.24,44.79,44.98,478991.0,44.9498,2463.0
2014-10-06 14:00:00+00:00,44.97,45.05,44.53,44.57,673642.0,44.7584,5387.0
2014-10-06 15:00:00+00:00,44.56,44.63,44.11,44.27,969514.0,44.3589,7205.0
2014-10-06 16:00:00+00:00,44.27,44.62,44.27,44.46,721579.0,44.4867,5261.0
2014-10-06 17:00:00+00:00,44.45,45.01,44.42,45.0,588671.0,44.7597,4950.0
2014-10-06 18:00:00+00:00,45.0,45.17,44.91,44.98,720867.0,45.0279,5549.0
2014-10-06 19:00:00+00:00,44.97,44.99,44.71,44.72,1323990.0,44.7996,9521.0
2014-10-06 20:00:00+00:00,44.72,44.72,44.72,44.72,3914.0,44.72,3.0
2014-10-06 21:00:00+00:00,44.72,44.72,44.72,44.72,100.0,44.72,1.0
2014-10-07 11:00:00+00:00,44.72,44.73,44.72,44.73,1210.0,44.7242,12.0
2014-10-07 13:00:00+00:00,44.9,45.485,44.75,45.41,968203.0,45.1838,5485.0
2014-10-07 14:00:00+00:00,45.42,46.21,45.35,46.05,1533100.0,45.8727,11568.0
2014-10-07 15:00:00+00:00,46.04,46.27,45.73,45.96,969803.0,45.9741,7356.0
2014-10-07 16:00:00+00:00,45.95,46.11,45.75,45.86,627837.0,45.9384,4304.0
2014-10-07 17:00:00+00:00,45.86,45.9,45.58,45.655,773923.0,45.7267,5159.0
2014-10-07 18:00:00+00:00,45.65,45.65,45.269,45.4,814129.0,45.439,5793.0
2014-10-07 19:00:00+00:00,45.4,45.45,45.08,45.12,1896767.0,45.2006,11570.0
2014-10-07 20:00:00+00:00,45.13,45.19,45.11,45.19,106681.0,45.4286,13.0
2014-10-07 23:00:00+00:00,45.15,45.15,45.13,45.13,815.0,45.1386,6.0
2014-10-08 12:00:00+00:00,45.14,45.14,45.14,45.14,200.0,45.14,1.0
2014-10-08 13:00:00+00:00,45.41,45.69,45.0,45.04,564942.0,45.2173,4144.0
2014-10-08 14:00:00+00:00,45.05,45.3,44.72,44.76,1304750.0,44.9419,11204.0
2014-10-08 15:00:00+00:00,44.74,45.16,44.56,45.08,906837.0,44.8424,8095.0
2014-10-08 16:00:00+00:00,45.08,45.2,44.91,44.98,549472.0,45.0444,5111.0
2014-10-08 17:00:00+00:00,44.985,45.72,44.98,45.57,972124.0,45.4722,7371.0
2014-10-08 18:00:00+00:00,45.58,46.32,45.58,46.0701,1276480.0,45.9925,10233.0
2014-10-08 19:00:00+00:00,46.07,46.97,46.07,46.85,3379608.0,46.6787,21772.0
2014-10-08 20:00:00+00:00,46.84,47.02,46.84,46.97,45204.0,46.3507,24.0
2014-10-08 21:00:00+00:00,46.97,46.97,46.97,46.97,600.0,46.97,4.0
2014-10-08 23:00:00+00:00,47.07,47.2,47.07,47.2,1500.0,47.1752,6.0
2014-10-09 11:00:00+00:00,47.02,47.02,47.02,47.02,100.0,47.02,1.0
2014-10-09 13:00:00+00:00,46.92,47.3299,46.26,46.5099,909891.0,46.7315,6635.0
2014-10-09 14:00:00+00:00,46.49,46.65,45.7,45.91,1083995.0,46.1866,8827.0
2014-10-09 15:00:00+00:00,45.92,46.33,45.5,45.75,1301933.0,45.9812,10325.0
2014-10-09 16:00:00+00:00,45.73,45.9,45.15,45.53,947527.0,45.4861,7677.0
2014-10-09 17:00:00+00:00,45.54,46.0,45.19,45.86,930522.0,45.6102,7863.0
2014-10-09 18:00:00+00:00,45.85,45.88,45.45,45.47,1074734.0,45.7156,10138.0
2014-10-09 19:00:00+00:00,45.46,45.86,45.33,45.42,2019620.0,45.5357,15752.0
2014-10-09 20:00:00+00:00,45.42,45.54,45.41,45.45,5894.0,45.4412,19.0
2014-10-09 23:00:00+00:00,45.15,45.15,45.15,45.15,500.0,45.1536,3.0
2014-10-10 12:00:00+00:00,45.39,45.39,45.1,45.1,1200.0,45.3417,4.0
2014-10-10 13:00:00+00:00,45.2,45.8095,44.93,45.33,700915.0,45.3685,4334.0
2014-10-10 14:00:00+00:00,45.32,45.53,44.28,45.16,1460521.0,44.8852,12248.0
2014-10-10 15:00:00+00:00,45.18,46.03,45.02,45.92,937115.0,45.4672,8246.0
2014-10-10 16:00:00+00:00,45.9,46.52,45.89,46.25,1167527.0,46.2532,9119.0
2014-10-10 17:00:00+00:00,46.265,46.34,45.75,45.99,551959.0,46.0095,4858.0
2014-10-10 18:00:00+00:00,45.99,46.12,45.58,45.65,522196.0,45.8008,4580.0
2014-10-10 19:00:00+00:00,45.66,45.68,45.15,45.15,1626405.0,45.2963,12207.0
2014-10-10 20:00:00+00:00,45.15,45.16,44.97,45.03,13228.0,45.1353,20.0
2014-10-10 21:00:00+00:00,44.95,44.95,44.8,44.8,700.0,44.8321,3.0
2014-10-13 13:00:00+00:00,44.61,46.09,44.61,45.34,752116.0,45.5565,4914.0
2014-10-13 14:00:00+00:00,45.34,45.67,44.88,45.32,1437830.0,45.1821,10701.0
2014-10-13 15:00:00+00:00,45.31,45.97,45.22,45.55,1048174.0,45.6823,7834.0
2014-10-13 16:00:00+00:00,45.56,46.18,45.47,45.74,807526.0,45.8251,6807.0
2014-10-13 17:00:00+00:00,45.74,45.99,45.45,45.65,515444.0,45.7367,4472.0
2014-10-13 18:00:00+00:00,45.64,45.875,45.34,45.3969,956396.0,45.6269,6891.0
2014-10-13 19:00:00+00:00,45.4,45.45,44.51,44.54,2377862.0,44.8601,16298.0
2014-10-13 20:00:00+00:00,44.55,44.58,44.5,44.55,6876.0,44.6214,9.0
2014-10-13 21:00:00+00:00,44.45,44.45,44.45,44.45,300.0,44.4367,4.0
2014-10-13 22:00:00+00:00,44.32,44.32,44.32,44.32,100.0,44.32,1.0
2014-10-13 23:00:00+00:00,44.32,44.55,44.32,44.55,1365.0,44.4479,12.0
2014-10-14 12:00:00+00:00,45.25,45.25,45.25,45.25,100.0,45.25,1.0
2014-10-14 13:00:00+00:00,44.79,45.41,44.1,44.15,1276271.0,44.647,7449.0
2014-10-14 14:00:00+00:00,44.15,44.68,43.7,44.31,2582444.0,44.1072,19716.0
2014-10-14 15:00:00+00:00,44.34,45.525,44.3,45.3358,1397990.0,44.8301,11386.0
2014-10-14 16:00:00+00:00,45.33,45.39,44.91,45.04,1337409.0,45.1575,11831.0
2014-10-14 17:00:00+00:00,45.05,45.71,45.03,45.32,1048934.0,45.2937,8714.0
2014-10-14 18:00:00+00:00,45.31,45.65,44.91,45.325,1242790.0,45.2099,10560.0
2014-10-14 19:00:00+00:00,45.34,45.43,44.66,44.94,2189093.0,44.9582,16433.0
2014-10-14 20:00:00+00:00,44.92,44.92,44.92,44.92,23456.0,44.92,11.0
2014-10-15 12:00:00+00:00,44.58,44.7,44.11,44.11,645.0,44.4256,5.0
2014-10-15 13:00:00+00:00,44.23,44.57,43.01,44.45,1141283.0,43.8296,6905.0
2014-10-15 14:00:00+00:00,44.48,45.045,43.74,44.06,1416746.0,44.3157,10723.0
2014-10-15 15:00:00+00:00,44.06,44.32,43.24,43.82,1496679.0,43.7676,11406.0
2014-10-15 16:00:00+00:00,43.83,43.83,42.88,43.0,1266894.0,43.3815,10030.0
2014-10-15 17:00:00+00:00,43.0,43.37,42.53,42.96,1766671.0,42.9454,11664.0
2014-10-15 18:00:00+00:00,42.96,43.47,42.63,43.17,1353191.0,43.0965,10613.0
2014-10-15 19:00:00+00:00,43.18,44.09,43.1,43.77,2172149.0,43.655,17224.0
2014-10-15 20:00:00+00:00,43.76,43.76,43.5,43.52,30906.0,43.7486,24.0
2014-10-16 11:00:00+00:00,43.23,43.23,43.23,43.23,1000.0,43.23,5.0
2014-10-16 12:00:00+00:00,43.19,43.19,42.66,42.66,1350.0,42.8141,7.0
2014-10-16 13:00:00+00:00,42.71,44.11,42.7,44.05,1140013.0,43.7065,7663.0
2014-10-16 14:00:00+00:00,44.0,45.27,43.757,44.75,3142768.0,44.5386,24477.0
2014-10-16 15:00:00+00:00,44.74,45.37,44.41,44.62,1716624.0,44.9725,13395.0
2014-10-16 16:00:00+00:00,44.62,45.48,44.4,45.47,1531614.0,44.9488,11757.0
2014-10-16 17:00:00+00:00,45.47,45.76,44.8211,44.87,1199925.0,45.4043,9785.0
2014-10-16 18:00:00+00:00,44.87,45.045,44.27,44.41,1074780.0,44.6243,7476.0
2014-10-16 19:00:00+00:00,44.405,44.89,44.17,44.75,1923533.0,44.6624,14632.0
2014-10-16 20:00:00+00:00,44.75,44.75,44.6934,44.75,38905.0,44.7828,14.0
2014-10-16 22:00:00+00:00,44.75,44.75,44.75,44.75,100.0,44.75,1.0
2014-10-17 12:00:00+00:00,44.91,45.99,44.91,45.99,1250.0,45.6607,5.0
2014-10-17 13:00:00+00:00,45.5,45.59,44.93,45.3,910760.0,45.2776,5459.0
2014-10-17 14:00:00+00:00,45.29,45.755,45.11,45.74,1250818.0,45.5256,8827.0
2014-10-17 15:00:00+00:00,45.73,45.79,45.335,45.385,746666.0,45.5965,5639.0
2014-10-17 16:00:00+00:00,45.38,45.44,44.78,44.9,859104.0,45.0425,7118.0
2014-10-17 17:00:00+00:00,44.91,45.18,44.59,44.99,723581.0,44.877,5660.0
2014-10-17 18:00:00+00:00,44.98,45.275,44.5,45.19,1077210.0,44.9582,7264.0
2014-10-17 19:00:00+00:00,45.17,45.44,44.975,45.165,2824348.0,45.209,18056.0
2014-10-17 20:00:00+00:00,45.15,45.15,44.75,45.12,18726.0,45.1026,25.0
2014-10-17 21:00:00+00:00,45.12,45.12,45.12,45.12,300.0,45.12,1.0
2014-10-17 22:00:00+00:00,45.12,45.12,45.12,45.12,300.0,45.12,1.0
2014-10-20 11:00:00+00:00,45.3,45.3,45.3,45.3,700.0,45.3,4.0
2014-10-20 13:00:00+00:00,44.81,45.91,44.8,45.41,574641.0,45.4855,3822.0
2014-10-20 14:00:00+00:00,45.44,45.63,45.0,45.45,760132.0,45.3467,6377.0
2014-10-20 15:00:00+00:00,45.45,46.03,45.35,45.99,888576.0,45.7302,6244.0
2014-10-20 16:00:00+00:00,46.0,46.19,45.8396,46.0,819864.0,46.0338,6027.0
2014-10-20 17:00:00+00:00,46.0,46.34,45.89,46.03,644993.0,46.1304,4740.0
2014-10-20 18:00:00+00:00,46.03,46.29,45.97,46.29,612491.0,46.1176,4378.0
2014-10-20 19:00:00+00:00,46.29,46.455,46.15,46.3,1691450.0,46.2963,11523.0
2014-10-20 20:00:00+00:00,46.31,46.31,46.28,46.28,7677.0,46.2968,24.0
2014-10-20 21:00:00+00:00,46.31,46.31,46.31,46.31,8243.0,46.31,1.0
2014-10-20 23:00:00+00:00,46.47,46.47,46.47,46.47,150.0,46.47,1.0
2014-10-21 12:00:00+00:00,46.69,46.7,46.69,46.7,600.0,46.6933,3.0
2014-10-21 13:00:00+00:00,46.71,47.49,46.55,47.47,727385.0,47.1293,4750.0
2014-10-21 14:00:00+00:00,47.48,47.57,47.17,47.25,1337647.0,47.3414,9453.0
2014-10-21 15:00:00+00:00,47.245,47.54,47.11,47.4499,987199.0,47.2471,7194.0
2014-10-21 16:00:00+00:00,47.445,47.6,47.26,47.5,645042.0,47.4737,5380.0
2014-10-21 17:00:00+00:00,47.49,47.96,47.43,47.91,1307858.0,47.6816,8655.0
2014-10-21 18:00:00+00:00,47.91,48.14,47.75,47.87,1193201.0,47.9489,8346.0
2014-10-21 19:00:00+00:00,47.86,48.37,47.79,48.29,2355754.0,48.2156,16007.0
2014-10-21 20:00:00+00:00,48.3,48.36,48.3,48.31,10189.0,48.3028,16.0
2014-10-21 21:00:00+00:00,48.38,48.38,48.3,48.3,23000.0,48.301,10.0
2014-10-21 23:00:00+00:00,48.3,48.3,48.3,48.3,10782.0,48.3,1.0
2014-10-22 13:00:00+00:00,48.39,49.189,48.37,48.97,865800.0,48.7804,4324.0
2014-10-22 14:00:00+00:00,48.99,49.13,48.45,48.98,1672618.0,48.7762,12749.0
2014-10-22 15:00:00+00:00,48.98,49.51,48.943,49.39,1591121.0,49.2239,11102.0
2014-10-22 16:00:00+00:00,49.37,49.43,48.5,48.82,1111329.0,48.8607,8778.0
2014-10-22 17:00:00+00:00,48.825,49.089,48.49,48.515,1024698.0,48.7171,8395.0
2014-10-22 18:00:00+00:00,48.51,48.78,48.28,48.72,1047107.0,48.499,8085.0
2014-10-22 19:00:00+00:00,48.72,48.74,47.92,47.995,2027677.0,48.2433,15616.0
2014-10-22 20:00:00+00:00,48.0,48.01,48.0,48.01,17722.0,48.0001,14.0
2014-10-22 21:00:00+00:00,48.04,48.04,47.0,47.83,4000.0,47.6047,16.0
2014-10-22 22:00:00+00:00,48.0,48.0,48.0,48.0,541500.0,48.0,1.0
2014-10-23 12:00:00+00:00,48.45,48.6,48.45,48.6,3405.0,48.5941,11.0
2014-10-23 13:00:00+00:00,48.6,49.25,48.42,48.52,452393.0,48.9271,2664.0
2014-10-23 14:00:00+00:00,48.54,49.09,48.54,48.56,700826.0,48.8081,5502.0
2014-10-23 15:00:00+00:00,48.56,48.75,48.17,48.4,677024.0,48.4379,5441.0
2014-10-23 16:00:00+00:00,48.39,49.1,48.324,48.369,469749.0,48.485,3879.0
2014-10-23 17:00:00+00:00,48.37,48.6,48.27,48.59,446326.0,48.4023,3667.0
2014-10-23 18:00:00+00:00,48.6,48.88,48.04,48.3691,773258.0,48.5345,5615.0
2014-10-23 19:00:00+00:00,48.34,48.34,47.9,47.99,1825584.0,48.0561,12538.0
2014-10-23 20:00:00+00:00,48.01,48.04,47.99,48.0399,13647.0,48.1157,13.0
2014-10-23 21:00:00+00:00,48.01,48.01,48.01,48.01,9141.0,48.01,1.0
2014-10-23 23:00:00+00:00,48.1,48.1,48.1,48.1,400.0,48.1,2.0
2014-10-24 12:00:00+00:00,47.8,48.0,47.8,48.0,6075.0,47.9929,43.0
2014-10-24 13:00:00+00:00,47.9,48.24,47.49,47.71,317951.0,47.846,2161.0
2014-10-24 14:00:00+00:00,47.74,47.99,47.29,47.96,840425.0,47.643,6498.0
2014-10-24 15:00:00+00:00,47.97,48.52,47.97,48.39,771202.0,48.2975,6159.0
2014-10-24 16:00:00+00:00,48.38,48.69,48.34,48.48,531982.0,48.4766,4064.0
2014-10-24 17:00:00+00:00,48.49,48.62,48.32,48.5872,633136.0,48.4731,3895.0
2014-10-24 18:00:00+00:00,48.59,48.62,48.3435,48.42,615506.0,48.4456,4286.0
2014-10-24 19:00:00+00:00,48.43,48.66,48.43,48.62,1070077.0,48.5466,7598.0
2014-10-24 20:00:00+00:00,48.62,48.62,47.7181,47.7181,54477.0,48.2077,6.0
2014-10-24 23:00:00+00:00,48.6,48.6,48.6,48.6,200.0,48.6,1.0
2014-10-27 12:00:00+00:00,48.4,48.4,48.4,48.4,100.0,48.4,1.0
2014-10-27 13:00:00+00:00,48.2,48.23,47.31,47.74,612653.0,47.8029,3666.0
2014-10-27 14:00:00+00:00,47.77,48.1,47.38,48.04,1030733.0,47.6508,6380.0
2014-10-27 15:00:00+00:00,48.05,48.3,47.87,47.98,377251.0,48.0994,3166.0
2014-10-27 16:00:00+00:00,47.98,48.34,47.97,48.19,388902.0,48.0978,3431.0
2014-10-27 17:00:00+00:00,48.19,48.515,48.09,48.27,477078.0,48.2763,4068.0
2014-10-27 18:00:00+00:00,48.26,48.43,48.09,48.1895,379873.0,48.2727,3462.0
2014-10-27 19:00:00+00:00,48.19,48.42,48.15,48.34,829371.0,48.3206,6465.0
2014-10-27 20:00:00+00:00,48.34,48.36,48.34,48.36,8399.0,48.3255,9.0
2014-10-27 21:00:00+00:00,48.3,48.3,48.3,48.3,100.0,48.3,1.0
2014-10-27 23:00:00+00:00,48.16,48.16,48.16,48.16,100.0,48.16,1.0
2014-10-28 12:00:00+00:00,48.55,48.55,48.55,48.55,600.0,48.55,4.0
2014-10-28 13:00:00+00:00,48.5,48.85,47.97,48.55,374689.0,48.4785,2211.0
2014-10-28 14:00:00+00:00,48.5,48.98,48.42,48.88,412137.0,48.6723,3277.0
2014-10-28 15:00:00+00:00,48.8864,49.0,48.71,48.8,267147.0,48.8817,2307.0
2014-10-28 16:00:00+00:00,48.79,49.385,48.78,49.3768,521527.0,49.0992,2861.0
2014-10-28 17:00:00+00:00,49.37,49.43,49.11,49.39,634502.0,49.2694,3984.0
2014-10-28 18:00:00+00:00,49.39,49.6,49.21,49.42,536228.0,49.4113,3580.0
2014-10-28 19:00:00+00:00,49.42,49.6,49.37,49.465,1682713.0,49.4779,10893.0
2014-10-28 20:00:00+00:00,49.49,49.55,49.1752,49.55,33850.0,49.4703,17.0
2014-10-28 21:00:00+00:00,49.48,49.48,49.48,49.48,100.0,49.48,1.0
2014-10-28 22:00:00+00:00,49.38,49.5,49.38,49.5,400.0,49.41,2.0
2014-10-28 23:00:00+00:00,49.49,49.49,49.49,49.49,9600.0,49.49,1.0
2014-10-29 12:00:00+00:00,49.66,49.72,49.57,49.71,5560.0,49.686,26.0
2014-10-29 13:00:00+00:00,49.94,50.165,49.41,49.6,679847.0,49.797,4067.0
2014-10-29 14:00:00+00:00,49.61,49.62,48.51,48.55,1048752.0,48.9575,7396.0
2014-10-29 15:00:00+00:00,48.555,49.23,48.43,48.94,695979.0,48.9123,4779.0
2014-10-29 16:00:00+00:00,48.94,48.94,48.635,48.71,383899.0,48.7665,3544.0
2014-10-29 17:00:00+00:00,48.71,48.87,48.57,48.64,491286.0,48.6858,4030.0
2014-10-29 18:00:00+00:00,48.64,48.64,48.02,48.28,896869.0,48.3094,7047.0
2014-10-29 19:00:00+00:00,48.28,48.64,48.02,48.53,1751653.0,48.4009,12833.0
2014-10-29 20:00:00+00:00,48.53,48.55,48.53,48.55,3765.0,48.5305,8.0
2014-10-29 21:00:00+00:00,48.55,48.55,48.53,48.53,400.0,48.5375,3.0
2014-10-29 22:00:00+00:00,48.5,48.53,48.32,48.53,13070.0,48.5143,9.0
2014-10-29 23:00:00+00:00,48.34,48.34,48.33,48.33,900.0,48.3311,3.0
2014-10-30 13:00:00+00:00,48.29,48.95,48.215,48.29,404968.0,48.648,2656.0
2014-10-30 14:00:00+00:00,48.31,49.22,48.19,49.21,866271.0,48.8909,4761.0
2014-10-30 15:00:00+00:00,49.2,49.23,48.63,49.03,573246.0,48.9307,4490.0
2014-10-30 16:00:00+00:00,49.01,49.28,48.79,49.25,436068.0,49.0542,3509.0
2014-10-30 17:00:00+00:00,49.25,49.48,49.1375,49.425,396984.0,49.2828,3063.0
2014-10-30 18:00:00+00:00,49.425,49.44,48.63,48.72,582542.0,48.9718,4605.0
2014-10-30 19:00:00+00:00,48.72,48.865,48.55,48.84,845700.0,48.7148,7087.0
2014-10-30 20:00:00+00:00,48.85,48.85,48.66,48.66,32528.0,48.8492,12.0
2014-10-31 12:00:00+00:00,49.02,49.61,49.02,49.6,9069.0,49.4928,43.0
2014-10-31 13:00:00+00:00,49.61,49.65,48.91,48.98,620237.0,49.1601,3686.0
2014-10-31 14:00:00+00:00,48.99,49.8914,48.83,49.81,1053127.0,49.583,7723.0
2014-10-31 15:00:00+00:00,49.8,50.06,49.77,49.971,664089.0,49.9414,4670.0
2014-10-31 16:00:00+00:00,49.97,50.05,49.41,49.525,834364.0,49.6236,4675.0
2014-10-31 17:00:00+00:00,49.525,49.7,49.46,49.5351,656428.0,49.5918,4609.0
2014-10-31 18:00:00+00:00,49.535,49.97,49.51,49.96,617856.0,49.745,4243.0
2014-10-31 19:00:00+00:00,49.95,50.15,49.85,50.06,2126716.0,50.0221,12880.0
2014-10-31 20:00:00+00:00,50.09,50.09,50.09,50.09,98791.0,50.0807,16.0
2014-10-31 21:00:00+00:00,50.0,50.0,50.0,50.0,100.0,50.0,1.0
2014-10-31 22:00:00+00:00,50.09,50.19,50.09,50.19,13900.0,50.0971,8.0
2014-11-03 13:00:00+00:00,50.22,50.55,50.22,50.5,6300.0,50.4649,14.0
2014-11-03 14:00:00+00:00,50.5,50.82,50.07,50.7,1059471.0,50.5263,5414.0
2014-11-03 15:00:00+00:00,50.7,50.8,50.37,50.75,992199.0,50.5274,7422.0
2014-11-03 16:00:00+00:00,50.75,50.94,50.455,50.785,790709.0,50.7189,5328.0
2014-11-03 17:00:00+00:00,50.785,51.25,50.68,51.21,727730.0,50.8391,5559.0
2014-11-03 18:00:00+00:00,51.18,51.18,50.8001,50.8001,794653.0,51.0126,5638.0
2014-11-03 19:00:00+00:00,50.81,51.05,50.26,50.28,1040308.0,50.6521,7008.0
2014-11-03 20:00:00+00:00,50.27,50.52,50.03,50.349,2040852.0,50.2591,13442.0
2014-11-03 21:00:00+00:00,50.34,50.6,50.25,50.5,40581.0,50.3541,26.0
2014-11-03 22:00:00+00:00,50.64,50.64,50.54,50.55,300.0,50.5767,3.0
2014-11-03 23:00:00+00:00,50.64,50.64,50.64,50.64,900.0,50.64,2.0
2014-11-04 00:00:00+00:00,50.55,50.55,50.55,50.55,100.0,50.55,1.0
2014-11-04 12:00:00+00:00,51.2,51.2,50.97,51.2,1605.0,51.045,10.0
2014-11-04 13:00:00+00:00,51.0,51.28,50.66,50.99,46586.0,51.0625,161.0
2014-11-04 14:00:00+00:00,50.98,51.09,49.9,50.0,1469158.0,50.5265,9128.0
2014-11-04 15:00:00+00:00,49.99,50.135,49.51,49.87,1475128.0,49.8507,11029.0
2014-11-04 16:00:00+00:00,49.85,50.54,49.82,50.39,1128424.0,50.1604,8736.0
2014-11-04 17:00:00+00:00,50.395,50.75,50.17,50.39,802893.0,50.5293,6640.0
2014-11-04 18:00:00+00:00,50.39,50.59,50.14,50.54,685028.0,50.3458,5865.0
2014-11-04 19:00:00+00:00,50.55,50.62,50.04,50.32,760497.0,50.2836,6261.0
2014-11-04 20:00:00+00:00,50.31,50.66,50.23,50.615,1896053.0,50.5081,13540.0
2014-11-04 21:00:00+00:00,50.63,50.72,50.33,50.33,57659.0,50.5694,16.0
2014-11-04 22:00:00+00:00,50.6,50.63,50.45,50.63,1300.0,50.5062,5.0
2014-11-05 13:00:00+00:00,51.05,51.26,50.75,50.8,12406.0,50.9499,60.0
2014-11-05 14:00:00+00:00,51.0,51.0,49.61,50.19,1156031.0,50.1184,6034.0
2014-11-05 15:00:00+00:00,50.17,50.69,50.0,50.055,1875077.0,50.3132,12277.0
2014-11-05 16:00:00+00:00,50.05,50.16,49.05,49.58,1785489.0,49.5222,11479.0
2014-11-05 17:00:00+00:00,49.5775,49.8,49.37,49.46,889746.0,49.5814,5953.0
2014-11-05 18:00:00+00:00,49.4601,49.48,48.93,49.145,1436629.0,49.2214,7979.0
2014-11-05 19:00:00+00:00,49.14,49.2634,49.0,49.21,851629.0,49.1107,6762.0
2014-11-05 20:00:00+00:00,49.22,49.69,49.18,49.63,1608025.0,49.4821,11587.0
2014-11-05 21:00:00+00:00,49.64,50.63,49.61,49.7,15005.0,49.8615,29.0
2014-11-05 22:00:00+00:00,49.65,49.65,49.65,49.65,800.0,49.65,2.0
2014-11-05 23:00:00+00:00,49.69,49.7,49.69,49.7,500.0,49.696,3.0
2014-11-06 00:00:00+00:00,49.65,49.65,49.65,49.65,400.0,49.65,1.0
2014-11-06 13:00:00+00:00,48.95,48.95,48.95,48.95,300.0,48.95,1.0
2014-11-06 14:00:00+00:00,49.22,50.67,49.22,50.33,863737.0,50.3248,4607.0
2014-11-06 15:00:00+00:00,50.33,50.43,49.87,50.21,1029693.0,50.1252,6766.0
2014-11-06 16:00:00+00:00,50.21,50.37,50.08,50.26,777988.0,50.221,5352.0
2014-11-06 17:00:00+00:00,50.25,50.44,50.0678,50.25,501590.0,50.2634,3688.0
2014-11-06 18:00:00+00:00,50.25,50.38,50.1082,50.29,548284.0,50.2503,4434.0
2014-11-06 19:00:00+00:00,50.3,50.32,50.03,50.13,699869.0,50.1759,5842.0
2014-11-06 20:00:00+00:00,50.14,50.28,50.07,50.23,1583377.0,50.2265,11485.0
2014-11-06 21:00:00+00:00,50.24,50.24,50.18,50.18,103921.0,50.2233,9.0
2014-11-07 13:00:00+00:00,50.5,50.5,50.5,50.5,100.0,50.5,1.0
2014-11-07 14:00:00+00:00,50.26,50.79,50.14,50.27,744191.0,50.5278,4722.0
2014-11-07 15:00:00+00:00,50.26,50.64,50.15,50.61,1053664.0,50.3331,7851.0
2014-11-07 16:00:00+00:00,50.61,50.76,50.5047,50.61,1110556.0,50.6473,5800.0
2014-11-07 17:00:00+00:00,50.62,50.78,50.55,50.7,581565.0,50.6765,4359.0
2014-11-07 18:00:00+00:00,50.7,50.76,50.55,50.65,470053.0,50.6668,3670.0
2014-11-07 19:00:00+00:00,50.64,50.7099,50.447,50.53,668489.0,50.5626,4578.0
2014-11-07 20:00:00+00:00,50.53,50.72,50.44,50.71,1204551.0,50.5959,9235.0
2014-11-07 21:00:00+00:00,50.72,50.72,50.72,50.72,17236.0,50.7158,9.0
2014-11-07 22:00:00+00:00,50.64,50.64,50.64,50.64,200.0,50.6313,2.0
2014-11-10 12:00:00+00:00,50.72,50.72,50.72,50.72,300.0,50.72,1.0
2014-11-10 14:00:00+00:00,50.91,51.54,50.91,51.11,973993.0,51.1947,5768.0
2014-11-10 15:00:00+00:00,51.11,51.11,50.58,50.79,1191380.0,50.845,9308.0
2014-11-10 16:00:00+00:00,50.8,50.83,50.39,50.4,825118.0,50.5734,6354.0
2014-11-10 17:00:00+00:00,50.39,50.77,50.25,50.75,565799.0,50.4899,4554.0
2014-11-10 18:00:00+00:00,50.77,50.79,50.45,50.5,510244.0,50.6722,3874.0
2014-11-10 19:00:00+00:00,50.49,50.65,50.34,50.61,522542.0,50.4941,4169.0
2014-11-10 20:00:00+00:00,50.62,50.685,50.45,50.59,1342755.0,50.5507,9677.0
2014-11-10 21:00:00+00:00,50.59,50.59,50.59,50.59,7045.0,50.59,8.0
2014-11-11 14:00:00+00:00,50.63,50.9,50.22,50.84,532867.0,50.5986,3391.0
2014-11-11 15:00:00+00:00,50.83,51.18,50.76,51.14,752889.0,50.9457,5819.0
2014-11-11 16:00:00+00:00,51.14,51.2001,50.7,50.85,658860.0,50.9068,4907.0
2014-11-11 17:00:00+00:00,50.84,51.25,50.83,51.159,545844.0,51.0691,3784.0
2014-11-11 18:00:00+00:00,51.15,51.3,51.0348,51.09,607116.0,51.1492,4255.0
2014-11-11 19:00:00+00:00,51.09,51.27,50.9401,51.05,708818.0,51.0968,5131.0
2014-11-11 20:00:00+00:00,51.05,51.17,51.0,51.1601,1351623.0,51.1012,8759.0
2014-11-11 21:00:00+00:00,51.16,51.16,51.16,51.16,5986.0,51.16,6.0
2014-11-12 14:00:00+00:00,51.22,51.75,51.01,51.48,777481.0,51.4133,3961.0
2014-11-12 15:00:00+00:00,51.48,51.57,51.06,51.06,880468.0,51.3858,6431.0
2014-11-12 16:00:00+00:00,51.09,51.43,50.94,51.2,587172.0,51.2008,4746.0
2014-11-12 17:00:00+00:00,51.2087,51.395,51.12,51.395,466409.0,51.2312,3371.0
2014-11-12 18:00:00+00:00,51.39,51.41,51.27,51.36,507419.0,51.351,4022.0
2014-11-12 19:00:00+00:00,51.35,51.56,51.26,51.34,601284.0,51.3952,4310.0
2014-11-12 20:00:00+00:00,51.34,51.445,51.265,51.33,1163514.0,51.3514,9115.0
2014-11-12 21:00:00+00:00,51.33,51.33,51.26,51.26,3974.0,51.3277,6.0
2014-11-13 13:00:00+00:00,51.33,51.33,51.33,51.33,223.0,51.3383,3.0
2014-11-13 14:00:00+00:00,51.21,51.24,50.76,50.87,570861.0,50.9246,3066.0
2014-11-13 15:00:00+00:00,50.88,50.88,50.35,50.4,1710628.0,50.5007,8225.0
2014-11-13 16:00:00+00:00,50.39,50.56,49.77,50.12,1809434.0,50.1355,9407.0
2014-11-13 17:00:00+00:00,50.11,50.14,49.64,49.65,1117174.0,49.844,7271.0
2014-11-13 18:00:00+00:00,49.65,49.83,49.5301,49.565,918091.0,49.6742,6021.0
2014-11-13 19:00:00+00:00,49.57,49.61,49.2,49.3819,992356.0,49.3779,7494.0
2014-11-13 20:00:00+00:00,49.3755,49.9,49.26,49.65,2356239.0,49.6383,16840.0
2014-11-13 21:00:00+00:00,49.68,49.84,49.49,49.84,24484.0,49.6798,13.0
2014-11-13 22:00:00+00:00,49.6,49.6,49.6,49.6,500.0,49.6,1.0
2014-11-14 00:00:00+00:00,49.6,49.6,49.6,49.6,100.0,49.6,1.0
2014-11-14 14:00:00+00:00,49.8,50.2,49.47,49.59,785198.0,49.8263,4907.0
2014-11-14 15:00:00+00:00,49.59,49.94,49.3,49.36,1576350.0,49.5911,11508.0
2014-11-14 16:00:00+00:00,49.36,49.915,49.28,49.78,824898.0,49.6382,6747.0
2014-11-14 17:00:00+00:00,49.78,49.87,49.39,49.45,740675.0,49.6356,5685.0
2014-11-14 18:00:00+00:00,49.45,49.72,49.3345,49.3393,735503.0,49.5054,5331.0
2014-11-14 19:00:00+00:00,49.34,49.535,49.2623,49.49,761258.0,49.4099,5854.0
2014-11-14 20:00:00+00:00,49.49,49.61,49.4,49.52,1462076.0,49.4907,9701.0
2014-11-14 21:00:00+00:00,49.51,49.55,49.51,49.53,14408.0,49.5172,13.0
2014-11-14 22:00:00+00:00,49.53,49.53,49.53,49.53,500.0,49.53,1.0
2014-11-17 12:00:00+00:00,49.42,49.42,49.42,49.42,100.0,49.42,1.0
2014-11-17 13:00:00+00:00,49.24,49.24,49.22,49.22,600.0,49.2233,3.0
2014-11-17 14:00:00+00:00,49.22,49.59,49.08,49.53,801804.0,49.3777,3631.0
2014-11-17 15:00:00+00:00,49.54,49.83,49.33,49.5,703843.0,49.5868,5662.0
2014-11-17 16:00:00+00:00,49.5,49.6595,49.4,49.6,532183.0,49.5266,4052.0
2014-11-17 17:00:00+00:00,49.58,49.68,49.45,49.548,417416.0,49.5493,3210.0
2014-11-17 18:00:00+00:00,49.55,49.81,49.5,49.765,762889.0,49.5968,5600.0
2014-11-17 19:00:00+00:00,49.76,49.92,49.71,49.79,580051.0,49.8183,4095.0
2014-11-17 20:00:00+00:00,49.795,49.85,49.6,49.71,1099309.0,49.7149,8354.0
2014-11-17 21:00:00+00:00,49.72,49.72,49.72,49.72,24712.0,49.72,12.0
2014-11-17 23:00:00+00:00,49.72,49.72,49.72,49.72,131.0,49.72,1.0
2014-11-18 14:00:00+00:00,49.7,50.18,49.68,49.74,458272.0,49.9467,2937.0
2014-11-18 15:00:00+00:00,49.75,49.82,49.625,49.77,857631.0,49.7199,6493.0
2014-11-18 16:00:00+00:00,49.78,49.9,49.72,49.769,774062.0,49.7882,5331.0
2014-11-18 17:00:00+00:00,49.77,49.91,49.75,49.84,776955.0,49.8361,4980.0
2014-11-18 18:00:00+00:00,49.85,50.18,49.82,50.11,659309.0,50.0032,4660.0
2014-11-18 19:00:00+00:00,50.12,50.4,50.1,50.26,797673.0,50.2293,5842.0
2014-11-18 20:00:00+00:00,50.26,50.3,50.02,50.06,1339646.0,50.2001,9234.0
2014-11-18 21:00:00+00:00,50.06,50.06,49.9352,50.0,72583.0,49.9466,11.0
2014-11-18 22:00:00+00:00,50.0,50.18,50.0,50.18,1376.0,50.129,3.0
2014-11-18 23:00:00+00:00,50.07,50.07,50.07,50.07,500.0,50.07,2.0
2014-11-19 13:00:00+00:00,50.18,50.18,50.17,50.17,1000.0,50.1782,5.0
2014-11-19 14:00:00+00:00,50.14,50.28,49.98,50.0892,406607.0,50.121,2341.0
2014-11-19 15:00:00+00:00,50.08,50.09,49.37,49.66,743806.0,49.7298,4202.0
2014-11-19 16:00:00+00:00,49.66,49.995,49.6,49.77,559140.0,49.7911,3762.0
2014-11-19 17:00:00+00:00,49.77,49.89,49.65,49.8856,612282.0,49.7922,4155.0
2014-11-19 18:00:00+00:00,49.89,50.15,49.85,50.01,803950.0,49.9749,4710.0
2014-11-19 19:00:00+00:00,50.005,50.055,49.91,49.99,906389.0,49.9852,5393.0
2014-11-19 20:00:00+00:00,49.995,50.21,49.88,50.12,1559070.0,50.123,10089.0
2014-11-19 21:00:00+00:00,50.12,50.12,50.12,50.12,79419.0,50.12,7.0
2014-11-19 22:00:00+00:00,50.29,50.29,50.29,50.29,360.0,50.29,3.0
2014-11-20 13:00:00+00:00,50.22,50.22,50.22,50.22,100.0,50.22,1.0
2014-11-20 14:00:00+00:00,50.06,50.4,49.99,50.305,705321.0,50.2011,3859.0
2014-11-20 15:00:00+00:00,50.305,50.54,50.19,50.47,1246234.0,50.3967,8025.0
2014-11-20 16:00:00+00:00,50.48,50.49,50.315,50.42,831205.0,50.4231,5377.0
2014-11-20 17:00:00+00:00,50.41,50.425,50.1,50.14,872560.0,50.2744,5510.0
2014-11-20 18:00:00+00:00,50.15,50.23,49.95,50.21,994218.0,50.087,5900.0
2014-11-20 19:00:00+00:00,50.22,50.33,50.125,50.19,1113433.0,50.2369,7537.0
2014-11-20 20:00:00+00:00,50.19,50.39,49.99,50.25,2345927.0,50.2149,14592.0
2014-11-20 21:00:00+00:00,50.26,50.26,50.23,50.23,4814.0,50.2556,9.0
2014-11-21 10:00:00+00:00,50.56,50.56,50.56,50.56,200.0,50.56,2.0
2014-11-21 11:00:00+00:00,50.85,50.85,50.85,50.85,125.0,50.85,1.0
2014-11-21 12:00:00+00:00,50.83,50.83,50.75,50.75,2800.0,50.8214,7.0
2014-11-21 13:00:00+00:00,50.84,50.88,50.8,50.88,1350.0,50.8163,8.0
2014-11-21 14:00:00+00:00,50.95,51.125,50.68,51.1,1225826.0,50.9853,4350.0
2014-11-21 15:00:00+00:00,51.1,52.07,51.06,51.43,2709312.0,51.6115,14202.0
2014-11-21 16:00:00+00:00,51.43,51.45,50.28,50.54,1690057.0,50.7706,10516.0
2014-11-21 17:00:00+00:00,50.53,50.67,50.28,50.4,984977.0,50.466,6910.0
2014-11-21 18:00:00+00:00,50.395,50.55,50.18,50.43,840930.0,50.3682,6384.0
2014-11-21 19:00:00+00:00,50.43,50.52,50.19,50.26,1093278.0,50.3105,6002.0
2014-11-21 20:00:00+00:00,50.27,50.35,50.195,50.32,2251459.0,50.2742,13401.0
2014-11-21 21:00:00+00:00,50.29,50.36,50.01,50.29,13015.0,50.2801,49.0
2014-11-22 00:00:00+00:00,50.21,50.21,50.21,50.21,100.0,50.21,1.0
2014-11-24 13:00:00+00:00,50.56,50.6,50.56,50.6,1000.0,50.589,5.0
2014-11-24 14:00:00+00:00,50.41,50.6,50.14,50.48,779534.0,50.4034,3600.0
2014-11-24 15:00:00+00:00,50.48,51.26,50.44,51.13,1774404.0,50.8968,9473.0
2014-11-24 16:00:00+00:00,51.1255,51.36,50.92,50.94,1047535.0,51.1897,6160.0
2014-11-24 17:00:00+00:00,50.94,51.0,50.69,50.76,451384.0,50.857,3862.0
2014-11-24 18:00:00+00:00,50.76,50.83,50.61,50.77,585439.0,50.7209,4130.0
2014-11-24 19:00:00+00:00,50.77,50.93,50.65,50.86,534403.0,50.8104,4298.0
2014-11-24 20:00:00+00:00,50.87,50.93,50.74,50.81,1132199.0,50.8246,8667.0
2014-11-24 21:00:00+00:00,50.81,50.81,50.71,50.71,8709.0,50.8065,13.0
2014-11-25 14:00:00+00:00,51.08,51.25,50.85,51.23,442651.0,51.0806,2287.0
2014-11-25 15:00:00+00:00,51.18,51.3,50.58,50.58,710123.0,50.9976,5537.0
2014-11-25 16:00:00+00:00,50.57,51.24,50.54,51.24,756516.0,50.8161,5826.0
2014-11-25 17:00:00+00:00,51.24,51.58,51.08,51.38,867865.0,51.3483,6221.0
2014-11-25 18:00:00+00:00,51.38,51.45,51.04,51.2,849149.0,51.2556,5031.0
2014-11-25 19:00:00+00:00,51.2,51.33,51.12,51.22,602569.0,51.2301,4972.0
2014-11-25 20:00:00+00:00,51.22,51.255,50.97,50.99,1581962.0,51.0884,11354.0
2014-11-25 21:00:00+00:00,50.98,50.98,50.98,50.98,20079.0,50.98,18.0
2014-11-26 14:00:00+00:00,50.98,51.15,50.65,51.0119,422719.0,50.8806,2403.0
2014-11-26 15:00:00+00:00,51.0,51.115,50.83,50.97,661258.0,50.9797,4732.0
2014-11-26 16:00:00+00:00,50.99,51.0,50.7,50.76,455094.0,50.8269,3501.0
2014-11-26 17:00:00+00:00,50.78,50.96,50.73,50.96,408535.0,50.8403,2928.0
2014-11-26 18:00:00+00:00,50.95,51.1,50.86,51.09,506867.0,51.0129,3794.0
2014-11-26 19:00:00+00:00,51.09,51.25,50.98,51.19,483334.0,51.118,3727.0
2014-11-26 20:00:00+00:00,51.18,51.25,50.92,50.95,1318781.0,51.0621,8977.0
2014-11-26 21:00:00+00:00,50.94,51.11,50.88,51.11,16069.0,50.9819,12.0
2014-11-28 11:00:00+00:00,49.16,49.16,49.16,49.16,600.0,49.16,6.0
2014-11-28 12:00:00+00:00,49.87,50.21,49.12,50.16,3728.0,50.103,25.0
2014-11-28 13:00:00+00:00,50.4,50.6,49.85,50.0,10997.0,50.0594,64.0
2014-11-28 14:00:00+00:00,50.02,50.2,49.1,49.35,1395369.0,49.6149,7723.0
2014-11-28 15:00:00+00:00,49.36,49.4,48.72,48.86,1431293.0,49.0275,9302.0
2014-11-28 16:00:00+00:00,48.866,49.37,48.83,48.9,1412408.0,49.1359,8024.0
2014-11-28 17:00:00+00:00,48.9,48.96,48.28,48.61,1844262.0,48.6011,11170.0
2014-11-28 18:00:00+00:00,48.61,48.61,48.61,48.61,449423.0,48.61,1.0
2014-11-28 21:00:00+00:00,48.68,48.68,48.68,48.68,1050.0,48.68,4.0
2014-12-01 13:00:00+00:00,48.68,48.68,48.22,48.22,22930.0,48.6103,9.0
2014-12-01 14:00:00+00:00,48.22,49.17,47.84,48.55,831731.0,48.5536,3954.0
2014-12-01 15:00:00+00:00,48.55,48.81,48.33,48.51,1055179.0,48.5883,7938.0
2014-12-01 16:00:00+00:00,48.51,48.86,48.39,48.4,843760.0,48.6349,6967.0
2014-12-01 17:00:00+00:00,48.39,48.42,48.09,48.39,664900.0,48.201,4911.0
2014-12-01 18:00:00+00:00,48.3946,48.65,48.37,48.55,552543.0,48.5144,4598.0
2014-12-01 19:00:00+00:00,48.54,48.655,48.32,48.485,631392.0,48.5083,5210.0
2014-12-01 20:00:00+00:00,48.48,48.95,48.47,48.89,1668992.0,48.7935,12497.0
2014-12-01 21:00:00+00:00,48.9,48.9,48.47,48.9,104103.0,48.8986,20.0
2014-12-01 22:00:00+00:00,48.9,48.9,48.9,48.9,5322.0,48.9,1.0
2014-12-01 23:00:00+00:00,48.9,48.9,48.9,48.9,158.0,48.9,1.0
2014-12-02 13:00:00+00:00,49.1,49.22,48.9,48.9,1403.0,49.0924,10.0
2014-12-02 14:00:00+00:00,49.07,49.6,48.86,49.6,722307.0,49.2924,4634.0
2014-12-02 15:00:00+00:00,49.61,50.65,49.6,50.58,1173574.0,50.0883,8679.0
2014-12-02 16:00:00+00:00,50.6,50.79,50.3958,50.53,1161774.0,50.5953,7630.0
2014-12-02 17:00:00+00:00,50.53,50.75,50.4646,50.68,829475.0,50.624,6214.0
2014-12-02 18:00:00+00:00,50.68,50.99,50.64,50.91,810377.0,50.8416,5900.0
2014-12-02 19:00:00+00:00,50.92,50.985,50.8,50.82,749713.0,50.9097,5583.0
2014-12-02 20:00:00+00:00,50.82,50.92,50.8,50.87,1955236.0,50.8579,13090.0
2014-12-02 21:00:00+00:00,50.88,50.9017,50.79,50.9017,252405.0,50.8801,16.0
2014-12-02 22:00:00+00:00,50.9,50.9,50.899,50.899,1350.0,50.8998,10.0
2014-12-02 23:00:00+00:00,50.901,50.901,50.901,50.901,200.0,50.901,1.0
2014-12-03 00:00:00+00:00,51.0,51.0,51.0,51.0,100.0,51.0,1.0
2014-12-03 14:00:00+00:00,50.97,51.46,50.94,51.45,574673.0,51.2056,3236.0
2014-12-03 15:00:00+00:00,51.45,52.0,51.35,51.58,1306632.0,51.7172,9403.0
2014-12-03 16:00:00+00:00,51.59,52.06,51.51,51.81,1071912.0,51.8009,7876.0
2014-12-03 17:00:00+00:00,51.81,52.1,51.635,51.735,753462.0,51.886,5781.0
2014-12-03 18:00:00+00:00,51.74,51.95,51.24,51.3057,956890.0,51.612,6727.0
2014-12-03 19:00:00+00:00,51.3,51.62,51.15,51.57,1136530.0,51.4092,7950.0
2014-12-03 20:00:00+00:00,51.58,51.76,51.4,51.71,2926480.0,51.6157,17114.0
2014-12-03 21:00:00+00:00,51.7,51.72,50.88,51.62,131885.0,51.7162,12.0
2014-12-03 22:00:00+00:00,51.61,51.72,51.61,51.72,600.0,51.665,3.0
2014-12-04 13:00:00+00:00,51.6,51.6,51.21,51.21,1198.0,51.353,16.0
2014-12-04 14:00:00+00:00,51.72,51.72,51.14,51.31,748574.0,51.3977,4067.0
2014-12-04 15:00:00+00:00,51.3,51.525,50.81,50.8101,1240223.0,51.1441,7658.0
2014-12-04 16:00:00+00:00,50.81,51.34,50.74,51.3,1036196.0,51.0486,7152.0
2014-12-04 17:00:00+00:00,51.305,51.77,51.23,51.65,938255.0,51.5518,6572.0
2014-12-04 18:00:00+00:00,51.64,52.0,51.53,51.995,818227.0,51.7672,5632.0
2014-12-04 19:00:00+00:00,51.99,52.05,51.63,51.735,837607.0,51.8518,5710.0
2014-12-04 20:00:00+00:00,51.735,51.93,51.504,51.59,2170987.0,51.6654,13511.0
2014-12-04 21:00:00+00:00,51.59,51.59,51.4023,51.4023,95056.0,51.4666,9.0
2014-12-05 14:00:00+00:00,51.46,52.08,51.36,51.69,647794.0,51.6402,2991.0
2014-12-05 15:00:00+00:00,51.7,51.71,50.92,50.935,848285.0,51.3564,6547.0
2014-12-05 16:00:00+00:00,50.9399,51.255,50.84,51.01,963248.0,51.0739,6035.0
2014-12-05 17:00:00+00:00,51.0,51.14,50.76,50.99,931178.0,50.951,4843.0
2014-12-05 18:00:00+00:00,50.98,50.989,50.56,50.7,768432.0,50.7955,5185.0
2014-12-05 19:00:00+00:00,50.7,50.765,49.95,49.9901,1308181.0,50.311,7486.0
2014-12-05 20:00:00+00:00,50.0,50.25,49.64,49.8,2238108.0,49.9089,13590.0
2014-12-05 21:00:00+00:00,49.78,50.5091,49.78,50.5091,28097.0,49.7978,12.0
2014-12-05 22:00:00+00:00,49.86,49.98,49.85,49.98,2030.0,49.8979,15.0
2014-12-05 23:00:00+00:00,49.98,49.98,49.98,49.98,190.0,49.9753,2.0
2014-12-06 00:00:00+00:00,50.0,50.0,49.98,49.98,370.0,49.9962,4.0
2014-12-08 13:00:00+00:00,49.56,49.78,49.33,49.48,1470.0,49.5844,13.0
2014-12-08 14:00:00+00:00,49.73,49.8,49.08,49.32,918311.0,49.4864,3632.0
2014-12-08 15:00:00+00:00,49.31,49.34,48.81,49.05,1235212.0,49.0422,8029.0
2014-12-08 16:00:00+00:00,49.06,49.07,48.56,48.725,1026773.0,48.8278,6749.0
2014-12-08 17:00:00+00:00,48.72,48.92,48.43,48.47,1081608.0,48.6772,6927.0
2014-12-08 18:00:00+00:00,48.48,48.49,48.06,48.15,905462.0,48.2558,6290.0
2014-12-08 19:00:00+00:00,48.15,48.24,47.98,48.07,776065.0,48.1033,5653.0
2014-12-08 20:00:00+00:00,48.06,48.27,47.9301,48.1,1947870.0,48.1464,13013.0
2014-12-08 21:00:00+00:00,48.1,48.15,48.1,48.15,74396.0,48.1365,15.0
2014-12-08 22:00:00+00:00,48.29,48.29,48.29,48.29,200.0,48.2789,2.0
2014-12-09 13:00:00+00:00,48.04,48.04,48.04,48.04,376.0,48.0418,2.0
2014-12-09 14:00:00+00:00,47.99,48.33,46.94,47.32,1826498.0,47.4236,7079.0
2014-12-09 15:00:00+00:00,47.34,48.24,47.2,48.18,1563939.0,47.5793,10409.0
2014-12-09 16:00:00+00:00,48.18,48.43,47.95,48.03,1171810.0,48.1545,7492.0
2014-12-09 17:00:00+00:00,48.03,48.26,47.81,48.26,681291.0,48.0302,5025.0
2014-12-09 18:00:00+00:00,48.26,48.355,48.07,48.24,768035.0,48.2265,5408.0
2014-12-09 19:00:00+00:00,48.24,48.27,47.95,48.06,1291244.0,48.0751,8011.0
2014-12-09 20:00:00+00:00,48.07,48.68,48.05,48.6,1750460.0,48.358,11646.0
2014-12-09 21:00:00+00:00,48.59,48.6,47.4048,48.6,20350.0,48.0102,10.0
2014-12-10 13:00:00+00:00,48.25,48.25,47.75,47.75,1162.0,47.8018,10.0
2014-12-10 14:00:00+00:00,47.79,48.23,47.63,48.02,613064.0,47.9267,4077.0
2014-12-10 15:00:00+00:00,48.02,48.03,47.07,47.505,2019146.0,47.4592,11970.0
2014-12-10 16:00:00+00:00,47.49,47.73,47.29,47.36,1486149.0,47.5361,7768.0
2014-12-10 17:00:00+00:00,47.34,47.39,46.69,46.86,1300900.0,47.0125,8801.0
2014-12-10 18:00:00+00:00,46.86,46.94,46.65,46.67,889697.0,46.8273,6169.0
2014-12-10 19:00:00+00:00,46.6707,46.84,46.42,46.58,1229036.0,46.6053,8158.0
2014-12-10 20:00:00+00:00,46.57,46.95,46.52,46.64,1846167.0,46.6957,13375.0
2014-12-10 21:00:00+00:00,46.65,46.73,46.65,46.73,12640.0,46.6506,9.0
2014-12-10 22:00:00+00:00,46.8,46.8,46.8,46.8,500.0,46.8,2.0
2014-12-10 23:00:00+00:00,48.0,48.0,48.0,48.0,137.0,48.0,1.0
2014-12-11 13:00:00+00:00,46.85,46.85,46.85,46.85,100.0,46.85,1.0
2014-12-11 14:00:00+00:00,46.76,47.72,46.76,47.34,690007.0,47.4101,4533.0
2014-12-11 15:00:00+00:00,47.34,47.81,47.25,47.43,829047.0,47.5413,6958.0
2014-12-11 16:00:00+00:00,47.43,47.5799,47.26,47.36,604049.0,47.4282,5454.0
2014-12-11 17:00:00+00:00,47.36,47.45,47.2,47.38,534493.0,47.3189,4315.0
2014-12-11 18:00:00+00:00,47.39,47.4599,46.797,46.8,578662.0,47.1859,4266.0
2014-12-11 19:00:00+00:00,46.7901,46.98,46.48,46.59,833891.0,46.6663,6567.0
2014-12-11 20:00:00+00:00,46.581,47.41,46.5799,46.82,1356904.0,46.8399,10957.0
2014-12-11 21:00:00+00:00,46.815,46.83,46.81,46.82,12179.0,46.8174,35.0
2014-12-12 00:00:00+00:00,46.81,46.81,46.81,46.81,200.0,46.81,2.0
2014-12-12 13:00:00+00:00,46.76,46.76,46.02,46.02,347.0,46.2333,2.0
2014-12-12 14:00:00+00:00,46.99,47.25,45.72,46.0,846294.0,46.242,4202.0
2014-12-12 15:00:00+00:00,45.99,46.6399,45.8669,45.99,1127581.0,46.148,7565.0
2014-12-12 16:00:00+00:00,46.0,46.5,45.82,46.13,953504.0,46.154,6304.0
2014-12-12 17:00:00+00:00,46.14,47.04,46.09,46.92,1176951.0,46.6577,7877.0
2014-12-12 18:00:00+00:00,46.89,47.02,46.56,46.72,753646.0,46.8067,5513.0
2014-12-12 19:00:00+00:00,46.72,46.88,46.47,46.53,470303.0,46.6753,4140.0
2014-12-12 20:00:00+00:00,46.51,46.56,46.22,46.28,1862295.0,46.3655,12713.0
2014-12-12 21:00:00+00:00,46.28,46.28,46.08,46.2,63743.0,46.2668,19.0
2014-12-12 22:00:00+00:00,46.27,46.27,46.27,46.27,800.0,46.27,3.0
2014-12-12 23:00:00+00:00,46.37,46.37,46.37,46.37,100.0,46.37,1.0
2014-12-15 13:00:00+00:00,47.0,47.0,46.99,46.99,1600.0,46.9963,3.0
2014-12-15 14:00:00+00:00,46.96,46.96,46.27,46.38,512988.0,46.5305,2866.0
2014-12-15 15:00:00+00:00,46.3701,46.49,46.07,46.26,1063710.0,46.3125,7016.0
2014-12-15 16:00:00+00:00,46.26,46.315,45.74,45.8062,940634.0,46.009,7515.0
2014-12-15 17:00:00+00:00,45.79,46.68,45.789,46.6425,719383.0,46.3239,5896.0
2014-12-15 18:00:00+00:00,46.6366,46.74,46.1,46.19,585471.0,46.3812,4583.0
2014-12-15 19:00:00+00:00,46.18,46.38,45.97,46.03,742285.0,46.104,6052.0
2014-12-15 20:00:00+00:00,46.02,46.225,45.98,46.115,1867246.0,46.1017,13985.0
2014-12-15 21:00:00+00:00,46.11,47.16,46.11,46.2,3489.0,46.3932,13.0
2014-12-15 22:00:00+00:00,46.3,46.3,46.3,46.3,120.0,46.3,1.0
2014-12-15 23:00:00+00:00,46.3,46.3,46.3,46.3,108.0,46.3,1.0
2014-12-16 13:00:00+00:00,45.5,45.5,45.5,45.5,400.0,45.5,4.0
2014-12-16 14:00:00+00:00,45.72,46.17,45.35,45.97,623522.0,45.776,3873.0
2014-12-16 15:00:00+00:00,45.99,47.06,45.98,47.06,903819.0,46.5697,6526.0
2014-12-16 16:00:00+00:00,47.06,47.9799,47.0,47.6001,1470365.0,47.6081,10838.0
2014-12-16 17:00:00+00:00,47.62,47.92,47.4,47.76,1312382.0,47.6581,8233.0
2014-12-16 18:00:00+00:00,47.74,47.8157,47.0,47.33,960493.0,47.3371,6393.0
2014-12-16 19:00:00+00:00,47.31,47.73,47.23,47.38,907031.0,47.46,5218.0
2014-12-16 20:00:00+00:00,47.385,47.55,47.02,47.05,2398961.0,47.3244,15215.0
2014-12-16 21:00:00+00:00,47.03,47.1,47.03,47.03,8769.0,47.0349,12.0
2014-12-16 23:00:00+00:00,47.03,47.03,47.03,47.03,400.0,47.03,2.0
2014-12-17 00:00:00+00:00,47.03,47.03,47.03,47.03,594.0,47.03,3.0
2014-12-17 13:00:00+00:00,46.84,47.0,46.82,46.82,1665.0,46.8532,6.0
2014-12-17 14:00:00+00:00,47.41,47.87,46.85,47.83,589874.0,47.271,3369.0
2014-12-17 15:00:00+00:00,47.86,48.0399,47.28,47.87,1330654.0,47.7105,9116.0
2014-12-17 16:00:00+00:00,47.87,48.5,47.79,48.32,1377561.0,48.2258,10327.0
2014-12-17 17:00:00+00:00,48.34,48.425,47.74,47.85,719541.0,47.9972,5948.0
2014-12-17 18:00:00+00:00,47.86,48.01,47.57,47.905,629999.0,47.8484,4658.0
2014-12-17 19:00:00+00:00,47.91,48.12,47.1846,47.325,1096802.0,47.8076,8413.0
2014-12-17 20:00:00+00:00,47.33,48.17,47.16,47.79,2014220.0,47.7689,15134.0
2014-12-17 21:00:00+00:00,47.79,47.79,47.79,47.79,66803.0,47.79,6.0
2014-12-18 12:00:00+00:00,48.11,48.21,48.09,48.18,5123.0,48.1376,26.0
2014-12-18 13:00:00+00:00,49.88,49.88,47.93,48.65,10054.0,48.3518,61.0
2014-12-18 14:00:00+00:00,48.44,48.6,47.5,47.72,1326483.0,48.1412,8126.0
2014-12-18 15:00:00+00:00,47.71,47.73,46.3599,46.39,2471664.0,46.9585,15810.0
2014-12-18 16:00:00+00:00,46.38,46.61,46.03,46.43,2017901.0,46.3934,12552.0
2014-12-18 17:00:00+00:00,46.435,46.82,46.32,46.815,1141307.0,46.6186,7478.0
2014-12-18 18:00:00+00:00,46.81,46.82,46.18,46.29,1320436.0,46.395,8001.0
2014-12-18 19:00:00+00:00,46.3,46.595,45.85,46.575,1492901.0,46.0847,9741.0
2014-12-18 20:00:00+00:00,46.57,47.07,46.53,47.06,2429963.0,46.8446,15470.0
2014-12-18 21:00:00+00:00,46.9914,47.07,46.9914,47.05,407373.0,47.0691,16.0
2014-12-18 23:00:00+00:00,47.0,47.0,46.8,46.8,3570.0,46.8166,18.0
2014-12-19 00:00:00+00:00,46.99,47.02,46.99,47.02,2440.0,46.9979,9.0
2014-12-19 13:00:00+00:00,47.22,47.22,47.0,47.0,1300.0,47.0392,6.0
2014-12-19 14:00:00+00:00,46.59,48.315,46.55,48.26,1571229.0,47.528,5381.0
2014-12-19 15:00:00+00:00,48.27,48.32,47.67,48.015,1845502.0,47.9916,10144.0
2014-12-19 16:00:00+00:00,48.01,48.22,47.9,48.11,1624292.0,48.0469,8168.0
2014-12-19 17:00:00+00:00,48.11,48.11,47.645,47.8225,735346.0,47.8418,5386.0
2014-12-19 18:00:00+00:00,47.84,48.12,47.81,47.99,798181.0,47.9859,6008.0
2014-12-19 19:00:00+00:00,47.99,48.33,47.97,48.3,1108335.0,48.1663,7571.0
2014-12-19 20:00:00+00:00,48.291,48.92,48.25,48.87,2349104.0,48.6249,14926.0
2014-12-19 21:00:00+00:00,48.87,48.88,48.87,48.88,35364.0,48.8794,26.0
2014-12-19 22:00:00+00:00,48.86,48.86,48.86,48.86,100.0,48.86,1.0
2014-12-22 14:00:00+00:00,49.0,49.22,48.445,49.16,689512.0,48.8286,4393.0
2014-12-22 15:00:00+00:00,49.17,49.21,48.71,48.87,1105543.0,48.9253,8417.0
2014-12-22 16:00:00+00:00,48.87,48.905,48.37,48.63,927276.0,48.6636,7093.0
2014-12-22 17:00:00+00:00,48.62,48.65,48.345,48.46,641649.0,48.5065,5351.0
2014-12-22 18:00:00+00:00,48.46,48.75,48.38,48.66,799330.0,48.5864,5985.0
2014-12-22 19:00:00+00:00,48.67,48.82,48.555,48.595,1384779.0,48.6513,9272.0
2014-12-22 20:00:00+00:00,48.6,48.94,48.58,48.82,1680145.0,48.7953,11126.0
2014-12-22 21:00:00+00:00,48.84,48.84,48.6338,48.6338,16058.0,48.8225,16.0
2014-12-22 22:00:00+00:00,48.78,48.78,48.78,48.78,120.0,48.78,1.0
2014-12-23 00:00:00+00:00,48.78,48.89,48.78,48.89,400.0,48.825,3.0
2014-12-23 14:00:00+00:00,49.11,49.5,48.89,49.18,603405.0,49.2576,3287.0
2014-12-23 15:00:00+00:00,49.18,49.36,49.02,49.19,1002964.0,49.1919,6881.0
2014-12-23 16:00:00+00:00,49.19,49.2,48.955,49.08,581681.0,49.0883,3933.0
2014-12-23 17:00:00+00:00,49.07,49.17,48.91,48.96,611476.0,49.0189,3677.0
2014-12-23 18:00:00+00:00,48.9599,49.2764,48.93,49.1,553026.0,49.1134,3561.0
2014-12-23 19:00:00+00:00,49.1,49.59,49.05,49.41,634218.0,49.354,4268.0
2014-12-23 20:00:00+00:00,49.41,49.51,49.29,49.35,1024479.0,49.3921,7340.0
2014-12-23 21:00:00+00:00,49.36,49.37,49.36,49.37,13013.0,49.3601,9.0
2014-12-23 23:00:00+00:00,49.1,49.1,49.1,49.1,200.0,49.1,1.0
2014-12-24 14:00:00+00:00,49.04,49.5199,48.89,49.26,461043.0,49.1747,2984.0
2014-12-24 15:00:00+00:00,49.25,49.74,49.042,49.3932,711226.0,49.3575,4773.0
2014-12-24 16:00:00+00:00,49.4,49.95,49.4,49.91,622499.0,49.6453,4381.0
2014-12-24 17:00:00+00:00,49.9108,50.0,49.77,49.77,1114063.0,49.9028,7966.0
2014-12-24 18:00:00+00:00,49.79,49.79,49.79,49.79,682333.0,49.79,1.0
2014-12-26 13:00:00+00:00,49.99,50.0,49.99,50.0,1000.0,49.999,3.0
2014-12-26 14:00:00+00:00,49.91,50.43,49.83,50.42,476514.0,50.1937,2437.0
2014-12-26 15:00:00+00:00,50.42,50.55,50.19,50.4,781282.0,50.4413,5357.0
2014-12-26 16:00:00+00:00,50.42,50.63,50.39,50.4564,523370.0,50.5342,3589.0
2014-12-26 17:00:00+00:00,50.45,50.4899,50.16,50.48,404832.0,50.3174,2996.0
2014-12-26 18:00:00+00:00,50.47,50.48,50.07,50.11,370791.0,50.2323,2840.0
2014-12-26 19:00:00+00:00,50.11,50.54,50.08,50.54,510609.0,50.268,3375.0
2014-12-26 20:00:00+00:00,50.54,50.57,50.2,50.3,1453687.0,50.3663,9056.0
2014-12-26 21:00:00+00:00,50.21,50.21,50.21,50.21,100.0,50.21,1.0
2014-12-29 12:00:00+00:00,50.32,50.4,50.32,50.4,3700.0,50.3978,2.0
2014-12-29 14:00:00+00:00,50.61,50.95,50.518,50.91,492055.0,50.7421,2920.0
2014-12-29 15:00:00+00:00,50.9141,51.04,50.72,50.82,778967.0,50.8933,5971.0
2014-12-29 16:00:00+00:00,50.81,50.84,50.46,50.53,357551.0,50.6086,2817.0
2014-12-29 17:00:00+00:00,50.54,50.58,50.25,50.25,354042.0,50.3944,2800.0
2014-12-29 18:00:00+00:00,50.25,50.3138,49.89,49.97,575130.0,50.1338,4344.0
2014-12-29 19:00:00+00:00,49.9899,50.24,49.985,50.035,775388.0,50.1051,5456.0
2014-12-29 20:00:00+00:00,50.035,50.12,49.97,50.01,1234818.0,50.0453,9242.0
2014-12-29 21:00:00+00:00,50.01,50.01,50.01,50.01,556.0,50.01,4.0
2014-12-30 00:00:00+00:00,49.85,49.85,49.85,49.85,275.0,49.8576,2.0
2014-12-30 13:00:00+00:00,49.86,49.86,49.5,49.51,2805.0,49.6009,17.0
2014-12-30 14:00:00+00:00,49.65,50.33,49.58,50.01,442743.0,50.0549,3248.0
2014-12-30 15:00:00+00:00,50.0,50.02,49.661,49.88,611266.0,49.8816,4363.0
2014-12-30 16:00:00+00:00,49.88,50.0,49.62,49.82,660606.0,49.759,4853.0
2014-12-30 17:00:00+00:00,49.82,49.95,49.7,49.85,692676.0,49.7979,4348.0
2014-12-30 18:00:00+00:00,49.85,50.02,49.84,49.91,561612.0,49.964,3968.0
2014-12-30 19:00:00+00:00,49.9,49.96,49.76,49.895,476060.0,49.8481,3517.0
2014-12-30 20:00:00+00:00,49.895,50.03,49.64,49.71,1311294.0,49.8203,8512.0
2014-12-30 21:00:00+00:00,49.71,49.8268,49.71,49.72,30390.0,49.7382,17.0
2014-12-31 00:00:00+00:00,49.72,49.72,49.72,49.72,400.0,49.72,1.0
2014-12-31 13:00:00+00:00,49.71,49.71,49.5,49.55,1360.0,49.5886,8.0
2014-12-31 14:00:00+00:00,49.56,49.98,49.31,49.98,427321.0,49.5959,2285.0
2014-12-31 15:00:00+00:00,49.98,49.99,49.43,49.64,799229.0,49.6526,4889.0
2014-12-31 16:00:00+00:00,49.64,49.99,49.565,49.86,588080.0,49.8046,4272.0
2014-12-31 17:00:00+00:00,49.85,49.89,49.56,49.635,690581.0,49.7306,4662.0
2014-12-31 18:00:00+00:00,49.64,49.805,49.55,49.74,1004894.0,49.7142,5720.0
2014-12-31 19:00:00+00:00,49.74,49.89,49.57,49.76,750751.0,49.7366,4917.0
2014-12-31 20:00:00+00:00,49.76,49.86,49.4,49.51,1143454.0,49.6168,8454.0
2014-12-31 21:00:00+00:00,49.5,49.5,49.5,49.5,27252.0,49.5,17.0
2014-12-31 22:00:00+00:00,49.45,49.5,49.41,49.41,1980.0,49.4619,10.0
2015-01-02 13:00:00+00:00,49.01,49.5,49.0,49.5,53363.0,49.4955,6.0
2015-01-02 14:00:00+00:00,49.51,49.92,49.07,49.79,671888.0,49.5833,4125.0
2015-01-02 15:00:00+00:00,49.8,50.19,49.49,49.61,1061544.0,49.7541,6859.0
2015-01-02 16:00:00+00:00,49.61,50.0,49.49,49.86,719677.0,49.7357,5863.0
2015-01-02 17:00:00+00:00,49.86,50.17,49.79,50.1,614443.0,50.0132,5153.0
2015-01-02 18:00:00+00:00,50.1,50.26,49.99,50.081,681108.0,50.1312,5079.0
2015-01-02 19:00:00+00:00,50.08,50.31,50.03,50.25,618140.0,50.1731,4798.0
2015-01-02 20:00:00+00:00,50.26,50.46,50.09,50.35,1163396.0,50.3037,9007.0
2015-01-02 21:00:00+00:00,50.34,50.34,50.0034,50.3,14259.0,50.205,7.0
2015-01-02 22:00:00+00:00,50.33,50.33,50.33,50.33,500.0,50.33,2.0
2015-01-02 23:00:00+00:00,50.33,50.33,50.33,50.33,300.0,50.33,1.0
2015-01-05 13:00:00+00:00,49.94,49.94,49.94,49.94,114.0,49.94,3.0
2015-01-05 14:00:00+00:00,49.98,50.03,48.5,48.76,1134039.0,49.0557,5077.0
2015-01-05 15:00:00+00:00,48.74,48.98,48.58,48.65,1081496.0,48.757,7934.0
2015-01-05 16:00:00+00:00,48.66,48.71,48.24,48.71,1005657.0,48.5229,6488.0
2015-01-05 17:00:00+00:00,48.6999,48.74,48.36,48.51,546165.0,48.5423,3969.0
2015-01-05 18:00:00+00:00,48.53,48.54,48.2262,48.48,722988.0,48.3985,4819.0
2015-01-05 19:00:00+00:00,48.48,48.53,48.09,48.28,1010342.0,48.3273,6309.0
2015-01-05 20:00:00+00:00,48.27,48.38,48.195,48.29,1741774.0,48.3093,11572.0
2015-01-05 21:00:00+00:00,48.3341,48.55,48.27,48.55,16587.0,48.3685,16.0
2015-01-05 23:00:00+00:00,48.49,48.49,48.49,48.49,100.0,48.49,1.0
2015-01-06 13:00:00+00:00,48.22,48.22,48.21,48.21,500.0,48.216,5.0
2015-01-06 14:00:00+00:00,48.22,48.95,48.1,48.12,896541.0,48.5671,5224.0
2015-01-06 15:00:00+00:00,48.1,48.62,47.52,47.58,1185028.0,48.072,8226.0
2015-01-06 16:00:00+00:00,47.585,47.73,47.29,47.5,979558.0,47.5118,6650.0
2015-01-06 17:00:00+00:00,47.5,47.82,47.39,47.7999,1296937.0,47.6007,6251.0
2015-01-06 18:00:00+00:00,47.81,47.85,47.3,47.46,1086411.0,47.5494,7008.0
2015-01-06 19:00:00+00:00,47.46,48.01,47.35,47.8,778009.0,47.6966,5563.0
2015-01-06 20:00:00+00:00,47.8,48.01,47.67,47.68,1840663.0,47.8568,13473.0
2015-01-06 21:00:00+00:00,47.68,47.8586,47.68,47.8586,92742.0,47.6938,29.0
2015-01-06 22:00:00+00:00,47.7,47.7,47.7,47.7,520.0,47.7,4.0
2015-01-07 00:00:00+00:00,47.68,47.68,47.68,47.68,103.0,47.68,1.0
2015-01-07 13:00:00+00:00,48.17,48.17,48.17,48.17,700.0,48.17,1.0
2015-01-07 14:00:00+00:00,48.19,48.95,48.07,48.69,723014.0,48.6155,4312.0
2015-01-07 15:00:00+00:00,48.7,48.73,47.41,47.85,1654578.0,48.0727,10420.0
2015-01-07 16:00:00+00:00,47.86,47.942,47.58,47.6,1081886.0,47.743,7437.0
2015-01-07 17:00:00+00:00,47.61,48.1,47.6,47.86,967611.0,47.8513,6532.0
2015-01-07 18:00:00+00:00,47.86,47.96,47.295,47.3,907133.0,47.6538,4904.0
2015-01-07 19:00:00+00:00,47.31,48.1,47.28,47.58,1082555.0,47.7502,7083.0
2015-01-07 20:00:00+00:00,47.585,47.64,47.16,47.31,1967875.0,47.3234,13419.0
2015-01-07 21:00:00+00:00,47.31,47.8106,47.26,47.26,182653.0,47.7766,19.0
2015-01-07 22:00:00+00:00,47.28,47.28,47.28,47.28,100.0,47.28,1.0
2015-01-07 23:00:00+00:00,47.31,47.31,47.28,47.28,300.0,47.295,2.0
2015-01-08 14:00:00+00:00,47.85,48.89,47.76,48.77,1031292.0,48.4301,5336.0
2015-01-08 15:00:00+00:00,48.76,49.16,48.72,48.88,1067897.0,48.9486,6932.0
2015-01-08 16:00:00+00:00,48.89,49.52,48.8,49.52,869121.0,49.1483,6001.0
2015-01-08 17:00:00+00:00,49.5235,49.76,49.415,49.69,592524.0,49.5885,4176.0
2015-01-08 18:00:00+00:00,49.69,49.85,49.43,49.48,832923.0,49.6843,5680.0
2015-01-08 19:00:00+00:00,49.48,50.05,49.37,49.8468,1337697.0,49.7237,8191.0
2015-01-08 20:00:00+00:00,49.84,50.12,49.73,49.98,2243407.0,49.9654,14533.0
2015-01-08 21:00:00+00:00,50.02,50.02,49.4951,49.4951,11225.0,49.7488,12.0
2015-01-09 00:00:00+00:00,50.02,50.2,50.02,50.2,225.0,50.1,2.0
2015-01-09 14:00:00+00:00,49.99,50.3,49.46,49.5069,771593.0,49.8842,3452.0
2015-01-09 15:00:00+00:00,49.53,49.57,48.8,48.82,1206954.0,49.111,6333.0
2015-01-09 16:00:00+00:00,48.83,49.13,48.37,49.13,1219642.0,48.6725,7163.0
2015-01-09 17:00:00+00:00,49.11,49.35,48.92,48.98,672122.0,49.1203,3915.0
2015-01-09 18:00:00+00:00,48.99,49.02,48.74,48.76,834423.0,48.916,5047.0
2015-01-09 19:00:00+00:00,48.76,48.82,48.55,48.6,1573486.0,48.6822,8270.0
2015-01-09 20:00:00+00:00,48.605,48.85,48.6,48.66,1798568.0,48.7254,11499.0
2015-01-09 21:00:00+00:00,48.65,48.665,48.55,48.55,1177.0,48.6258,7.0
2015-01-09 22:00:00+00:00,48.45,48.45,48.45,48.45,210.0,48.4524,3.0
2015-01-09 23:00:00+00:00,48.65,48.65,48.65,48.65,400.0,48.65,1.0
2015-01-12 11:00:00+00:00,48.06,48.06,48.06,48.06,100.0,48.06,1.0
2015-01-12 13:00:00+00:00,48.57,48.6,48.25,48.25,359.0,48.4436,5.0
2015-01-12 14:00:00+00:00,48.31,48.43,47.18,47.24,1054783.0,47.6207,6111.0
2015-01-12 15:00:00+00:00,47.235,47.66,47.12,47.66,1079254.0,47.2613,7997.0
2015-01-12 16:00:00+00:00,47.66,48.0,47.39,47.63,1366423.0,47.6749,8268.0
2015-01-12 17:00:00+00:00,47.61,47.79,47.2,47.39,486936.0,47.449,3841.0
2015-01-12 18:00:00+00:00,47.39,47.44,47.21,47.35,409764.0,47.3148,3365.0
2015-01-12 19:00:00+00:00,47.35,47.43,47.0,47.23,655886.0,47.203,4694.0
2015-01-12 20:00:00+00:00,47.231,47.49,47.17,47.385,1492691.0,47.3357,10876.0
2015-01-12 21:00:00+00:00,47.37,47.37,47.37,47.37,1694.0,47.37,4.0
2015-01-12 23:00:00+00:00,47.37,47.37,47.37,47.37,1000.0,47.37,1.0
2015-01-13 00:00:00+00:00,47.37,47.37,47.35,47.35,200.0,47.36,2.0
2015-01-13 12:00:00+00:00,47.21,47.21,47.21,47.21,494.0,47.2106,5.0
2015-01-13 13:00:00+00:00,47.21,47.5,47.21,47.5,1761.0,47.4152,10.0
2015-01-13 14:00:00+00:00,47.64,48.53,47.63,47.9,982601.0,48.0212,5515.0
2015-01-13 15:00:00+00:00,47.92,48.03,47.32,47.35,1345463.0,47.7114,9423.0
2015-01-13 16:00:00+00:00,47.358,47.4,46.55,46.56,1827640.0,46.9866,10796.0
2015-01-13 17:00:00+00:00,46.56,46.81,46.29,46.41,849528.0,46.5442,5799.0
2015-01-13 18:00:00+00:00,46.41,46.52,46.01,46.1672,1372057.0,46.2536,8735.0
2015-01-13 19:00:00+00:00,46.17,46.25,45.53,45.82,1633074.0,45.9214,8960.0
2015-01-13 20:00:00+00:00,45.83,46.33,45.7,45.97,2407274.0,45.9935,17672.0
2015-01-13 21:00:00+00:00,45.9645,46.0,45.95,46.0,41050.0,45.9524,19.0
2015-01-13 23:00:00+00:00,46.0,46.05,46.0,46.0,650.0,46.0154,4.0
2015-01-14 00:00:00+00:00,45.87,46.22,45.87,46.2,1557.0,46.143,10.0
2015-01-14 13:00:00+00:00,45.31,45.31,45.3,45.3,750.0,45.3431,10.0
2015-01-14 14:00:00+00:00,45.32,45.54,44.75,44.9672,1463504.0,45.0893,8557.0
2015-01-14 15:00:00+00:00,44.97,45.54,44.64,45.06,2524403.0,45.058,14376.0
2015-01-14 16:00:00+00:00,45.06,45.08,44.12,44.15,1410373.0,44.525,9128.0
2015-01-14 17:00:00+00:00,44.1463,44.25,43.78,43.968,1357284.0,44.0603,9027.0
2015-01-14 18:00:00+00:00,43.965,44.09,43.73,44.02,1208339.0,43.8738,8023.0
2015-01-14 19:00:00+00:00,44.01,45.09,43.98,44.52,1848977.0,44.6043,11724.0
2015-01-14 20:00:00+00:00,44.5177,45.13,44.5,44.88,3010441.0,44.8364,20698.0
2015-01-14 21:00:00+00:00,44.86,44.86,44.86,44.86,33288.0,44.86,12.0
2015-01-14 22:00:00+00:00,45.0,45.0,45.0,45.0,935.0,45.0,4.0
2015-01-15 12:00:00+00:00,44.98,44.98,44.98,44.98,200.0,44.98,2.0
2015-01-15 13:00:00+00:00,44.98,45.49,44.98,45.22,7506.0,45.0576,37.0
2015-01-15 14:00:00+00:00,45.36,45.36,43.45,44.19,1762433.0,44.0812,10316.0
2015-01-15 15:00:00+00:00,44.15,44.87,43.9,44.385,1676886.0,44.4258,11257.0
2015-01-15 16:00:00+00:00,44.385,44.61,44.15,44.43,1134298.0,44.3015,8472.0
2015-01-15 17:00:00+00:00,44.44,44.79,44.42,44.74,840708.0,44.6194,6703.0
2015-01-15 18:00:00+00:00,44.74,44.87,44.18,44.25,1233404.0,44.5213,8773.0
2015-01-15 19:00:00+00:00,44.26,44.5,44.12,44.25,1254495.0,44.3129,8531.0
2015-01-15 20:00:00+00:00,44.25,44.35,44.04,44.07,1801413.0,44.1944,12539.0
2015-01-15 21:00:00+00:00,44.07,44.86,44.07,44.86,5089.0,44.1166,7.0
2015-01-15 23:00:00+00:00,44.0,44.0,44.0,44.0,100.0,44.0,1.0
2015-01-16 13:00:00+00:00,44.4501,44.49,44.4,44.49,1047.0,44.4373,5.0
2015-01-16 14:00:00+00:00,44.47,45.56,44.45,45.15,1361199.0,45.1437,5997.0
2015-01-16 15:00:00+00:00,45.16,45.73,44.78,45.62,1415495.0,45.1833,8721.0
2015-01-16 16:00:00+00:00,45.62,45.66,45.1377,45.2199,1253446.0,45.3536,7149.0
2015-01-16 17:00:00+00:00,45.21,45.27,44.955,44.99,948333.0,45.0522,6619.0
2015-01-16 18:00:00+00:00,44.99,45.3,44.92,45.24,855448.0,45.0818,5316.0
2015-01-16 19:00:00+00:00,45.24,45.28,44.93,45.19,769875.0,45.1158,5257.0
2015-01-16 20:00:00+00:00,45.195,45.47,45.11,45.38,2581774.0,45.3157,15128.0
2015-01-16 21:00:00+00:00,45.4,45.4,45.39,45.39,10101.0,45.396,11.0
2015-01-16 23:00:00+00:00,45.3,45.37,45.3,45.37,200.0,45.335,2.0
2015-01-17 00:00:00+00:00,45.37,45.37,45.37,45.37,100.0,45.37,1.0
2015-01-20 13:00:00+00:00,45.52,45.98,45.0,45.53,1090.0,45.4357,11.0
2015-01-20 14:00:00+00:00,45.2,45.71,44.92,45.6976,903433.0,45.336,5631.0
2015-01-20 15:00:00+00:00,45.69,46.361,45.5075,46.22,1615040.0,45.9765,9876.0
2015-01-20 16:00:00+00:00,46.22,46.48,45.97,45.971,884426.0,46.2774,6425.0
2015-01-20 17:00:00+00:00,45.96,46.04,45.77,45.86,669562.0,45.8934,4509.0
2015-01-20 18:00:00+00:00,45.87,46.16,45.82,46.03,629274.0,45.9759,4992.0
2015-01-20 19:00:00+00:00,46.02,46.28,46.015,46.28,550399.0,46.1253,4586.0
2015-01-20 20:00:00+00:00,46.28,46.53,46.18,46.5,1938692.0,46.3678,12163.0
2015-01-20 21:00:00+00:00,46.4366,46.55,46.4366,46.51,182984.0,46.5092,18.0
2015-01-20 23:00:00+00:00,46.51,46.51,46.51,46.51,300.0,46.51,2.0
2015-01-21 00:00:00+00:00,46.55,46.55,46.51,46.51,450.0,46.5278,2.0
2015-01-21 14:00:00+00:00,46.72,47.22,46.31,47.17,676274.0,46.8137,3096.0
2015-01-21 15:00:00+00:00,47.16,47.36,46.93,47.21,1561511.0,47.1327,9932.0
2015-01-21 16:00:00+00:00,47.22,47.245,46.82,46.94,757652.0,47.0188,5283.0
2015-01-21 17:00:00+00:00,46.94,47.13,46.74,46.92,706141.0,46.9343,4879.0
2015-01-21 18:00:00+00:00,46.91,47.27,46.8,46.84,730789.0,47.037,5285.0
2015-01-21 19:00:00+00:00,46.84,47.155,46.74,47.08,836019.0,46.9538,5393.0
2015-01-21 20:00:00+00:00,47.08,47.26,47.0042,47.18,1321895.0,47.1643,9414.0
2015-01-21 21:00:00+00:00,47.19,47.2,47.19,47.2,15974.0,47.1901,8.0
2015-01-21 23:00:00+00:00,47.2,47.24,47.2,47.2,500.0,47.208,3.0
2015-01-22 00:00:00+00:00,47.2,47.2,47.2,47.2,500.0,47.2,1.0
2015-01-22 12:00:00+00:00,47.54,47.54,47.54,47.54,400.0,47.54,2.0
2015-01-22 13:00:00+00:00,47.33,47.64,47.33,47.34,11300.0,47.3442,22.0
2015-01-22 14:00:00+00:00,47.59,48.55,47.26,47.279,766887.0,47.6612,4137.0
2015-01-22 15:00:00+00:00,47.26,47.55,47.2,47.33,1156128.0,47.4147,8112.0
2015-01-22 16:00:00+00:00,47.32,47.32,46.86,47.175,1412571.0,47.1412,8872.0
2015-01-22 17:00:00+00:00,47.175,47.51,47.02,47.31,871064.0,47.2761,6197.0
2015-01-22 18:00:00+00:00,47.32,47.74,47.25,47.73,1188606.0,47.4401,6100.0
2015-01-22 19:00:00+00:00,47.73,48.08,47.64,48.02,1273203.0,47.7885,7225.0
2015-01-22 20:00:00+00:00,48.03,48.16,47.97,48.01,1879928.0,48.0539,11877.0
2015-01-22 21:00:00+00:00,47.518,48.0,47.518,48.0,117481.0,47.5745,10.0
2015-01-22 23:00:00+00:00,47.81,47.81,47.81,47.81,100.0,47.81,1.0
2015-01-23 13:00:00+00:00,48.0,48.0,48.0,48.0,300.0,48.0,1.0
2015-01-23 14:00:00+00:00,47.8,48.729,47.74,48.729,661446.0,48.2689,4093.0
2015-01-23 15:00:00+00:00,48.75,49.11,48.51,48.98,1199138.0,48.8369,7877.0
2015-01-23 16:00:00+00:00,48.98,49.105,48.74,49.09,1194457.0,48.9584,5626.0
2015-01-23 17:00:00+00:00,49.08,49.355,48.98,49.01,794647.0,49.1925,5545.0
2015-01-23 18:00:00+00:00,49.01,49.8,48.88,49.68,1617818.0,49.4153,10222.0
2015-01-23 19:00:00+00:00,49.681,50.9,49.65,50.4065,2915380.0,50.3986,16470.0
2015-01-23 20:00:00+00:00,50.4,50.56,50.14,50.16,2754904.0,50.3318,17964.0
2015-01-23 21:00:00+00:00,50.16,50.16,50.0,50.0,44714.0,50.152,27.0
2015-01-23 22:00:00+00:00,50.14,50.15,50.14,50.15,1200.0,50.1474,7.0
2015-01-26 13:00:00+00:00,50.2,50.2,49.25,50.0,13821.0,49.9425,70.0
2015-01-26 14:00:00+00:00,49.99,51.08,49.99,50.97,1061944.0,50.5308,5754.0
2015-01-26 15:00:00+00:00,50.97,51.2,50.7,51.0152,1261066.0,50.9664,8758.0
2015-01-26 16:00:00+00:00,51.02,51.24,50.6,51.22,934429.0,50.9033,5999.0
2015-01-26 17:00:00+00:00,51.22,51.63,51.17,51.53,925168.0,51.4354,6544.0
2015-01-26 18:00:00+00:00,51.54,51.71,51.36,51.69,832703.0,51.586,5799.0
2015-01-26 19:00:00+00:00,51.68,51.69,51.2842,51.295,822822.0,51.4091,5322.0
2015-01-26 20:00:00+00:00,51.295,51.3,51.09,51.2,1834173.0,51.1928,11223.0
2015-01-26 21:00:00+00:00,51.19,51.26,51.15,51.26,16972.0,51.1933,14.0
2015-01-27 13:00:00+00:00,50.75,50.75,50.75,50.75,303.0,50.75,3.0
2015-01-27 14:00:00+00:00,50.7,51.6,50.7,50.9709,694958.0,51.1301,3846.0
2015-01-27 15:00:00+00:00,50.98,51.4299,50.54,50.55,1119826.0,50.9402,8465.0
2015-01-27 16:00:00+00:00,50.556,51.36,50.5,51.13,841629.0,51.0097,6080.0
2015-01-27 17:00:00+00:00,51.13,51.14,50.78,50.86,511517.0,50.9648,3882.0
2015-01-27 18:00:00+00:00,50.86,50.98,50.64,50.691,712131.0,50.8044,5513.0
2015-01-27 19:00:00+00:00,50.68,51.11,50.6698,50.93,831227.0,51.001,6512.0
2015-01-27 20:00:00+00:00,50.94,51.36,50.9364,51.22,1558834.0,51.2378,11659.0
2015-01-27 21:00:00+00:00,51.23,51.37,50.49,51.37,18029.0,51.198,34.0
2015-01-28 00:00:00+00:00,51.5,51.5,51.43,51.5,1660.0,51.4926,12.0
2015-01-28 13:00:00+00:00,51.65,51.65,51.35,51.35,6607.0,51.3557,7.0
2015-01-28 14:00:00+00:00,51.49,51.99,51.1,51.55,1247512.0,51.5929,8201.0
2015-01-28 15:00:00+00:00,51.58,52.27,51.49,51.88,2414403.0,51.887,16194.0
2015-01-28 16:00:00+00:00,51.88,52.15,51.63,51.69,1038632.0,51.8744,7593.0
2015-01-28 17:00:00+00:00,51.69,52.03,51.54,51.895,721618.0,51.7886,5129.0
2015-01-28 18:00:00+00:00,51.89,52.2,51.62,52.16,848818.0,51.869,6061.0
2015-01-28 19:00:00+00:00,52.16,52.31,51.85,52.23,1502482.0,52.1387,10045.0
2015-01-28 20:00:00+00:00,52.23,52.2363,51.4,51.52,2506834.0,51.7135,16416.0
2015-01-28 21:00:00+00:00,51.51,51.53,51.51,51.53,29597.0,51.6972,16.0
2015-01-28 22:00:00+00:00,51.5,51.5,51.22,51.22,1100.0,51.3218,8.0
2015-01-28 23:00:00+00:00,51.45,51.5,51.45,51.5,670.0,51.4776,2.0
2015-01-29 00:00:00+00:00,51.25,51.25,51.25,51.25,100.0,51.25,1.0
2015-01-29 12:00:00+00:00,53.1,53.1,52.86,52.86,725.0,53.0366,7.0
2015-01-29 13:00:00+00:00,52.51,53.04,52.25,53.0399,13847.0,52.7199,72.0
2015-01-29 14:00:00+00:00,53.05,53.25,51.92,52.71,2285673.0,52.6754,12136.0
2015-01-29 15:00:00+00:00,52.7,52.83,51.65,51.75,1985955.0,52.1677,14161.0
2015-01-29 16:00:00+00:00,51.745,52.145,51.18,52.095,1819442.0,51.7348,11459.0
2015-01-29 17:00:00+00:00,52.105,52.4,51.605,51.77,1191414.0,52.113,7747.0
2015-01-29 18:00:00+00:00,51.77,52.25,51.48,52.195,853990.0,51.8601,6272.0
2015-01-29 19:00:00+00:00,52.2,52.24,51.59,51.695,756210.0,51.8541,6277.0
2015-01-29 20:00:00+00:00,51.69,52.26,51.61,52.07,1952428.0,52.0167,14582.0
2015-01-29 21:00:00+00:00,52.08,52.62,52.06,52.62,12361.0,52.0886,18.0
2015-01-30 13:00:00+00:00,51.9,51.9,51.8,51.8,1000.0,51.85,6.0
2015-01-30 14:00:00+00:00,51.8,52.67,51.5,52.625,716912.0,52.1801,4455.0
2015-01-30 15:00:00+00:00,52.64,52.68,51.95,52.17,1061125.0,52.3798,8340.0
2015-01-30 16:00:00+00:00,52.16,52.28,51.7496,52.13,895612.0,52.0713,7247.0
2015-01-30 17:00:00+00:00,52.14,52.61,52.12,52.54,808582.0,52.4421,6304.0
2015-01-30 18:00:00+00:00,52.53,53.5,52.53,53.4703,1530350.0,52.9921,10335.0
2015-01-30 19:00:00+00:00,53.4775,53.9,53.17,53.18,1761207.0,53.5891,12144.0
2015-01-30 20:00:00+00:00,53.2,53.38,52.72,52.86,2519019.0,53.0541,18238.0
2015-01-30 21:00:00+00:00,52.88,52.884,52.8,52.88,174754.0,52.8795,30.0
2015-01-30 22:00:00+00:00,52.74,52.74,52.74,52.74,800.0,52.74,5.0
2015-01-30 23:00:00+00:00,52.88,52.88,52.88,52.88,400.0,52.88,2.0
2015-01-31 00:00:00+00:00,52.87,52.87,52.87,52.87,500.0,52.87,3.0
2015-02-02 11:00:00+00:00,53.0,53.0,53.0,53.0,300.0,53.0,1.0
2015-02-02 12:00:00+00:00,52.65,52.65,52.65,52.65,201.0,52.65,2.0
2015-02-02 13:00:00+00:00,54.0,54.0,54.0,54.0,398.0,53.3458,3.0
2015-02-02 14:00:00+00:00,53.66,54.16,53.13,53.328,1367296.0,53.5778,7976.0
2015-02-02 15:00:00+00:00,53.32,53.65,52.92,53.07,1553065.0,53.2459,13006.0
2015-02-02 16:00:00+00:00,53.09,54.33,53.08,54.23,1326686.0,53.7185,10311.0
2015-02-02 17:00:00+00:00,54.23,54.29,53.87,53.91,1178439.0,54.1127,9734.0
2015-02-02 18:00:00+00:00,53.92,53.97,53.34,53.46,918526.0,53.6217,6787.0
2015-02-02 19:00:00+00:00,53.47,53.84,53.2752,53.68,880857.0,53.5854,6392.0
2015-02-02 20:00:00+00:00,53.69,54.44,53.68,54.42,2200905.0,54.204,15517.0
2015-02-02 21:00:00+00:00,53.6513,54.45,53.6513,54.44,147411.0,53.8942,19.0
2015-02-02 23:00:00+00:00,54.44,54.44,54.3,54.3,8481.0,54.4309,4.0
2015-02-03 00:00:00+00:00,54.48,54.48,54.48,54.48,707.0,54.48,3.0
2015-02-03 13:00:00+00:00,54.5,55.0,54.5,54.9,1225.0,54.7818,8.0
2015-02-03 14:00:00+00:00,54.66,54.871,54.22,54.34,1180448.0,54.6154,7387.0
2015-02-03 15:00:00+00:00,54.31,54.68,53.8,53.82,1889186.0,54.3159,12984.0
2015-02-03 16:00:00+00:00,53.82,53.92,53.505,53.61,1425830.0,53.7151,9531.0
2015-02-03 17:00:00+00:00,53.61,54.01,53.505,53.91,1066226.0,53.7516,7728.0
2015-02-03 18:00:00+00:00,53.92,54.43,53.88,54.25,1032025.0,54.19,6299.0
2015-02-03 19:00:00+00:00,54.26,54.33,53.99,54.19,1515656.0,54.1611,8810.0
2015-02-03 20:00:00+00:00,54.19,54.41,53.97,54.37,2026633.0,54.2627,11989.0
2015-02-03 21:00:00+00:00,54.38,54.38,54.19,54.19,46546.0,54.3482,12.0
2015-02-04 13:00:00+00:00,53.76,54.1,53.76,54.0,300.0,53.9533,3.0
2015-02-04 14:00:00+00:00,54.05,54.5,53.63,54.17,994729.0,53.9582,6657.0
2015-02-04 15:00:00+00:00,54.15,54.48,53.42,54.17,1422839.0,54.0615,9811.0
2015-02-04 16:00:00+00:00,54.17,54.17,53.74,53.99,645477.0,53.9527,4915.0
2015-02-04 17:00:00+00:00,54.0,54.29,53.78,54.02,482107.0,54.0333,4047.0
2015-02-04 18:00:00+00:00,54.035,54.33,53.87,54.0,644289.0,54.1352,4691.0
2015-02-04 19:00:00+00:00,54.0,54.49,53.7,54.42,736513.0,54.1368,5461.0
2015-02-04 20:00:00+00:00,54.43,54.7,54.01,54.28,1936077.0,54.3524,12803.0
2015-02-04 21:00:00+00:00,54.29,54.2999,54.29,54.2999,183853.0,54.2906,17.0
2015-02-05 00:00:00+00:00,54.13,54.13,54.13,54.13,500.0,54.13,1.0
2015-02-05 14:00:00+00:00,54.66,54.85,54.0699,54.08,740561.0,54.4932,4553.0
2015-02-05 15:00:00+00:00,54.08,54.7,54.01,54.698,1258336.0,54.4071,9443.0
2015-02-05 16:00:00+00:00,54.69,54.92,54.49,54.81,838601.0,54.7059,5706.0
2015-02-05 17:00:00+00:00,54.81,54.95,54.58,54.64,558814.0,54.801,4440.0
2015-02-05 18:00:00+00:00,54.66,54.935,54.595,54.85,539433.0,54.8391,4198.0
2015-02-05 19:00:00+00:00,54.84,54.99,54.69,54.92,784142.0,54.8804,5855.0
2015-02-05 20:00:00+00:00,54.92,55.22,54.9,55.02,1639315.0,55.0568,10338.0
2015-02-05 21:00:00+00:00,55.01,55.16,55.01,55.07,24607.0,55.0127,24.0
2015-02-05 23:00:00+00:00,55.04,55.04,55.04,55.04,322.0,55.0324,3.0
2015-02-06 00:00:00+00:00,55.04,55.04,55.01,55.01,539.0,55.0233,2.0
2015-02-06 12:00:00+00:00,55.24,55.24,55.24,55.24,200.0,55.24,1.0
2015-02-06 13:00:00+00:00,55.23,55.3,55.23,55.23,1100.0,55.2755,6.0
2015-02-06 14:00:00+00:00,55.02,55.4,54.71,55.15,736560.0,55.103,4075.0
2015-02-06 15:00:00+00:00,55.16,55.46,54.62,54.65,1446867.0,55.1263,9200.0
2015-02-06 16:00:00+00:00,54.66,54.9,54.4,54.85,922809.0,54.6539,6570.0
2015-02-06 17:00:00+00:00,54.85,54.97,54.66,54.67,762886.0,54.8289,5860.0
2015-02-06 18:00:00+00:00,54.68,54.885,54.4,54.64,859305.0,54.5793,6106.0
2015-02-06 19:00:00+00:00,54.64,54.94,54.465,54.85,788465.0,54.7223,5811.0
2015-02-06 20:00:00+00:00,54.845,54.86,54.57,54.85,1843719.0,54.7531,12585.0
2015-02-06 21:00:00+00:00,54.86,54.86,54.86,54.86,10582.0,54.86,7.0
2015-02-06 22:00:00+00:00,54.86,55.0,54.86,55.0,1200.0,54.9767,3.0
2015-02-07 00:00:00+00:00,54.84,54.84,54.84,54.84,400.0,54.84,1.0
2015-02-09 14:00:00+00:00,54.59,54.81,54.36,54.4999,740757.0,54.5898,4720.0
2015-02-09 15:00:00+00:00,54.5,54.668,54.0,54.32,836358.0,54.4075,5798.0
2015-02-09 16:00:00+00:00,54.32,54.41,54.01,54.36,718979.0,54.1834,5347.0
2015-02-09 17:00:00+00:00,54.36,54.79,54.345,54.53,507965.0,54.5121,3940.0
2015-02-09 18:00:00+00:00,54.54,54.83,54.53,54.7,523769.0,54.6921,3727.0
2015-02-09 19:00:00+00:00,54.71,54.745,54.39,54.405,489770.0,54.5607,3813.0
2015-02-09 20:00:00+00:00,54.405,54.52,54.18,54.45,914647.0,54.3621,7731.0
2015-02-09 21:00:00+00:00,54.45,54.45,54.45,54.45,59240.0,54.4392,7.0
2015-02-09 22:00:00+00:00,54.32,54.32,54.32,54.32,100.0,54.32,1.0
2015-02-10 00:00:00+00:00,54.6,54.6,54.5,54.5,700.0,54.5712,3.0
2015-02-10 13:00:00+00:00,54.41,54.41,54.4,54.4,1470.0,54.4066,4.0
2015-02-10 14:00:00+00:00,54.4,54.85,54.11,54.1403,726679.0,54.5356,4874.0
2015-02-10 15:00:00+00:00,54.16,54.74,54.1403,54.55,959169.0,54.5303,6247.0
2015-02-10 16:00:00+00:00,54.56,54.84,54.3301,54.785,635814.0,54.5828,4565.0
2015-02-10 17:00:00+00:00,54.78,54.965,54.56,54.88,658162.0,54.7774,4267.0
2015-02-10 18:00:00+00:00,54.8801,55.02,54.61,54.7,843698.0,54.8112,5091.0
2015-02-10 19:00:00+00:00,54.7,55.365,54.695,55.365,1312403.0,55.0191,7491.0
2015-02-10 20:00:00+00:00,55.36,55.54,55.18,55.51,1932790.0,55.4162,12563.0
2015-02-10 21:00:00+00:00,55.52,55.54,54.4432,55.54,136060.0,54.9254,33.0
2015-02-10 22:00:00+00:00,55.54,55.64,55.54,55.64,300.0,55.6067,2.0
2015-02-10 23:00:00+00:00,55.6,55.6,55.55,55.55,200.0,55.575,2.0
2015-02-11 12:00:00+00:00,55.48,55.48,55.48,55.48,100.0,55.48,1.0
2015-02-11 13:00:00+00:00,55.12,55.17,55.12,55.17,1501.0,55.1367,4.0
2015-02-11 14:00:00+00:00,55.17,55.74,55.17,55.6,775854.0,55.4853,4285.0
2015-02-11 15:00:00+00:00,55.61,55.99,55.52,55.725,1284116.0,55.6995,8428.0
2015-02-11 16:00:00+00:00,55.7354,55.91,55.5,55.5,1024902.0,55.7209,6457.0
2015-02-11 17:00:00+00:00,55.5,55.5699,55.12,55.19,876372.0,55.306,6073.0
2015-02-11 18:00:00+00:00,55.19,55.34,54.9,55.305,709985.0,55.1285,5561.0
2015-02-11 19:00:00+00:00,55.305,55.405,55.18,55.34,614757.0,55.308,5074.0
2015-02-11 20:00:00+00:00,55.35,55.607,55.28,55.34,1119040.0,55.4036,9109.0
2015-02-11 21:00:00+00:00,55.36,55.47,55.01,55.42,11073.0,55.3356,26.0
2015-02-11 23:00:00+00:00,55.36,55.36,55.36,55.36,200.0,55.36,1.0
2015-02-12 12:00:00+00:00,55.2,55.2,55.2,55.2,1500.0,55.2,6.0
2015-02-12 13:00:00+00:00,55.2,55.35,55.0,55.1,6550.0,55.1771,18.0
2015-02-12 14:00:00+00:00,55.35,55.96,55.28,55.89,832831.0,55.6862,5189.0
2015-02-12 15:00:00+00:00,55.89,56.035,55.66,55.96,1040845.0,55.923,8406.0
2015-02-12 16:00:00+00:00,55.955,56.52,55.93,56.28,974832.0,56.2674,7053.0
2015-02-12 17:00:00+00:00,56.28,56.52,56.061,56.201,868973.0,56.2984,6069.0
2015-02-12 18:00:00+00:00,56.21,56.49,55.97,56.47,1306950.0,56.2225,6397.0
2015-02-12 19:00:00+00:00,56.47,57.07,56.45,57.01,1652373.0,56.8369,10316.0
2015-02-12 20:00:00+00:00,57.0,57.01,56.55,56.56,2357591.0,56.7279,15211.0
2015-02-12 21:00:00+00:00,56.55,56.55,56.55,56.55,14037.0,56.55,7.0
2015-02-12 22:00:00+00:00,56.74,56.75,56.6,56.6,1120.0,56.6974,8.0
2015-02-12 23:00:00+00:00,56.59,56.69,56.59,56.64,405.0,56.6283,4.0
2015-02-13 00:00:00+00:00,56.65,56.69,56.65,56.65,700.0,56.6614,6.0
2015-02-13 13:00:00+00:00,57.25,57.6,57.25,57.6,3734.0,57.4239,17.0
2015-02-13 14:00:00+00:00,57.5,58.08,57.39,58.07,1347881.0,57.7915,7352.0
2015-02-13 15:00:00+00:00,58.05,58.79,57.86,58.62,2041610.0,58.3581,13138.0
2015-02-13 16:00:00+00:00,58.62,58.97,58.0,58.16,2700993.0,58.5724,10827.0
2015-02-13 17:00:00+00:00,58.16,58.165,57.78,58.01,1082296.0,57.9277,7380.0
2015-02-13 18:00:00+00:00,58.02,58.25,57.85,57.92,938786.0,58.0099,6580.0
2015-02-13 19:00:00+00:00,57.91,58.445,57.88,58.43,1019342.0,58.2,6479.0
2015-02-13 20:00:00+00:00,58.425,58.65,58.35,58.6,2035965.0,58.4706,13000.0
2015-02-13 21:00:00+00:00,58.6,58.61,58.56,58.61,31002.0,58.5964,27.0
2015-02-13 22:00:00+00:00,58.6,58.65,58.6,58.65,400.0,58.6375,3.0
2015-02-17 13:00:00+00:00,58.87,58.87,58.87,58.87,416.0,58.87,3.0
2015-02-17 14:00:00+00:00,58.6,58.96,58.17,58.9375,723485.0,58.5571,4348.0
2015-02-17 15:00:00+00:00,58.93,59.38,58.72,59.21,1671112.0,59.1682,9190.0
2015-02-17 16:00:00+00:00,59.215,59.215,58.68,59.11,914624.0,58.9209,6908.0
2015-02-17 17:00:00+00:00,59.1,59.105,58.65,58.791,600477.0,58.807,4954.0
2015-02-17 18:00:00+00:00,58.79,58.875,58.68,58.81,745748.0,58.8134,5179.0
2015-02-17 19:00:00+00:00,58.81,59.15,58.68,58.93,969988.0,58.8829,6889.0
2015-02-17 20:00:00+00:00,58.93,59.04,58.55,58.7,1629896.0,58.7988,11660.0
2015-02-17 21:00:00+00:00,58.73,58.9084,58.73,58.9084,17512.0,58.731,14.0
2015-02-17 23:00:00+00:00,58.73,58.73,58.73,58.73,100.0,58.73,1.0
2015-02-18 13:00:00+00:00,59.3,59.68,59.3,59.68,1300.0,59.5316,14.0
2015-02-18 14:00:00+00:00,59.68,59.68,58.482,58.66,797182.0,58.853,3897.0
2015-02-18 15:00:00+00:00,58.65,59.21,58.63,59.111,844166.0,58.9119,6449.0
2015-02-18 16:00:00+00:00,59.11,59.15,58.56,58.68,931215.0,58.8625,5574.0
2015-02-18 17:00:00+00:00,58.7,58.872,58.5,58.52,572980.0,58.7114,4587.0
2015-02-18 18:00:00+00:00,58.51,59.24,58.51,59.01,914718.0,58.9825,5848.0
2015-02-18 19:00:00+00:00,59.01,59.43,58.85,59.0,1008502.0,59.032,5018.0
2015-02-18 20:00:00+00:00,59.0,59.27,59.0,59.27,1241039.0,59.1662,9509.0
2015-02-18 21:00:00+00:00,59.27,59.3,58.74,59.11,13777.0,59.2459,24.0
2015-02-18 22:00:00+00:00,59.249,59.29,59.15,59.15,12508.0,59.2679,23.0
2015-02-19 10:00:00+00:00,59.2,59.2,59.2,59.2,100.0,59.2,1.0
2015-02-19 11:00:00+00:00,59.2,59.2,59.2,59.2,500.0,59.2,1.0
2015-02-19 13:00:00+00:00,59.28,59.28,59.25,59.25,1505.0,59.254,11.0
2015-02-19 14:00:00+00:00,59.02,60.61,58.99,60.3,1401977.0,59.9219,7412.0
2015-02-19 15:00:00+00:00,60.284,60.68,59.99,60.025,1595771.0,60.2566,10246.0
2015-02-19 16:00:00+00:00,60.03,60.54,60.0,60.33,825701.0,60.2567,6181.0
2015-02-19 17:00:00+00:00,60.335,60.42,59.96,60.36,686071.0,60.1758,5013.0
2015-02-19 18:00:00+00:00,60.36,60.55,60.166,60.48,631408.0,60.3902,4849.0
2015-02-19 19:00:00+00:00,60.49,60.58,60.235,60.36,600766.0,60.412,4567.0
2015-02-19 20:00:00+00:00,60.36,60.408,60.13,60.18,1343716.0,60.2435,9762.0
2015-02-19 21:00:00+00:00,60.18,60.2625,60.18,60.2625,6370.0,60.1813,8.0
2015-02-19 23:00:00+00:00,60.25,60.25,60.25,60.25,500.0,60.25,2.0
2015-02-20 12:00:00+00:00,60.4,60.4,60.4,60.4,100.0,60.4,1.0
2015-02-20 13:00:00+00:00,60.43,60.43,60.2,60.2,560.0,60.3695,6.0
2015-02-20 14:00:00+00:00,60.3,60.55,59.7597,59.91,855995.0,60.0758,4280.0
2015-02-20 15:00:00+00:00,59.9,59.94,59.48,59.71,810292.0,59.7029,6185.0
2015-02-20 16:00:00+00:00,59.71,60.3498,59.69,60.32,789108.0,60.0198,4964.0
2015-02-20 17:00:00+00:00,60.34,60.53,59.97,60.0,836549.0,60.3324,6071.0
2015-02-20 18:00:00+00:00,60.02,60.4219,59.96,60.41,442001.0,60.2155,3497.0
2015-02-20 19:00:00+00:00,60.42,60.5,60.24,60.33,590244.0,60.3658,4548.0
2015-02-20 20:00:00+00:00,60.33,60.75,60.2,60.71,2041413.0,60.5073,12485.0
2015-02-20 21:00:00+00:00,60.59,60.72,60.2213,60.53,43949.0,60.333,23.0
2015-02-20 22:00:00+00:00,60.65,60.65,60.65,60.65,500.0,60.65,3.0
2015-02-23 13:00:00+00:00,60.32,60.32,60.26,60.32,2450.0,60.2894,12.0
2015-02-23 14:00:00+00:00,60.28,61.87,60.28,61.82,1061675.0,61.3097,5947.0
2015-02-23 15:00:00+00:00,61.77,62.2,61.66,61.95,1694229.0,61.953,11591.0
2015-02-23 16:00:00+00:00,61.95,62.5,61.855,62.188,1217531.0,62.2294,8212.0
2015-02-23 17:00:00+00:00,62.18,62.25,61.96,62.23,1033445.0,62.1302,6134.0
2015-02-23 18:00:00+00:00,62.22,62.91,62.18,62.69,1200236.0,62.5816,8165.0
2015-02-23 19:00:00+00:00,62.6901,62.76,62.21,62.25,1018847.0,62.5463,6669.0
2015-02-23 20:00:00+00:00,62.25,62.51,62.23,62.47,1900332.0,62.4034,12947.0
2015-02-23 21:00:00+00:00,62.5,62.5,62.2359,62.41,270349.0,62.4996,31.0
2015-02-23 23:00:00+00:00,62.5,62.6,62.5,62.6,775.0,62.5486,4.0
2015-02-24 14:00:00+00:00,62.5,62.64,61.62,61.66,636426.0,62.1094,3397.0
2015-02-24 15:00:00+00:00,61.655,61.768,61.02,61.13,1360392.0,61.3576,9241.0
2015-02-24 16:00:00+00:00,61.14,61.51,61.08,61.33,710742.0,61.2754,5422.0
2015-02-24 17:00:00+00:00,61.32,61.46,61.1,61.21,649444.0,61.2977,4824.0
2015-02-24 18:00:00+00:00,61.21,61.5,61.16,61.23,539725.0,61.3551,3967.0
2015-02-24 19:00:00+00:00,61.22,61.39,60.92,61.39,821447.0,61.1135,5369.0
2015-02-24 20:00:00+00:00,61.38,61.64,61.34,61.6,1268053.0,61.5308,8945.0
2015-02-24 21:00:00+00:00,61.6,61.67,61.4,61.67,81670.0,61.439,22.0
2015-02-24 22:00:00+00:00,61.6,61.6,61.6,61.6,550.0,61.6,4.0
2015-02-25 00:00:00+00:00,61.51,61.51,61.51,61.51,100.0,61.51,1.0
2015-02-25 12:00:00+00:00,62.0,62.02,61.7,61.7,500.0,61.8845,5.0
2015-02-25 13:00:00+00:00,61.6,61.6,61.6,61.6,110.0,61.6045,3.0
2015-02-25 14:00:00+00:00,61.06,61.6703,60.87,61.06,781586.0,61.1963,4822.0
2015-02-25 15:00:00+00:00,61.07,61.24,60.8,60.96,916907.0,61.001,6742.0
2015-02-25 16:00:00+00:00,60.95,61.3773,60.94,61.359,784636.0,61.1379,5527.0
2015-02-25 17:00:00+00:00,61.36,61.48,61.16,61.31,523682.0,61.3109,3916.0
2015-02-25 18:00:00+00:00,61.32,61.35,61.07,61.24,521437.0,61.1869,4271.0
2015-02-25 19:00:00+00:00,61.23,61.48,61.0701,61.16,652726.0,61.211,4746.0
2015-02-25 20:00:00+00:00,61.16,61.41,61.08,61.265,988253.0,61.2636,7641.0
2015-02-25 21:00:00+00:00,61.27,61.32,61.27,61.32,28162.0,61.2703,11.0
2015-02-26 00:00:00+00:00,61.47,61.47,61.47,61.47,150.0,61.47,2.0
2015-02-26 14:00:00+00:00,61.49,62.2,61.35,61.57,761947.0,61.7854,4267.0
2015-02-26 15:00:00+00:00,61.57,62.43,61.56,62.4,990245.0,61.9912,7578.0
2015-02-26 16:00:00+00:00,62.4,62.6,61.87,62.47,1045627.0,62.282,6887.0
2015-02-26 17:00:00+00:00,62.46,62.8,62.26,62.61,597999.0,62.5248,4297.0
2015-02-26 18:00:00+00:00,62.63,62.635,62.1,62.14,827355.0,62.263,5117.0
2015-02-26 19:00:00+00:00,62.13,62.21,61.7,61.755,897524.0,61.8387,6105.0
2015-02-26 20:00:00+00:00,61.754,62.05,61.7,61.98,1483663.0,61.8792,10446.0
2015-02-26 21:00:00+00:00,61.97,62.645,61.97,62.02,36400.0,61.9924,30.0
2015-02-27 00:00:00+00:00,62.14,62.15,62.14,62.15,1402.0,62.1473,12.0
2015-02-27 13:00:00+00:00,61.97,61.97,61.97,61.97,110.0,61.97,2.0
2015-02-27 14:00:00+00:00,61.62,62.74,61.62,62.5,702368.0,62.4109,2914.0
2015-02-27 15:00:00+00:00,62.485,62.73,62.4,62.58,1221402.0,62.5621,6496.0
2015-02-27 16:00:00+00:00,62.56,62.56,62.09,62.17,1229992.0,62.24,6492.0
2015-02-27 17:00:00+00:00,62.17,62.57,62.13,62.54,599080.0,62.2928,4131.0
2015-02-27 18:00:00+00:00,62.54,62.58,61.88,61.96,852713.0,62.2019,4968.0
2015-02-27 19:00:00+00:00,61.97,61.99,61.67,61.725,766239.0,61.7533,5003.0
2015-02-27 20:00:00+00:00,61.72,61.88,61.54,61.7,1495521.0,61.7404,9568.0
2015-02-27 21:00:00+00:00,61.69,61.69,61.69,61.69,408194.0,61.69,28.0
2015-03-02 13:00:00+00:00,59.0,61.69,59.0,61.01,4514.0,61.3392,7.0
2015-03-02 14:00:00+00:00,61.16,61.22,59.03,59.32,2693547.0,59.8283,15786.0
2015-03-02 15:00:00+00:00,59.33,59.94,59.315,59.49,2197480.0,59.5606,14407.0
2015-03-02 16:00:00+00:00,59.49,59.71,59.18,59.59,1262781.0,59.459,8210.0
2015-03-02 17:00:00+00:00,59.59,59.75,58.88,59.32,1026402.0,59.3059,5851.0
2015-03-02 18:00:00+00:00,59.32,59.44,58.52,58.64,1324840.0,58.9478,7745.0
2015-03-02 19:00:00+00:00,58.65,58.74,58.2,58.3,1602150.0,58.4518,9820.0
2015-03-02 20:00:00+00:00,58.295,58.93,58.22,58.68,2478856.0,58.656,16947.0
2015-03-02 21:00:00+00:00,58.67,58.89,58.67,58.79,25308.0,58.6789,21.0
2015-03-02 22:00:00+00:00,58.86,58.9,58.86,58.9,3200.0,58.8964,13.0
2015-03-02 23:00:00+00:00,58.82,58.82,58.82,58.82,100.0,58.82,1.0
2015-03-03 00:00:00+00:00,58.71,58.92,58.7,58.92,1085.0,58.7768,13.0
2015-03-03 13:00:00+00:00,58.72,58.72,58.7,58.7,1270.0,58.709,4.0
2015-03-03 14:00:00+00:00,58.62,59.89,58.61,59.77,1040033.0,59.4842,5893.0
2015-03-03 15:00:00+00:00,59.8,60.05,59.58,59.68,971762.0,59.8136,6359.0
2015-03-03 16:00:00+00:00,59.68,59.83,59.48,59.65,573595.0,59.672,4271.0
2015-03-03 17:00:00+00:00,59.65,59.9,59.57,59.86,485121.0,59.729,4054.0
2015-03-03 18:00:00+00:00,59.86,59.94,59.67,59.7367,529208.0,59.7942,3771.0
2015-03-03 19:00:00+00:00,59.73,60.06,59.63,60.04,672313.0,59.9069,4915.0
2015-03-03 20:00:00+00:00,60.04,60.19,59.98,60.08,1411133.0,60.0748,9757.0
2015-03-03 21:00:00+00:00,60.08,60.11,59.9257,60.0,11960.0,59.995,31.0
2015-03-03 22:00:00+00:00,60.0,60.0,60.0,60.0,800.0,60.0,5.0
2015-03-03 23:00:00+00:00,59.95,60.08,59.95,60.08,600.0,59.9717,3.0
2015-03-04 12:00:00+00:00,59.9,59.9,59.9,59.9,400.0,59.9,3.0
2015-03-04 13:00:00+00:00,59.75,59.75,59.4,59.42,1471.0,59.4501,7.0
2015-03-04 14:00:00+00:00,59.6,60.08,58.7,58.86,896165.0,59.0589,4864.0
2015-03-04 15:00:00+00:00,58.86,59.35,58.52,59.24,1093390.0,58.921,7731.0
2015-03-04 16:00:00+00:00,59.24,59.5545,59.19,59.3,742723.0,59.4023,5093.0
2015-03-04 17:00:00+00:00,59.31,59.51,59.1987,59.27,481485.0,59.3414,3277.0
2015-03-04 18:00:00+00:00,59.26,59.35,58.76,58.7638,536036.0,59.1039,3874.0
2015-03-04 19:00:00+00:00,58.79,58.95,58.39,58.91,821606.0,58.6479,6124.0
2015-03-04 20:00:00+00:00,58.92,59.19,58.85,59.1,1485006.0,59.0642,10880.0
2015-03-04 21:00:00+00:00,59.09,59.09,58.91,58.91,11933.0,59.0571,21.0
2015-03-05 13:00:00+00:00,59.52,59.68,59.01,59.01,7720.0,59.3052,29.0
2015-03-05 14:00:00+00:00,59.05,60.44,59.01,59.91,870480.0,59.9636,4998.0
2015-03-05 15:00:00+00:00,59.9145,59.97,59.38,59.76,708426.0,59.6371,5281.0
2015-03-05 16:00:00+00:00,59.77,60.08,59.51,59.9049,681039.0,59.7971,5090.0
2015-03-05 17:00:00+00:00,59.91,59.96,59.6949,59.7,473944.0,59.8352,4047.0
2015-03-05 18:00:00+00:00,59.7,60.255,59.6699,60.13,598581.0,60.0134,4588.0
2015-03-05 19:00:00+00:00,60.13,60.32,60.13,60.16,1008295.0,60.2275,5787.0
2015-03-05 20:00:00+00:00,60.1649,60.195,59.89,59.96,1836548.0,60.0009,14814.0
2015-03-05 21:00:00+00:00,59.97,59.97,59.96,59.96,35781.0,59.961,13.0
2015-03-05 23:00:00+00:00,60.19,60.19,60.19,60.19,200.0,60.19,1.0
2015-03-06 14:00:00+00:00,59.31,60.29,58.73,59.66,658264.0,59.5556,3636.0
2015-03-06 15:00:00+00:00,59.65,59.7328,59.3,59.34,651243.0,59.5139,4523.0
2015-03-06 16:00:00+00:00,59.34,59.44,59.01,59.21,602155.0,59.1725,4488.0
2015-03-06 17:00:00+00:00,59.2101,59.36,58.81,58.84,492639.0,59.0719,3438.0
2015-03-06 18:00:00+00:00,58.85,58.92,58.52,58.92,619559.0,58.734,4457.0
2015-03-06 19:00:00+00:00,58.92,59.01,58.48,58.62,536853.0,58.6988,4305.0
2015-03-06 20:00:00+00:00,58.6,58.82,58.53,58.74,1678159.0,58.6632,12740.0
2015-03-06 21:00:00+00:00,58.74,58.88,58.74,58.75,5764.0,58.7447,13.0
2015-03-09 12:00:00+00:00,58.74,58.82,58.74,58.82,856.0,58.7862,3.0
2015-03-09 13:00:00+00:00,58.9,59.43,58.55,58.955,695891.0,59.0118,3877.0
2015-03-09 14:00:00+00:00,58.9545,59.595,58.82,59.4,1056118.0,59.2444,7770.0
2015-03-09 15:00:00+00:00,59.38,59.689,59.36,59.632,699101.0,59.5329,4391.0
2015-03-09 16:00:00+00:00,59.632,59.67,59.11,59.1153,838802.0,59.4138,4573.0
2015-03-09 17:00:00+00:00,59.12,59.285,58.91,59.0,724260.0,59.0916,4784.0
2015-03-09 18:00:00+00:00,59.01,59.195,58.955,59.05,551863.0,59.0605,4563.0
2015-03-09 19:00:00+00:00,59.04,59.06,58.59,58.62,1182756.0,58.7663,9065.0
2015-03-09 20:00:00+00:00,58.6,58.8,58.58,58.8,17103.0,58.6038,14.0
2015-03-09 21:00:00+00:00,58.6,58.6,58.58,58.58,200.0,58.59,2.0
2015-03-09 22:00:00+00:00,58.58,58.59,58.58,58.59,200.0,58.585,2.0
2015-03-10 12:00:00+00:00,58.28,58.37,58.0,58.01,1285.0,58.1493,14.0
2015-03-10 13:00:00+00:00,58.22,58.31,57.41,57.57,910477.0,57.6856,5113.0
2015-03-10 14:00:00+00:00,57.54,58.0,57.23,57.86,968425.0,57.4988,7291.0
2015-03-10 15:00:00+00:00,57.87,57.97,57.39,57.51,556447.0,57.6533,4553.0
2015-03-10 16:00:00+00:00,57.505,57.6,57.3,57.37,578800.0,57.4242,4582.0
2015-03-10 17:00:00+00:00,57.38,57.57,57.3,57.46,445120.0,57.4128,3864.0
2015-03-10 18:00:00+00:00,57.46,57.67,57.355,57.45,635233.0,57.4651,5486.0
2015-03-10 19:00:00+00:00,57.46,57.92,57.43,57.81,1870324.0,57.7944,13377.0
2015-03-10 20:00:00+00:00,57.77,57.77,56.99,57.03,32261.0,57.5196,80.0
2015-03-10 21:00:00+00:00,57.03,57.22,57.03,57.22,650.0,57.1177,5.0
2015-03-10 22:00:00+00:00,57.56,57.57,57.56,57.57,693.0,57.5671,5.0
2015-03-10 23:00:00+00:00,57.5,57.5,57.5,57.5,1000.0,57.5,1.0
2015-03-11 12:00:00+00:00,57.48,57.51,57.0,57.0,7615.0,57.2754,34.0
2015-03-11 13:00:00+00:00,56.74,57.3,56.25,56.914,2228042.0,56.9101,9230.0
2015-03-11 14:00:00+00:00,56.9,57.24,56.76,56.98,1796818.0,57.0259,10731.0
2015-03-11 15:00:00+00:00,56.98,57.27,56.78,56.8699,1482856.0,57.0419,10351.0
2015-03-11 16:00:00+00:00,56.87,57.24,56.66,57.13,988054.0,57.0384,6893.0
2015-03-11 17:00:00+00:00,57.13,57.25,57.04,57.17,1027753.0,57.1388,6892.0
2015-03-11 18:00:00+00:00,57.17,57.69,57.14,57.65,1225070.0,57.4669,9070.0
2015-03-11 19:00:00+00:00,57.64,57.82,57.62,57.75,1797326.0,57.7352,12666.0
2015-03-11 20:00:00+00:00,57.74,57.74,57.74,57.74,44038.0,57.74,11.0
2015-03-12 12:00:00+00:00,58.21,58.21,58.21,58.21,100.0,58.21,1.0
2015-03-12 13:00:00+00:00,58.0001,59.06,58.0,58.26,1116029.0,58.6337,6760.0
2015-03-12 14:00:00+00:00,58.28,59.1,58.26,59.065,1127842.0,58.8074,7652.0
2015-03-12 15:00:00+00:00,59.04,59.28,58.94,59.13,938402.0,59.1002,5800.0
2015-03-12 16:00:00+00:00,59.12,59.18,58.77,58.86,524986.0,58.9515,3964.0
2015-03-12 17:00:00+00:00,58.8672,58.9,58.46,58.495,495870.0,58.686,3926.0
2015-03-12 18:00:00+00:00,58.49,58.52,57.855,57.99,718386.0,58.2019,5501.0
2015-03-12 19:00:00+00:00,57.99,58.03,57.66,57.78,1754044.0,57.7871,12777.0
2015-03-12 20:00:00+00:00,57.78,57.85,57.74,57.84,2112.0,57.8122,8.0
2015-03-12 21:00:00+00:00,57.84,57.84,57.83,57.83,475.0,57.8379,3.0
2015-03-12 22:00:00+00:00,57.83,57.83,57.83,57.83,400.0,57.83,2.0
2015-03-12 23:00:00+00:00,57.83,57.83,57.83,57.83,7100.0,57.83,6.0
2015-03-13 11:00:00+00:00,57.76,57.76,57.47,57.47,662.0,57.5893,5.0
2015-03-13 12:00:00+00:00,57.7,58.71,57.65,58.64,2480.0,58.2857,10.0
2015-03-13 13:00:00+00:00,58.01,58.64,57.76,58.1,467885.0,58.2141,2515.0
2015-03-13 14:00:00+00:00,58.08,58.28,57.83,58.04,760428.0,58.046,5911.0
2015-03-13 15:00:00+00:00,58.03,58.2,57.8647,58.13,621197.0,58.024,4451.0
2015-03-13 16:00:00+00:00,58.12,58.6,58.08,58.57,492952.0,58.2894,3796.0
2015-03-13 17:00:00+00:00,58.565,58.73,58.4001,58.459,666146.0,58.571,4878.0
2015-03-13 18:00:00+00:00,58.47,58.47,58.06,58.1,602287.0,58.2387,4469.0
2015-03-13 19:00:00+00:00,58.1,58.605,58.02,58.54,1203457.0,58.3215,9531.0
2015-03-13 20:00:00+00:00,58.53,58.54,58.51,58.51,19026.0,58.5266,8.0
2015-03-16 12:00:00+00:00,58.54,58.54,58.54,58.54,300.0,58.54,1.0
2015-03-16 13:00:00+00:00,58.64,58.99,58.03,58.79,613857.0,58.5245,3752.0
2015-03-16 14:00:00+00:00,58.805,59.09,58.39,58.42,628163.0,58.6696,4557.0
2015-03-16 15:00:00+00:00,58.42,58.71,58.18,58.68,591688.0,58.3491,4690.0
2015-03-16 16:00:00+00:00,58.69,59.0,58.628,58.96,440298.0,58.7627,3593.0
2015-03-16 17:00:00+00:00,58.95,59.23,58.66,59.06,509970.0,58.9699,4340.0
2015-03-16 18:00:00+00:00,59.05,59.5,58.96,59.3599,600569.0,59.3108,5230.0
2015-03-16 19:00:00+00:00,59.36,59.7,59.36,59.65,1602228.0,59.5958,11782.0
2015-03-16 20:00:00+00:00,59.66,59.66,59.66,59.66,7038.0,59.66,8.0
2015-03-16 22:00:00+00:00,59.65,59.65,59.65,59.65,100.0,59.65,1.0
2015-03-16 23:00:00+00:00,59.57,59.57,59.57,59.57,1200.0,59.57,1.0
2015-03-17 12:00:00+00:00,59.32,59.33,59.25,59.25,900.0,59.3111,5.0
2015-03-17 13:00:00+00:00,59.27,59.42,58.39,58.655,776595.0,58.7852,4140.0
2015-03-17 14:00:00+00:00,58.6664,59.31,58.6244,59.2399,944470.0,58.9604,6166.0
2015-03-17 15:00:00+00:00,59.23,59.39,58.96,59.35,563023.0,59.2195,4968.0
2015-03-17 16:00:00+00:00,59.3368,59.78,59.2,59.63,536502.0,59.5228,4290.0
2015-03-17 17:00:00+00:00,59.635,60.11,59.63,60.03,731576.0,59.9012,5114.0
2015-03-17 18:00:00+00:00,60.0054,60.14,59.724,59.89,646750.0,59.9095,5290.0
2015-03-17 19:00:00+00:00,59.88,60.03,59.77,59.88,1052604.0,59.9323,8421.0
2015-03-17 20:00:00+00:00,59.9,59.94,59.9,59.94,39630.0,59.9013,18.0
2015-03-17 22:00:00+00:00,60.05,60.2,60.05,60.2,1000.0,60.185,2.0
2015-03-17 23:00:00+00:00,60.19,60.19,60.19,60.19,400.0,60.19,2.0
2015-03-18 12:00:00+00:00,59.9,59.9,59.85,59.85,600.0,59.8917,5.0
2015-03-18 13:00:00+00:00,59.99,60.3,59.59,59.85,706305.0,59.958,3770.0
2015-03-18 14:00:00+00:00,59.82,60.32,59.69,60.17,863540.0,59.9698,5786.0
2015-03-18 15:00:00+00:00,60.16,60.5,59.94,60.44,651611.0,60.279,5024.0
2015-03-18 16:00:00+00:00,60.4499,60.6,60.23,60.51,374292.0,60.4305,3062.0
2015-03-18 17:00:00+00:00,60.535,61.18,60.503,60.95,895094.0,60.903,6355.0
2015-03-18 18:00:00+00:00,60.96,61.87,60.88,61.79,1544451.0,61.5688,10982.0
2015-03-18 19:00:00+00:00,61.77,62.55,61.72,61.94,3047742.0,62.0671,20849.0
2015-03-18 20:00:00+00:00,61.9859,62.0,61.87,62.0,14111.0,61.9691,18.0
2015-03-18 21:00:00+00:00,61.91,61.91,61.91,61.91,100.0,61.91,1.0
2015-03-18 22:00:00+00:00,61.9,61.9,61.88,61.88,400.0,61.895,2.0
2015-03-18 23:00:00+00:00,61.94,61.94,61.94,61.94,300.0,61.94,2.0
2015-03-19 11:00:00+00:00,61.53,61.53,61.51,61.51,400.0,61.525,3.0
2015-03-19 12:00:00+00:00,61.51,61.65,61.5,61.65,3990.0,61.5211,14.0
2015-03-19 13:00:00+00:00,61.65,61.65,60.9,61.21,547918.0,61.1709,3160.0
2015-03-19 14:00:00+00:00,61.18,61.42,60.96,61.14,772325.0,61.1885,5644.0
2015-03-19 15:00:00+00:00,61.13,61.19,60.65,60.68,547417.0,60.8715,4112.0
2015-03-19 16:00:00+00:00,60.67,60.84,60.56,60.57,445907.0,60.6994,3748.0
2015-03-19 17:00:00+00:00,60.55,60.7201,60.405,60.415,543209.0,60.5574,4440.0
2015-03-19 18:00:00+00:00,60.42,60.91,60.405,60.84,588245.0,60.6964,4729.0
2015-03-19 19:00:00+00:00,60.83,60.92,60.58,60.81,1262859.0,60.8236,9692.0
2015-03-19 20:00:00+00:00,60.8,60.8,60.8,60.8,11607.0,60.8,5.0
2015-03-19 21:00:00+00:00,60.82,60.84,60.82,60.84,1990.0,60.8255,4.0
2015-03-19 23:00:00+00:00,60.9,60.9,60.9,60.9,350.0,60.9,3.0
2015-03-20 12:00:00+00:00,61.87,61.87,61.15,61.15,850.0,61.2853,8.0
2015-03-20 13:00:00+00:00,61.16,61.82,60.85,61.31,1435906.0,61.2168,5401.0
2015-03-20 14:00:00+00:00,61.31,62.1,61.25,62.03,1246365.0,61.7242,9177.0
2015-03-20 15:00:00+00:00,62.03,62.22,61.98,62.0147,873594.0,62.0348,5944.0
2015-03-20 16:00:00+00:00,62.01,62.095,61.63,61.88,594977.0,61.8201,4460.0
2015-03-20 17:00:00+00:00,61.88,62.0,61.795,61.87,595466.0,61.8833,4223.0
2015-03-20 18:00:00+00:00,61.87,61.96,61.67,61.68,708142.0,61.8557,4775.0
2015-03-20 19:00:00+00:00,61.68,61.73,61.43,61.52,2022513.0,61.5339,12912.0
2015-03-20 20:00:00+00:00,61.55,61.9363,61.45,61.9363,255074.0,61.6686,21.0
2015-03-20 21:00:00+00:00,61.499,61.5,61.499,61.5,2100.0,61.499,3.0
2015-03-23 13:00:00+00:00,61.6,62.46,61.6,62.42,733691.0,62.2316,4002.0
2015-03-23 14:00:00+00:00,62.41,62.64,62.3101,62.33,1150720.0,62.5348,8106.0
2015-03-23 15:00:00+00:00,62.32,62.48,62.17,62.3732,701652.0,62.3101,5361.0
2015-03-23 16:00:00+00:00,62.38,62.755,62.245,62.71,577352.0,62.5707,4450.0
2015-03-23 17:00:00+00:00,62.71,62.82,62.44,62.5,909544.0,62.6494,6280.0
2015-03-23 18:00:00+00:00,62.49,62.78,62.44,62.7672,928829.0,62.618,6994.0
2015-03-23 19:00:00+00:00,62.76,62.82,62.48,62.49,1716320.0,62.6075,11599.0
2015-03-23 20:00:00+00:00,62.49,62.49,62.411,62.411,73502.0,62.4897,13.0
2015-03-23 23:00:00+00:00,62.41,62.41,62.41,62.41,100.0,62.41,1.0
2015-03-24 11:00:00+00:00,62.75,62.75,62.75,62.75,100.0,62.75,1.0
2015-03-24 12:00:00+00:00,62.74,62.74,62.74,62.74,100.0,62.74,1.0
2015-03-24 13:00:00+00:00,62.5,62.5,61.89,62.05,605158.0,62.0591,3603.0
2015-03-24 14:00:00+00:00,62.05,62.345,61.99,62.235,795302.0,62.1569,6314.0
2015-03-24 15:00:00+00:00,62.2301,62.65,62.12,62.55,847922.0,62.3639,6051.0
2015-03-24 16:00:00+00:00,62.54,62.71,62.3,62.34,639579.0,62.5002,4271.0
2015-03-24 17:00:00+00:00,62.34,62.42,62.06,62.1,888234.0,62.2814,4816.0
2015-03-24 18:00:00+00:00,62.1,62.23,62.01,62.1347,754828.0,62.1272,5068.0
2015-03-24 19:00:00+00:00,62.14,62.23,61.9,62.08,2119507.0,62.0872,12138.0
2015-03-24 20:00:00+00:00,62.07,62.2,62.07,62.09,71412.0,62.0704,13.0
2015-03-24 21:00:00+00:00,62.07,62.07,62.07,62.07,100.0,62.07,1.0
2015-03-25 12:00:00+00:00,62.3,62.45,62.3,62.45,2200.0,62.3818,11.0
2015-03-25 13:00:00+00:00,62.5,64.0,62.5,63.83,1585170.0,63.4861,6817.0
2015-03-25 14:00:00+00:00,63.845,64.48,63.67,64.28,1916295.0,64.0396,10748.0
2015-03-25 15:00:00+00:00,64.26,64.49,63.97,64.04,1321717.0,64.2062,8970.0
2015-03-25 16:00:00+00:00,64.05,64.3836,64.04,64.37,753514.0,64.1587,5241.0
2015-03-25 17:00:00+00:00,64.37,64.46,63.9,64.01,1089432.0,64.079,7600.0
2015-03-25 18:00:00+00:00,64.015,64.195,63.99,64.09,961885.0,64.049,6552.0
2015-03-25 19:00:00+00:00,64.09,64.12,63.79,63.8,1985263.0,63.9085,14217.0
2015-03-25 20:00:00+00:00,63.78,64.195,63.78,64.02,33025.0,63.7899,12.0
2015-03-25 21:00:00+00:00,64.05,64.05,64.05,64.05,200.0,64.05,2.0
2015-03-25 23:00:00+00:00,64.05,64.05,63.8,63.8,600.0,63.8458,3.0
2015-03-26 10:00:00+00:00,63.9,63.9,63.9,63.9,200.0,63.9,2.0
2015-03-26 12:00:00+00:00,64.39,64.39,64.12,64.12,1300.0,64.2177,10.0
2015-03-26 13:00:00+00:00,63.78,64.46,63.31,63.82,902286.0,63.9526,4815.0
2015-03-26 14:00:00+00:00,63.82,64.03,63.18,63.19,896241.0,63.5906,7080.0
2015-03-26 15:00:00+00:00,63.19,63.5199,63.08,63.42,627583.0,63.3023,5081.0
2015-03-26 16:00:00+00:00,63.43,63.45,63.14,63.41,690937.0,63.3177,5044.0
2015-03-26 17:00:00+00:00,63.4,63.54,63.005,63.44,880823.0,63.2563,5772.0
2015-03-26 18:00:00+00:00,63.45,63.63,63.39,63.47,762448.0,63.5372,5468.0
2015-03-26 19:00:00+00:00,63.47,63.66,63.26,63.37,1558529.0,63.437,12255.0
2015-03-26 20:00:00+00:00,63.38,63.38,63.38,63.38,66313.0,63.38,8.0
2015-03-26 23:00:00+00:00,63.45,63.45,63.45,63.45,200.0,63.45,1.0
2015-03-27 12:00:00+00:00,63.38,63.5,63.38,63.5,900.0,63.4489,5.0
2015-03-27 13:00:00+00:00,63.58,64.4,63.29,63.486,746287.0,63.8986,3437.0
2015-03-27 14:00:00+00:00,63.46,63.46,62.81,63.0625,744792.0,63.0225,5435.0
2015-03-27 15:00:00+00:00,63.08,63.12,62.19,62.27,805193.0,62.6239,5120.0
2015-03-27 16:00:00+00:00,62.27,62.32,61.54,61.6268,946648.0,61.9275,6331.0
2015-03-27 17:00:00+00:00,61.63,61.97,61.63,61.76,684024.0,61.7969,4703.0
2015-03-27 18:00:00+00:00,61.76,61.96,61.62,61.71,579179.0,61.7392,4576.0
2015-03-27 19:00:00+00:00,61.71,61.91,61.4,61.85,1856542.0,61.6708,12527.0
2015-03-27 20:00:00+00:00,61.87,61.97,61.87,61.97,11779.0,61.8708,7.0
2015-03-27 21:00:00+00:00,61.81,61.97,61.81,61.97,1050.0,61.8905,8.0
2015-03-27 22:00:00+00:00,61.81,61.81,61.75,61.75,400.0,61.795,5.0
2015-03-27 23:00:00+00:00,61.62,61.62,61.62,61.62,540.0,61.6302,8.0
2015-03-30 11:00:00+00:00,62.0,62.0,61.87,61.87,1200.0,61.9783,3.0
2015-03-30 12:00:00+00:00,62.05,62.05,62.05,62.05,1500.0,62.05,12.0
2015-03-30 13:00:00+00:00,62.05,63.56,61.91,63.08,1356353.0,62.879,6534.0
2015-03-30 14:00:00+00:00,63.06,63.18,62.84,63.13,1234554.0,62.9918,8101.0
2015-03-30 15:00:00+00:00,63.12,63.55,62.95,63.47,619210.0,63.356,4731.0
2015-03-30 16:00:00+00:00,63.47,63.78,63.41,63.72,595180.0,63.5897,4890.0
2015-03-30 17:00:00+00:00,63.73,63.73,63.41,63.52,794521.0,63.5463,6130.0
2015-03-30 18:00:00+00:00,63.529,63.72,63.47,63.63,624036.0,63.5984,4819.0
2015-03-30 19:00:00+00:00,63.64,63.87,63.49,63.76,1438730.0,63.7229,10994.0
2015-03-30 20:00:00+00:00,63.76,63.76,63.76,63.76,55577.0,63.76,6.0
2015-03-30 21:00:00+00:00,63.76,63.76,63.76,63.76,1139.0,63.76,1.0
2015-03-30 23:00:00+00:00,63.75,63.75,63.63,63.63,900.0,63.7367,3.0
2015-03-31 12:00:00+00:00,63.25,63.25,62.95,63.03,4900.0,63.1161,25.0
2015-03-31 13:00:00+00:00,63.23,63.865,62.96,63.36,504881.0,63.3415,2726.0
2015-03-31 14:00:00+00:00,63.355,63.56,63.15,63.3847,489814.0,63.3985,3611.0
2015-03-31 15:00:00+00:00,63.39,63.715,63.37,63.53,487622.0,63.5515,3705.0
2015-03-31 16:00:00+00:00,63.52,63.65,63.33,63.63,340910.0,63.4819,3007.0
2015-03-31 17:00:00+00:00,63.64,64.0,63.59,63.93,621239.0,63.8332,4844.0
2015-03-31 18:00:00+00:00,63.93,64.17,63.81,63.826,814748.0,63.9757,5393.0
2015-03-31 19:00:00+00:00,63.826,63.84,63.255,63.6,1280686.0,63.5501,9468.0
2015-03-31 20:00:00+00:00,63.6,63.62,63.5,63.55,49602.0,63.6192,20.0
2015-03-31 21:00:00+00:00,63.62,63.62,63.62,63.62,132.0,63.62,1.0
2015-04-01 10:00:00+00:00,63.6,63.6,63.6,63.6,100.0,63.6,1.0
2015-04-01 11:00:00+00:00,63.5,63.58,63.5,63.58,400.0,63.56,3.0
2015-04-01 12:00:00+00:00,63.6,63.62,63.5999,63.62,2102.0,63.6162,4.0
2015-04-01 13:00:00+00:00,63.62,64.28,63.5,63.53,1105822.0,63.7999,5979.0
2015-04-01 14:00:00+00:00,63.52,63.81,63.49,63.6,1506965.0,63.6295,9059.0
2015-04-01 15:00:00+00:00,63.62,63.73,63.45,63.67,791104.0,63.5867,5791.0
2015-04-01 16:00:00+00:00,63.68,63.91,63.59,63.86,720932.0,63.7577,4882.0
2015-04-01 17:00:00+00:00,63.86,63.91,63.65,63.72,581792.0,63.7773,4017.0
2015-04-01 18:00:00+00:00,63.72,63.86,63.52,63.72,786738.0,63.7027,5841.0
2015-04-01 19:00:00+00:00,63.72,63.745,63.37,63.46,1804845.0,63.5475,12050.0
2015-04-01 20:00:00+00:00,63.45,63.6,63.45,63.6,9418.0,63.4532,10.0
2015-04-01 21:00:00+00:00,63.5,63.6863,63.49,63.6863,44800.0,63.6775,5.0
2015-04-02 11:00:00+00:00,63.31,63.31,63.3,63.3,2300.0,63.3013,7.0
2015-04-02 12:00:00+00:00,64.47,64.48,64.43,64.43,4032.0,64.4518,5.0
2015-04-02 13:00:00+00:00,63.37,63.65,63.08,63.4,666059.0,63.3784,3879.0
2015-04-02 14:00:00+00:00,63.42,63.42,62.5,62.64,1485778.0,62.9187,8908.0
2015-04-02 15:00:00+00:00,62.6499,62.73,61.6,61.61,1573794.0,62.1254,10192.0
2015-04-02 16:00:00+00:00,61.61,61.71,61.35,61.51,858940.0,61.5348,6423.0
2015-04-02 17:00:00+00:00,61.5147,61.65,60.81,60.85,1371070.0,61.2426,9082.0
2015-04-02 18:00:00+00:00,60.85,60.85,59.31,59.6469,2793708.0,60.0867,17826.0
2015-04-02 19:00:00+00:00,59.64,59.89,59.44,59.8,3661370.0,59.7203,23239.0
2015-04-02 20:00:00+00:00,59.75,61.6,59.65,59.89,58602.0,60.7288,44.0
2015-04-02 21:00:00+00:00,59.8,60.0,59.8,60.0,4249.0,59.9146,20.0
2015-04-02 22:00:00+00:00,60.28,60.28,60.0,60.0,2342.0,60.2563,3.0
2015-04-02 23:00:00+00:00,60.1,60.1,60.001,60.01,5040.0,60.0273,6.0
2015-04-06 12:00:00+00:00,59.79,59.8,59.75,59.8,1490.0,59.7906,10.0
2015-04-06 13:00:00+00:00,60.2,60.52,58.86,59.39,1187128.0,59.5129,6734.0
2015-04-06 14:00:00+00:00,59.39,60.19,59.14,59.92,2186833.0,59.6147,12793.0
2015-04-06 15:00:00+00:00,59.92,60.32,59.23,59.338,1456989.0,59.5575,8669.0
2015-04-06 16:00:00+00:00,59.34,59.94,59.31,59.83,889300.0,59.6872,6092.0
2015-04-06 17:00:00+00:00,59.84,60.01,59.59,59.76,878048.0,59.799,5686.0
2015-04-06 18:00:00+00:00,59.76,59.97,59.74,59.92,847356.0,59.8829,5723.0
2015-04-06 19:00:00+00:00,59.92,59.97,59.48,59.52,1683058.0,59.6824,11530.0
2015-04-06 20:00:00+00:00,59.53,59.6767,59.53,59.54,32101.0,59.638,7.0
2015-04-06 21:00:00+00:00,59.69,59.69,59.69,59.69,100.0,59.69,1.0
2015-04-06 22:00:00+00:00,59.39,59.39,59.39,59.39,175.0,59.4214,2.0
2015-04-07 13:00:00+00:00,59.61,60.03,58.83,58.88,799071.0,59.5049,4529.0
2015-04-07 14:00:00+00:00,58.895,59.18,58.47,58.57,1521501.0,58.7532,9658.0
2015-04-07 15:00:00+00:00,58.57,58.72,58.26,58.5,1370831.0,58.5318,8716.0
2015-04-07 16:00:00+00:00,58.49,58.77,58.38,58.751,1248341.0,58.555,6703.0
2015-04-07 17:00:00+00:00,58.74,58.96,58.44,58.66,1438937.0,58.6734,7289.0
2015-04-07 18:00:00+00:00,58.66,58.8054,58.37,58.3753,1007178.0,58.5852,6393.0
2015-04-07 19:00:00+00:00,58.38,58.645,58.35,58.57,1825929.0,58.5138,11205.0
2015-04-07 20:00:00+00:00,58.59,58.74,58.59,58.74,35901.0,58.65,22.0
2015-04-07 21:00:00+00:00,58.65,58.65,58.65,58.65,100.0,58.65,1.0
2015-04-07 22:00:00+00:00,58.65,58.65,58.401,58.401,400.0,58.5878,2.0
2015-04-08 11:00:00+00:00,58.8,58.8,58.8,58.8,200.0,58.8,1.0
2015-04-08 12:00:00+00:00,58.88,58.88,58.88,58.88,100.0,58.88,1.0
2015-04-08 13:00:00+00:00,58.9,59.63,58.86,59.61,663028.0,59.3032,3963.0
2015-04-08 14:00:00+00:00,59.618,59.73,58.76,58.84,1151696.0,59.3439,8159.0
2015-04-08 15:00:00+00:00,58.84,59.245,58.81,59.05,712812.0,59.0684,5320.0
2015-04-08 16:00:00+00:00,59.05,59.08,58.9,59.04,616828.0,58.9955,4010.0
2015-04-08 17:00:00+00:00,59.035,59.245,58.8754,59.01,660989.0,59.0634,4638.0
2015-04-08 18:00:00+00:00,59.02,59.195,58.44,58.51,940786.0,58.8002,7181.0
2015-04-08 19:00:00+00:00,58.52,58.77,58.4,58.5948,1574079.0,58.5844,12685.0
2015-04-08 20:00:00+00:00,58.6,59.0052,58.6,59.0052,35639.0,58.7784,14.0
2015-04-08 21:00:00+00:00,58.62,58.62,58.62,58.62,2000.0,58.62,1.0
2015-04-08 23:00:00+00:00,58.7,58.7,58.7,58.7,2499.0,58.7,2.0
2015-04-09 13:00:00+00:00,59.0,59.32,58.76,58.805,552344.0,59.0594,3373.0
2015-04-09 14:00:00+00:00,58.8,58.84,58.14,58.38,941705.0,58.4213,5512.0
2015-04-09 15:00:00+00:00,58.38,58.64,58.36,58.62,707111.0,58.531,3979.0
2015-04-09 16:00:00+00:00,58.61,58.825,58.51,58.78,525564.0,58.6943,3181.0
2015-04-09 17:00:00+00:00,58.785,58.88,58.605,58.76,834741.0,58.7323,4507.0
2015-04-09 18:00:00+00:00,58.765,58.97,58.71,58.89,693715.0,58.8403,3822.0
2015-04-09 19:00:00+00:00,58.89,58.94,58.74,58.9,1450348.0,58.857,9113.0
2015-04-09 20:00:00+00:00,58.92,59.05,58.85,59.05,12944.0,58.9316,17.0
2015-04-10 13:00:00+00:00,59.2,59.38,59.0285,59.27,549234.0,59.199,2538.0
2015-04-10 14:00:00+00:00,59.28,59.66,59.19,59.53,877003.0,59.4321,5718.0
2015-04-10 15:00:00+00:00,59.53,60.1645,59.53,59.9551,1101908.0,59.911,5972.0
2015-04-10 16:00:00+00:00,59.96,60.08,59.91,60.06,545454.0,60.0118,3394.0
2015-04-10 17:00:00+00:00,60.05,60.05,59.66,59.67,500422.0,59.8579,3322.0
2015-04-10 18:00:00+00:00,59.6699,59.82,59.66,59.71,418715.0,59.7394,2827.0
2015-04-10 19:00:00+00:00,59.72,59.81,59.68,59.73,917479.0,59.7414,6986.0
2015-04-10 20:00:00+00:00,58.92,59.73,58.92,59.73,14288.0,59.7143,8.0
2015-04-10 21:00:00+00:00,59.71,59.71,59.68,59.71,1000.0,59.698,3.0
2015-04-10 23:00:00+00:00,59.73,59.73,59.73,59.73,100.0,59.73,1.0
2015-04-13 12:00:00+00:00,59.65,59.65,59.649,59.649,1700.0,59.6497,4.0
2015-04-13 13:00:00+00:00,59.55,59.78,58.79,58.8,549707.0,59.3511,3068.0
2015-04-13 14:00:00+00:00,58.8,58.83,58.07,58.15,1065100.0,58.3816,7293.0
2015-04-13 15:00:00+00:00,58.16,58.4494,58.13,58.24,647679.0,58.2825,4448.0
2015-04-13 16:00:00+00:00,58.24,58.28,58.02,58.1,458482.0,58.142,3141.0
2015-04-13 17:00:00+00:00,58.1,58.11,57.35,57.54,1387492.0,57.7016,8138.0
2015-04-13 18:00:00+00:00,57.55,57.79,57.4,57.4,861029.0,57.5775,5911.0
2015-04-13 19:00:00+00:00,57.4,57.65,57.16,57.46,1983538.0,57.4257,13292.0
2015-04-13 20:00:00+00:00,57.46,57.46,57.46,57.46,68681.0,57.46,6.0
2015-04-13 21:00:00+00:00,57.55,57.55,57.55,57.55,125.0,57.56,2.0
2015-04-13 22:00:00+00:00,57.59,57.59,57.59,57.59,100.0,57.59,1.0
2015-04-14 12:00:00+00:00,57.6,57.74,57.6,57.74,346166.0,57.5902,4.0
2015-04-14 13:00:00+00:00,57.74,57.85,57.25,57.39,795217.0,57.4854,3377.0
2015-04-14 14:00:00+00:00,57.35,57.47,56.85,57.23,1130130.0,57.1054,7801.0
2015-04-14 15:00:00+00:00,57.23,57.51,57.2,57.22,609932.0,57.3395,4876.0
2015-04-14 16:00:00+00:00,57.21,57.24,56.87,56.96,719709.0,56.9979,5429.0
2015-04-14 17:00:00+00:00,56.955,57.22,56.9,57.13,570858.0,57.0558,4025.0
2015-04-14 18:00:00+00:00,57.13,57.23,57.02,57.105,689859.0,57.1381,4493.0
2015-04-14 19:00:00+00:00,57.11,57.31,56.93,57.22,1207822.0,57.1549,8300.0
2015-04-14 20:00:00+00:00,57.19,57.46,57.19,57.46,332512.0,57.1907,8.0
2015-04-14 21:00:00+00:00,57.34,57.5,57.34,57.5,2700.0,57.4283,16.0
2015-04-14 22:00:00+00:00,57.21,57.21,57.21,57.21,100.0,57.21,1.0
2015-04-14 23:00:00+00:00,57.48,57.48,57.48,57.48,300.0,57.4833,6.0
2015-04-15 09:00:00+00:00,57.47,57.47,57.47,57.47,100.0,57.47,1.0
2015-04-15 12:00:00+00:00,57.27,57.59,57.27,57.5,4855.0,57.5234,17.0
2015-04-15 13:00:00+00:00,57.5,58.09,57.4,57.93,640403.0,57.8446,3235.0
2015-04-15 14:00:00+00:00,57.92,58.2,57.65,57.67,927451.0,57.927,6898.0
2015-04-15 15:00:00+00:00,57.67,57.675,57.17,57.19,993252.0,57.4496,7155.0
2015-04-15 16:00:00+00:00,57.1828,57.39,57.0,57.33,909405.0,57.2235,6265.0
2015-04-15 17:00:00+00:00,57.33,57.37,57.05,57.1,713089.0,57.2232,4879.0
2015-04-15 18:00:00+00:00,57.1,57.24,57.01,57.12,754119.0,57.1265,5071.0
2015-04-15 19:00:00+00:00,57.1104,57.29,57.06,57.08,1239688.0,57.1384,8335.0
2015-04-15 20:00:00+00:00,57.11,57.2,57.05,57.08,37319.0,57.1109,10.0
2015-04-15 21:00:00+00:00,57.39,57.39,57.39,57.39,100.0,57.39,1.0
2015-04-15 22:00:00+00:00,57.3,57.3,57.3,57.3,100.0,57.3,1.0
2015-04-15 23:00:00+00:00,57.2,57.28,57.111,57.28,1800.0,57.2296,4.0
2015-04-16 11:00:00+00:00,57.01,57.01,57.01,57.01,300.0,57.01,2.0
2015-04-16 12:00:00+00:00,56.92,57.1,56.92,57.1,600.0,57.04,3.0
2015-04-16 13:00:00+00:00,57.1,57.8,56.84,57.704,547165.0,57.4107,3233.0
2015-04-16 14:00:00+00:00,57.72,58.2,57.682,58.16,1241169.0,57.9171,8993.0
2015-04-16 15:00:00+00:00,58.16,58.17,57.85,58.01,612076.0,57.9532,4338.0
2015-04-16 16:00:00+00:00,58.019,58.14,57.79,57.915,606095.0,57.9738,5108.0
2015-04-16 17:00:00+00:00,57.92,58.0,57.8,57.98,691149.0,57.9208,5052.0
2015-04-16 18:00:00+00:00,57.99,58.7,57.98,58.52,1058898.0,58.3723,7371.0
2015-04-16 19:00:00+00:00,58.51,58.54,58.19,58.23,1368925.0,58.3108,10309.0
2015-04-16 20:00:00+00:00,58.26,58.26,58.26,58.26,23264.0,58.26,7.0
2015-04-16 21:00:00+00:00,58.26,58.26,58.26,58.26,200.0,58.26,1.0
2015-04-17 12:00:00+00:00,58.25,58.7,58.25,58.26,2000.0,58.365,8.0
2015-04-17 13:00:00+00:00,58.16,58.16,57.42,57.4999,635766.0,57.7852,2967.0
2015-04-17 14:00:00+00:00,57.49,57.52,57.04,57.25,965779.0,57.2158,6165.0
2015-04-17 15:00:00+00:00,57.25,57.644,57.21,57.57,715397.0,57.4196,4280.0
2015-04-17 16:00:00+00:00,57.56,57.69,57.34,57.49,460725.0,57.5014,3333.0
2015-04-17 17:00:00+00:00,57.49,57.8,57.47,57.632,617180.0,57.6702,4267.0
2015-04-17 18:00:00+00:00,57.64,57.64,57.46,57.56,408386.0,57.528,3297.0
2015-04-17 19:00:00+00:00,57.55,57.64,57.48,57.58,1128798.0,57.5787,8400.0
2015-04-17 20:00:00+00:00,57.56,57.56,57.56,57.56,7562.0,57.56,7.0
2015-04-17 21:00:00+00:00,57.57,57.57,57.57,57.57,500.0,57.57,2.0
2015-04-17 23:00:00+00:00,57.57,57.6,57.57,57.6,500.0,57.582,3.0
2015-04-20 11:00:00+00:00,57.58,57.58,57.56,57.56,2100.0,57.5714,13.0
2015-04-20 12:00:00+00:00,57.56,57.56,57.56,57.56,440.0,57.56,3.0
2015-04-20 13:00:00+00:00,57.74,58.39,57.56,58.24,489454.0,58.0197,2148.0
2015-04-20 14:00:00+00:00,58.2599,58.32,57.53,57.84,683917.0,57.8115,4623.0
2015-04-20 15:00:00+00:00,57.85,57.88,57.58,57.68,631731.0,57.681,3750.0
2015-04-20 16:00:00+00:00,57.67,58.02,57.65,57.83,540622.0,57.8671,3093.0
2015-04-20 17:00:00+00:00,57.84,57.85,57.535,57.62,497884.0,57.6511,3179.0
2015-04-20 18:00:00+00:00,57.62,57.66,57.23,57.24,905201.0,57.473,4717.0
2015-04-20 19:00:00+00:00,57.24,57.625,57.24,57.46,1290759.0,57.4585,9755.0
2015-04-20 20:00:00+00:00,57.47,57.47,57.47,57.47,13119.0,57.47,11.0
2015-04-20 21:00:00+00:00,57.35,57.35,57.35,57.35,100.0,57.35,1.0
2015-04-20 23:00:00+00:00,57.5,57.5,57.46,57.46,500.0,57.4687,3.0
2015-04-21 13:00:00+00:00,57.5,57.72,57.335,57.65,367941.0,57.5292,1990.0
2015-04-21 14:00:00+00:00,57.65,58.27,57.61,58.25,894323.0,57.9296,5396.0
2015-04-21 15:00:00+00:00,58.23,58.59,58.08,58.24,1105655.0,58.3277,5443.0
2015-04-21 16:00:00+00:00,58.24,58.32,58.13,58.19,531207.0,58.2118,3474.0
2015-04-21 17:00:00+00:00,58.18,58.4,58.16,58.34,449864.0,58.2952,3411.0
2015-04-21 18:00:00+00:00,58.33,58.5,58.235,58.4951,499093.0,58.3538,3980.0
2015-04-21 19:00:00+00:00,58.49,58.58,58.2,58.35,1196243.0,58.3851,8689.0
2015-04-21 20:00:00+00:00,58.33,58.33,58.17,58.17,50028.0,58.1819,8.0
2015-04-21 22:00:00+00:00,58.3501,58.3501,58.35,58.35,200.0,58.3501,2.0
2015-04-21 23:00:00+00:00,58.33,58.33,58.33,58.33,300.0,58.33,2.0
2015-04-22 13:00:00+00:00,58.709,58.71,58.02,58.32,353591.0,58.3607,1966.0
2015-04-22 14:00:00+00:00,58.3225,58.82,58.0025,58.66,727968.0,58.4188,5854.0
2015-04-22 15:00:00+00:00,58.65,59.3,58.65,59.11,1005578.0,59.0408,6390.0
2015-04-22 16:00:00+00:00,59.13,59.69,59.1,59.42,1170972.0,59.4341,6549.0
2015-04-22 17:00:00+00:00,59.42,59.48,58.975,59.18,786638.0,59.2101,5281.0
2015-04-22 18:00:00+00:00,59.19,59.4,59.12,59.33,585216.0,59.2362,4228.0
2015-04-22 19:00:00+00:00,59.3318,59.37,59.16,59.35,1350460.0,59.2927,9642.0
2015-04-22 20:00:00+00:00,59.38,59.39,59.35,59.39,22188.0,59.3736,12.0
2015-04-22 22:00:00+00:00,59.39,59.39,59.39,59.39,200.0,59.39,1.0
2015-04-23 12:00:00+00:00,59.33,59.35,59.2,59.2,9668.0,59.2786,24.0
2015-04-23 13:00:00+00:00,59.2,59.87,58.93,59.7199,735740.0,59.4261,3404.0
2015-04-23 14:00:00+00:00,59.72,59.72,58.96,59.0901,1304364.0,59.182,7950.0
2015-04-23 15:00:00+00:00,59.095,59.56,59.085,59.3556,870450.0,59.3203,5235.0
2015-04-23 16:00:00+00:00,59.36,59.5,58.9186,59.42,775362.0,59.2172,5487.0
2015-04-23 17:00:00+00:00,59.435,59.47,59.2,59.39,468535.0,59.3662,3432.0
2015-04-23 18:00:00+00:00,59.38,59.52,59.27,59.32,343638.0,59.384,2864.0
2015-04-23 19:00:00+00:00,59.32,59.47,59.22,59.24,791108.0,59.3443,5774.0
2015-04-23 20:00:00+00:00,59.23,59.23,59.23,59.23,23554.0,59.23,17.0
2015-04-24 12:00:00+00:00,59.42,59.59,59.37,59.37,1655.0,59.5167,8.0
2015-04-24 13:00:00+00:00,59.39,60.56,59.16,60.56,786742.0,60.1226,4847.0
2015-04-24 14:00:00+00:00,60.555,60.77,59.92,59.943,1051213.0,60.426,7450.0
2015-04-24 15:00:00+00:00,59.948,60.29,59.9001,59.97,730750.0,60.0909,4987.0
2015-04-24 16:00:00+00:00,59.9992,60.14,59.84,59.8593,348967.0,60.0074,2403.0
2015-04-24 17:00:00+00:00,59.8699,60.01,59.71,59.85,427730.0,59.8785,3176.0
2015-04-24 18:00:00+00:00,59.85,59.93,59.67,59.735,447274.0,59.7992,3038.0
2015-04-24 19:00:00+00:00,59.72,60.07,59.69,60.05,1152748.0,59.9049,8079.0
2015-04-24 20:00:00+00:00,60.05,60.08,60.05,60.08,28307.0,60.0649,9.0
2015-04-24 21:00:00+00:00,60.08,60.2,60.08,60.2,2983.0,60.1598,2.0
2015-04-27 12:00:00+00:00,60.2,60.59,60.05,60.05,3526.0,60.0908,3.0
2015-04-27 13:00:00+00:00,60.2,60.44,59.6,59.74,623786.0,59.8534,3822.0
2015-04-27 14:00:00+00:00,59.75,59.79,59.195,59.43,1273108.0,59.472,7222.0
2015-04-27 15:00:00+00:00,59.43,59.88,59.37,59.44,649840.0,59.5971,4931.0
2015-04-27 16:00:00+00:00,59.44,59.7,59.42,59.48,516966.0,59.5452,3879.0
2015-04-27 17:00:00+00:00,59.48,59.5543,59.26,59.44,810602.0,59.3812,5310.0
2015-04-27 18:00:00+00:00,59.44,59.5578,59.387,59.4523,490390.0,59.4805,3807.0
2015-04-27 19:00:00+00:00,59.46,59.645,59.305,59.41,1316284.0,59.4736,9905.0
2015-04-27 20:00:00+00:00,59.43,59.5999,59.4,59.5999,1099927.0,59.4023,18.0
2015-04-27 21:00:00+00:00,59.47,59.47,59.47,59.47,1100.0,59.47,2.0
2015-04-27 22:00:00+00:00,59.449,59.45,59.4,59.4,400.0,59.4248,4.0
2015-04-27 23:00:00+00:00,59.44,59.44,59.34,59.34,1300.0,59.39,6.0
2015-04-28 11:00:00+00:00,59.4,60.55,59.4,60.5,3940.0,60.2695,14.0
2015-04-28 12:00:00+00:00,60.32,61.0,59.75,60.0,12338.0,60.2163,62.0
2015-04-28 13:00:00+00:00,60.1,60.65,59.77,60.22,1028373.0,60.15,6771.0
2015-04-28 14:00:00+00:00,60.2,60.26,59.19,59.37,987969.0,59.6105,7505.0
2015-04-28 15:00:00+00:00,59.37,59.73,59.04,59.16,755136.0,59.3528,4986.0
2015-04-28 16:00:00+00:00,59.165,59.29,58.78,58.99,769046.0,59.0634,4896.0
2015-04-28 17:00:00+00:00,58.99,59.0,58.3,58.62,1345006.0,58.4801,8206.0
2015-04-28 18:00:00+00:00,58.615,58.63,58.17,58.2147,977645.0,58.4156,5707.0
2015-04-28 19:00:00+00:00,58.21,58.8,58.12,58.7,1696259.0,58.6036,11894.0
2015-04-28 20:00:00+00:00,58.7,58.97,58.7,58.81,11960.0,58.7139,14.0
2015-04-28 21:00:00+00:00,58.81,58.81,58.81,58.81,500.0,58.81,2.0
2015-04-28 22:00:00+00:00,58.61,58.61,58.6,58.6,870.0,58.6094,7.0
2015-04-28 23:00:00+00:00,58.6,58.6,58.6,58.6,550.0,58.6,2.0
2015-04-29 12:00:00+00:00,58.7,58.7,58.62,58.62,850.0,58.6882,6.0
2015-04-29 13:00:00+00:00,58.53,59.16,58.33,58.83,616963.0,58.9052,3069.0
2015-04-29 14:00:00+00:00,58.845,58.86,57.79,58.02,1165476.0,58.2309,8131.0
2015-04-29 15:00:00+00:00,58.0307,58.61,57.99,58.55,703643.0,58.4121,4969.0
2015-04-29 16:00:00+00:00,58.545,58.55,58.07,58.13,400642.0,58.3122,3604.0
2015-04-29 17:00:00+00:00,58.12,58.2,57.85,57.94,719816.0,58.0398,5006.0
2015-04-29 18:00:00+00:00,57.96,58.16,57.71,57.74,677455.0,57.853,5510.0
2015-04-29 19:00:00+00:00,57.735,58.01,57.55,57.92,1358593.0,57.8502,10742.0
2015-04-29 20:00:00+00:00,57.92,57.92,57.92,57.92,18553.0,57.92,6.0
2015-04-29 21:00:00+00:00,57.92,57.92,57.92,57.92,200.0,57.92,1.0
2015-04-29 22:00:00+00:00,57.95,58.0,57.95,58.0,2700.0,57.9685,6.0
2015-04-29 23:00:00+00:00,57.92,58.11,57.92,58.11,1725.0,58.0439,12.0
2015-04-30 12:00:00+00:00,58.14,58.14,58.12,58.12,1200.0,58.1375,3.0
2015-04-30 13:00:00+00:00,58.05,58.12,57.5,57.65,660743.0,57.7429,3672.0
2015-04-30 14:00:00+00:00,57.65,57.76,57.16,57.18,845472.0,57.4198,5920.0
2015-04-30 15:00:00+00:00,57.19,57.34,56.93,56.99,854904.0,57.1485,6494.0
2015-04-30 16:00:00+00:00,56.98,57.04,56.55,56.64,878459.0,56.8007,5911.0
2015-04-30 17:00:00+00:00,56.6365,56.85,56.09,56.235,1060878.0,56.4323,6908.0
2015-04-30 18:00:00+00:00,56.24,56.92,56.2348,56.65,1255212.0,56.6171,8829.0
2015-04-30 19:00:00+00:00,56.64,56.94,56.41,56.89,1859732.0,56.7478,14441.0
2015-04-30 20:00:00+00:00,56.9,56.9,56.8,56.8,62161.0,56.8996,15.0
2015-04-30 21:00:00+00:00,57.0,57.0,57.0,57.0,400.0,57.0,1.0
2015-05-01 12:00:00+00:00,56.92,56.92,56.9,56.9,2464.0,56.9026,7.0
2015-05-01 13:00:00+00:00,56.9,58.04,56.9,58.04,664058.0,57.558,3727.0
2015-05-01 14:00:00+00:00,58.04,58.4,57.86,58.26,1080173.0,58.1164,8432.0
2015-05-01 15:00:00+00:00,58.26,58.44,57.98,58.2,680898.0,58.2148,5190.0
2015-05-01 16:00:00+00:00,58.22,58.67,58.15,58.631,583139.0,58.4777,4385.0
2015-05-01 17:00:00+00:00,58.63,58.85,58.6,58.74,618459.0,58.731,4525.0
2015-05-01 18:00:00+00:00,58.74,59.14,58.74,59.12,573499.0,58.9718,4288.0
2015-05-01 19:00:00+00:00,59.11,59.12,58.89,58.91,1623926.0,58.9712,10812.0
2015-05-01 20:00:00+00:00,58.9,58.9,58.9,58.9,26103.0,58.9,13.0
2015-05-01 23:00:00+00:00,58.91,58.91,58.91,58.91,250.0,58.91,1.0
2015-05-04 13:00:00+00:00,59.1,59.11,57.95,58.17,657932.0,58.5457,3246.0
2015-05-04 14:00:00+00:00,58.17,58.29,57.72,58.028,1020514.0,57.9381,7031.0
2015-05-04 15:00:00+00:00,58.02,58.04,57.66,57.9351,793161.0,57.8068,4990.0
2015-05-04 16:00:00+00:00,57.94,58.0899,57.75,58.04,669971.0,57.9122,4991.0
2015-05-04 17:00:00+00:00,58.05,58.13,57.88,57.93,559459.0,57.9899,4517.0
2015-05-04 18:00:00+00:00,57.93,57.948,57.61,57.72,896243.0,57.8049,6025.0
2015-05-04 19:00:00+00:00,57.72,58.2,57.71,58.1,1890877.0,58.0456,10275.0
2015-05-04 20:00:00+00:00,58.11,58.11,58.0034,58.0034,4341.0,58.056,5.0
2015-05-04 21:00:00+00:00,58.38,58.38,58.38,58.38,100.0,58.38,1.0
2015-05-05 12:00:00+00:00,58.47,58.5,58.39,58.4,2920.0,58.472,14.0
2015-05-05 13:00:00+00:00,58.55,58.55,57.58,57.6,518104.0,57.9133,2976.0
2015-05-05 14:00:00+00:00,57.6,58.15,57.45,58.1001,800234.0,57.7617,5426.0
2015-05-05 15:00:00+00:00,58.1,58.18,57.73,57.87,401129.0,57.9124,3549.0
2015-05-05 16:00:00+00:00,57.88,58.17,57.88,58.07,260313.0,58.0519,2688.0
2015-05-05 17:00:00+00:00,58.07,58.14,57.88,58.06,320547.0,58.0196,2842.0
2015-05-05 18:00:00+00:00,58.05,58.298,58.02,58.05,554059.0,58.1711,4641.0
2015-05-05 19:00:00+00:00,58.05,58.16,57.97,58.03,1075939.0,58.0709,8160.0
2015-05-05 20:00:00+00:00,58.08,58.155,58.0023,58.0023,58051.0,58.0793,14.0
2015-05-05 23:00:00+00:00,58.02,58.02,58.02,58.02,750.0,58.02,7.0
2015-05-06 13:00:00+00:00,58.48,58.58,57.8,58.06,422423.0,58.1454,2400.0
2015-05-06 14:00:00+00:00,58.07,58.24,57.34,57.43,892883.0,57.7975,6374.0
2015-05-06 15:00:00+00:00,57.45,57.57,57.12,57.34,803071.0,57.3584,5978.0
2015-05-06 16:00:00+00:00,57.33,57.38,57.07,57.089,513887.0,57.1861,3167.0
2015-05-06 17:00:00+00:00,57.09,57.35,57.04,57.23,337721.0,57.2309,2903.0
2015-05-06 18:00:00+00:00,57.23,57.67,57.15,57.44,586881.0,57.4325,4878.0
2015-05-06 19:00:00+00:00,57.43,57.51,57.3016,57.5,886609.0,57.3933,6748.0
2015-05-06 20:00:00+00:00,57.52,57.52,57.113,57.5142,13892.0,57.4224,14.0
2015-05-07 13:00:00+00:00,57.6,57.83,57.12,57.27,521546.0,57.5889,2926.0
2015-05-07 14:00:00+00:00,57.25,57.685,57.2,57.57,669154.0,57.4584,4388.0
2015-05-07 15:00:00+00:00,57.5633,57.88,57.45,57.83,595519.0,57.665,4589.0
2015-05-07 16:00:00+00:00,57.85,57.895,57.67,57.71,470226.0,57.8076,3652.0
2015-05-07 17:00:00+00:00,57.72,58.075,57.71,57.975,369912.0,57.9223,2958.0
2015-05-07 18:00:00+00:00,57.98,57.99,57.55,57.79,597278.0,57.7823,4266.0
2015-05-07 19:00:00+00:00,57.78,57.8545,57.5,57.79,1123431.0,57.7052,8539.0
2015-05-07 20:00:00+00:00,57.79,57.79,57.7248,57.7248,26450.0,57.7844,12.0
2015-05-07 21:00:00+00:00,57.95,57.95,57.95,57.95,100.0,57.95,1.0
2015-05-07 22:00:00+00:00,57.8,57.8,57.8,57.8,450.0,57.8,3.0
2015-05-08 13:00:00+00:00,58.189,58.19,57.47,58.08,441011.0,57.8018,2728.0
2015-05-08 14:00:00+00:00,58.08,58.21,57.75,57.868,669102.0,58.0127,4234.0
2015-05-08 15:00:00+00:00,57.86,58.49,57.84,58.42,580108.0,58.2399,3830.0
2015-05-08 16:00:00+00:00,58.42,58.905,58.4,58.88,745915.0,58.7006,4328.0
2015-05-08 17:00:00+00:00,58.88,59.04,58.74,58.8,637801.0,58.8922,4452.0
2015-05-08 18:00:00+00:00,58.79,59.22,58.77,59.19,645075.0,59.0619,4443.0
2015-05-08 19:00:00+00:00,59.19,59.195,59.05,59.08,1489490.0,59.1103,10045.0
2015-05-08 20:00:00+00:00,59.09,59.09,59.09,59.09,6148.0,58.8844,9.0
2015-05-08 23:00:00+00:00,59.0,59.0,59.0,59.0,150.0,59.0,1.0
2015-05-11 12:00:00+00:00,58.99,58.99,58.9,58.9,1518.0,58.9253,5.0
2015-05-11 13:00:00+00:00,58.67,58.8,57.69,57.81,893343.0,58.1182,5827.0
2015-05-11 14:00:00+00:00,57.817,57.88,57.4,57.751,899834.0,57.6348,7092.0
2015-05-11 15:00:00+00:00,57.7599,57.86,57.44,57.71,610272.0,57.6584,4740.0
2015-05-11 16:00:00+00:00,57.69,57.791,57.41,57.6855,582490.0,57.5981,3862.0
2015-05-11 17:00:00+00:00,57.68,58.06,57.64,57.99,594927.0,57.9265,4267.0
2015-05-11 18:00:00+00:00,57.98,58.33,57.91,58.24,606719.0,58.1578,4310.0
2015-05-11 19:00:00+00:00,58.23,58.5,58.18,58.27,988921.0,58.3571,7065.0
2015-05-11 20:00:00+00:00,58.27,58.27,58.27,58.27,22707.0,58.27,9.0
2015-05-12 13:00:00+00:00,58.26,58.27,57.29,57.4398,569935.0,57.6558,2917.0
2015-05-12 14:00:00+00:00,57.44,57.96,57.42,57.73,500678.0,57.6956,3858.0
2015-05-12 15:00:00+00:00,57.73,58.05,57.71,57.82,645651.0,57.9306,3251.0
2015-05-12 16:00:00+00:00,57.82,57.83,57.365,57.57,438384.0,57.5408,3021.0
2015-05-12 17:00:00+00:00,57.57,57.73,57.52,57.52,380979.0,57.6516,3017.0
2015-05-12 18:00:00+00:00,57.53,57.7,57.5,57.66,445587.0,57.6258,3410.0
2015-05-12 19:00:00+00:00,57.66,57.72,57.51,57.54,1178100.0,57.568,7629.0
2015-05-12 20:00:00+00:00,57.53,57.68,57.53,57.68,5429.0,57.5529,14.0
2015-05-12 22:00:00+00:00,57.71,57.75,57.7,57.75,2500.0,57.7206,8.0
2015-05-13 12:00:00+00:00,57.81,57.82,57.81,57.82,2381.0,57.8187,5.0
2015-05-13 13:00:00+00:00,57.78,58.67,57.73,57.93,615690.0,58.0883,2683.0
2015-05-13 14:00:00+00:00,57.95,58.16,57.81,57.8902,678217.0,57.9668,4646.0
2015-05-13 15:00:00+00:00,57.89,58.229,57.84,58.135,463870.0,58.0683,3369.0
2015-05-13 16:00:00+00:00,58.14,58.325,58.0,58.1938,352081.0,58.1786,2822.0
2015-05-13 17:00:00+00:00,58.19,58.29,58.11,58.17,365051.0,58.204,3132.0
2015-05-13 18:00:00+00:00,58.17,58.4856,58.16,58.4,588947.0,58.3254,4409.0
2015-05-13 19:00:00+00:00,58.405,58.42,58.16,58.27,1090220.0,58.263,7820.0
2015-05-13 20:00:00+00:00,58.28,58.28,58.28,58.28,40489.0,58.28,9.0
2015-05-13 21:00:00+00:00,58.55,58.55,58.55,58.55,39038.0,58.2807,2.0
2015-05-13 22:00:00+00:00,58.36,58.36,58.36,58.36,160.0,58.36,2.0
2015-05-13 23:00:00+00:00,58.28,58.28,58.28,58.28,180.0,58.28,2.0
2015-05-14 13:00:00+00:00,58.5,59.5,58.48,59.4712,517249.0,59.0364,2510.0
2015-05-14 14:00:00+00:00,59.48,59.72,59.45,59.66,754240.0,59.6128,5279.0
2015-05-14 15:00:00+00:00,59.67,59.92,59.58,59.87,951361.0,59.7457,4990.0
2015-05-14 16:00:00+00:00,59.86,59.87,59.53,59.649,435220.0,59.7039,2939.0
2015-05-14 17:00:00+00:00,59.64,59.82,59.49,59.65,570582.0,59.6478,3572.0
2015-05-14 18:00:00+00:00,59.64,59.85,59.6,59.785,486851.0,59.7392,3591.0
2015-05-14 19:00:00+00:00,59.79,59.9,59.745,59.78,1121346.0,59.8108,8112.0
2015-05-14 20:00:00+00:00,59.79,59.79,59.79,59.79,12959.0,59.7111,11.0
2015-05-14 21:00:00+00:00,59.7,59.7,59.7,59.7,2090.0,59.7,8.0
2015-05-15 12:00:00+00:00,60.0,60.0,60.0,60.0,610.0,60.0,5.0
2015-05-15 13:00:00+00:00,59.68,60.04,59.02,60.0098,573506.0,59.6919,2963.0
2015-05-15 14:00:00+00:00,60.0,60.14,59.77,59.81,933752.0,59.963,5528.0
2015-05-15 15:00:00+00:00,59.78,59.81,59.35,59.58,699300.0,59.5003,4241.0
2015-05-15 16:00:00+00:00,59.59,59.83,59.56,59.765,327399.0,59.7122,2735.0
2015-05-15 17:00:00+00:00,59.76,59.79,59.53,59.68,449155.0,59.6571,3205.0
2015-05-15 18:00:00+00:00,59.675,59.935,59.53,59.93,427719.0,59.741,3551.0
2015-05-15 19:00:00+00:00,59.93,59.935,59.59,59.63,1008136.0,59.6962,6632.0
2015-05-15 20:00:00+00:00,59.62,59.62,59.54,59.55,21835.0,59.619,8.0
2015-05-18 13:00:00+00:00,59.5,60.37,59.26,60.3432,561307.0,59.7418,3188.0
2015-05-18 14:00:00+00:00,60.3402,60.54,60.17,60.282,660438.0,60.3097,4733.0
2015-05-18 15:00:00+00:00,60.29,60.555,60.08,60.52,388359.0,60.3082,3125.0
2015-05-18 16:00:00+00:00,60.51,60.5298,60.3301,60.4,319184.0,60.4297,2337.0
2015-05-18 17:00:00+00:00,60.41,60.52,60.28,60.31,418368.0,60.4373,2912.0
2015-05-18 18:00:00+00:00,60.31,60.52,60.31,60.5,403289.0,60.4708,3150.0
2015-05-18 19:00:00+00:00,60.505,60.52,60.4,60.4138,845392.0,60.4613,6466.0
2015-05-18 20:00:00+00:00,60.41,60.41,60.41,60.41,5022.0,60.41,5.0
2015-05-18 21:00:00+00:00,60.2,60.2,60.2,60.2,100.0,60.2,1.0
2015-05-19 12:00:00+00:00,60.41,60.41,60.41,60.41,1701.0,60.41,1.0
2015-05-19 13:00:00+00:00,60.2,60.5824,59.86,60.58,494216.0,60.3453,2814.0
2015-05-19 14:00:00+00:00,60.58,60.72,60.23,60.23,863590.0,60.5371,4382.0
2015-05-19 15:00:00+00:00,60.23,60.56,60.22,60.29,355686.0,60.4095,2955.0
2015-05-19 16:00:00+00:00,60.29,60.32,60.0645,60.08,296195.0,60.1836,2323.0
2015-05-19 17:00:00+00:00,60.07,60.35,60.0041,60.3262,345977.0,60.1686,2636.0
2015-05-19 18:00:00+00:00,60.32,60.36,59.98,60.105,409729.0,60.1487,2931.0
2015-05-19 19:00:00+00:00,60.1,60.11,59.765,59.9,1176254.0,59.8823,8046.0
2015-05-19 20:00:00+00:00,59.88,59.88,59.87,59.87,6008.0,59.8798,11.0
2015-05-19 23:00:00+00:00,59.881,59.881,59.881,59.881,100.0,59.881,1.0
2015-05-20 13:00:00+00:00,59.93,60.1997,59.63,59.82,460225.0,59.8494,2792.0
2015-05-20 14:00:00+00:00,59.82,60.57,59.75,60.06,776978.0,60.2388,5426.0
2015-05-20 15:00:00+00:00,60.08,60.18,59.7,59.75,449866.0,59.9886,3338.0
2015-05-20 16:00:00+00:00,59.76,59.92,59.71,59.85,390231.0,59.813,3002.0
2015-05-20 17:00:00+00:00,59.87,59.94,59.77,59.778,270876.0,59.8393,2152.0
2015-05-20 18:00:00+00:00,59.78,60.25,59.78,60.155,791809.0,60.049,4374.0
2015-05-20 19:00:00+00:00,60.155,60.31,60.03,60.26,881900.0,60.1995,6434.0
2015-05-20 20:00:00+00:00,60.23,60.23,60.23,60.23,5534.0,60.23,6.0
2015-05-20 22:00:00+00:00,60.07,60.07,60.07,60.07,500.0,60.1078,4.0
2015-05-21 13:00:00+00:00,60.2,60.21,59.85,60.1,380623.0,60.0667,2102.0
2015-05-21 14:00:00+00:00,60.09,60.37,59.93,60.22,601206.0,60.1263,4195.0
2015-05-21 15:00:00+00:00,60.22,60.64,60.14,60.45,660007.0,60.365,3966.0
2015-05-21 16:00:00+00:00,60.44,60.69,60.4,60.55,279146.0,60.5626,2061.0
2015-05-21 17:00:00+00:00,60.54,60.56,60.38,60.4,262774.0,60.4578,2358.0
2015-05-21 18:00:00+00:00,60.4,60.74,60.37,60.7,492017.0,60.6362,3639.0
2015-05-21 19:00:00+00:00,60.7,60.73,60.46,60.61,830774.0,60.5917,6594.0
2015-05-21 20:00:00+00:00,60.61,60.61,60.61,60.61,5611.0,60.61,11.0
2015-05-22 13:00:00+00:00,60.4,60.95,60.2,60.95,324315.0,60.6439,2153.0
2015-05-22 14:00:00+00:00,60.93,61.25,60.87,60.97,575626.0,61.0911,4045.0
2015-05-22 15:00:00+00:00,60.96,61.005,60.68,60.827,434536.0,60.8487,2797.0
2015-05-22 16:00:00+00:00,60.825,60.97,60.7,60.95,327660.0,60.8364,2525.0
2015-05-22 17:00:00+00:00,60.94,61.07,60.83,60.98,356700.0,60.9535,3202.0
2015-05-22 18:00:00+00:00,60.98,61.16,60.93,61.055,418061.0,61.0301,3492.0
2015-05-22 19:00:00+00:00,61.06,61.125,60.95,61.0,879593.0,61.0571,7021.0
2015-05-22 20:00:00+00:00,60.99,60.99,60.9611,60.9611,28110.0,60.9622,3.0
2015-05-26 12:00:00+00:00,61.2,61.2,61.2,61.2,275.0,61.1639,3.0
2015-05-26 13:00:00+00:00,61.1,61.1,59.71,59.98,970105.0,60.1662,4205.0
2015-05-26 14:00:00+00:00,59.96,60.014,59.22,59.28,1228835.0,59.5071,8089.0
2015-05-26 15:00:00+00:00,59.29,59.675,59.24,59.3,712223.0,59.4502,5487.0
2015-05-26 16:00:00+00:00,59.29,59.53,59.11,59.35,649062.0,59.317,4370.0
2015-05-26 17:00:00+00:00,59.35,59.62,59.26,59.38,572805.0,59.3981,4009.0
2015-05-26 18:00:00+00:00,59.38,59.4,59.13,59.21,435260.0,59.2816,3290.0
2015-05-26 19:00:00+00:00,59.21,59.57,59.205,59.53,1412420.0,59.4583,9593.0
2015-05-26 20:00:00+00:00,59.53,60.12,59.41,59.53,226827.0,59.5298,11.0
2015-05-26 21:00:00+00:00,59.54,59.54,59.54,59.54,200.0,59.54,1.0
2015-05-27 12:00:00+00:00,60.19,60.26,59.82,59.82,6409.0,60.0526,40.0
2015-05-27 13:00:00+00:00,59.85,60.0,59.3601,59.79,728446.0,59.6438,3356.0
2015-05-27 14:00:00+00:00,59.8,59.8975,58.9,59.2789,1442854.0,59.2322,6758.0
2015-05-27 15:00:00+00:00,59.3,59.53,59.08,59.51,662310.0,59.3213,4218.0
2015-05-27 16:00:00+00:00,59.51,59.64,59.49,59.5899,709723.0,59.525,4064.0
2015-05-27 17:00:00+00:00,59.59,59.65,59.5,59.526,486892.0,59.5299,3314.0
2015-05-27 18:00:00+00:00,59.525,59.54,58.885,59.15,1134841.0,59.1606,5880.0
2015-05-27 19:00:00+00:00,59.15,59.29,59.06,59.14,1282617.0,59.1909,9618.0
2015-05-27 20:00:00+00:00,59.15,59.36,59.15,59.36,24259.0,59.1737,32.0
2015-05-27 22:00:00+00:00,59.56,59.6,59.56,59.6,1680.0,59.5775,10.0
2015-05-28 13:00:00+00:00,59.05,59.79,58.98,59.15,610627.0,59.3484,3154.0
2015-05-28 14:00:00+00:00,59.14,59.3298,58.6,59.0,613346.0,58.9109,4619.0
2015-05-28 15:00:00+00:00,59.0,59.2,58.89,58.94,646818.0,59.0552,5243.0
2015-05-28 16:00:00+00:00,58.945,59.15,58.92,58.95,535788.0,59.014,3793.0
2015-05-28 17:00:00+00:00,58.94,59.1,58.78,58.81,408625.0,58.9016,3309.0
2015-05-28 18:00:00+00:00,58.8,59.0,58.735,58.79,419217.0,58.8386,3446.0
2015-05-28 19:00:00+00:00,58.79,58.95,58.74,58.9,1234111.0,58.8543,9036.0
2015-05-28 20:00:00+00:00,58.92,58.92,58.92,58.92,46425.0,58.9426,9.0
2015-05-28 21:00:00+00:00,58.92,58.92,58.92,58.92,110.0,58.92,1.0
2015-05-28 23:00:00+00:00,58.97,58.97,58.97,58.97,100.0,58.97,1.0
2015-05-29 12:00:00+00:00,58.85,58.85,58.69,58.69,400.0,58.77,3.0
2015-05-29 13:00:00+00:00,58.8,60.48,58.585,59.13,1283613.0,59.3816,7362.0
2015-05-29 14:00:00+00:00,59.16,59.73,58.88,59.0201,1027844.0,59.333,7708.0
2015-05-29 15:00:00+00:00,59.02,59.05,58.18,58.6901,1435934.0,58.6646,9190.0
2015-05-29 16:00:00+00:00,58.7,59.44,58.7,59.36,505841.0,59.1456,3788.0
2015-05-29 17:00:00+00:00,59.35,59.374,58.95,59.09,495803.0,59.1396,3813.0
2015-05-29 18:00:00+00:00,59.09,59.22,58.945,59.12,437001.0,59.0692,3610.0
2015-05-29 19:00:00+00:00,59.12,59.48,59.08,59.23,1366648.0,59.3,11212.0
2015-05-29 20:00:00+00:00,59.24,59.2607,59.2,59.237,134251.0,59.2461,23.0
2015-05-29 21:00:00+00:00,59.27,59.27,59.2,59.2,400.0,59.2205,3.0
2015-06-01 12:00:00+00:00,59.2,59.2,59.1,59.1,3361.0,59.2326,3.0
2015-06-01 13:00:00+00:00,59.21,59.85,58.83,59.7,711050.0,59.2386,4275.0
2015-06-01 14:00:00+00:00,59.73,59.94,58.99,59.06,763917.0,59.413,6424.0
2015-06-01 15:00:00+00:00,59.07,59.16,58.99,59.01,564569.0,59.0431,4527.0
2015-06-01 16:00:00+00:00,59.004,59.25,58.97,59.0999,392420.0,59.0848,3087.0
2015-06-01 17:00:00+00:00,59.1,59.25,58.95,59.25,505601.0,59.0764,3547.0
2015-06-01 18:00:00+00:00,59.25,59.515,58.77,58.81,682315.0,59.189,5017.0
2015-06-01 19:00:00+00:00,58.81,58.95,58.7,58.76,1129037.0,58.812,8639.0
2015-06-01 20:00:00+00:00,58.78,59.1364,58.7,58.7,41137.0,59.0203,18.0
2015-06-02 13:00:00+00:00,58.99,58.99,58.27,58.29,690362.0,58.547,4056.0
2015-06-02 14:00:00+00:00,58.275,58.46,58.17,58.28,764020.0,58.313,5664.0
2015-06-02 15:00:00+00:00,58.29,58.32,57.84,58.1,632836.0,58.0378,4677.0
2015-06-02 16:00:00+00:00,58.109,58.46,58.07,58.46,429794.0,58.302,2907.0
2015-06-02 17:00:00+00:00,58.46,58.68,58.285,58.64,469175.0,58.4697,3647.0
2015-06-02 18:00:00+00:00,58.64,58.85,58.46,58.5,570051.0,58.6759,3863.0
2015-06-02 19:00:00+00:00,58.495,58.6,58.315,58.51,1047059.0,58.4699,8299.0
2015-06-02 20:00:00+00:00,58.51,58.51,58.4304,58.4304,16588.0,58.499,8.0
2015-06-02 21:00:00+00:00,58.6,58.6,58.6,58.6,100.0,58.6,1.0
2015-06-03 13:00:00+00:00,58.37,58.37,57.88,58.14,536321.0,58.0943,2732.0
2015-06-03 14:00:00+00:00,58.13,58.1701,57.9,57.935,855805.0,58.0409,4631.0
2015-06-03 15:00:00+00:00,57.93,57.97,57.65,57.76,814396.0,57.8243,4681.0
2015-06-03 16:00:00+00:00,57.73,57.78,57.45,57.54,534861.0,57.5641,3687.0
2015-06-03 17:00:00+00:00,57.55,57.906,57.43,57.87,642653.0,57.6564,4594.0
2015-06-03 18:00:00+00:00,57.88,57.995,57.79,57.88,526609.0,57.8825,3889.0
2015-06-03 19:00:00+00:00,57.88,57.97,57.72,57.765,886752.0,57.8164,6972.0
2015-06-03 20:00:00+00:00,57.76,57.8601,57.75,57.8601,13908.0,57.7762,14.0
2015-06-03 22:00:00+00:00,57.9,57.9,57.87,57.87,200.0,57.885,2.0
2015-06-03 23:00:00+00:00,57.95,57.95,57.86,57.93,450.0,57.8969,4.0
2015-06-04 12:00:00+00:00,57.76,57.76,57.759,57.759,200.0,57.7595,2.0
2015-06-04 13:00:00+00:00,57.75,57.75,57.02,57.49,691961.0,57.2372,3480.0
2015-06-04 14:00:00+00:00,57.47,57.82,57.05,57.0871,670333.0,57.3384,4942.0
2015-06-04 15:00:00+00:00,57.08,57.32,57.05,57.15,535201.0,57.1808,3920.0
2015-06-04 16:00:00+00:00,57.15,57.55,57.14,57.47,560454.0,57.3961,3395.0
2015-06-04 17:00:00+00:00,57.45,57.46,56.99,57.02,516675.0,57.1134,3710.0
2015-06-04 18:00:00+00:00,57.0,57.11,56.99,57.02,416331.0,57.023,3140.0
2015-06-04 19:00:00+00:00,57.015,57.09,56.76,56.89,1162375.0,56.9098,8272.0
2015-06-04 20:00:00+00:00,56.88,57.1696,56.88,56.88,6638.0,56.9894,7.0
2015-06-04 21:00:00+00:00,56.88,56.88,56.88,56.88,194453.0,56.88,1.0
2015-06-04 23:00:00+00:00,56.8801,56.8801,56.88,56.88,600.0,56.88,3.0
2015-06-05 13:00:00+00:00,56.87,57.89,56.86,57.76,602007.0,57.4987,3727.0
2015-06-05 14:00:00+00:00,57.74,58.24,57.62,57.86,1107976.0,57.9559,7833.0
2015-06-05 15:00:00+00:00,57.852,58.1001,57.83,58.03,628949.0,57.9665,4712.0
2015-06-05 16:00:00+00:00,58.03,58.0747,57.78,57.91,341907.0,57.9384,2891.0
2015-06-05 17:00:00+00:00,57.91,57.93,57.7,57.77,550791.0,57.7682,3926.0
2015-06-05 18:00:00+00:00,57.76,57.91,57.675,57.81,642926.0,57.7768,4296.0
2015-06-05 19:00:00+00:00,57.8063,57.86,57.7,57.75,1092655.0,57.7702,7971.0
2015-06-05 20:00:00+00:00,57.74,57.853,57.74,57.85,31159.0,57.7498,9.0
2015-06-05 21:00:00+00:00,57.75,57.75,57.74,57.74,119886.0,57.74,3.0
2015-06-08 12:00:00+00:00,57.26,57.26,57.26,57.26,1720.0,57.2663,2.0
2015-06-08 13:00:00+00:00,57.6,57.78,57.301,57.4692,475862.0,57.5844,3091.0
2015-06-08 14:00:00+00:00,57.49,58.09,57.49,57.9365,550250.0,57.9044,3845.0
2015-06-08 15:00:00+00:00,57.93,57.93,57.51,57.725,424313.0,57.708,3396.0
2015-06-08 16:00:00+00:00,57.73,57.965,57.72,57.885,323046.0,57.8498,2763.0
2015-06-08 17:00:00+00:00,57.88,57.91,57.53,57.5301,468546.0,57.7013,3804.0
2015-06-08 18:00:00+00:00,57.54,57.82,57.4,57.82,519123.0,57.583,4242.0
2015-06-08 19:00:00+00:00,57.83,57.83,57.615,57.64,889464.0,57.695,7134.0
2015-06-08 20:00:00+00:00,57.62,57.62,57.62,57.62,10450.0,57.62,5.0
2015-06-09 12:00:00+00:00,57.62,57.62,57.62,57.62,300.0,57.62,2.0
2015-06-09 13:00:00+00:00,57.62,58.14,57.37,57.43,321305.0,57.6653,2029.0
2015-06-09 14:00:00+00:00,57.42,57.61,57.31,57.6,596303.0,57.4558,4277.0
2015-06-09 15:00:00+00:00,57.6,57.79,57.45,57.73,332026.0,57.6401,2597.0
2015-06-09 16:00:00+00:00,57.74,57.76,57.4299,57.46,253723.0,57.5362,2070.0
2015-06-09 17:00:00+00:00,57.47,57.65,57.28,57.32,307687.0,57.4728,2388.0
2015-06-09 18:00:00+00:00,57.32,57.54,57.31,57.371,441136.0,57.4455,2964.0
2015-06-09 19:00:00+00:00,57.37,57.41,57.15,57.15,1161925.0,57.2492,7466.0
2015-06-09 20:00:00+00:00,57.15,57.15,57.15,57.15,8345.0,57.15,7.0
2015-06-09 23:00:00+00:00,57.3,57.3,57.3,57.3,500.0,57.3,1.0
2015-06-10 13:00:00+00:00,57.88,58.43,57.43,58.17,644947.0,57.98,3266.0
2015-06-10 14:00:00+00:00,58.16,58.4216,58.08,58.31,707159.0,58.2681,4698.0
2015-06-10 15:00:00+00:00,58.32,58.49,58.11,58.37,600004.0,58.3219,4023.0
2015-06-10 16:00:00+00:00,58.37,58.68,58.37,58.53,648462.0,58.5942,4560.0
2015-06-10 17:00:00+00:00,58.53,58.53,58.12,58.24,450573.0,58.2975,3224.0
2015-06-10 18:00:00+00:00,58.24,58.44,58.115,58.365,613008.0,58.2938,4271.0
2015-06-10 19:00:00+00:00,58.36,58.37,58.105,58.22,1121896.0,58.2492,7934.0
2015-06-10 20:00:00+00:00,58.21,58.21,58.21,58.21,21886.0,58.21,7.0
2015-06-10 22:00:00+00:00,58.15,58.15,58.15,58.15,125.0,58.15,2.0
2015-06-11 12:00:00+00:00,58.44,58.44,58.44,58.44,1000.0,58.44,5.0
2015-06-11 13:00:00+00:00,58.44,59.35,58.26,59.18,567043.0,58.849,3533.0
2015-06-11 14:00:00+00:00,59.18,60.19,59.18,59.83,1462256.0,59.8169,9033.0
2015-06-11 15:00:00+00:00,59.82,59.9898,59.51,59.656,937242.0,59.72,6590.0
2015-06-11 16:00:00+00:00,59.6501,59.91,59.62,59.906,621214.0,59.7781,4401.0
2015-06-11 17:00:00+00:00,59.91,60.07,59.86,59.94,477409.0,59.9547,3689.0
2015-06-11 18:00:00+00:00,59.94,60.02,59.66,59.6768,635568.0,59.8621,4828.0
2015-06-11 19:00:00+00:00,59.6738,59.76,59.57,59.66,1519004.0,59.6543,9924.0
2015-06-11 20:00:00+00:00,59.65,60.0,59.65,60.0,4570.0,59.6996,4.0
2015-06-12 12:00:00+00:00,59.58,59.58,59.38,59.38,669.0,59.4305,7.0
2015-06-12 13:00:00+00:00,59.3,59.36,58.77,58.85,338915.0,59.1158,1654.0
2015-06-12 14:00:00+00:00,58.84,58.96,58.599,58.61,719825.0,58.7926,4893.0
2015-06-12 15:00:00+00:00,58.61,59.0,58.5749,58.91,437334.0,58.7887,3315.0
2015-06-12 16:00:00+00:00,58.92,58.99,58.85,58.93,338217.0,58.9316,2237.0
2015-06-12 17:00:00+00:00,58.93,58.94,58.66,58.69,289540.0,58.8152,2271.0
2015-06-12 18:00:00+00:00,58.7,58.81,58.52,58.81,360668.0,58.6366,2764.0
2015-06-12 19:00:00+00:00,58.81,58.97,58.79,58.83,1216655.0,58.8824,8433.0
2015-06-12 20:00:00+00:00,58.85,58.85,58.85,58.85,268455.0,58.85,6.0
2015-06-12 21:00:00+00:00,58.95,58.95,58.85,58.85,2295.0,58.855,5.0
2015-06-15 12:00:00+00:00,58.5,58.5,58.28,58.28,410.0,58.3385,3.0
2015-06-15 13:00:00+00:00,58.28,58.63,58.17,58.25,415458.0,58.3845,1895.0
2015-06-15 14:00:00+00:00,58.22,58.54,57.95,58.51,703107.0,58.2916,3895.0
2015-06-15 15:00:00+00:00,58.53,58.78,58.255,58.42,483560.0,58.4916,3412.0
2015-06-15 16:00:00+00:00,58.41,58.5799,58.36,58.46,498060.0,58.4565,2702.0
2015-06-15 17:00:00+00:00,58.455,58.52,58.275,58.37,792967.0,58.398,5152.0
2015-06-15 18:00:00+00:00,58.36,58.44,58.02,58.07,517332.0,58.2445,3610.0
2015-06-15 19:00:00+00:00,58.06,58.47,58.06,58.47,1056901.0,58.3804,7159.0
2015-06-15 20:00:00+00:00,58.47,58.47,58.45,58.45,11600.0,58.4698,6.0
2015-06-16 13:00:00+00:00,58.36,58.85,58.27,58.489,401637.0,58.5921,1911.0
2015-06-16 14:00:00+00:00,58.47,58.51,58.3,58.36,415277.0,58.4078,2726.0
2015-06-16 15:00:00+00:00,58.36,58.8,58.33,58.78,342502.0,58.5471,2345.0
2015-06-16 16:00:00+00:00,58.78,58.79,58.46,58.4631,265970.0,58.6025,1901.0
2015-06-16 17:00:00+00:00,58.47,58.71,58.47,58.639,242912.0,58.5954,1978.0
2015-06-16 18:00:00+00:00,58.63,58.89,58.6,58.845,275031.0,58.7425,2035.0
2015-06-16 19:00:00+00:00,58.84,58.95,58.72,58.92,759574.0,58.8567,5876.0
2015-06-16 20:00:00+00:00,58.92,58.92,58.92,58.92,2004.0,58.92,10.0
2015-06-16 23:00:00+00:00,58.92,58.92,58.92,58.92,300.0,58.92,2.0
2015-06-17 11:00:00+00:00,59.38,59.38,59.37,59.37,800.0,59.3775,4.0
2015-06-17 12:00:00+00:00,59.22,59.22,59.22,59.22,100.0,59.22,1.0
2015-06-17 13:00:00+00:00,59.45,60.35,59.39,60.29,888156.0,60.0056,4798.0
2015-06-17 14:00:00+00:00,60.3099,60.61,59.44,59.69,1537590.0,60.169,10225.0
2015-06-17 15:00:00+00:00,59.69,59.7,59.2,59.47,654227.0,59.3781,4753.0
2015-06-17 16:00:00+00:00,59.46,59.54,59.15,59.22,398922.0,59.3302,3238.0
2015-06-17 17:00:00+00:00,59.22,59.65,59.065,59.64,554876.0,59.2651,4122.0
2015-06-17 18:00:00+00:00,59.64,59.91,59.49,59.87,632926.0,59.7009,5014.0
2015-06-17 19:00:00+00:00,59.88,59.89,59.59,59.615,1055700.0,59.7638,8171.0
2015-06-17 20:00:00+00:00,59.61,59.61,59.61,59.61,97529.0,59.61,10.0
2015-06-17 21:00:00+00:00,59.61,59.61,59.5,59.5,102004.0,59.6099,2.0
2015-06-17 22:00:00+00:00,59.29,59.5,59.29,59.5,5200.0,59.3425,13.0
2015-06-18 12:00:00+00:00,59.98,59.98,59.96,59.96,300.0,59.97,3.0
2015-06-18 13:00:00+00:00,59.68,60.08,59.64,59.72,596644.0,59.8285,3075.0
2015-06-18 14:00:00+00:00,59.7125,59.91,59.62,59.9,863391.0,59.804,5472.0
2015-06-18 15:00:00+00:00,59.9,60.35,59.83,60.31,696012.0,60.1114,5133.0
2015-06-18 16:00:00+00:00,60.31,60.41,60.16,60.32,887125.0,60.322,5935.0
2015-06-18 17:00:00+00:00,60.32,60.35,60.14,60.14,460437.0,60.2648,4022.0
2015-06-18 18:00:00+00:00,60.14,60.31,60.07,60.2,739529.0,60.1893,5090.0
2015-06-18 19:00:00+00:00,60.22,60.37,60.21,60.27,1300196.0,60.2895,9857.0
2015-06-18 20:00:00+00:00,60.27,60.27,60.27,60.27,14076.0,60.27,3.0
2015-06-19 12:00:00+00:00,60.11,60.11,60.11,60.11,100.0,60.11,1.0
2015-06-19 13:00:00+00:00,59.99,60.6,59.97,60.53,759022.0,60.1333,1899.0
2015-06-19 14:00:00+00:00,60.57,60.75,60.32,60.72,603321.0,60.5114,4225.0
2015-06-19 15:00:00+00:00,60.72,60.79,60.322,60.435,589539.0,60.5279,3874.0
2015-06-19 16:00:00+00:00,60.43,60.49,60.21,60.42,427582.0,60.3575,3257.0
2015-06-19 17:00:00+00:00,60.42,60.66,60.31,60.4639,525188.0,60.496,4085.0
2015-06-19 18:00:00+00:00,60.46,60.52,60.11,60.22,639669.0,60.3214,4806.0
2015-06-19 19:00:00+00:00,60.22,60.48,60.2,60.34,1588482.0,60.3574,11637.0
2015-06-19 20:00:00+00:00,60.33,60.4,60.3,60.33,25028.0,60.3351,16.0
2015-06-22 12:00:00+00:00,60.49,60.9,60.49,60.9,3055.0,60.688,10.0
2015-06-22 13:00:00+00:00,60.63,60.7,59.67,60.15,756255.0,60.0937,4630.0
2015-06-22 14:00:00+00:00,60.15,60.16,59.61,59.71,916534.0,59.8717,6649.0
2015-06-22 15:00:00+00:00,59.7,60.3,59.65,60.05,929746.0,60.0125,6464.0
2015-06-22 16:00:00+00:00,60.04,60.14,59.77,59.88,592156.0,59.9437,4174.0
2015-06-22 17:00:00+00:00,59.88,59.92,59.62,59.8,510815.0,59.7351,3761.0
2015-06-22 18:00:00+00:00,59.805,59.825,59.66,59.71,628515.0,59.7469,4614.0
2015-06-22 19:00:00+00:00,59.71,59.95,59.69,59.92,1160915.0,59.8432,8449.0
2015-06-22 20:00:00+00:00,59.92,59.97,59.92,59.92,52856.0,59.9363,14.0
2015-06-22 23:00:00+00:00,59.83,59.83,59.83,59.83,122.0,59.83,2.0
2015-06-23 13:00:00+00:00,60.2,60.39,59.9,60.35,704471.0,60.1977,3874.0
2015-06-23 14:00:00+00:00,60.36,60.72,60.26,60.52,738753.0,60.498,5491.0
2015-06-23 15:00:00+00:00,60.525,60.55,60.3,60.4801,516235.0,60.4118,4087.0
2015-06-23 16:00:00+00:00,60.48,60.71,60.39,60.69,392307.0,60.585,3267.0
2015-06-23 17:00:00+00:00,60.69,60.83,60.51,60.83,405433.0,60.6798,3267.0
2015-06-23 18:00:00+00:00,60.83,61.34,60.83,61.2199,1081203.0,61.1086,6599.0
2015-06-23 19:00:00+00:00,61.22,61.31,61.11,61.15,2083419.0,61.215,13106.0
2015-06-23 20:00:00+00:00,61.15,61.2,61.15,61.15,450169.0,61.1467,15.0
2015-06-24 12:00:00+00:00,61.15,61.15,61.15,61.15,250.0,61.15,1.0
2015-06-24 13:00:00+00:00,60.9,61.34,60.81,60.96,432280.0,61.0756,3046.0
2015-06-24 14:00:00+00:00,60.97,61.36,60.45,60.5,1302516.0,60.9266,9490.0
2015-06-24 15:00:00+00:00,60.52,60.73,60.3,60.57,736448.0,60.4867,5120.0
2015-06-24 16:00:00+00:00,60.5799,60.73,60.5,60.73,409175.0,60.6001,3178.0
2015-06-24 17:00:00+00:00,60.74,60.79,60.265,60.29,504025.0,60.5546,3789.0
2015-06-24 18:00:00+00:00,60.3,60.5,60.245,60.425,482942.0,60.3401,3812.0
2015-06-24 19:00:00+00:00,60.43,60.68,60.39,60.595,1246518.0,60.5884,8895.0
2015-06-24 20:00:00+00:00,60.61,60.61,60.595,60.61,251781.0,60.596,9.0
2015-06-25 12:00:00+00:00,60.5,60.5,60.5,60.5,500.0,60.5,1.0
2015-06-25 13:00:00+00:00,60.57,60.57,60.04,60.09,379680.0,60.2074,2461.0
2015-06-25 14:00:00+00:00,60.09,60.66,60.03,60.66,482495.0,60.3228,3598.0
2015-06-25 15:00:00+00:00,60.67,60.809,60.56,60.69,387741.0,60.6614,2798.0
2015-06-25 16:00:00+00:00,60.68,60.68,60.46,60.57,329439.0,60.5611,2642.0
2015-06-25 17:00:00+00:00,60.5742,60.73,60.46,60.685,380328.0,60.5905,2827.0
2015-06-25 18:00:00+00:00,60.67,60.68,60.17,60.27,493750.0,60.3456,3478.0
2015-06-25 19:00:00+00:00,60.28,60.415,60.17,60.3,995636.0,60.2847,6936.0
2015-06-25 20:00:00+00:00,60.31,60.31,60.31,60.31,10773.0,60.31,3.0
2015-06-26 12:00:00+00:00,60.0,60.0,60.0,60.0,600.0,60.0,2.0
2015-06-26 13:00:00+00:00,60.3,60.78,60.13,60.61,376377.0,60.4887,2320.0
2015-06-26 14:00:00+00:00,60.614,60.75,60.43,60.49,302797.0,60.585,2288.0
2015-06-26 15:00:00+00:00,60.49,60.78,60.44,60.73,382255.0,60.5922,2945.0
2015-06-26 16:00:00+00:00,60.7301,61.18,60.71,61.05,526072.0,61.0065,4138.0
2015-06-26 17:00:00+00:00,61.04,61.23,60.82,61.11,481615.0,61.048,3954.0
2015-06-26 18:00:00+00:00,61.11,61.33,61.08,61.28,668344.0,61.2174,5154.0
2015-06-26 19:00:00+00:00,61.28,61.43,60.8,60.9,2261052.0,61.0352,14623.0
2015-06-26 20:00:00+00:00,60.85,61.08,60.5433,60.96,357538.0,60.9002,33.0
2015-06-29 11:00:00+00:00,60.0,60.0,60.0,60.0,150.0,60.0167,3.0
2015-06-29 12:00:00+00:00,60.22,60.22,60.22,60.22,310.0,60.22,4.0
2015-06-29 13:00:00+00:00,60.02,61.12,60.02,61.1,587898.0,60.5759,3243.0
2015-06-29 14:00:00+00:00,61.105,61.176,60.74,60.785,549457.0,60.978,4112.0
2015-06-29 15:00:00+00:00,60.79,60.82,60.32,60.6,450425.0,60.5221,3760.0
2015-06-29 16:00:00+00:00,60.6099,60.84,60.505,60.81,422686.0,60.6383,3403.0
2015-06-29 17:00:00+00:00,60.81,60.84,60.54,60.55,505975.0,60.7019,3731.0
2015-06-29 18:00:00+00:00,60.55,60.575,60.3,60.44,633598.0,60.4113,4941.0
2015-06-29 19:00:00+00:00,60.435,60.725,60.42,60.57,2049031.0,60.6074,14430.0
2015-06-29 20:00:00+00:00,60.56,60.56,60.56,60.56,13213.0,60.56,17.0
2015-06-29 22:00:00+00:00,60.56,60.56,60.56,60.56,500.0,60.56,2.0
2015-06-29 23:00:00+00:00,60.78,60.78,60.78,60.78,150.0,60.78,1.0
2015-06-30 12:00:00+00:00,60.5,60.5,60.5,60.5,400.0,60.5,1.0
2015-06-30 13:00:00+00:00,61.12,62.44,61.06,62.305,1086107.0,61.8905,6407.0
2015-06-30 14:00:00+00:00,62.31,63.08,62.28,62.91,1858739.0,62.8015,10626.0
2015-06-30 15:00:00+00:00,62.92,63.17,62.27,62.27,1639996.0,62.789,9980.0
2015-06-30 16:00:00+00:00,62.265,62.45,62.19,62.27,1059946.0,62.32,6668.0
2015-06-30 17:00:00+00:00,62.271,62.76,62.01,62.67,753754.0,62.353,5511.0
2015-06-30 18:00:00+00:00,62.66,63.1,62.54,62.95,992080.0,62.8681,7105.0
2015-06-30 19:00:00+00:00,62.95,62.99,62.59,62.59,1955969.0,62.7674,13235.0
2015-06-30 20:00:00+00:00,62.6,62.62,62.59,62.62,157099.0,62.5912,15.0
2015-06-30 21:00:00+00:00,62.747,62.76,62.72,62.72,1470.0,62.7421,12.0
2015-06-30 23:00:00+00:00,62.6,62.6,62.6,62.6,800.0,62.6,1.0
2015-07-01 11:00:00+00:00,63.96,63.96,63.96,63.96,100.0,63.96,1.0
2015-07-01 12:00:00+00:00,62.6,63.32,62.6,63.32,3569.0,62.9423,17.0
2015-07-01 13:00:00+00:00,62.6,63.45,62.6,63.41,656973.0,63.1794,3711.0
2015-07-01 14:00:00+00:00,63.43,63.62,63.17,63.56,1015986.0,63.428,7826.0
2015-07-01 15:00:00+00:00,63.58,63.88,63.47,63.76,812561.0,63.7761,5547.0
2015-07-01 16:00:00+00:00,63.76,64.65,63.71,64.64,1226441.0,64.2126,7886.0
2015-07-01 17:00:00+00:00,64.63,64.94,64.3635,64.47,1261725.0,64.6335,8531.0
2015-07-01 18:00:00+00:00,64.47,64.97,64.44,64.9,1126588.0,64.79,7888.0
2015-07-01 19:00:00+00:00,64.9,64.95,64.45,64.48,1994343.0,64.686,14291.0
2015-07-01 20:00:00+00:00,64.47,64.53,64.47,64.47,170430.0,64.4588,14.0
2015-07-01 22:00:00+00:00,64.48,64.48,64.48,64.48,100.0,64.48,1.0
2015-07-02 12:00:00+00:00,64.89,64.89,64.89,64.89,100.0,64.89,1.0
2015-07-02 13:00:00+00:00,64.47,64.99,64.28,64.96,623147.0,64.6397,2822.0
2015-07-02 14:00:00+00:00,64.98,65.68,64.92,65.29,1056534.0,65.4019,6627.0
2015-07-02 15:00:00+00:00,65.29,65.4392,64.93,65.2237,577201.0,65.2193,4483.0
2015-07-02 16:00:00+00:00,65.22,65.28,65.03,65.261,610999.0,65.1598,4334.0
2015-07-02 17:00:00+00:00,65.26,65.29,64.86,64.88,604520.0,65.0965,4584.0
2015-07-02 18:00:00+00:00,64.87,65.0,64.58,64.71,672216.0,64.7116,4861.0
2015-07-02 19:00:00+00:00,64.71,64.925,64.68,64.73,1383651.0,64.782,9839.0
2015-07-02 20:00:00+00:00,64.72,65.0425,64.72,65.0425,7229.0,64.8229,6.0
2015-07-02 22:00:00+00:00,64.75,64.75,64.75,64.75,100.0,64.75,1.0
2015-07-02 23:00:00+00:00,64.75,64.75,64.75,64.75,134.0,64.7475,3.0
2015-07-06 12:00:00+00:00,64.55,64.55,64.55,64.55,180.0,64.635,3.0
2015-07-06 13:00:00+00:00,64.14,65.56,63.6,65.045,868036.0,64.8303,5037.0
2015-07-06 14:00:00+00:00,65.05,65.7,65.0,65.523,1392508.0,65.3038,8659.0
2015-07-06 15:00:00+00:00,65.52,65.58,65.17,65.47,784408.0,65.4326,6213.0
2015-07-06 16:00:00+00:00,65.46,65.5199,65.04,65.095,699239.0,65.3489,5481.0
2015-07-06 17:00:00+00:00,65.0975,65.39,65.02,65.31,562699.0,65.1791,4561.0
2015-07-06 18:00:00+00:00,65.31,65.44,65.03,65.19,936124.0,65.228,6236.0
2015-07-06 19:00:00+00:00,65.19,65.57,65.09,65.33,1732624.0,65.3232,13586.0
2015-07-06 20:00:00+00:00,65.34,65.34,65.34,65.34,46845.0,65.34,5.0
2015-07-06 21:00:00+00:00,65.39,65.71,65.39,65.41,2290.0,65.5293,13.0
2015-07-06 22:00:00+00:00,65.39,65.39,65.39,65.39,100.0,65.39,1.0
2015-07-06 23:00:00+00:00,65.43,65.43,65.43,65.43,265.0,65.43,1.0
2015-07-07 12:00:00+00:00,65.43,65.71,65.43,65.71,906.0,65.5855,6.0
2015-07-07 13:00:00+00:00,65.37,66.14,65.29,65.4799,1113339.0,65.6747,6398.0
2015-07-07 14:00:00+00:00,65.48,65.85,64.59,64.63,1615599.0,65.2943,9642.0
2015-07-07 15:00:00+00:00,64.63,64.68,63.85,64.63,1040151.0,64.3512,7808.0
2015-07-07 16:00:00+00:00,64.62,64.82,64.19,64.775,1358010.0,64.4929,9054.0
2015-07-07 17:00:00+00:00,64.78,64.9,64.33,64.5938,1425903.0,64.5676,9674.0
2015-07-07 18:00:00+00:00,64.6,65.03,64.35,65.0,1214996.0,64.6223,8166.0
2015-07-07 19:00:00+00:00,65.007,65.18,64.6,64.65,2582252.0,64.8977,17660.0
2015-07-07 20:00:00+00:00,64.65,64.98,64.49,64.98,16755.0,64.6821,15.0
2015-07-07 21:00:00+00:00,64.65,64.65,64.65,64.65,323186.0,64.65,1.0
2015-07-08 13:00:00+00:00,64.48,65.48,64.06,65.13,813114.0,64.989,5025.0
2015-07-08 14:00:00+00:00,65.13,65.18,63.78,64.16,1512155.0,64.401,10884.0
2015-07-08 15:00:00+00:00,64.16,64.39,63.64,63.8535,746265.0,64.0666,6532.0
2015-07-08 16:00:00+00:00,63.86,63.95,63.51,63.6,596356.0,63.6828,5518.0
2015-07-08 17:00:00+00:00,63.6,63.98,63.365,63.945,836264.0,63.6759,6669.0
2015-07-08 18:00:00+00:00,63.95,64.11,63.36,63.55,747758.0,63.7668,6733.0
2015-07-08 19:00:00+00:00,63.56,64.08,63.56,63.96,1574244.0,63.9001,13265.0
2015-07-08 20:00:00+00:00,63.98,64.1259,63.98,63.98,28514.0,64.0654,6.0
2015-07-08 21:00:00+00:00,63.71,63.71,63.71,63.71,100.0,63.71,1.0
2015-07-09 13:00:00+00:00,64.25,64.8,64.15,64.52,664968.0,64.5208,3883.0
2015-07-09 14:00:00+00:00,64.52,64.67,63.85,64.3806,753145.0,64.2276,5727.0
2015-07-09 15:00:00+00:00,64.39,64.46,64.06,64.06,567484.0,64.2369,4200.0
2015-07-09 16:00:00+00:00,64.05,64.5,64.02,64.39,534677.0,64.2975,4169.0
2015-07-09 17:00:00+00:00,64.4,64.48,64.275,64.45,640336.0,64.3645,4498.0
2015-07-09 18:00:00+00:00,64.46,64.54,64.08,64.255,712064.0,64.275,5232.0
2015-07-09 19:00:00+00:00,64.26,64.63,64.11,64.11,1378094.0,64.3443,9860.0
2015-07-09 20:00:00+00:00,64.11,64.11,64.11,64.11,162683.0,64.11,3.0
2015-07-09 21:00:00+00:00,64.0,64.0,63.98,63.98,200.0,63.99,2.0
2015-07-09 22:00:00+00:00,64.29,64.29,64.29,64.29,100.0,64.29,1.0
2015-07-09 23:00:00+00:00,64.57,64.6,64.57,64.59,2000.0,64.5972,9.0
2015-07-10 13:00:00+00:00,64.5,65.34,64.47,65.2,422727.0,64.9475,2430.0
2015-07-10 14:00:00+00:00,65.195,65.78,65.04,65.725,839251.0,65.3261,5413.0
2015-07-10 15:00:00+00:00,65.72,65.91,65.38,65.5,987353.0,65.6861,5469.0
2015-07-10 16:00:00+00:00,65.5028,65.75,65.47,65.58,478731.0,65.607,3672.0
2015-07-10 17:00:00+00:00,65.57,65.88,65.56,65.74,440742.0,65.7306,3074.0
2015-07-10 18:00:00+00:00,65.75,65.98,65.63,65.85,689287.0,65.8032,4776.0
2015-07-10 19:00:00+00:00,65.85,66.08,65.745,65.86,1646965.0,65.9565,10668.0
2015-07-10 20:00:00+00:00,65.87,66.0,65.85,65.9,35742.0,65.8042,23.0
2015-07-10 21:00:00+00:00,65.9,65.99,65.9,65.99,1200.0,65.9217,9.0
2015-07-10 22:00:00+00:00,65.987,65.987,65.987,65.987,300.0,65.987,2.0
2015-07-10 23:00:00+00:00,65.99,65.99,65.99,65.99,200.0,65.99,1.0
2015-07-13 11:00:00+00:00,65.91,65.91,65.9,65.9,714.0,65.9042,4.0
2015-07-13 12:00:00+00:00,66.0,66.49,66.0,66.48,2874.0,66.418,31.0
2015-07-13 13:00:00+00:00,66.49,66.88,65.73,66.3,1322658.0,66.2853,7140.0
2015-07-13 14:00:00+00:00,66.27,67.12,66.22,67.08,1179278.0,66.6201,6797.0
2015-07-13 15:00:00+00:00,67.0705,67.735,66.66,67.65,2483956.0,67.0949,9114.0
2015-07-13 16:00:00+00:00,67.65,67.85,67.43,67.731,752943.0,67.6256,5826.0
2015-07-13 17:00:00+00:00,67.7301,67.85,67.27,67.28,639875.0,67.4929,4868.0
2015-07-13 18:00:00+00:00,67.29,67.3,66.52,66.7101,878273.0,66.9459,6942.0
2015-07-13 19:00:00+00:00,66.71,66.92,66.71,66.84,1396466.0,66.8208,10819.0
2015-07-13 20:00:00+00:00,66.87,68.0,66.87,67.91,28572.0,67.3588,146.0
2015-07-13 21:00:00+00:00,68.0,68.7,67.72,68.53,73628.0,67.8167,54.0
2015-07-13 22:00:00+00:00,68.27,68.59,68.27,68.59,2357.0,68.4812,13.0
2015-07-13 23:00:00+00:00,68.42,68.7,68.42,68.6,2713.0,68.5456,13.0
2015-07-14 12:00:00+00:00,68.99,68.99,68.1,68.4,1700.0,68.17,4.0
2015-07-14 13:00:00+00:00,68.41,68.5,67.31,67.9072,1088517.0,67.879,5983.0
2015-07-14 14:00:00+00:00,67.939,67.939,67.25,67.29,1171965.0,67.5039,8167.0
2015-07-14 15:00:00+00:00,67.28,67.49,66.92,66.965,905921.0,67.2076,6627.0
2015-07-14 16:00:00+00:00,66.97,66.98,66.13,66.44,994783.0,66.5738,6732.0
2015-07-14 17:00:00+00:00,66.4478,66.548,66.11,66.32,555739.0,66.3057,4184.0
2015-07-14 18:00:00+00:00,66.33,66.65,66.26,66.54,592901.0,66.4961,4425.0
2015-07-14 19:00:00+00:00,66.535,66.63,66.19,66.28,1512285.0,66.3214,10683.0
2015-07-14 20:00:00+00:00,66.31,67.2864,66.21,66.25,359639.0,66.3473,26.0
2015-07-14 21:00:00+00:00,66.083,66.083,66.083,66.083,300.0,66.083,2.0
2015-07-14 22:00:00+00:00,66.5,66.5,66.5,66.5,100.0,66.5,1.0
2015-07-14 23:00:00+00:00,66.31,66.31,66.31,66.31,140.0,66.3129,2.0
2015-07-15 12:00:00+00:00,66.3,66.31,66.15,66.31,594.0,66.2594,7.0
2015-07-15 13:00:00+00:00,66.31,66.45,65.83,66.14,623885.0,66.0673,3256.0
2015-07-15 14:00:00+00:00,66.16,66.387,65.9,66.03,790054.0,66.1057,5253.0
2015-07-15 15:00:00+00:00,66.03,66.1205,65.63,65.79,662479.0,65.8229,4651.0
2015-07-15 16:00:00+00:00,65.8,66.1199,65.77,65.94,489418.0,65.9624,3960.0
2015-07-15 17:00:00+00:00,65.95,65.95,65.2728,65.39,725772.0,65.5221,5491.0
2015-07-15 18:00:00+00:00,65.389,65.57,64.77,64.89,874990.0,65.1706,6879.0
2015-07-15 19:00:00+00:00,64.895,65.26,64.84,65.18,1583208.0,65.09,12167.0
2015-07-15 20:00:00+00:00,65.19,65.19,65.18,65.18,15438.0,65.1899,5.0
2015-07-16 12:00:00+00:00,65.6,65.74,65.6,65.74,1900.0,65.6263,7.0
2015-07-16 13:00:00+00:00,65.73,67.0,65.66,66.88,717268.0,66.3709,3882.0
2015-07-16 14:00:00+00:00,66.87,67.75,66.58,67.57,1481509.0,67.2608,9479.0
2015-07-16 15:00:00+00:00,67.57,67.59,67.04,67.16,848569.0,67.2278,5877.0
2015-07-16 16:00:00+00:00,67.17,68.13,67.16,67.99,1065329.0,67.6447,7297.0
2015-07-16 17:00:00+00:00,67.99,68.15,67.36,67.4493,622305.0,67.6343,4969.0
2015-07-16 18:00:00+00:00,67.445,67.73,67.4401,67.52,637049.0,67.5964,5316.0
2015-07-16 19:00:00+00:00,67.5156,67.64,67.26,67.46,1479903.0,67.484,11263.0
2015-07-16 20:00:00+00:00,67.46,67.86,67.46,67.56,6431.0,67.4758,8.0
2015-07-16 23:00:00+00:00,67.5,67.5,67.35,67.35,720.0,67.425,4.0
2015-07-17 12:00:00+00:00,67.98,67.98,67.98,67.98,100.0,67.98,1.0
2015-07-17 13:00:00+00:00,67.26,67.68,66.94,67.465,495902.0,67.3075,2476.0
2015-07-17 14:00:00+00:00,67.44,67.51,66.74,67.04,559310.0,67.0986,3921.0
2015-07-17 15:00:00+00:00,67.035,67.54,66.99,67.48,474022.0,67.2023,3663.0
2015-07-17 16:00:00+00:00,67.43,67.56,67.22,67.54,379608.0,67.3778,2792.0
2015-07-17 17:00:00+00:00,67.53,67.92,67.47,67.52,592609.0,67.7377,4261.0
2015-07-17 18:00:00+00:00,67.53,67.85,67.4,67.44,461601.0,67.6429,3742.0
2015-07-17 19:00:00+00:00,67.43,67.99,67.36,67.91,1363578.0,67.7823,8989.0
2015-07-17 20:00:00+00:00,67.94,67.94,67.78,67.78,116721.0,67.8224,9.0
2015-07-17 22:00:00+00:00,67.99,68.0,67.99,68.0,600.0,67.9967,4.0
2015-07-20 13:00:00+00:00,68.05,68.13,67.41,67.82,379919.0,67.7491,2236.0
2015-07-20 14:00:00+00:00,67.81,67.88,67.27,67.85,581535.0,67.5616,4255.0
2015-07-20 15:00:00+00:00,67.86,68.074,67.3899,67.58,752483.0,67.6822,5757.0
2015-07-20 16:00:00+00:00,67.57,67.7,67.09,67.26,465858.0,67.446,3569.0
2015-07-20 17:00:00+00:00,67.27,67.52,67.1,67.5,346210.0,67.3207,2976.0
2015-07-20 18:00:00+00:00,67.5099,67.58,67.16,67.2,441888.0,67.3871,3576.0
2015-07-20 19:00:00+00:00,67.21,67.24,66.51,66.56,1663242.0,66.7486,10471.0
2015-07-20 20:00:00+00:00,67.195,67.195,66.57,66.57,9800.0,66.5785,5.0
2015-07-20 21:00:00+00:00,66.57,66.57,66.5,66.5,2100.0,66.5366,14.0
2015-07-20 22:00:00+00:00,66.5,66.5,66.5,66.5,100.0,66.5,1.0
2015-07-20 23:00:00+00:00,66.5,66.5,66.5,66.5,100.0,66.5,1.0
2015-07-21 12:00:00+00:00,66.66,66.66,66.58,66.58,800.0,66.65,3.0
2015-07-21 13:00:00+00:00,66.64,67.3,66.55,67.08,422940.0,67.0485,2801.0
2015-07-21 14:00:00+00:00,67.09,67.33,66.56,66.95,666008.0,66.9016,4474.0
2015-07-21 15:00:00+00:00,66.94,66.99,66.4,66.4,451971.0,66.6346,3794.0
2015-07-21 16:00:00+00:00,66.41,66.455,66.19,66.435,387780.0,66.3777,3302.0
2015-07-21 17:00:00+00:00,66.44,66.47,66.1501,66.2,332804.0,66.3191,2906.0
2015-07-21 18:00:00+00:00,66.19,66.48,66.02,66.27,505585.0,66.2386,3976.0
2015-07-21 19:00:00+00:00,66.3,66.37,66.03,66.32,1056273.0,66.2177,8450.0
2015-07-21 20:00:00+00:00,66.32,66.32,66.32,66.32,19194.0,66.32,5.0
2015-07-22 13:00:00+00:00,66.0,66.92,65.79,66.7664,598368.0,66.383,3323.0
2015-07-22 14:00:00+00:00,66.8,68.16,66.6,68.08,1163235.0,67.3622,7780.0
2015-07-22 15:00:00+00:00,68.09,68.1,67.34,67.549,1061147.0,67.6865,6298.0
2015-07-22 16:00:00+00:00,67.54,67.6756,66.99,67.195,733892.0,67.2731,5247.0
2015-07-22 17:00:00+00:00,67.19,68.0674,66.61,66.68,766810.0,67.015,4381.0
2015-07-22 18:00:00+00:00,66.675,66.8499,66.61,66.76,529435.0,66.7426,3855.0
2015-07-22 19:00:00+00:00,66.76,66.815,66.525,66.68,1086168.0,66.6703,7958.0
2015-07-22 20:00:00+00:00,66.67,66.98,66.67,66.68,18517.0,66.6782,7.0
2015-07-22 23:00:00+00:00,66.8,66.8,66.45,66.45,1100.0,66.5136,4.0
2015-07-23 13:00:00+00:00,66.78,66.98,66.42,66.64,398966.0,66.6838,2421.0
2015-07-23 14:00:00+00:00,66.68,66.78,66.31,66.38,583667.0,66.5638,3990.0
2015-07-23 15:00:00+00:00,66.39,66.52,65.96,66.07,620230.0,66.2704,4107.0
2015-07-23 16:00:00+00:00,66.07,66.07,65.77,65.94,468841.0,65.9199,3539.0
2015-07-23 17:00:00+00:00,65.94,66.2,65.87,66.03,525076.0,66.0225,3890.0
2015-07-23 18:00:00+00:00,66.03,66.06,65.45,65.94,914076.0,65.7284,5845.0
2015-07-23 19:00:00+00:00,65.93,65.93,65.57,65.72,1272191.0,65.735,9066.0
2015-07-23 20:00:00+00:00,65.72,65.72,65.72,65.72,29296.0,65.7817,4.0
2015-07-23 23:00:00+00:00,65.93,65.93,65.93,65.93,1000.0,65.93,1.0
2015-07-24 13:00:00+00:00,66.13,66.48,65.56,66.18,464508.0,65.9503,1842.0
2015-07-24 14:00:00+00:00,66.16,66.38,65.53,65.775,700293.0,65.979,4950.0
2015-07-24 15:00:00+00:00,65.77,66.17,65.75,66.01,752841.0,65.9748,5346.0
2015-07-24 16:00:00+00:00,66.01,66.03,65.405,65.468,579549.0,65.7914,4160.0
2015-07-24 17:00:00+00:00,65.452,65.6,65.17,65.31,834782.0,65.4532,4710.0
2015-07-24 18:00:00+00:00,65.31,65.36,65.15,65.2399,594694.0,65.227,4334.0
2015-07-24 19:00:00+00:00,65.24,65.74,65.19,65.7,1439563.0,65.4919,9670.0
2015-07-24 20:00:00+00:00,65.73,66.0,65.7,65.91,106016.0,65.8243,11.0
2015-07-24 21:00:00+00:00,65.7,65.8,65.7,65.8,750.0,65.7333,6.0
2015-07-24 23:00:00+00:00,65.897,65.897,65.897,65.897,200.0,65.897,1.0
2015-07-27 13:00:00+00:00,65.23,65.23,63.8,63.92,744070.0,64.3807,4017.0
2015-07-27 14:00:00+00:00,63.93,65.19,63.76,64.7,1063229.0,64.6144,6953.0
2015-07-27 15:00:00+00:00,64.72,65.02,64.62,64.69,774966.0,64.8065,4772.0
2015-07-27 16:00:00+00:00,64.68,64.76,64.4,64.485,397823.0,64.5777,3411.0
2015-07-27 17:00:00+00:00,64.48,64.59,64.36,64.51,634834.0,64.4887,5047.0
2015-07-27 18:00:00+00:00,64.5,64.67,64.41,64.58,457377.0,64.5333,3971.0
2015-07-27 19:00:00+00:00,64.57,64.59,64.14,64.38,1299246.0,64.3131,8873.0
2015-07-27 20:00:00+00:00,64.38,64.38,64.3204,64.3204,14191.0,64.3765,5.0
2015-07-28 12:00:00+00:00,64.43,64.58,64.38,64.58,2050.0,64.4058,18.0
2015-07-28 13:00:00+00:00,64.61,64.61,63.51,64.17,585288.0,64.0296,3744.0
2015-07-28 14:00:00+00:00,64.12,64.71,64.01,64.66,822953.0,64.3906,5691.0
2015-07-28 15:00:00+00:00,64.68,64.97,64.6,64.69,642194.0,64.7263,4891.0
2015-07-28 16:00:00+00:00,64.6886,65.03,64.65,64.83,428566.0,64.8243,3617.0
2015-07-28 17:00:00+00:00,64.85,65.11,64.83,65.06,420635.0,65.0016,3171.0
2015-07-28 18:00:00+00:00,65.08,65.24,65.0,65.19,416610.0,65.1147,3533.0
2015-07-28 19:00:00+00:00,65.19,65.21,64.75,65.07,852261.0,64.9423,6844.0
2015-07-28 20:00:00+00:00,65.07,65.07,64.99,65.01,83835.0,64.9491,17.0
2015-07-28 21:00:00+00:00,65.0,65.0,64.83,64.83,1440.0,64.9462,6.0
2015-07-28 22:00:00+00:00,65.06,65.14,65.06,65.14,250.0,65.108,2.0
2015-07-29 13:00:00+00:00,64.96,65.14,64.14,64.2,487820.0,64.6516,2490.0
2015-07-29 14:00:00+00:00,64.2,64.5,63.8,64.27,1054617.0,64.1152,7026.0
2015-07-29 15:00:00+00:00,64.27,64.82,64.01,64.0868,900199.0,64.5374,5934.0
2015-07-29 16:00:00+00:00,64.09,64.58,64.06,64.39,485028.0,64.2723,4064.0
2015-07-29 17:00:00+00:00,64.37,65.37,64.36,65.26,838044.0,64.9608,6181.0
2015-07-29 18:00:00+00:00,65.26,65.74,64.95,65.42,1151465.0,65.3636,6625.0
2015-07-29 19:00:00+00:00,65.43,66.16,65.39,66.01,1707973.0,65.9327,12507.0
2015-07-29 20:00:00+00:00,66.04,66.19,64.9651,64.9651,194489.0,66.0073,17.0
2015-07-29 21:00:00+00:00,65.55,65.55,65.55,65.55,200.0,65.55,1.0
2015-07-29 22:00:00+00:00,66.037,66.04,66.037,66.04,600.0,66.039,3.0
2015-07-30 11:00:00+00:00,67.0,67.0,67.0,67.0,1000.0,67.0,3.0
2015-07-30 12:00:00+00:00,67.07,67.23,66.0,66.0,10374.0,66.7108,55.0
2015-07-30 13:00:00+00:00,65.75,66.0,62.79,63.81,1898935.0,63.8853,10492.0
2015-07-30 14:00:00+00:00,63.8154,64.6,63.51,63.71,1588668.0,64.0712,10321.0
2015-07-30 15:00:00+00:00,63.7,64.28,63.66,63.89,1157763.0,63.9556,7860.0
2015-07-30 16:00:00+00:00,63.87,64.15,63.53,63.88,879040.0,63.753,5693.0
2015-07-30 17:00:00+00:00,63.88,63.98,63.66,63.87,801537.0,63.8308,6310.0
2015-07-30 18:00:00+00:00,63.86,64.32,63.78,64.09,902533.0,63.8972,6665.0
2015-07-30 19:00:00+00:00,64.08,64.28,63.91,64.2,1519415.0,64.1081,11892.0
2015-07-30 20:00:00+00:00,64.23,64.23,64.23,64.23,3880.0,64.23,3.0
2015-07-30 21:00:00+00:00,64.25,64.25,64.25,64.25,100.0,64.25,1.0
2015-07-30 22:00:00+00:00,64.27,64.27,64.23,64.23,6664.0,64.2318,3.0
2015-07-30 23:00:00+00:00,64.4,64.4,64.23,64.23,500.0,64.2816,3.0
2015-07-31 11:00:00+00:00,64.25,64.25,64.25,64.25,200.0,64.25,2.0
2015-07-31 12:00:00+00:00,64.24,64.45,64.24,64.45,1413.0,64.3581,7.0
2015-07-31 13:00:00+00:00,64.45,65.23,63.97,65.23,871516.0,64.813,4958.0
2015-07-31 14:00:00+00:00,65.23,66.24,65.17,65.65,1492536.0,65.68,9945.0
2015-07-31 15:00:00+00:00,65.65,66.185,65.64,65.8,784123.0,65.8956,5845.0
2015-07-31 16:00:00+00:00,65.8,65.98,65.06,65.279,601289.0,65.4613,4269.0
2015-07-31 17:00:00+00:00,65.27,65.38,64.84,64.87,653129.0,65.0546,4483.0
2015-07-31 18:00:00+00:00,64.89,65.53,64.8314,65.51,704058.0,65.1249,5023.0
2015-07-31 19:00:00+00:00,65.5,65.7,65.36,65.63,1300633.0,65.5816,9971.0
2015-07-31 20:00:00+00:00,65.63,65.63,65.6,65.6,35104.0,65.6002,11.0
2015-07-31 21:00:00+00:00,65.7,65.7,65.697,65.697,1900.0,65.6984,5.0
2015-07-31 23:00:00+00:00,65.7,65.7,65.7,65.7,100.0,65.7,1.0
2015-08-03 08:00:00+00:00,65.5,65.5,65.5,65.5,300.0,65.5,3.0
2015-08-03 13:00:00+00:00,65.55,66.02,65.01,65.98,609883.0,65.4633,3386.0
2015-08-03 14:00:00+00:00,66.02,66.33,65.19,65.39,1172825.0,65.7333,7215.0
2015-08-03 15:00:00+00:00,65.39,65.7399,65.39,65.58,493821.0,65.5745,3792.0
2015-08-03 16:00:00+00:00,65.58,65.7,65.2853,65.3,379733.0,65.4818,3236.0
2015-08-03 17:00:00+00:00,65.31,65.48,65.08,65.2114,435995.0,65.2244,3070.0
2015-08-03 18:00:00+00:00,65.22,65.22,64.69,64.7538,640722.0,64.9364,4679.0
2015-08-03 19:00:00+00:00,64.75,64.9,64.5,64.67,1195424.0,64.6658,8226.0
2015-08-03 20:00:00+00:00,64.66,65.273,64.66,65.273,17992.0,64.8746,4.0
2015-08-03 21:00:00+00:00,64.72,64.75,64.41,64.5,2000.0,64.5963,11.0
2015-08-03 23:00:00+00:00,64.6,64.6,64.6,64.6,150.0,64.6,1.0
2015-08-04 11:00:00+00:00,64.5,64.5,64.5,64.5,300.0,64.5,3.0
2015-08-04 12:00:00+00:00,64.46,64.46,64.46,64.46,100.0,64.46,1.0
2015-08-04 13:00:00+00:00,64.74,65.12,64.55,64.59,452756.0,64.9179,2909.0
2015-08-04 14:00:00+00:00,64.62,65.0069,63.67,63.99,1152924.0,64.0546,8200.0
2015-08-04 15:00:00+00:00,63.99,64.97,63.82,64.08,707935.0,63.9763,5603.0
2015-08-04 16:00:00+00:00,64.11,64.23,63.96,64.11,566706.0,64.1329,4388.0
2015-08-04 17:00:00+00:00,64.11,64.4,64.07,64.3,788266.0,64.2585,5519.0
2015-08-04 18:00:00+00:00,64.3,64.93,64.1,64.5,812826.0,64.3757,5849.0
2015-08-04 19:00:00+00:00,64.51,65.0338,64.3,64.43,1246024.0,64.5054,9041.0
2015-08-04 20:00:00+00:00,64.43,64.43,64.13,64.3157,9009.0,64.3288,4.0
2015-08-05 12:00:00+00:00,64.72,65.0,64.72,65.0,500.0,64.888,5.0
2015-08-05 13:00:00+00:00,65.0,66.0,65.0,65.18,683126.0,65.6454,3803.0
2015-08-05 14:00:00+00:00,65.17,65.206,64.51,64.77,1262941.0,64.8079,8083.0
2015-08-05 15:00:00+00:00,64.77,65.1,64.45,64.5,811116.0,64.75,5850.0
2015-08-05 16:00:00+00:00,64.5,64.58,64.14,64.3739,830816.0,64.3268,5813.0
2015-08-05 17:00:00+00:00,64.388,64.58,64.21,64.48,581659.0,64.3774,4612.0
2015-08-05 18:00:00+00:00,64.48,65.01,64.47,65.01,757043.0,64.751,4756.0
2015-08-05 19:00:00+00:00,65.0,65.19,64.76,64.86,2077272.0,65.0122,12209.0
2015-08-05 20:00:00+00:00,64.82,64.8636,64.7218,64.8636,73654.0,64.8363,6.0
2015-08-05 21:00:00+00:00,64.82,64.82,64.82,64.82,100.0,64.82,1.0
2015-08-05 22:00:00+00:00,64.82,64.82,64.82,64.82,650.0,64.82,2.0
2015-08-05 23:00:00+00:00,64.91,64.91,64.91,64.91,200.0,64.91,2.0
2015-08-06 13:00:00+00:00,64.51,65.01,64.0,64.92,581745.0,64.578,3074.0
2015-08-06 14:00:00+00:00,64.88,65.93,64.73,65.35,1019268.0,65.1793,7070.0
2015-08-06 15:00:00+00:00,65.36,65.46,64.67,64.71,674475.0,65.1101,5201.0
2015-08-06 16:00:00+00:00,64.7,64.76,64.37,64.6599,540725.0,64.5753,4126.0
2015-08-06 17:00:00+00:00,64.65,65.24,64.58,65.21,512693.0,65.0022,4519.0
2015-08-06 18:00:00+00:00,65.2,65.75,65.19,65.59,600002.0,65.5314,4571.0
2015-08-06 19:00:00+00:00,65.6,65.87,65.58,65.68,891006.0,65.7459,7168.0
2015-08-06 20:00:00+00:00,65.68,65.68,65.2036,65.68,16518.0,65.5036,9.0
2015-08-07 13:00:00+00:00,65.12,65.29,64.45,64.8325,457339.0,64.9652,2732.0
2015-08-07 14:00:00+00:00,64.83,65.5,64.63,65.3365,581091.0,65.1481,4377.0
2015-08-07 15:00:00+00:00,65.34,65.504,64.9,65.28,515599.0,65.2063,4473.0
2015-08-07 16:00:00+00:00,65.26,65.51,65.14,65.49,327238.0,65.3386,2795.0
2015-08-07 17:00:00+00:00,65.48,65.7,65.38,65.52,547564.0,65.5536,3660.0
2015-08-07 18:00:00+00:00,65.52,65.63,65.4,65.53,485994.0,65.5486,3823.0
2015-08-07 19:00:00+00:00,65.53,65.55,65.29,65.42,759699.0,65.4203,6793.0
2015-08-07 20:00:00+00:00,65.42,65.42,65.3439,65.3439,16151.0,65.3903,4.0
2015-08-10 12:00:00+00:00,65.69,65.69,65.69,65.69,500.0,65.69,3.0
2015-08-10 13:00:00+00:00,66.0,67.58,65.77,67.43,1087619.0,67.0527,5817.0
2015-08-10 14:00:00+00:00,67.44,68.13,67.2,68.0,1462337.0,67.7562,10166.0
2015-08-10 15:00:00+00:00,67.99,68.71,67.95,68.685,1220358.0,68.4175,9089.0
2015-08-10 16:00:00+00:00,68.68,68.7,68.15,68.43,660346.0,68.427,5641.0
2015-08-10 17:00:00+00:00,68.42,68.88,68.38,68.59,634057.0,68.6391,5133.0
2015-08-10 18:00:00+00:00,68.6,69.04,68.47,68.93,844971.0,68.8207,6580.0
2015-08-10 19:00:00+00:00,68.93,69.02,68.69,69.0,1518163.0,68.9129,11785.0
2015-08-10 20:00:00+00:00,69.0,69.01,68.86,68.873,12899.0,68.8952,17.0
2015-08-10 21:00:00+00:00,68.997,69.0,68.997,69.0,85812.0,69.0,3.0
2015-08-10 22:00:00+00:00,68.92,68.92,68.92,68.92,750.0,68.92,3.0
2015-08-10 23:00:00+00:00,69.147,69.147,69.147,69.147,200.0,69.147,1.0
2015-08-11 11:00:00+00:00,69.0,69.0,69.0,69.0,130.0,69.0,2.0
2015-08-11 12:00:00+00:00,68.55,68.55,68.31,68.31,630.0,68.4052,4.0
2015-08-11 13:00:00+00:00,68.487,68.74,67.8,68.18,796950.0,68.3295,5068.0
2015-08-11 14:00:00+00:00,68.17,68.879,67.6,68.7746,956883.0,68.4747,7330.0
2015-08-11 15:00:00+00:00,68.77,68.85,68.44,68.62,638326.0,68.6235,5564.0
2015-08-11 16:00:00+00:00,68.62,69.16,68.55,69.07,641745.0,68.8305,5236.0
2015-08-11 17:00:00+00:00,69.07,69.42,68.75,69.395,700135.0,69.1496,5756.0
2015-08-11 18:00:00+00:00,69.4,70.4939,69.4,70.383,1395867.0,70.1924,9391.0
2015-08-11 19:00:00+00:00,70.38,70.63,70.32,70.43,1863242.0,70.4832,13476.0
2015-08-11 20:00:00+00:00,70.43,70.45,69.0365,70.45,10768.0,70.1157,15.0
2015-08-11 22:00:00+00:00,70.32,70.43,70.32,70.4,850.0,70.3965,9.0
2015-08-11 23:00:00+00:00,70.537,70.54,70.537,70.54,400.0,70.5393,3.0
2015-08-12 11:00:00+00:00,70.0,70.0,70.0,70.0,100.0,70.0,1.0
2015-08-12 12:00:00+00:00,70.0,70.0,70.0,70.0,250.0,70.0,3.0
2015-08-12 13:00:00+00:00,70.12,70.73,68.92,69.26,1093032.0,70.0507,6727.0
2015-08-12 14:00:00+00:00,69.25,70.19,68.56,70.01,1565715.0,69.3791,10792.0
2015-08-12 15:00:00+00:00,69.995,70.27,69.56,69.57,1050706.0,69.8437,7687.0
2015-08-12 16:00:00+00:00,69.56,69.67,69.25,69.61,1034726.0,69.4358,7401.0
2015-08-12 17:00:00+00:00,69.62,70.06,69.48,70.05,677956.0,69.7697,5172.0
2015-08-12 18:00:00+00:00,70.05,70.7,70.02,70.488,975421.0,70.3478,7787.0
2015-08-12 19:00:00+00:00,70.49,70.78,70.14,70.21,1546577.0,70.4367,11922.0
2015-08-12 20:00:00+00:00,70.19,70.39,70.19,70.35,57543.0,70.3756,16.0
2015-08-12 21:00:00+00:00,70.39,70.39,70.24,70.24,1000.0,70.345,4.0
2015-08-12 22:00:00+00:00,70.39,70.39,70.39,70.39,122.0,70.39,1.0
2015-08-13 12:00:00+00:00,70.22,70.22,70.11,70.11,418.0,70.1902,3.0
2015-08-13 13:00:00+00:00,70.7,71.5,69.83,71.44,850642.0,70.7615,4885.0
2015-08-13 14:00:00+00:00,71.43,71.46,70.61,70.8,1251413.0,71.0723,8288.0
2015-08-13 15:00:00+00:00,70.8,71.14,70.68,70.91,752884.0,70.9156,4946.0
2015-08-13 16:00:00+00:00,70.92,71.39,70.75,71.333,718596.0,71.1746,4741.0
2015-08-13 17:00:00+00:00,71.34,71.35,69.41,70.01,2000039.0,70.2675,11989.0
2015-08-13 18:00:00+00:00,70.01,70.3,69.61,70.2,1061325.0,70.0544,7034.0
2015-08-13 19:00:00+00:00,70.19,70.22,69.17,69.67,1639397.0,69.6778,11554.0
2015-08-13 20:00:00+00:00,69.67,70.798,69.67,69.68,156159.0,70.7949,5.0
2015-08-13 21:00:00+00:00,70.3787,70.3787,69.53,69.67,3977.0,70.0322,12.0
2015-08-13 22:00:00+00:00,69.687,69.687,69.687,69.687,200.0,69.687,1.0
2015-08-13 23:00:00+00:00,69.52,69.52,69.52,69.52,115.0,69.52,1.0
2015-08-14 11:00:00+00:00,69.71,69.71,69.71,69.71,200.0,69.71,2.0
2015-08-14 12:00:00+00:00,69.71,69.71,69.4,69.4,1205.0,69.6743,5.0
2015-08-14 13:00:00+00:00,69.4,69.69,68.47,68.627,752612.0,68.9584,3887.0
2015-08-14 14:00:00+00:00,68.64,68.84,68.0801,68.09,906399.0,68.4468,6632.0
2015-08-14 15:00:00+00:00,68.09,68.39,67.78,68.3799,843953.0,68.0769,6245.0
2015-08-14 16:00:00+00:00,68.3639,68.86,68.16,68.5416,673223.0,68.5255,5102.0
2015-08-14 17:00:00+00:00,68.536,68.62,67.935,67.96,738670.0,68.2074,5350.0
2015-08-14 18:00:00+00:00,67.96,68.2,67.85,67.99,680514.0,67.9958,5344.0
2015-08-14 19:00:00+00:00,67.99,68.25,67.94,68.12,1242830.0,68.1218,10382.0
2015-08-14 20:00:00+00:00,68.12,68.12,67.96,67.96,6353.0,68.092,8.0
2015-08-14 22:00:00+00:00,68.2985,68.2985,68.297,68.297,3000.0,68.298,2.0
2015-08-17 13:00:00+00:00,67.7,68.74,67.57,68.64,770612.0,68.2499,3904.0
2015-08-17 14:00:00+00:00,68.6,69.42,68.58,69.344,775181.0,68.9606,5021.0
2015-08-17 15:00:00+00:00,69.37,69.81,69.05,69.11,633841.0,69.4534,4539.0
2015-08-17 16:00:00+00:00,69.11,69.4,68.9466,69.381,388919.0,69.2039,2956.0
2015-08-17 17:00:00+00:00,69.39,69.49,69.11,69.37,547972.0,69.3025,3523.0
2015-08-17 18:00:00+00:00,69.38,69.77,69.32,69.74,498264.0,69.6411,3966.0
2015-08-17 19:00:00+00:00,69.735,69.86,69.555,69.73,825422.0,69.7289,6933.0
2015-08-17 20:00:00+00:00,69.71,69.72,69.1938,69.1938,14732.0,69.6052,9.0
2015-08-18 13:00:00+00:00,69.74,70.0,69.08,69.479,603692.0,69.4483,3065.0
2015-08-18 14:00:00+00:00,69.48,69.5,68.8,68.93,595405.0,69.0779,4534.0
2015-08-18 15:00:00+00:00,68.95,68.96,68.65,68.922,618867.0,68.8197,4160.0
2015-08-18 16:00:00+00:00,68.93,69.34,68.91,69.33,333080.0,69.0922,2619.0
2015-08-18 17:00:00+00:00,69.34,69.52,69.24,69.495,380690.0,69.4383,2740.0
2015-08-18 18:00:00+00:00,69.4925,69.65,69.11,69.15,463596.0,69.4521,3523.0
2015-08-18 19:00:00+00:00,69.15,69.51,69.14,69.45,689041.0,69.3842,5385.0
2015-08-18 20:00:00+00:00,69.47,69.47,69.45,69.47,68754.0,69.4683,9.0
2015-08-18 21:00:00+00:00,69.47,69.51,69.47,69.51,42500.0,69.4704,4.0
2015-08-18 22:00:00+00:00,69.51,69.51,69.51,69.51,200.0,69.51,2.0
2015-08-18 23:00:00+00:00,69.51,69.51,69.51,69.51,300.0,69.51,1.0
2015-08-19 12:00:00+00:00,69.47,69.47,69.47,69.47,100.0,69.47,1.0
2015-08-19 13:00:00+00:00,69.19,69.37,68.541,68.6,472295.0,68.9352,2871.0
2015-08-19 14:00:00+00:00,68.59,68.77,67.87,67.92,1077453.0,68.3589,7998.0
2015-08-19 15:00:00+00:00,67.92,67.94,67.34,67.6455,857180.0,67.6454,6783.0
2015-08-19 16:00:00+00:00,67.64,68.24,67.58,68.15,692210.0,67.9983,5101.0
2015-08-19 17:00:00+00:00,68.17,68.46,67.74,68.3,674782.0,68.1009,4492.0
2015-08-19 18:00:00+00:00,68.295,68.77,68.03,68.03,740671.0,68.4205,5870.0
2015-08-19 19:00:00+00:00,68.03,68.2201,67.87,67.87,1180776.0,68.0515,9925.0
2015-08-19 20:00:00+00:00,67.86,67.87,67.28,67.84,17639.0,67.8622,18.0
2015-08-19 22:00:00+00:00,67.87,67.87,67.87,67.87,125.0,67.87,1.0
2015-08-20 09:00:00+00:00,66.77,66.77,66.77,66.77,100.0,66.77,1.0
2015-08-20 11:00:00+00:00,66.77,66.77,66.77,66.77,100.0,66.77,1.0
2015-08-20 12:00:00+00:00,67.77,67.77,67.24,67.293,2250.0,67.2671,3.0
2015-08-20 13:00:00+00:00,67.58,68.39,67.42,67.69,823552.0,67.9027,4918.0
2015-08-20 14:00:00+00:00,67.73,67.97,67.1,67.95,766043.0,67.4975,5926.0
2015-08-20 15:00:00+00:00,67.95,68.3,67.79,68.14,501169.0,68.0587,4339.0
2015-08-20 16:00:00+00:00,68.13,68.54,67.77,67.92,665266.0,68.1078,4851.0
2015-08-20 17:00:00+00:00,67.91,68.4599,67.84,68.39,627744.0,68.1817,5670.0
2015-08-20 18:00:00+00:00,68.3825,68.39,67.585,67.61,740313.0,67.9369,6570.0
2015-08-20 19:00:00+00:00,67.6006,67.79,67.2,67.25,1467756.0,67.5334,13237.0
2015-08-20 20:00:00+00:00,67.26,67.964,67.15,67.15,29481.0,67.3887,12.0
2015-08-21 12:00:00+00:00,66.55,66.55,66.07,66.32,7500.0,66.0995,6.0
2015-08-21 13:00:00+00:00,66.4,66.53,63.15,63.43,2192703.0,64.1304,11609.0
2015-08-21 14:00:00+00:00,63.42,64.52,63.01,63.22,1629189.0,63.7163,11774.0
2015-08-21 15:00:00+00:00,63.26,63.53,62.51,62.84,1602522.0,62.8862,11453.0
2015-08-21 16:00:00+00:00,62.835,63.46,61.76,61.76,1188925.0,62.7125,9016.0
2015-08-21 17:00:00+00:00,61.76,62.52,61.71,62.12,1391810.0,62.1122,10825.0
2015-08-21 18:00:00+00:00,62.1,62.67,61.74,61.86,1354237.0,62.1893,11013.0
2015-08-21 19:00:00+00:00,61.87,61.929,61.1235,61.14,2380065.0,61.4379,19694.0
2015-08-21 20:00:00+00:00,61.2,61.76,61.14,61.45,71508.0,61.4342,26.0
2015-08-21 21:00:00+00:00,61.36,61.6,61.36,61.6,2796.0,61.4954,11.0
2015-08-21 22:00:00+00:00,62.02,62.02,61.603,61.603,400.0,61.7073,2.0
2015-08-21 23:00:00+00:00,61.6,61.9,61.6,61.9,415.0,61.7561,3.0
2015-08-24 10:00:00+00:00,58.75,58.75,58.3,58.3,500.0,58.57,2.0
2015-08-24 11:00:00+00:00,58.98,58.98,57.95,58.0,400.0,58.4775,4.0
2015-08-24 12:00:00+00:00,57.82,58.84,57.01,57.41,11704.0,57.3541,73.0
2015-08-24 13:00:00+00:00,57.64,59.48,51.68,58.8,2221640.0,56.1719,12503.0
2015-08-24 14:00:00+00:00,58.7417,59.73,58.06,58.8,1848494.0,59.0265,14671.0
2015-08-24 15:00:00+00:00,58.81,60.15,58.28,59.82,1309651.0,59.0439,10675.0
2015-08-24 16:00:00+00:00,59.8,60.449,59.7,59.89,1154908.0,60.0457,9893.0
2015-08-24 17:00:00+00:00,59.88,60.185,59.4395,59.73,859271.0,59.8115,8427.0
2015-08-24 18:00:00+00:00,59.724,59.85,58.62,58.66,1114629.0,59.3856,9733.0
2015-08-24 19:00:00+00:00,58.64,59.47,58.06,58.515,1897481.0,58.7334,15843.0
2015-08-24 20:00:00+00:00,58.41,59.2546,58.01,58.05,16354.0,58.7616,23.0
2015-08-24 21:00:00+00:00,58.1,58.52,58.1,58.15,2240.0,58.3193,8.0
2015-08-24 22:00:00+00:00,58.35,58.35,58.35,58.35,200.0,58.35,1.0
2015-08-24 23:00:00+00:00,58.35,58.64,58.35,58.64,1084.0,58.453,7.0
2015-08-25 11:00:00+00:00,61.44,61.44,61.2,61.2,720.0,61.2694,4.0
2015-08-25 12:00:00+00:00,61.0,61.21,60.55,60.65,12355.0,60.9726,29.0
2015-08-25 13:00:00+00:00,60.5501,61.0,57.6,57.9314,1617925.0,58.9398,9228.0
2015-08-25 14:00:00+00:00,57.95,58.89,57.545,58.8,1478340.0,58.2685,10810.0
2015-08-25 15:00:00+00:00,58.81,59.16,58.53,58.7099,1071681.0,58.7685,8237.0
2015-08-25 16:00:00+00:00,58.71,59.41,58.69,59.26,708623.0,59.1587,5464.0
2015-08-25 17:00:00+00:00,59.265,59.44,58.805,58.83,853617.0,59.101,6865.0
2015-08-25 18:00:00+00:00,58.84,59.44,58.8,59.34,867328.0,59.1071,7229.0
2015-08-25 19:00:00+00:00,59.33,59.43,57.66,57.69,2489871.0,58.4367,19015.0
2015-08-25 20:00:00+00:00,57.7,58.14,57.52,57.52,52311.0,58.1818,23.0
2015-08-25 21:00:00+00:00,57.65,57.65,57.61,57.613,250450.0,57.6499,4.0
2015-08-25 22:00:00+00:00,57.997,57.997,57.75,57.75,1390.0,57.8588,6.0
2015-08-25 23:00:00+00:00,57.77,57.77,57.75,57.75,310.0,57.7597,4.0
2015-08-26 11:00:00+00:00,58.99,59.0,58.99,59.0,400.0,58.9925,4.0
2015-08-26 12:00:00+00:00,58.04,59.48,58.04,59.48,1120.0,59.3257,3.0
2015-08-26 13:00:00+00:00,58.97,59.12,57.33,57.5,1173723.0,58.0257,7442.0
2015-08-26 14:00:00+00:00,57.5,58.04,56.44,57.1,1640588.0,57.2103,12342.0
2015-08-26 15:00:00+00:00,57.08,57.31,56.68,56.7801,1117314.0,56.9806,10272.0
2015-08-26 16:00:00+00:00,56.78,57.02,56.5,57.0,784242.0,56.7472,6139.0
2015-08-26 17:00:00+00:00,57.0,57.8317,56.72,57.72,875241.0,57.3301,6929.0
2015-08-26 18:00:00+00:00,57.73,58.23,57.4,58.2,788024.0,57.8264,6177.0
2015-08-26 19:00:00+00:00,58.17,59.02,57.98,58.86,2002150.0,58.5525,15679.0
2015-08-26 20:00:00+00:00,58.85,59.0,57.6781,59.0,158689.0,58.4052,12.0
2015-08-26 21:00:00+00:00,59.0,59.2,59.0,59.2,2328.0,59.1718,8.0
2015-08-26 22:00:00+00:00,58.88,58.88,58.85,58.85,8250.0,58.8529,4.0
2015-08-26 23:00:00+00:00,59.15,59.15,59.15,59.15,100.0,59.15,1.0
2015-08-27 12:00:00+00:00,59.5,59.9,59.5,59.9,900.0,59.8042,6.0
2015-08-27 13:00:00+00:00,61.4,61.4,59.52,59.52,695256.0,60.233,3822.0
2015-08-27 14:00:00+00:00,59.57,59.74,59.17,59.57,1035155.0,59.4636,9278.0
2015-08-27 15:00:00+00:00,59.55,59.7,58.84,59.12,872065.0,59.2799,6764.0
2015-08-27 16:00:00+00:00,59.12,59.12,58.53,58.65,923378.0,58.8299,6882.0
2015-08-27 17:00:00+00:00,58.64,58.71,58.31,58.47,951884.0,58.5147,6452.0
2015-08-27 18:00:00+00:00,58.475,58.52,56.83,56.85,1386560.0,57.6582,10204.0
2015-08-27 19:00:00+00:00,56.86,58.51,56.66,58.37,3108558.0,57.8304,21880.0
2015-08-27 20:00:00+00:00,58.39,59.1,58.35,59.1,30309.0,58.5684,11.0
2015-08-27 21:00:00+00:00,58.5,58.5,58.5,58.5,100.0,58.5,1.0
2015-08-27 22:00:00+00:00,58.2,58.2,58.2,58.2,200.0,58.2,1.0
2015-08-27 23:00:00+00:00,58.35,58.35,58.35,58.35,100.0,58.35,1.0
2015-08-28 13:00:00+00:00,58.84,59.79,58.29,59.105,824325.0,59.0202,4570.0
2015-08-28 14:00:00+00:00,59.06,59.51,58.653,58.735,1727350.0,59.1095,13312.0
2015-08-28 15:00:00+00:00,58.75,59.09,58.63,58.75,1041559.0,58.862,8261.0
2015-08-28 16:00:00+00:00,58.76,59.57,58.71,59.453,781955.0,59.2453,6223.0
2015-08-28 17:00:00+00:00,59.45,59.56,58.57,58.66,743318.0,59.0445,6558.0
2015-08-28 18:00:00+00:00,58.65,58.98,58.36,58.93,802021.0,58.6143,6293.0
2015-08-28 19:00:00+00:00,58.93,59.07,58.53,59.01,1324915.0,58.835,11484.0
2015-08-28 20:00:00+00:00,58.98,59.187,58.97,59.187,34338.0,58.9998,20.0
2015-08-31 09:00:00+00:00,59.0,59.0,59.0,59.0,100.0,59.0,1.0
2015-08-31 11:00:00+00:00,58.8,58.91,58.8,58.91,700.0,58.8943,4.0
2015-08-31 12:00:00+00:00,59.19,59.19,59.0,59.0,1501.0,59.064,10.0
2015-08-31 13:00:00+00:00,59.06,59.12,58.21,58.6,813898.0,58.5954,4790.0
2015-08-31 14:00:00+00:00,58.6,60.11,58.45,59.93,1400285.0,59.3129,9823.0
2015-08-31 15:00:00+00:00,59.92,60.6887,59.753,60.65,1486987.0,60.1783,10157.0
2015-08-31 16:00:00+00:00,60.67,60.88,60.16,60.17,770766.0,60.5112,6541.0
2015-08-31 17:00:00+00:00,60.1701,60.59,60.02,60.15,696149.0,60.2934,5923.0
2015-08-31 18:00:00+00:00,60.16,60.2,59.63,59.69,829253.0,59.9374,7387.0
2015-08-31 19:00:00+00:00,59.7,59.91,59.27,59.31,2111424.0,59.5807,17165.0
2015-08-31 20:00:00+00:00,59.3456,59.6,59.3,59.34,122267.0,59.3782,26.0
2015-08-31 21:00:00+00:00,59.31,59.31,59.3,59.3,390.0,59.3026,2.0
2015-08-31 22:00:00+00:00,59.2,59.2,59.2,59.2,100.0,59.2,1.0
2015-08-31 23:00:00+00:00,59.22,59.22,59.1,59.1,550.0,59.1673,4.0
2015-09-01 12:00:00+00:00,58.25,58.5,58.0,58.0,2350.0,58.1479,10.0
2015-09-01 13:00:00+00:00,58.0,58.3,57.32,57.36,892562.0,57.6351,6699.0
2015-09-01 14:00:00+00:00,57.35,57.389,56.65,56.99,1455390.0,56.9873,12563.0
2015-09-01 15:00:00+00:00,56.99,57.82,56.98,57.545,1115628.0,57.4504,9093.0
2015-09-01 16:00:00+00:00,57.534,57.59,57.0,57.28,1118404.0,57.3025,7586.0
2015-09-01 17:00:00+00:00,57.29,57.84,57.21,57.84,804958.0,57.4959,6380.0
2015-09-01 18:00:00+00:00,57.85,58.2,57.56,57.88,1306388.0,57.8641,9060.0
2015-09-01 19:00:00+00:00,57.89,57.995,57.15,57.41,2243927.0,57.5455,20470.0
2015-09-01 20:00:00+00:00,57.33,57.52,57.3,57.43,65873.0,57.4091,22.0
2015-09-01 21:00:00+00:00,57.35,57.43,57.35,57.4,1725.0,57.3575,5.0
2015-09-01 23:00:00+00:00,57.38,57.38,57.38,57.38,200.0,57.38,2.0
2015-09-02 12:00:00+00:00,57.99,58.03,57.99,58.03,1800.0,57.9929,7.0
2015-09-02 13:00:00+00:00,58.22,58.42,57.65,57.95,844671.0,58.0261,4515.0
2015-09-02 14:00:00+00:00,57.99,58.06,57.05,57.52,1202891.0,57.607,9481.0
2015-09-02 15:00:00+00:00,57.52,57.9299,57.34,57.55,721611.0,57.6507,6034.0
2015-09-02 16:00:00+00:00,57.53,58.32,57.49,58.27,861035.0,57.9455,6779.0
2015-09-02 17:00:00+00:00,58.27,58.36,57.95,58.13,662846.0,58.1543,5788.0
2015-09-02 18:00:00+00:00,58.12,58.5,57.99,58.3842,763950.0,58.2774,6198.0
2015-09-02 19:00:00+00:00,58.39,59.04,58.28,59.04,1800374.0,58.6806,14361.0
2015-09-02 20:00:00+00:00,59.01,59.01,57.4,59.0,87930.0,58.6813,19.0
2015-09-02 21:00:00+00:00,59.0,59.0,58.97,58.97,300.0,58.99,2.0
2015-09-02 22:00:00+00:00,59.0,59.04,59.0,59.04,1588.0,59.0025,8.0
2015-09-03 11:00:00+00:00,58.8,58.8,58.8,58.8,300.0,58.8,3.0
2015-09-03 12:00:00+00:00,57.01,59.27,57.01,59.27,541.0,58.0168,4.0
2015-09-03 13:00:00+00:00,59.45,60.25,59.06,59.95,720065.0,59.8562,4942.0
2015-09-03 14:00:00+00:00,59.95,60.435,59.69,60.41,1207029.0,60.0618,9284.0
2015-09-03 15:00:00+00:00,60.43,60.5,59.63,59.93,1004787.0,60.0928,7662.0
2015-09-03 16:00:00+00:00,59.95,60.15,59.83,60.03,692843.0,59.9873,5648.0
2015-09-03 17:00:00+00:00,60.0348,60.13,59.4,59.4,681491.0,59.6723,5440.0
2015-09-03 18:00:00+00:00,59.41,59.7,59.23,59.58,728723.0,59.4513,5688.0
2015-09-03 19:00:00+00:00,59.59,59.78,59.2,59.41,1558550.0,59.5025,13163.0
2015-09-03 20:00:00+00:00,59.42,59.7669,59.4,59.4,69728.0,59.5374,15.0
2015-09-04 13:00:00+00:00,58.8,59.69,58.34,58.85,531150.0,59.0851,3816.0
2015-09-04 14:00:00+00:00,58.84,58.99,57.87,58.19,1104926.0,58.4,9327.0
2015-09-04 15:00:00+00:00,58.23,58.5502,58.1,58.37,634529.0,58.3493,5141.0
2015-09-04 16:00:00+00:00,58.38,58.45,57.99,58.2,535307.0,58.1902,4689.0
2015-09-04 17:00:00+00:00,58.21,58.34,57.99,58.27,722096.0,58.1641,6571.0
2015-09-04 18:00:00+00:00,58.27,58.39,58.04,58.35,574306.0,58.2191,4728.0
2015-09-04 19:00:00+00:00,58.36,58.9,58.28,58.44,1439412.0,58.5843,12142.0
2015-09-04 20:00:00+00:00,58.46,58.62,58.4085,58.61,61771.0,58.4327,17.0
2015-09-04 21:00:00+00:00,58.46,58.46,58.2,58.2,134400.0,58.4592,2.0
2015-09-08 12:00:00+00:00,58.71,60.39,58.71,59.5,750.0,59.4053,6.0
2015-09-08 13:00:00+00:00,59.38,59.95,59.35,59.68,813348.0,59.7056,4664.0
2015-09-08 14:00:00+00:00,59.65,60.48,59.5,60.47,986327.0,60.0663,7040.0
2015-09-08 15:00:00+00:00,60.46,60.69,60.31,60.35,948183.0,60.464,7448.0
2015-09-08 16:00:00+00:00,60.36,60.635,60.24,60.5,596676.0,60.5276,5486.0
2015-09-08 17:00:00+00:00,60.5,60.8,60.4,60.71,650681.0,60.5897,5689.0
2015-09-08 18:00:00+00:00,60.69,61.19,60.66,61.01,864050.0,60.9151,6920.0
2015-09-08 19:00:00+00:00,61.01,61.11,60.69,60.82,1761336.0,60.875,15070.0
2015-09-08 20:00:00+00:00,60.83,60.83,60.4862,60.4862,34691.0,60.5713,9.0
2015-09-08 21:00:00+00:00,60.72,60.72,60.7,60.7,1350.0,60.7126,2.0
2015-09-08 22:00:00+00:00,60.7,60.7,60.7,60.7,100.0,60.7,1.0
2015-09-08 23:00:00+00:00,60.84,60.84,60.84,60.84,800.0,60.84,3.0
2015-09-09 12:00:00+00:00,61.55,61.55,61.55,61.55,200.0,61.55,1.0
2015-09-09 13:00:00+00:00,61.5,62.9,61.06,62.37,923211.0,62.1076,6902.0
2015-09-09 14:00:00+00:00,62.38,62.73,61.69,61.82,1113991.0,62.0979,8991.0
2015-09-09 15:00:00+00:00,61.82,62.26,61.71,61.83,679849.0,61.9619,5658.0
2015-09-09 16:00:00+00:00,61.84,62.09,61.69,61.96,809843.0,61.8973,6009.0
2015-09-09 17:00:00+00:00,61.93,62.15,61.825,61.88,1296915.0,61.952,7893.0
2015-09-09 18:00:00+00:00,61.87,62.15,61.71,61.79,1026366.0,61.8986,7678.0
2015-09-09 19:00:00+00:00,61.8,62.01,61.52,61.65,2416657.0,61.8006,17983.0
2015-09-09 20:00:00+00:00,61.64,61.64,61.64,61.64,171636.0,61.64,6.0
2015-09-09 21:00:00+00:00,61.89,61.89,61.89,61.89,150.0,61.89,1.0
2015-09-10 13:00:00+00:00,61.85,62.33,61.44,61.78,582454.0,61.9401,3619.0
2015-09-10 14:00:00+00:00,61.82,62.54,61.79,62.48,1013586.0,62.1371,8051.0
2015-09-10 15:00:00+00:00,62.48,62.9,62.25,62.8,1005147.0,62.6393,8372.0
2015-09-10 16:00:00+00:00,62.83,63.19,62.76,63.0,821017.0,62.9046,5880.0
2015-09-10 17:00:00+00:00,63.0,63.59,62.95,63.45,653502.0,63.3366,5566.0
2015-09-10 18:00:00+00:00,63.45,63.5,62.7,62.7,985110.0,63.1696,7739.0
2015-09-10 19:00:00+00:00,62.705,63.02,62.68,62.94,1624723.0,62.8747,13161.0
2015-09-10 20:00:00+00:00,62.93,62.95,62.82,62.95,121556.0,62.8906,10.0
2015-09-10 23:00:00+00:00,63.0,63.0,63.0,63.0,1300.0,63.0,9.0
2015-09-11 13:00:00+00:00,62.55,63.23,62.25,62.34,678747.0,62.6983,4674.0
2015-09-11 14:00:00+00:00,62.34,62.95,62.17,62.17,774163.0,62.5459,6648.0
2015-09-11 15:00:00+00:00,62.18,62.29,61.891,62.12,713623.0,62.0789,6220.0
2015-09-11 16:00:00+00:00,62.13,62.51,61.97,62.41,544187.0,62.229,4783.0
2015-09-11 17:00:00+00:00,62.42,62.62,62.21,62.59,660123.0,62.3971,5774.0
2015-09-11 18:00:00+00:00,62.58,62.74,62.35,62.65,564082.0,62.5853,5250.0
2015-09-11 19:00:00+00:00,62.65,62.925,62.64,62.92,1066984.0,62.8154,9410.0
2015-09-11 20:00:00+00:00,62.91,62.91,62.91,62.91,8796.0,62.91,5.0
2015-09-11 21:00:00+00:00,63.0,63.0,63.0,63.0,100.0,63.0,1.0
2015-09-14 13:00:00+00:00,62.69,62.69,61.97,62.21,470424.0,62.305,3510.0
2015-09-14 14:00:00+00:00,62.23,62.541,61.56,61.61,681414.0,62.0954,6073.0
2015-09-14 15:00:00+00:00,61.5912,61.73,60.95,61.19,975375.0,61.2629,7837.0
2015-09-14 16:00:00+00:00,61.19,61.75,61.15,61.74,404445.0,61.4274,3720.0
2015-09-14 17:00:00+00:00,61.73,61.76,61.35,61.5,499697.0,61.5222,4539.0
2015-09-14 18:00:00+00:00,61.49,61.53,60.86,60.87,715925.0,61.1751,6462.0
2015-09-14 19:00:00+00:00,60.88,60.98,60.62,60.73,1620048.0,60.758,13957.0
2015-09-14 20:00:00+00:00,60.73,60.73,60.73,60.73,6768.0,60.73,8.0
2015-09-14 21:00:00+00:00,60.66,60.66,60.66,60.66,100.0,60.66,1.0
2015-09-15 12:00:00+00:00,60.58,60.73,60.58,60.73,350.0,60.6471,4.0
2015-09-15 13:00:00+00:00,60.8,61.33,60.06,60.06,581293.0,60.5338,3968.0
2015-09-15 14:00:00+00:00,60.1,60.83,60.04,60.7708,856934.0,60.448,7137.0
2015-09-15 15:00:00+00:00,60.77,60.98,60.53,60.64,613143.0,60.6909,5614.0
2015-09-15 16:00:00+00:00,60.64,60.7,60.05,60.3,737494.0,60.261,6090.0
2015-09-15 17:00:00+00:00,60.28,61.12,60.16,61.04,651304.0,60.7332,5557.0
2015-09-15 18:00:00+00:00,61.035,61.5,61.0,61.46,628162.0,61.3156,5169.0
2015-09-15 19:00:00+00:00,61.46,61.72,61.375,61.41,1034406.0,61.5131,9870.0
2015-09-15 20:00:00+00:00,61.42,61.44,61.31,61.31,15102.0,61.369,29.0
2015-09-15 21:00:00+00:00,61.44,61.44,61.44,61.44,185900.0,61.44,1.0
2015-09-16 12:00:00+00:00,61.97,61.98,61.58,61.79,3715.0,61.7191,18.0
2015-09-16 13:00:00+00:00,61.79,61.79,59.94,60.27,1308909.0,60.311,8260.0
2015-09-16 14:00:00+00:00,60.26,60.65,59.21,59.49,2206702.0,59.8123,11747.0
2015-09-16 15:00:00+00:00,59.48,60.18,59.21,59.87,1714349.0,59.6776,12172.0
2015-09-16 16:00:00+00:00,59.86,60.15,59.7701,60.0,799534.0,59.8927,6712.0
2015-09-16 17:00:00+00:00,59.98,60.107,59.7,59.836,1144933.0,59.8743,9175.0
2015-09-16 18:00:00+00:00,59.84,59.88,59.27,59.79,1313813.0,59.5682,9645.0
2015-09-16 19:00:00+00:00,59.8,60.45,59.74,60.29,1847620.0,60.1521,15631.0
2015-09-16 20:00:00+00:00,60.3,60.3,59.8784,60.16,34679.0,60.065,20.0
2015-09-16 21:00:00+00:00,60.3,60.3,60.3,60.3,140000.0,60.3,1.0
2015-09-16 22:00:00+00:00,60.15,60.15,60.15,60.15,840.0,60.1595,9.0
2015-09-16 23:00:00+00:00,60.16,60.16,60.16,60.16,250.0,60.16,1.0
2015-09-17 12:00:00+00:00,60.0,60.0,60.0,60.0,400.0,60.0,2.0
2015-09-17 13:00:00+00:00,60.12,60.57,59.67,59.85,469112.0,60.1286,3381.0
2015-09-17 14:00:00+00:00,59.92,60.15,59.32,59.88,1049990.0,59.6758,6512.0
2015-09-17 15:00:00+00:00,59.895,60.5328,59.885,60.0401,703058.0,60.2216,5826.0
2015-09-17 16:00:00+00:00,60.07,60.53,59.98,60.46,328836.0,60.2154,3102.0
2015-09-17 17:00:00+00:00,60.46,61.03,60.43,61.01,609836.0,60.6596,5268.0
2015-09-17 18:00:00+00:00,61.0,61.61,60.495,61.23,935068.0,61.0693,8723.0
2015-09-17 19:00:00+00:00,61.23,61.35,60.46,60.61,1653060.0,60.7648,14391.0
2015-09-17 20:00:00+00:00,60.59,60.59,60.4431,60.59,72258.0,60.5281,6.0
2015-09-18 13:00:00+00:00,59.75,60.69,59.59,60.1,1096251.0,60.1008,4258.0
2015-09-18 14:00:00+00:00,60.08,60.94,60.07,60.55,984798.0,60.5188,7613.0
2015-09-18 15:00:00+00:00,60.56,60.62,60.06,60.26,610629.0,60.3167,5404.0
2015-09-18 16:00:00+00:00,60.27,60.34,60.095,60.18,699362.0,60.1929,4876.0
2015-09-18 17:00:00+00:00,60.17,60.26,59.8,59.85,535564.0,60.088,4600.0
2015-09-18 18:00:00+00:00,59.84,60.12,59.81,60.04,613739.0,59.9914,5319.0
2015-09-18 19:00:00+00:00,60.05,60.12,59.59,59.93,2046680.0,59.8277,15603.0
2015-09-18 20:00:00+00:00,59.912,60.0,59.91,60.0,434983.0,59.9104,21.0
2015-09-18 21:00:00+00:00,60.0,60.0,60.0,60.0,400.0,60.0,3.0
2015-09-21 12:00:00+00:00,60.73,60.73,60.73,60.73,1000.0,60.73,1.0
2015-09-21 13:00:00+00:00,60.42,60.71,59.89,60.43,613807.0,60.3955,3694.0
2015-09-21 14:00:00+00:00,60.43,60.68,60.19,60.66,623744.0,60.4576,4490.0
2015-09-21 15:00:00+00:00,60.66,61.08,60.29,60.46,801367.0,60.7265,5361.0
2015-09-21 16:00:00+00:00,60.44,60.47,59.5,59.62,596857.0,59.9479,4285.0
2015-09-21 17:00:00+00:00,59.61,59.94,59.56,59.795,360724.0,59.7585,3315.0
2015-09-21 18:00:00+00:00,59.79,60.04,59.67,59.94,445092.0,59.8808,3873.0
2015-09-21 19:00:00+00:00,59.94,60.01,59.53,59.69,1171379.0,59.7639,9073.0
2015-09-21 20:00:00+00:00,59.69,60.0881,59.68,59.7,345858.0,59.6939,26.0
2015-09-21 22:00:00+00:00,59.6,59.6,59.6,59.6,200.0,59.6,2.0
2015-09-22 08:00:00+00:00,59.45,59.45,59.45,59.45,1500.0,59.45,8.0
2015-09-22 12:00:00+00:00,59.0,59.0,59.0,59.0,600.0,59.0,7.0
2015-09-22 13:00:00+00:00,58.82,59.94,58.67,59.64,593323.0,59.4854,4345.0
2015-09-22 14:00:00+00:00,59.64,59.69,58.78,58.88,1042429.0,59.1728,6511.0
2015-09-22 15:00:00+00:00,58.88,59.27,58.81,59.17,603083.0,59.0754,4891.0
2015-09-22 16:00:00+00:00,59.17,59.48,58.94,58.98,575891.0,59.2421,4674.0
2015-09-22 17:00:00+00:00,58.97,59.17,58.76,58.93,427040.0,58.9395,3820.0
2015-09-22 18:00:00+00:00,58.93,59.33,58.84,59.3,516038.0,59.1366,4867.0
2015-09-22 19:00:00+00:00,59.3,59.51,59.155,59.2,1241189.0,59.3206,11063.0
2015-09-22 20:00:00+00:00,59.22,59.22,59.196,59.2,50025.0,59.2142,7.0
2015-09-22 22:00:00+00:00,59.22,59.22,59.2,59.2,250.0,59.212,2.0
2015-09-23 13:00:00+00:00,59.64,60.82,59.48,60.55,760850.0,60.4067,4698.0
2015-09-23 14:00:00+00:00,60.55,61.04,60.41,60.72,912593.0,60.682,6996.0
2015-09-23 15:00:00+00:00,60.73,60.98,60.17,60.22,892933.0,60.5704,6284.0
2015-09-23 16:00:00+00:00,60.22,60.22,59.94,59.995,487447.0,60.07,3790.0
2015-09-23 17:00:00+00:00,59.985,60.33,59.98,60.12,451634.0,60.1229,4742.0
2015-09-23 18:00:00+00:00,60.1,60.339,59.9975,60.1,595492.0,60.1576,5331.0
2015-09-23 19:00:00+00:00,60.1,60.19,59.79,59.81,1760446.0,60.0168,13858.0
2015-09-23 20:00:00+00:00,59.82,60.0,59.82,60.0,54294.0,59.8233,6.0
2015-09-23 21:00:00+00:00,59.82,59.82,59.82,59.82,191300.0,59.82,2.0
2015-09-23 22:00:00+00:00,59.8,59.8,59.8,59.8,145.0,59.8,1.0
2015-09-24 13:00:00+00:00,59.35,60.64,59.12,59.2,773630.0,59.9788,4738.0
2015-09-24 14:00:00+00:00,59.13,59.67,58.62,58.85,1207889.0,59.0692,8702.0
2015-09-24 15:00:00+00:00,58.85,59.09,58.7,59.0,468401.0,58.9134,4603.0
2015-09-24 16:00:00+00:00,59.0,59.61,58.98,59.04,355475.0,59.2534,3381.0
2015-09-24 17:00:00+00:00,59.04,59.6394,59.015,59.56,425653.0,59.308,3533.0
2015-09-24 18:00:00+00:00,59.56,60.34,59.53,60.22,791540.0,59.8832,6105.0
2015-09-24 19:00:00+00:00,60.205,60.34,59.79,59.81,1414458.0,60.0195,11297.0
2015-09-24 20:00:00+00:00,59.8,59.8,59.8,59.8,28108.0,59.5956,4.0
2015-09-24 22:00:00+00:00,59.62,59.73,59.62,59.73,1900.0,59.6489,10.0
2015-09-24 23:00:00+00:00,59.73,59.73,59.73,59.73,400.0,59.73,2.0
2015-09-25 13:00:00+00:00,60.23,60.46,59.47,60.12,624063.0,60.0204,4090.0
2015-09-25 14:00:00+00:00,60.12,60.21,59.77,60.2,704238.0,59.952,5830.0
2015-09-25 15:00:00+00:00,60.19,60.96,60.09,60.96,734498.0,60.5255,6066.0
2015-09-25 16:00:00+00:00,60.9502,60.955,60.36,60.63,466551.0,60.6075,4221.0
2015-09-25 17:00:00+00:00,60.63,61.27,60.62,61.18,688970.0,60.9841,5221.0
2015-09-25 18:00:00+00:00,61.17,61.24,60.1,60.4001,771067.0,60.5539,6675.0
2015-09-25 19:00:00+00:00,60.405,60.88,59.9438,60.8,1681316.0,60.5238,14184.0
2015-09-25 20:00:00+00:00,60.81,60.81,60.7,60.7,11815.0,60.8081,5.0
2015-09-25 21:00:00+00:00,60.81,60.81,60.81,60.81,515350.0,60.81,4.0
2015-09-25 22:00:00+00:00,60.8,60.8,60.8,60.8,100.0,60.8,1.0
2015-09-25 23:00:00+00:00,60.7,60.7,60.7,60.7,110.0,60.7,1.0
2015-09-28 13:00:00+00:00,60.34,61.29,60.34,60.49,642589.0,60.8818,4305.0
2015-09-28 14:00:00+00:00,60.49,60.76,59.51,59.85,1195099.0,59.9187,10639.0
2015-09-28 15:00:00+00:00,59.86,60.06,59.07,59.21,789100.0,59.5083,7526.0
2015-09-28 16:00:00+00:00,59.21,59.33,58.83,58.83,675225.0,59.0989,6582.0
2015-09-28 17:00:00+00:00,58.83,58.94,58.15,58.24,714605.0,58.5153,5883.0
2015-09-28 18:00:00+00:00,58.24,58.29,57.64,58.01,706732.0,57.9761,6677.0
2015-09-28 19:00:00+00:00,58.0,58.24,57.76,57.86,1566877.0,57.9692,14649.0
2015-09-28 20:00:00+00:00,57.92,58.0,57.87,58.0,27113.0,57.8847,18.0
2015-09-28 21:00:00+00:00,57.88,57.88,57.88,57.88,704.0,57.88,3.0
2015-09-28 22:00:00+00:00,57.99,58.2,57.99,58.2,500.0,58.116,2.0
2015-09-28 23:00:00+00:00,58.2,58.2,58.2,58.2,180.0,58.2,1.0
2015-09-29 13:00:00+00:00,58.39,59.95,58.28,59.84,1040199.0,59.255,7522.0
2015-09-29 14:00:00+00:00,59.86,60.09,59.28,59.64,995497.0,59.7665,7864.0
2015-09-29 15:00:00+00:00,59.67,59.9,59.19,59.23,740437.0,59.4904,5502.0
2015-09-29 16:00:00+00:00,59.23,59.7102,58.92,58.95,723435.0,59.363,6436.0
2015-09-29 17:00:00+00:00,58.94,59.54,58.91,59.298,697312.0,59.2134,5528.0
2015-09-29 18:00:00+00:00,59.32,59.32,58.61,58.62,465366.0,58.9918,4627.0
2015-09-29 19:00:00+00:00,58.61,58.83,58.21,58.73,1825968.0,58.5503,14928.0
2015-09-29 20:00:00+00:00,58.74,58.9,58.74,58.9,67456.0,58.7635,37.0
2015-09-29 21:00:00+00:00,58.9,58.9,58.9,58.9,300.0,58.9,3.0
2015-09-29 22:00:00+00:00,58.98,58.98,58.98,58.98,200.0,58.98,2.0
2015-09-29 23:00:00+00:00,58.98,58.98,58.98,58.98,100.0,58.98,1.0
2015-09-30 13:00:00+00:00,59.57,60.07,59.43,59.97,608560.0,59.7707,3838.0
2015-09-30 14:00:00+00:00,59.98,60.68,59.89,59.94,921309.0,60.3513,7374.0
2015-09-30 15:00:00+00:00,59.91,59.92,59.33,59.45,544407.0,59.598,4403.0
2015-09-30 16:00:00+00:00,59.46,59.61,59.15,59.61,736141.0,59.3633,5138.0
2015-09-30 17:00:00+00:00,59.6,59.905,59.49,59.56,469740.0,59.6898,4046.0
2015-09-30 18:00:00+00:00,59.56,59.8,59.17,59.75,444486.0,59.4386,4418.0
2015-09-30 19:00:00+00:00,59.74,60.23,59.37,60.1,1966025.0,59.8376,16231.0
2015-09-30 20:00:00+00:00,60.102,60.25,60.0,60.0,99909.0,60.0991,40.0
2015-10-01 13:00:00+00:00,60.1,60.84,59.72,60.26,618580.0,60.2883,4959.0
2015-10-01 14:00:00+00:00,60.26,60.94,60.06,60.11,742537.0,60.5542,5467.0
2015-10-01 15:00:00+00:00,60.11,60.92,59.938,60.25,779594.0,60.3823,5385.0
2015-10-01 16:00:00+00:00,60.24,60.95,60.13,60.84,447421.0,60.4464,3637.0
2015-10-01 17:00:00+00:00,60.844,61.34,60.63,61.34,536794.0,60.9359,4116.0
2015-10-01 18:00:00+00:00,61.34,62.26,61.16,62.09,1452166.0,61.8235,9261.0
2015-10-01 19:00:00+00:00,62.1,62.35,61.95,62.25,1607928.0,62.1516,12866.0
2015-10-01 20:00:00+00:00,62.28,62.35,61.2563,62.35,29580.0,61.6443,27.0
2015-10-01 22:00:00+00:00,62.24,62.24,62.24,62.24,300.0,62.24,1.0
2015-10-02 11:00:00+00:00,63.0,63.1,63.0,63.1,258.0,62.9195,4.0
2015-10-02 12:00:00+00:00,62.3,62.3,61.78,61.78,357.0,62.1722,5.0
2015-10-02 13:00:00+00:00,61.62,61.99,60.53,61.17,591889.0,61.488,4346.0
2015-10-02 14:00:00+00:00,61.16,61.85,61.08,61.82,830812.0,61.3967,6403.0
2015-10-02 15:00:00+00:00,61.8,61.86,61.19,61.42,448118.0,61.4939,4285.0
2015-10-02 16:00:00+00:00,61.45,62.27,61.3499,62.2,415634.0,61.7978,4058.0
2015-10-02 17:00:00+00:00,62.21,62.61,62.16,62.5298,536932.0,62.4042,5630.0
2015-10-02 18:00:00+00:00,62.53,62.91,62.41,62.41,668840.0,62.6478,5832.0
2015-10-02 19:00:00+00:00,62.41,63.11,62.4,63.1,1219374.0,62.9164,10225.0
2015-10-02 20:00:00+00:00,63.1,63.1,62.1286,62.1286,29549.0,62.7565,11.0
2015-10-05 11:00:00+00:00,63.1,63.1,63.1,63.1,200.0,63.1,2.0
2015-10-05 12:00:00+00:00,63.23,63.55,63.23,63.55,2200.0,63.4617,14.0
2015-10-05 13:00:00+00:00,63.72,64.44,63.7,64.43,754144.0,64.0893,4803.0
2015-10-05 14:00:00+00:00,64.41,64.68,63.93,64.12,1000720.0,64.3195,8940.0
2015-10-05 15:00:00+00:00,64.15,64.62,63.82,64.0,799270.0,64.2136,6391.0
2015-10-05 16:00:00+00:00,63.99,64.54,63.95,64.24,730051.0,64.276,5369.0
2015-10-05 17:00:00+00:00,64.25,64.63,64.12,64.57,529593.0,64.4466,4731.0
2015-10-05 18:00:00+00:00,64.56,64.67,64.24,64.45,778917.0,64.4682,6894.0
2015-10-05 19:00:00+00:00,64.45,64.86,64.44,64.58,1464272.0,64.6829,13214.0
2015-10-05 20:00:00+00:00,64.58,64.98,64.3709,64.55,56481.0,64.5701,41.0
2015-10-05 22:00:00+00:00,64.55,64.55,64.55,64.55,400.0,64.55,2.0
2015-10-05 23:00:00+00:00,64.7,64.7,64.55,64.55,425.0,64.5971,3.0
2015-10-06 11:00:00+00:00,64.36,64.36,64.36,64.36,371.0,64.36,2.0
2015-10-06 13:00:00+00:00,64.58,64.8599,64.22,64.355,549594.0,64.459,4312.0
2015-10-06 14:00:00+00:00,64.38,64.57,63.62,63.65,828883.0,64.1035,6794.0
2015-10-06 15:00:00+00:00,63.6499,64.0,63.38,63.5462,663498.0,63.684,5918.0
2015-10-06 16:00:00+00:00,63.57,63.65,63.25,63.33,519672.0,63.4302,4318.0
2015-10-06 17:00:00+00:00,63.34,63.73,63.235,63.27,517261.0,63.4487,4575.0
2015-10-06 18:00:00+00:00,63.26,63.67,63.1,63.635,698933.0,63.4225,6649.0
2015-10-06 19:00:00+00:00,63.625,64.41,63.62,63.93,2108992.0,63.988,14570.0
2015-10-06 20:00:00+00:00,63.455,63.94,63.455,63.817,69904.0,63.8488,7.0
2015-10-06 21:00:00+00:00,63.6,63.6,63.6,63.6,100.0,63.6,1.0
2015-10-07 12:00:00+00:00,64.9,64.9,64.66,64.66,200.0,64.78,2.0
2015-10-07 13:00:00+00:00,64.64,64.89,64.08,64.08,673810.0,64.4948,5411.0
2015-10-07 14:00:00+00:00,64.07,64.3,62.84,63.35,1533315.0,63.4693,12196.0
2015-10-07 15:00:00+00:00,63.37,64.63,62.76,63.25,924804.0,63.0295,7104.0
2015-10-07 16:00:00+00:00,63.25,63.6,63.17,63.57,514233.0,63.4343,4619.0
2015-10-07 17:00:00+00:00,63.58,64.428,63.45,64.12,654635.0,64.0402,5435.0
2015-10-07 18:00:00+00:00,64.13,64.36,63.71,63.77,420650.0,64.0172,3753.0
2015-10-07 19:00:00+00:00,63.77,64.84,63.73,64.59,1025309.0,64.3063,8597.0
2015-10-07 20:00:00+00:00,64.59,64.59,63.7313,63.7313,47049.0,64.2761,11.0
2015-10-08 12:00:00+00:00,64.6,64.6,64.6,64.6,100.0,64.6,1.0
2015-10-08 13:00:00+00:00,64.25,65.14,64.23,64.87,483886.0,64.7194,3045.0
2015-10-08 14:00:00+00:00,64.85,65.14,64.56,64.62,553676.0,64.8287,4413.0
2015-10-08 15:00:00+00:00,64.61,64.89,64.46,64.52,614934.0,64.5952,3985.0
2015-10-08 16:00:00+00:00,64.535,65.05,64.48,65.0,558927.0,64.7806,4490.0
2015-10-08 17:00:00+00:00,64.99,65.46,64.86,65.29,636965.0,65.0985,4143.0
2015-10-08 18:00:00+00:00,65.295,65.81,65.18,65.77,504568.0,65.5775,4480.0
2015-10-08 19:00:00+00:00,65.765,66.14,65.64,65.71,1281147.0,65.8107,10957.0
2015-10-08 20:00:00+00:00,65.71,65.71,65.71,65.71,17766.0,65.71,6.0
2015-10-09 11:00:00+00:00,69.31,69.31,69.31,69.31,355.0,67.8141,4.0
2015-10-09 12:00:00+00:00,66.25,66.49,66.25,66.38,2600.0,66.3742,11.0
2015-10-09 13:00:00+00:00,65.71,66.38,64.521,64.61,628097.0,65.0553,3985.0
2015-10-09 14:00:00+00:00,64.6,64.73,63.7,64.15,1036897.0,64.1821,7293.0
2015-10-09 15:00:00+00:00,64.15,64.2017,63.445,63.89,847029.0,63.7505,6737.0
2015-10-09 16:00:00+00:00,63.89,64.0125,63.56,63.59,578740.0,63.8436,4622.0
2015-10-09 17:00:00+00:00,63.59,64.3,63.23,64.29,1090070.0,63.6719,6554.0
2015-10-09 18:00:00+00:00,64.31,64.43,63.97,64.29,733386.0,64.2149,5439.0
2015-10-09 19:00:00+00:00,64.295,64.39,64.125,64.2,1311247.0,64.2311,11595.0
2015-10-09 20:00:00+00:00,64.19,64.27,64.19,64.27,13235.0,64.2068,7.0
2015-10-09 21:00:00+00:00,64.28,64.35,64.28,64.35,600.0,64.2917,2.0
2015-10-09 23:00:00+00:00,64.25,64.25,64.25,64.25,300.0,64.25,1.0
2015-10-12 13:00:00+00:00,64.48,64.69,63.87,63.96,488872.0,64.3759,3604.0
2015-10-12 14:00:00+00:00,63.94,64.48,63.78,63.9,479819.0,64.0347,4162.0
2015-10-12 15:00:00+00:00,63.92,64.45,63.86,64.09,346290.0,64.1165,3504.0
2015-10-12 16:00:00+00:00,64.09,64.11,63.73,63.93,295047.0,63.8684,2967.0
2015-10-12 17:00:00+00:00,63.93,64.44,63.78,64.44,424617.0,64.1039,3580.0
2015-10-12 18:00:00+00:00,64.43,64.7,64.36,64.61,355057.0,64.5363,2924.0
2015-10-12 19:00:00+00:00,64.602,64.735,64.44,64.5,760670.0,64.5446,6839.0
2015-10-12 20:00:00+00:00,64.5,64.55,64.5,64.5,15606.0,64.5065,5.0
2015-10-12 21:00:00+00:00,64.41,64.41,64.41,64.41,200.0,64.41,1.0
2015-10-13 13:00:00+00:00,64.21,64.44,63.7877,63.9,460282.0,64.0847,3545.0
2015-10-13 14:00:00+00:00,63.87,64.03,63.21,63.22,777138.0,63.5574,6163.0
2015-10-13 15:00:00+00:00,63.22,63.26,62.62,62.73,958745.0,62.8662,6421.0
2015-10-13 16:00:00+00:00,62.73,62.825,62.36,62.36,1046418.0,62.6785,5983.0
2015-10-13 17:00:00+00:00,62.36,62.7429,61.93,62.1,948781.0,62.377,6970.0
2015-10-13 18:00:00+00:00,62.11,62.51,61.91,62.43,754410.0,62.1546,5443.0
2015-10-13 19:00:00+00:00,62.4305,62.5,62.08,62.16,1204701.0,62.2013,10375.0
2015-10-13 20:00:00+00:00,62.16,62.16,62.16,62.16,24210.0,62.16,6.0
2015-10-13 22:00:00+00:00,62.5,62.5,62.5,62.5,400.0,62.4955,3.0
2015-10-13 23:00:00+00:00,62.45,62.45,62.45,62.45,500.0,62.45,4.0
2015-10-14 13:00:00+00:00,62.36,62.395,61.688,62.0,528054.0,62.0319,3401.0
2015-10-14 14:00:00+00:00,62.01,62.04,61.28,61.32,630096.0,61.5858,5671.0
2015-10-14 15:00:00+00:00,61.32,61.77,61.26,61.71,570560.0,61.5241,4530.0
2015-10-14 16:00:00+00:00,61.71,62.24,61.54,61.99,446771.0,61.846,3757.0
2015-10-14 17:00:00+00:00,62.0,62.47,61.89,62.165,502325.0,62.2163,3716.0
2015-10-14 18:00:00+00:00,62.18,62.25,61.196,61.35,615731.0,61.5629,5279.0
2015-10-14 19:00:00+00:00,61.36,61.635,61.21,61.38,1149537.0,61.4094,10541.0
2015-10-14 20:00:00+00:00,61.38,61.8,61.38,61.59,11447.0,61.4098,21.0
2015-10-15 12:00:00+00:00,61.98,62.03,61.98,62.03,2180.0,61.9996,23.0
2015-10-15 13:00:00+00:00,62.02,62.85,61.59,61.81,653579.0,62.0521,4547.0
2015-10-15 14:00:00+00:00,61.8,62.38,61.68,62.2,542666.0,62.0682,4300.0
2015-10-15 15:00:00+00:00,62.18,62.39,61.72,61.87,438708.0,62.036,4095.0
2015-10-15 16:00:00+00:00,61.87,62.31,61.85,62.26,363252.0,62.0669,3130.0
2015-10-15 17:00:00+00:00,62.24,62.67,62.1268,62.57,378109.0,62.446,3249.0
2015-10-15 18:00:00+00:00,62.58,63.17,62.58,63.11,472451.0,62.8964,4462.0
2015-10-15 19:00:00+00:00,63.12,63.42,63.11,63.35,1181363.0,63.2673,9337.0
2015-10-15 20:00:00+00:00,63.38,63.38,63.34,63.34,6723.0,63.3406,6.0
2015-10-15 21:00:00+00:00,63.34,63.34,63.34,63.34,200.0,63.34,1.0
2015-10-15 22:00:00+00:00,63.34,63.34,63.34,63.34,100.0,63.34,1.0
2015-10-16 12:00:00+00:00,64.99,64.99,64.99,64.99,100.0,64.99,1.0
2015-10-16 13:00:00+00:00,63.68,63.73,62.79,63.5,704045.0,63.3604,3423.0
2015-10-16 14:00:00+00:00,63.49,63.79,62.8,62.86,504547.0,63.341,4732.0
2015-10-16 15:00:00+00:00,62.87,63.494,62.86,63.48,452352.0,63.1395,3997.0
2015-10-16 16:00:00+00:00,63.47,63.62,63.05,63.2,405447.0,63.324,3471.0
2015-10-16 17:00:00+00:00,63.205,63.48,63.105,63.13,325536.0,63.2843,3726.0
2015-10-16 18:00:00+00:00,63.135,63.53,63.04,63.51,359409.0,63.265,3761.0
2015-10-16 19:00:00+00:00,63.52,63.75,63.51,63.74,1004512.0,63.6255,8913.0
2015-10-16 20:00:00+00:00,63.75,63.75,63.75,63.75,8655.0,63.7446,6.0
2015-10-19 13:00:00+00:00,63.32,63.32,61.9,62.34,712885.0,62.4883,4556.0
2015-10-19 14:00:00+00:00,62.325,62.325,61.7,61.78,761466.0,62.0162,5077.0
2015-10-19 15:00:00+00:00,61.76,62.0,61.515,61.81,704327.0,61.7428,4291.0
2015-10-19 16:00:00+00:00,61.81,63.085,61.72,61.83,357897.0,61.8782,2775.0
2015-10-19 17:00:00+00:00,61.815,61.89,61.63,61.64,447220.0,61.7624,3324.0
2015-10-19 18:00:00+00:00,61.65,61.73,61.11,61.15,652091.0,61.4605,5267.0
2015-10-19 19:00:00+00:00,61.16,61.5,61.16,61.4689,1363826.0,61.3426,11622.0
2015-10-19 20:00:00+00:00,61.44,61.45,61.43,61.43,21030.0,61.4445,13.0
2015-10-19 21:00:00+00:00,61.4,61.4,61.4,61.4,100.0,61.4,1.0
2015-10-19 22:00:00+00:00,61.4,61.4,61.4,61.4,100.0,61.4,1.0
2015-10-20 12:00:00+00:00,61.21,61.45,61.21,61.45,200.0,61.33,2.0
2015-10-20 13:00:00+00:00,61.25,61.2957,58.98,59.255,1503508.0,59.7537,8878.0
2015-10-20 14:00:00+00:00,59.23,60.11,59.16,60.061,1216342.0,59.6801,8111.0
2015-10-20 15:00:00+00:00,60.06,60.1,59.62,59.99,634117.0,59.9131,4996.0
2015-10-20 16:00:00+00:00,59.99,60.36,59.92,60.15,578286.0,60.1052,4343.0
2015-10-20 17:00:00+00:00,60.15,60.54,60.1,60.49,314657.0,60.2882,2683.0
2015-10-20 18:00:00+00:00,60.47,60.47,60.081,60.27,465183.0,60.2212,3630.0
2015-10-20 19:00:00+00:00,60.28,60.3,59.98,60.09,1028777.0,60.0667,9080.0
2015-10-20 20:00:00+00:00,60.08,60.14,60.08,60.08,27953.0,60.0691,12.0
2015-10-20 22:00:00+00:00,60.0,60.0,60.0,60.0,300.0,60.0,3.0
2015-10-20 23:00:00+00:00,60.0,60.0,60.0,60.0,100.0,60.0,1.0
2015-10-21 12:00:00+00:00,60.09,60.09,60.09,60.09,200.0,60.09,2.0
2015-10-21 13:00:00+00:00,59.96,60.59,59.5,59.97,705168.0,59.9232,4724.0
2015-10-21 14:00:00+00:00,59.96,60.29,59.57,60.13,967402.0,59.9581,7068.0
2015-10-21 15:00:00+00:00,60.14,60.31,59.73,59.77,509432.0,60.0668,4004.0
2015-10-21 16:00:00+00:00,59.77,59.96,59.73,59.795,407528.0,59.8444,3404.0
2015-10-21 17:00:00+00:00,59.78,59.8,59.18,59.24,551987.0,59.4264,4751.0
2015-10-21 18:00:00+00:00,59.23,59.93,59.1628,59.65,419682.0,59.5712,3836.0
2015-10-21 19:00:00+00:00,59.65,59.79,59.19,59.28,1058238.0,59.4347,9980.0
2015-10-21 20:00:00+00:00,59.3,59.3,59.3,59.3,7452.0,59.3,6.0
2015-10-22 13:00:00+00:00,59.75,59.89,59.05,59.123,605180.0,59.3512,4160.0
2015-10-22 14:00:00+00:00,59.15,60.09,59.08,60.04,999413.0,59.6314,6731.0
2015-10-22 15:00:00+00:00,60.04,60.12,59.62,59.96,654725.0,59.8677,4407.0
2015-10-22 16:00:00+00:00,59.97,60.34,59.81,59.89,552448.0,60.0542,4311.0
2015-10-22 17:00:00+00:00,59.87,60.33,59.78,60.16,550547.0,60.1326,4141.0
2015-10-22 18:00:00+00:00,60.16,60.425,59.862,60.32,594728.0,60.1557,5233.0
2015-10-22 19:00:00+00:00,60.34,60.58,60.265,60.36,1164476.0,60.4043,9262.0
2015-10-22 20:00:00+00:00,60.36,60.36,60.36,60.36,1900.0,60.36,3.0
2015-10-23 12:00:00+00:00,61.0,61.0,60.8,60.9,1390.0,60.9547,6.0
2015-10-23 13:00:00+00:00,61.0,62.35,60.48,62.19,953715.0,61.5997,6180.0
2015-10-23 14:00:00+00:00,62.2,62.52,61.63,61.73,918106.0,61.9932,7762.0
2015-10-23 15:00:00+00:00,61.75,61.88,61.42,61.58,601511.0,61.651,5631.0
2015-10-23 16:00:00+00:00,61.6,61.81,61.31,61.49,578809.0,61.5986,4938.0
2015-10-23 17:00:00+00:00,61.5,61.71,61.26,61.6,283747.0,61.4907,2894.0
2015-10-23 18:00:00+00:00,61.59,61.82,61.365,61.72,386503.0,61.5628,3918.0
2015-10-23 19:00:00+00:00,61.72,61.93,61.64,61.76,911349.0,61.7867,8618.0
2015-10-23 20:00:00+00:00,61.75,61.75,61.75,61.75,5424.0,61.75,8.0
2015-10-23 22:00:00+00:00,61.4,61.82,61.4,61.82,315.0,61.6667,2.0
2015-10-26 13:00:00+00:00,61.7,62.41,61.32,61.66,531462.0,61.8504,3624.0
2015-10-26 14:00:00+00:00,61.64,62.39,61.28,62.27,868311.0,61.5843,7411.0
2015-10-26 15:00:00+00:00,62.26,62.262,61.73,61.77,502432.0,61.9885,4764.0
2015-10-26 16:00:00+00:00,61.775,62.13,61.69,61.93,448609.0,61.9041,3873.0
2015-10-26 17:00:00+00:00,61.94,62.33,61.82,62.08,331994.0,62.1221,2987.0
2015-10-26 18:00:00+00:00,62.08,62.26,61.98,62.2422,433132.0,62.1388,3683.0
2015-10-26 19:00:00+00:00,62.23,62.315,61.89,61.9,1085374.0,62.0638,9415.0
2015-10-26 20:00:00+00:00,61.9,61.9,61.9,61.9,3003.0,61.9,4.0
2015-10-27 13:00:00+00:00,61.9,62.59,61.35,62.52,745644.0,62.1449,4433.0
2015-10-27 14:00:00+00:00,62.53,62.68,61.65,61.95,976006.0,62.0837,8544.0
2015-10-27 15:00:00+00:00,61.96,62.49,61.88,62.112,632405.0,62.1437,6295.0
2015-10-27 16:00:00+00:00,62.1168,62.6,61.85,62.54,515471.0,62.1656,4839.0
2015-10-27 17:00:00+00:00,62.54,62.54,61.95,62.4801,579906.0,62.174,5307.0
2015-10-27 18:00:00+00:00,62.485,62.6,62.37,62.4601,709063.0,62.4854,6458.0
2015-10-27 19:00:00+00:00,62.46,62.725,62.4,62.52,2087043.0,62.5566,15105.0
2015-10-27 20:00:00+00:00,62.46,62.46,62.46,62.46,42954.0,62.46,13.0
2015-10-28 11:00:00+00:00,64.03,64.03,63.99,63.99,334.0,64.018,3.0
2015-10-28 12:00:00+00:00,63.99,64.0,62.3,62.35,10979.0,63.0951,67.0
2015-10-28 13:00:00+00:00,62.35,64.47,62.3,64.15,1158835.0,63.5332,6698.0
2015-10-28 14:00:00+00:00,64.15,64.38,62.4,62.915,1310501.0,63.1828,9660.0
2015-10-28 15:00:00+00:00,62.915,63.3,61.6722,62.87,1523156.0,62.4825,11391.0
2015-10-28 16:00:00+00:00,62.87,63.35,62.43,62.5051,713241.0,63.033,5309.0
2015-10-28 17:00:00+00:00,62.51,62.97,62.495,62.9,492945.0,62.8025,4256.0
2015-10-28 18:00:00+00:00,62.88,62.91,61.87,62.84,739744.0,62.3978,6271.0
2015-10-28 19:00:00+00:00,62.85,63.48,62.83,63.41,1369094.0,63.313,12381.0
2015-10-28 20:00:00+00:00,63.42,63.55,63.4,63.55,22668.0,63.4226,10.0
2015-10-29 12:00:00+00:00,63.22,63.22,63.0,63.0,799.0,63.0275,4.0
2015-10-29 13:00:00+00:00,63.4,63.97,63.21,63.49,709469.0,63.6242,4524.0
2015-10-29 14:00:00+00:00,63.48,65.0,63.4,64.78,1261896.0,64.3898,8459.0
2015-10-29 15:00:00+00:00,64.7559,65.7296,64.56,65.57,1140264.0,65.2231,8087.0
2015-10-29 16:00:00+00:00,65.57,65.91,65.3284,65.5,757219.0,65.6492,4866.0
2015-10-29 17:00:00+00:00,65.4897,65.75,65.07,65.7,694208.0,65.3828,5021.0
2015-10-29 18:00:00+00:00,65.69,65.88,65.54,65.73,587919.0,65.6971,4943.0
2015-10-29 19:00:00+00:00,65.74,65.97,65.51,65.81,1579932.0,65.7424,11868.0
2015-10-29 20:00:00+00:00,65.81,65.81,65.81,65.81,56601.0,65.6518,9.0
2015-10-29 21:00:00+00:00,65.66,65.99,65.66,65.99,1400.0,65.9664,2.0
2015-10-29 22:00:00+00:00,65.55,65.55,65.55,65.55,100.0,65.55,1.0
2015-10-30 12:00:00+00:00,65.46,65.46,65.46,65.46,100.0,65.46,1.0
2015-10-30 13:00:00+00:00,65.81,66.48,65.75,65.84,775219.0,66.1212,4914.0
2015-10-30 14:00:00+00:00,65.86,66.41,65.533,66.14,796648.0,66.0399,6627.0
2015-10-30 15:00:00+00:00,66.15,66.45,65.82,66.22,585070.0,66.1443,4952.0
2015-10-30 16:00:00+00:00,66.22,66.38,66.03,66.3,548486.0,66.201,4819.0
2015-10-30 17:00:00+00:00,66.3,66.43,66.01,66.23,662879.0,66.2658,5546.0
2015-10-30 18:00:00+00:00,66.22,66.5099,66.13,66.18,701437.0,66.3595,5444.0
2015-10-30 19:00:00+00:00,66.17,66.28,65.9,65.91,1105626.0,66.077,9086.0
2015-10-30 20:00:00+00:00,65.92,65.92,65.92,65.92,62288.0,65.92,13.0
2015-11-02 13:00:00+00:00,65.92,66.47,65.92,66.47,761.0,66.0291,5.0
2015-11-02 14:00:00+00:00,66.48,66.88,65.46,66.84,561625.0,66.0934,3348.0
2015-11-02 15:00:00+00:00,66.84,67.74,66.82,67.62,987555.0,67.4634,8740.0
2015-11-02 16:00:00+00:00,67.62,67.85,67.5,67.81,774966.0,67.6494,5926.0
2015-11-02 17:00:00+00:00,67.8,67.93,67.53,67.88,398470.0,67.7049,3393.0
2015-11-02 18:00:00+00:00,67.88,68.1443,67.69,68.07,575031.0,67.9443,4864.0
2015-11-02 19:00:00+00:00,68.09,68.17,67.955,68.13,457860.0,68.0635,4588.0
2015-11-02 20:00:00+00:00,68.13,68.38,67.951,68.03,970146.0,68.1138,9661.0
2015-11-02 21:00:00+00:00,68.03,68.07,67.6652,68.03,36585.0,67.687,11.0
2015-11-02 22:00:00+00:00,68.03,68.03,68.03,68.03,100.0,68.03,1.0
2015-11-03 14:00:00+00:00,67.98,68.48,67.61,67.7568,589033.0,68.0042,4106.0
2015-11-03 15:00:00+00:00,67.76,68.65,67.72,68.475,777882.0,68.0814,6580.0
2015-11-03 16:00:00+00:00,68.475,68.94,68.39,68.94,534310.0,68.5891,4782.0
2015-11-03 17:00:00+00:00,68.94,69.33,68.81,69.24,496358.0,69.0069,4431.0
2015-11-03 18:00:00+00:00,69.23,69.7,69.16,69.66,603112.0,69.3772,5668.0
2015-11-03 19:00:00+00:00,69.67,70.04,69.45,69.87,862821.0,69.758,7110.0
2015-11-03 20:00:00+00:00,69.87,70.03,69.54,69.61,1391708.0,69.7535,11933.0
2015-11-03 21:00:00+00:00,69.6,70.0,69.127,69.75,383763.0,69.5583,21.0
2015-11-03 22:00:00+00:00,69.45,69.5,69.45,69.5,4730.0,69.5652,12.0
2015-11-04 14:00:00+00:00,69.6,70.69,69.6,70.0275,806531.0,70.1874,5318.0
2015-11-04 15:00:00+00:00,70.035,70.91,69.72,70.76,2201575.0,70.0984,8902.0
2015-11-04 16:00:00+00:00,70.76,71.28,70.5603,71.21,987742.0,71.0145,9180.0
2015-11-04 17:00:00+00:00,71.22,71.39,70.79,71.02,704523.0,71.1221,6902.0
2015-11-04 18:00:00+00:00,71.06,71.06,70.17,70.54,806170.0,70.5366,7285.0
2015-11-04 19:00:00+00:00,70.54,71.077,70.35,71.005,770528.0,70.7811,7030.0
2015-11-04 20:00:00+00:00,71.01,71.175,70.84,71.11,1637865.0,71.0216,14019.0
2015-11-04 21:00:00+00:00,71.1,71.1,70.6229,70.66,58321.0,70.847,20.0
2015-11-05 00:00:00+00:00,71.09,71.09,71.09,71.09,100.0,71.09,1.0
2015-11-05 14:00:00+00:00,70.96,71.47,70.62,71.22,713244.0,70.9523,5309.0
2015-11-05 15:00:00+00:00,71.21,71.68,70.8,71.53,919388.0,71.2165,8364.0
2015-11-05 16:00:00+00:00,71.55,72.32,71.51,72.14,1145256.0,72.0265,9668.0
2015-11-05 17:00:00+00:00,72.14,72.33,71.82,72.31,685339.0,72.0961,5691.0
2015-11-05 18:00:00+00:00,72.32,72.35,71.9,72.015,618080.0,72.0581,5771.0
2015-11-05 19:00:00+00:00,72.02,72.08,71.4,71.62,656525.0,71.6438,6093.0
2015-11-05 20:00:00+00:00,71.622,71.99,71.51,71.93,1321147.0,71.8288,11624.0
2015-11-05 21:00:00+00:00,71.93,71.93,71.7504,71.8135,48679.0,71.8066,12.0
2015-11-05 23:00:00+00:00,71.9,71.9,71.9,71.9,100.0,71.9,1.0
2015-11-06 13:00:00+00:00,72.0,72.0,71.85,71.85,2735.0,71.9372,16.0
2015-11-06 14:00:00+00:00,71.5,72.6599,71.26,71.44,833970.0,71.9883,4745.0
2015-11-06 15:00:00+00:00,71.4,71.96,71.23,71.85,673708.0,71.5577,4863.0
2015-11-06 16:00:00+00:00,71.85,72.39,71.52,71.82,698231.0,72.086,5327.0
2015-11-06 17:00:00+00:00,71.84,72.0,71.235,71.27,462598.0,71.5282,3923.0
2015-11-06 18:00:00+00:00,71.26,71.78,71.03,71.642,520680.0,71.2851,4520.0
2015-11-06 19:00:00+00:00,71.67,71.91,71.41,71.7,387421.0,71.6801,3791.0
2015-11-06 20:00:00+00:00,71.73,72.015,71.49,71.93,882628.0,71.8108,7502.0
2015-11-06 21:00:00+00:00,71.95,71.95,71.477,71.95,113386.0,71.5714,11.0
2015-11-06 22:00:00+00:00,71.9535,71.9535,71.95,71.95,200.0,71.9518,2.0
2015-11-09 14:00:00+00:00,71.89,72.7,71.21,71.23,540815.0,71.9837,3322.0
2015-11-09 15:00:00+00:00,71.22,71.25,70.56,70.81,967292.0,70.8873,7196.0
2015-11-09 16:00:00+00:00,70.83,70.83,70.11,70.375,513749.0,70.4464,4195.0
2015-11-09 17:00:00+00:00,70.39,70.64,70.25,70.42,300609.0,70.4401,2743.0
2015-11-09 18:00:00+00:00,70.47,70.61,70.26,70.43,457210.0,70.4688,3384.0
2015-11-09 19:00:00+00:00,70.43,70.67,70.37,70.44,493808.0,70.5225,3806.0
2015-11-09 20:00:00+00:00,70.4284,70.75,70.27,70.51,956730.0,70.5323,8463.0
2015-11-09 21:00:00+00:00,70.49,70.49,70.42,70.42,58513.0,70.4379,8.0
2015-11-09 23:00:00+00:00,70.49,70.49,70.49,70.49,200.0,70.493,3.0
2015-11-10 00:00:00+00:00,70.55,70.55,70.55,70.55,300.0,70.5667,3.0
2015-11-10 14:00:00+00:00,70.25,71.2572,69.75,70.86,464896.0,70.7246,3055.0
2015-11-10 15:00:00+00:00,70.865,70.95,70.18,70.51,473624.0,70.5968,3993.0
2015-11-10 16:00:00+00:00,70.515,71.67,70.45,71.5,659490.0,71.2181,4752.0
2015-11-10 17:00:00+00:00,71.4901,71.7,71.12,71.515,542562.0,71.442,4380.0
2015-11-10 18:00:00+00:00,71.47,71.76,71.32,71.63,360648.0,71.5542,2843.0
2015-11-10 19:00:00+00:00,71.6,71.75,71.45,71.5,440591.0,71.6083,3623.0
2015-11-10 20:00:00+00:00,71.51,71.56,71.17,71.32,924240.0,71.3241,8524.0
2015-11-10 21:00:00+00:00,71.32,71.44,71.32,71.44,5777.0,71.329,12.0
2015-11-10 22:00:00+00:00,71.33,71.49,71.33,71.49,325.0,71.4285,4.0
2015-11-11 14:00:00+00:00,71.32,72.0,71.2273,71.33,362785.0,71.5946,2486.0
2015-11-11 15:00:00+00:00,71.34,71.37,70.49,71.12,638956.0,70.9739,5461.0
2015-11-11 16:00:00+00:00,71.1,71.76,70.94,71.7499,406822.0,71.2993,3926.0
2015-11-11 17:00:00+00:00,71.75,71.77,71.41,71.53,204785.0,71.561,2155.0
2015-11-11 18:00:00+00:00,71.52,71.7,71.3,71.52,257901.0,71.5167,2627.0
2015-11-11 19:00:00+00:00,71.51,71.55,71.21,71.248,328077.0,71.4119,3356.0
2015-11-11 20:00:00+00:00,71.24,71.42,71.1299,71.17,815472.0,71.2551,8890.0
2015-11-12 12:00:00+00:00,71.8,71.8,71.8,71.8,100.0,71.8,1.0
2015-11-12 14:00:00+00:00,70.48,70.76,69.95,69.98,447983.0,70.3,4126.0
2015-11-12 15:00:00+00:00,69.95,70.03,69.41,70.03,568413.0,69.7131,5118.0
2015-11-12 16:00:00+00:00,70.03,70.2,69.41,69.44,538912.0,69.6957,5439.0
2015-11-12 17:00:00+00:00,69.42,69.59,68.92,69.45,503273.0,69.2084,4690.0
2015-11-12 18:00:00+00:00,69.4698,69.84,69.34,69.52,493611.0,69.5987,4327.0
2015-11-12 19:00:00+00:00,69.5225,69.5225,68.86,68.97,775963.0,69.2374,6640.0
2015-11-12 20:00:00+00:00,68.96,69.6,68.92,69.4,1512870.0,69.381,12768.0
2015-11-12 21:00:00+00:00,69.41,69.76,69.39,69.76,40141.0,69.4,11.0
2015-11-13 13:00:00+00:00,68.9,68.9,68.9,68.9,158.0,68.9,1.0
2015-11-13 14:00:00+00:00,69.0,69.8499,68.95,69.001,437967.0,69.3227,2780.0
2015-11-13 15:00:00+00:00,68.98,69.25,68.6081,69.23,633752.0,68.9089,5469.0
2015-11-13 16:00:00+00:00,69.2,69.59,68.78,69.59,359582.0,69.2182,3433.0
2015-11-13 17:00:00+00:00,69.59,69.66,68.9542,69.03,448727.0,69.2916,4308.0
2015-11-13 18:00:00+00:00,69.03,69.09,68.73,68.9,297507.0,68.9019,3398.0
2015-11-13 19:00:00+00:00,68.88,69.23,68.63,68.69,381571.0,68.9557,3912.0
2015-11-13 20:00:00+00:00,68.72,69.22,68.71,68.95,768402.0,68.9742,7464.0
2015-11-13 21:00:00+00:00,68.96,68.96,68.93,68.93,19180.0,68.9592,16.0
2015-11-13 22:00:00+00:00,68.85,68.85,68.85,68.85,500.0,68.85,1.0
2015-11-16 13:00:00+00:00,68.6,68.6,68.6,68.6,200.0,68.6,2.0
2015-11-16 14:00:00+00:00,68.79,69.4516,68.4,68.4,316850.0,68.8995,2659.0
2015-11-16 15:00:00+00:00,68.44,68.81,68.29,68.36,493086.0,68.5488,4855.0
2015-11-16 16:00:00+00:00,68.38,68.98,68.2,68.83,395487.0,68.5936,3847.0
2015-11-16 17:00:00+00:00,68.84,69.31,68.7,68.86,373555.0,69.0455,3628.0
2015-11-16 18:00:00+00:00,68.87,69.31,68.75,69.18,367050.0,69.0719,3595.0
2015-11-16 19:00:00+00:00,69.2,69.25,68.9,68.98,368808.0,69.074,3706.0
2015-11-16 20:00:00+00:00,68.99,69.74,68.9744,69.66,891772.0,69.5091,8783.0
2015-11-16 21:00:00+00:00,69.67,69.67,69.5,69.51,10378.0,69.6668,11.0
2015-11-17 14:00:00+00:00,69.95,70.11,69.306,70.11,318437.0,69.5946,2220.0
2015-11-17 15:00:00+00:00,70.08,70.16,69.6,69.87,571115.0,69.9397,4556.0
2015-11-17 16:00:00+00:00,69.89,70.39,69.86,70.31,380608.0,70.1604,3515.0
2015-11-17 17:00:00+00:00,70.32,70.47,70.025,70.17,337284.0,70.2714,3047.0
2015-11-17 18:00:00+00:00,70.1922,70.4494,70.0801,70.2,269738.0,70.2295,2326.0
2015-11-17 19:00:00+00:00,70.23,70.5,69.76,70.13,406386.0,70.0486,3524.0
2015-11-17 20:00:00+00:00,70.13,70.179,69.74,70.0,777953.0,69.9892,7571.0
2015-11-17 21:00:00+00:00,70.0,70.0,70.0,70.0,6200.0,70.0,1.0
2015-11-17 22:00:00+00:00,70.15,70.15,70.1499,70.15,500.0,70.15,4.0
2015-11-17 23:00:00+00:00,70.15,70.15,70.15,70.15,100.0,70.15,1.0
2015-11-18 14:00:00+00:00,70.12,70.58,69.89,69.93,591722.0,70.3041,4313.0
2015-11-18 15:00:00+00:00,69.98,70.0392,69.17,69.78,485151.0,69.6468,4529.0
2015-11-18 16:00:00+00:00,69.79,70.17,69.43,69.86,370659.0,69.7258,3017.0
2015-11-18 17:00:00+00:00,69.83,70.04,69.62,69.94,228358.0,69.7957,2704.0
2015-11-18 18:00:00+00:00,69.94,70.24,69.85,70.18,400185.0,70.0446,3142.0
2015-11-18 19:00:00+00:00,70.19,70.6,70.14,70.5001,542490.0,70.3306,4443.0
2015-11-18 20:00:00+00:00,70.49,70.76,70.4,70.67,835272.0,70.6287,8077.0
2015-11-18 21:00:00+00:00,70.68,71.0,70.03,70.95,17318.0,70.3111,13.0
2015-11-18 22:00:00+00:00,70.66,70.66,70.66,70.66,79600.0,70.66,1.0
2015-11-19 11:00:00+00:00,68.08,68.08,68.08,68.08,500.0,68.08,6.0
2015-11-19 12:00:00+00:00,67.95,69.85,67.95,69.8,800.0,68.65,6.0
2015-11-19 13:00:00+00:00,69.8,70.0,69.8,70.0,350.0,69.8571,2.0
2015-11-19 14:00:00+00:00,70.15,70.95,70.01,70.93,503848.0,70.5459,3350.0
2015-11-19 15:00:00+00:00,70.91,71.54,70.71,70.955,815762.0,71.1423,6957.0
2015-11-19 16:00:00+00:00,70.95,71.28,70.6,70.61,1134536.0,71.0516,5379.0
2015-11-19 17:00:00+00:00,70.61,71.49,70.4,71.485,555423.0,70.793,5261.0
2015-11-19 18:00:00+00:00,71.48,71.59,71.3,71.4501,569154.0,71.4645,5243.0
2015-11-19 19:00:00+00:00,71.46,71.61,71.16,71.59,566948.0,71.3604,4977.0
2015-11-19 20:00:00+00:00,71.5999,71.63,71.0,71.14,1001343.0,71.2587,9763.0
2015-11-19 21:00:00+00:00,71.03,71.14,70.9,71.14,101292.0,71.1377,23.0
2015-11-19 23:00:00+00:00,70.41,70.41,70.41,70.41,226.0,70.41,1.0
2015-11-20 00:00:00+00:00,71.01,71.01,71.01,71.01,100.0,71.01,1.0
2015-11-20 14:00:00+00:00,71.49,71.78,71.135,71.645,450200.0,71.4348,2274.0
2015-11-20 15:00:00+00:00,71.635,71.98,71.4601,71.4601,548978.0,71.7335,4941.0
2015-11-20 16:00:00+00:00,71.4725,71.81,71.37,71.59,262824.0,71.6032,2849.0
2015-11-20 17:00:00+00:00,71.59,71.96,71.49,71.88,381620.0,71.7453,3498.0
2015-11-20 18:00:00+00:00,71.89,72.199,71.75,71.75,472991.0,71.9692,3722.0
2015-11-20 19:00:00+00:00,71.7645,72.12,71.64,71.8,471040.0,71.884,3985.0
2015-11-20 20:00:00+00:00,71.81,72.0499,71.6726,71.98,867223.0,71.9362,7812.0
2015-11-20 21:00:00+00:00,71.98,72.01,71.98,72.01,14432.0,71.981,5.0
2015-11-20 22:00:00+00:00,71.98,71.98,71.98,71.98,164100.0,71.98,2.0
2015-11-23 12:00:00+00:00,71.0,72.1,71.0,72.1,1200.0,71.9083,5.0
2015-11-23 14:00:00+00:00,72.2,72.36,71.169,72.1942,475019.0,72.0023,3203.0
2015-11-23 15:00:00+00:00,72.19,72.65,71.8965,72.63,584299.0,72.3851,4428.0
2015-11-23 16:00:00+00:00,72.61,72.83,72.26,72.69,418378.0,72.5844,3825.0
2015-11-23 17:00:00+00:00,72.69,72.77,72.39,72.695,351214.0,72.5649,3048.0
2015-11-23 18:00:00+00:00,72.7,73.0,72.69,72.93,446934.0,72.8322,3705.0
2015-11-23 19:00:00+00:00,72.9223,72.9223,72.41,72.69,688590.0,72.6504,5617.0
2015-11-23 20:00:00+00:00,72.68,72.9,72.59,72.7,1031636.0,72.7353,8534.0
2015-11-23 21:00:00+00:00,72.68,72.68,72.68,72.68,31434.0,72.6738,11.0
2015-11-23 22:00:00+00:00,72.98,72.98,72.95,72.95,341.0,72.9311,3.0
2015-11-24 14:00:00+00:00,72.68,73.5,72.4,73.0299,856528.0,73.0549,4683.0
2015-11-24 15:00:00+00:00,73.03,73.24,71.9,71.997,716533.0,72.4531,5477.0
2015-11-24 16:00:00+00:00,71.97,73.07,71.84,72.96,622638.0,72.444,5125.0
2015-11-24 17:00:00+00:00,73.01,73.184,72.7,73.08,413392.0,72.9877,3662.0
2015-11-24 18:00:00+00:00,73.06,73.57,73.03,73.4599,723123.0,73.3851,5788.0
2015-11-24 19:00:00+00:00,73.45,73.88,73.12,73.5,888083.0,73.404,7636.0
2015-11-24 20:00:00+00:00,73.5019,73.5019,72.9,73.04,1091745.0,73.1155,10364.0
2015-11-24 21:00:00+00:00,73.03,73.03,73.03,73.03,84895.0,73.03,15.0
2015-11-24 23:00:00+00:00,73.0,73.0001,73.0,73.0,510.0,73.0006,6.0
2015-11-25 13:00:00+00:00,72.9,72.9,72.9,72.9,622.0,72.9013,3.0
2015-11-25 14:00:00+00:00,72.91,73.57,72.66,73.5525,256955.0,73.0626,1834.0
2015-11-25 15:00:00+00:00,73.53,73.8,72.82,72.82,996571.0,73.473,6284.0
2015-11-25 16:00:00+00:00,72.82,73.27,72.73,73.23,482098.0,72.9266,3671.0
2015-11-25 17:00:00+00:00,73.24,73.48,72.95,73.335,426582.0,73.1552,3660.0
2015-11-25 18:00:00+00:00,73.33,73.73,73.3,73.34,309147.0,73.5069,2753.0
2015-11-25 19:00:00+00:00,73.35,73.41,72.8397,73.09,349423.0,73.0708,3264.0
2015-11-25 20:00:00+00:00,73.09,73.17,72.93,72.94,595859.0,73.0107,5679.0
2015-11-25 21:00:00+00:00,72.93,72.93,72.93,72.93,40381.0,72.97,9.0
2015-11-25 22:00:00+00:00,73.09,73.09,73.09,73.09,200.0,73.09,1.0
2015-11-25 23:00:00+00:00,73.09,73.09,73.09,73.09,100.0,73.09,1.0
2015-11-27 10:00:00+00:00,73.0,73.0,73.0,73.0,600.0,73.0,2.0
2015-11-27 14:00:00+00:00,72.93,73.11,72.38,72.86,296932.0,72.6562,1668.0
2015-11-27 15:00:00+00:00,72.85,73.01,72.48,72.91,449839.0,72.7419,3361.0
2015-11-27 16:00:00+00:00,72.91,73.198,72.89,73.04,278414.0,73.0298,2353.0
2015-11-27 17:00:00+00:00,73.0301,73.06,72.43,72.94,603866.0,72.8123,5448.0
2015-11-27 18:00:00+00:00,72.94,72.94,72.94,72.94,120754.0,72.94,1.0
2015-11-30 14:00:00+00:00,72.94,73.07,72.42,72.777,370717.0,72.7641,2868.0
2015-11-30 15:00:00+00:00,72.76,72.97,72.48,72.52,625732.0,72.6656,5423.0
2015-11-30 16:00:00+00:00,72.53,72.61,72.11,72.34,440014.0,72.3199,4155.0
2015-11-30 17:00:00+00:00,72.34,72.76,72.31,72.68,394586.0,72.5856,3431.0
2015-11-30 18:00:00+00:00,72.67,72.85,72.55,72.69,424051.0,72.6917,3520.0
2015-11-30 19:00:00+00:00,72.69,72.71,71.25,72.08,1363173.0,71.9705,10107.0
2015-11-30 20:00:00+00:00,72.07,72.53,71.79,71.86,1807182.0,72.0698,13515.0
2015-11-30 21:00:00+00:00,71.99,71.99,71.8528,71.86,282053.0,71.8669,33.0
2015-11-30 22:00:00+00:00,71.86,71.86,71.86,71.86,454.0,71.86,1.0
2015-11-30 23:00:00+00:00,71.86,71.86,71.86,71.86,300.0,71.86,1.0
2015-12-01 14:00:00+00:00,72.1,72.9007,72.01,72.066,551861.0,72.4078,3934.0
2015-12-01 15:00:00+00:00,72.09,72.12,71.26,71.84,563155.0,71.6079,5582.0
2015-12-01 16:00:00+00:00,71.85,71.88,71.4,71.76,594640.0,71.6541,5570.0
2015-12-01 17:00:00+00:00,71.77,72.4,71.72,72.21,502686.0,72.039,4894.0
2015-12-01 18:00:00+00:00,72.21,72.6,72.17,72.22,522664.0,72.3816,5206.0
2015-12-01 19:00:00+00:00,72.2199,72.33,72.09,72.2544,478712.0,72.2388,4904.0
2015-12-01 20:00:00+00:00,72.26,72.65,72.21,72.5801,1009262.0,72.4404,9613.0
2015-12-01 21:00:00+00:00,72.67,72.67,72.1681,72.57,52585.0,72.4175,21.0
2015-12-02 13:00:00+00:00,72.51,72.52,72.5,72.5,700.0,72.5086,4.0
2015-12-02 14:00:00+00:00,72.43,73.7,72.26,73.27,455524.0,73.246,3557.0
2015-12-02 15:00:00+00:00,73.3,73.415,72.47,72.6,709881.0,72.8815,6900.0
2015-12-02 16:00:00+00:00,72.59,72.66,71.81,71.94,469671.0,72.1659,4809.0
2015-12-02 17:00:00+00:00,71.94,72.52,71.89,72.19,366692.0,72.2252,3803.0
2015-12-02 18:00:00+00:00,72.17,72.18,71.84,72.04,340057.0,71.9895,3590.0
2015-12-02 19:00:00+00:00,72.04,72.085,71.39,71.4003,454897.0,71.7928,4619.0
2015-12-02 20:00:00+00:00,71.42,72.12,71.34,71.69,1085232.0,71.7306,10042.0
2015-12-02 21:00:00+00:00,71.69,72.2835,71.69,71.8,24485.0,71.703,11.0
2015-12-02 23:00:00+00:00,71.82,71.82,71.8,71.8,300.0,71.8133,2.0
2015-12-03 00:00:00+00:00,71.75,71.75,71.75,71.75,110.0,71.75,1.0
2015-12-03 13:00:00+00:00,72.25,72.25,71.69,71.69,557.0,72.0072,6.0
2015-12-03 14:00:00+00:00,72.02,72.46,71.15,71.39,352703.0,71.8728,2557.0
2015-12-03 15:00:00+00:00,71.39,71.68,70.64,71.55,627829.0,71.2455,5441.0
2015-12-03 16:00:00+00:00,71.56,71.73,71.17,71.37,432210.0,71.4169,4107.0
2015-12-03 17:00:00+00:00,71.37,71.48,70.42,70.88,754130.0,70.8564,6404.0
2015-12-03 18:00:00+00:00,70.885,71.17,70.42,70.42,493787.0,70.9126,4730.0
2015-12-03 19:00:00+00:00,70.43,70.66,70.03,70.58,799561.0,70.3064,6647.0
2015-12-03 20:00:00+00:00,70.57,70.717,69.75,69.99,2151150.0,70.027,15790.0
2015-12-03 21:00:00+00:00,70.05,70.6548,69.99,69.99,248281.0,69.9913,11.0
2015-12-03 22:00:00+00:00,70.03,70.03,70.03,70.03,33757.0,69.9906,2.0
2015-12-03 23:00:00+00:00,70.03,70.03,70.03,70.03,1400.0,70.03,6.0
2015-12-04 00:00:00+00:00,70.3,70.3,70.3,70.3,500.0,70.3,1.0
2015-12-04 13:00:00+00:00,70.03,70.03,70.03,70.03,200.0,70.03,1.0
2015-12-04 14:00:00+00:00,70.01,71.03,69.92,69.99,504097.0,70.4863,3947.0
2015-12-04 15:00:00+00:00,69.97,71.22,69.75,71.04,816460.0,70.4216,7243.0
2015-12-04 16:00:00+00:00,71.04,71.38,70.84,70.95,802368.0,71.1082,6776.0
2015-12-04 17:00:00+00:00,70.97,71.325,70.56,71.21,703641.0,70.9555,5686.0
2015-12-04 18:00:00+00:00,71.24,71.65,71.09,71.62,368580.0,71.3461,3601.0
2015-12-04 19:00:00+00:00,71.62,71.72,71.03,71.57,517346.0,71.3172,5198.0
2015-12-04 20:00:00+00:00,71.57,71.6,71.09,71.37,1096739.0,71.297,10389.0
2015-12-04 21:00:00+00:00,71.39,71.39,71.034,71.034,381957.0,71.385,19.0
2015-12-04 22:00:00+00:00,71.39,71.39,71.39,71.39,230.0,71.39,1.0
2015-12-05 00:00:00+00:00,71.3,71.31,71.1,71.31,900.0,71.2356,3.0
2015-12-07 13:00:00+00:00,71.32,71.32,70.6,70.6,300.0,71.08,2.0
2015-12-07 14:00:00+00:00,70.85,71.72,70.74,71.34,532814.0,71.262,4512.0
2015-12-07 15:00:00+00:00,71.32,71.71,70.23,70.34,1017248.0,70.8356,8621.0
2015-12-07 16:00:00+00:00,70.33,70.56,69.52,70.485,968607.0,69.9696,8596.0
2015-12-07 17:00:00+00:00,70.48,70.61,69.59,69.965,761342.0,70.047,6595.0
2015-12-07 18:00:00+00:00,69.95,70.505,69.692,70.35,684465.0,70.1587,6506.0
2015-12-07 19:00:00+00:00,70.35,70.67,70.0491,70.37,858503.0,70.3784,8333.0
2015-12-07 20:00:00+00:00,70.37,71.17,70.23,70.8,2017227.0,70.8111,17462.0
2015-12-07 21:00:00+00:00,70.79,70.82,70.5559,70.81,153163.0,70.7894,9.0
2015-12-07 22:00:00+00:00,70.7,70.71,70.5,70.5,1928.0,70.6059,14.0
2015-12-08 13:00:00+00:00,70.01,70.01,70.0,70.0,468.0,70.0027,6.0
2015-12-08 14:00:00+00:00,69.94,71.0,69.65,70.255,607100.0,70.4596,4507.0
2015-12-08 15:00:00+00:00,70.255,70.76,70.09,70.69,1061776.0,70.4423,8551.0
2015-12-08 16:00:00+00:00,70.69,71.3,70.55,70.7604,556396.0,70.8943,4830.0
2015-12-08 17:00:00+00:00,70.76,71.32,70.74,71.3,462103.0,71.0289,4046.0
2015-12-08 18:00:00+00:00,71.3,71.34,70.73,71.175,441365.0,71.095,3961.0
2015-12-08 19:00:00+00:00,71.18,71.575,70.71,70.84,823766.0,71.1192,6564.0
2015-12-08 20:00:00+00:00,70.83,71.0,70.4,70.54,1144191.0,70.6363,10227.0
2015-12-08 21:00:00+00:00,70.53,71.11,70.2,70.26,42649.0,70.5632,32.0
2015-12-09 00:00:00+00:00,70.39,70.7,70.38,70.7,1246.0,70.4423,6.0
2015-12-09 13:00:00+00:00,70.49,70.49,70.49,70.49,1000.0,70.49,1.0
2015-12-09 14:00:00+00:00,70.24,70.98,70.225,70.56,473952.0,70.6322,3893.0
2015-12-09 15:00:00+00:00,70.53,71.09,70.26,70.3801,1020994.0,70.6214,9416.0
2015-12-09 16:00:00+00:00,70.386,70.49,69.785,69.92,760500.0,70.095,7660.0
2015-12-09 17:00:00+00:00,69.92,70.103,68.91,69.27,596310.0,69.4514,5462.0
2015-12-09 18:00:00+00:00,69.24,69.61,68.93,69.48,556089.0,69.2409,3984.0
2015-12-09 19:00:00+00:00,69.4631,69.8,69.0,69.04,437909.0,69.3794,4540.0
2015-12-09 20:00:00+00:00,69.04,70.03,69.03,69.88,866709.0,69.755,8632.0
2015-12-09 21:00:00+00:00,69.88,69.88,69.88,69.88,26832.0,69.88,3.0
2015-12-09 22:00:00+00:00,69.88,69.88,69.88,69.88,1000.0,69.88,2.0
2015-12-09 23:00:00+00:00,69.88,70.09,69.88,70.09,390.0,70.0146,2.0
2015-12-10 12:00:00+00:00,70.5,70.5,70.5,70.5,100.0,70.5,1.0
2015-12-10 13:00:00+00:00,70.5,70.5,69.85,69.85,800.0,70.1091,5.0
2015-12-10 14:00:00+00:00,69.89,70.62,69.47,69.57,418091.0,69.9929,3312.0
2015-12-10 15:00:00+00:00,69.55,70.9,69.44,70.8,743199.0,70.1496,6455.0
2015-12-10 16:00:00+00:00,70.81,71.17,70.56,71.055,445817.0,70.8874,4153.0
2015-12-10 17:00:00+00:00,71.07,71.75,70.9,71.72,459938.0,71.2656,3870.0
2015-12-10 18:00:00+00:00,71.73,72.1,71.53,72.07,519281.0,71.8573,4765.0
2015-12-10 19:00:00+00:00,72.08,72.32,71.8702,71.91,834516.0,72.0634,6785.0
2015-12-10 20:00:00+00:00,71.91,71.925,71.3,71.38,1194976.0,71.5626,10192.0
2015-12-10 21:00:00+00:00,71.38,71.38,71.3,71.3,10466.0,71.3792,11.0
2015-12-11 12:00:00+00:00,70.0,70.0,70.0,70.0,150.0,70.0,1.0
2015-12-11 13:00:00+00:00,70.05,71.33,70.0,71.33,2700.0,70.4775,14.0
2015-12-11 14:00:00+00:00,70.52,71.02,69.31,69.314,693269.0,69.8905,4993.0
2015-12-11 15:00:00+00:00,69.35,69.72,68.86,68.87,929723.0,69.3579,7568.0
2015-12-11 16:00:00+00:00,68.86,69.19,67.64,67.84,935567.0,68.3979,8108.0
2015-12-11 17:00:00+00:00,67.84,68.6,67.32,67.93,1045842.0,67.7079,9001.0
2015-12-11 18:00:00+00:00,67.9399,68.85,67.93,68.62,801537.0,68.5183,6502.0
2015-12-11 19:00:00+00:00,68.625,68.791,67.4,67.41,895293.0,67.9894,7913.0
2015-12-11 20:00:00+00:00,67.41,68.0,67.37,67.51,1841215.0,67.6407,16990.0
2015-12-11 21:00:00+00:00,67.51,67.77,67.51,67.57,56055.0,67.5168,31.0
2015-12-11 22:00:00+00:00,67.57,67.57,67.51,67.57,68280.0,67.5107,8.0
2015-12-11 23:00:00+00:00,67.7,67.7,67.7,67.7,200.0,67.7,1.0
2015-12-14 13:00:00+00:00,67.57,67.66,66.88,66.88,6469.0,67.1268,35.0
2015-12-14 14:00:00+00:00,67.4,67.6,65.04,65.675,1257618.0,65.9655,9458.0
2015-12-14 15:00:00+00:00,65.66,67.38,65.66,67.22,1251752.0,66.639,11584.0
2015-12-14 16:00:00+00:00,67.21,67.261,66.2614,66.95,841798.0,66.7358,8252.0
2015-12-14 17:00:00+00:00,66.98,67.68,66.94,67.49,762892.0,67.3659,6987.0
2015-12-14 18:00:00+00:00,67.49,67.615,66.58,67.31,892496.0,67.0828,7986.0
2015-12-14 19:00:00+00:00,67.3,67.68,67.0,67.65,878344.0,67.3223,8221.0
2015-12-14 20:00:00+00:00,67.63,67.64,67.13,67.54,1615309.0,67.3543,14939.0
2015-12-14 21:00:00+00:00,67.55,67.55,67.55,67.55,21923.0,67.2197,6.0
2015-12-14 22:00:00+00:00,67.5,67.79,67.5,67.79,400.0,67.6825,4.0
2015-12-15 13:00:00+00:00,67.5,67.5,67.5,67.5,300.0,67.5,1.0
2015-12-15 14:00:00+00:00,68.23,69.3,67.28,68.05,929473.0,68.1497,6524.0
2015-12-15 15:00:00+00:00,68.06,68.73,67.64,68.385,1050142.0,68.2783,8631.0
2015-12-15 16:00:00+00:00,68.377,68.5299,67.67,68.05,923896.0,68.1243,7290.0
2015-12-15 17:00:00+00:00,68.04,68.33,67.86,68.3,587729.0,68.07,5101.0
2015-12-15 18:00:00+00:00,68.29,68.31,67.99,68.09,589345.0,68.0879,6078.0
2015-12-15 19:00:00+00:00,68.09,68.27,67.96,68.18,584851.0,68.1507,5982.0
2015-12-15 20:00:00+00:00,68.17,68.426,68.09,68.31,1329263.0,68.2767,12911.0
2015-12-15 21:00:00+00:00,68.31,68.31,68.3,68.3,35440.0,68.3099,18.0
2015-12-15 23:00:00+00:00,68.35,68.35,68.35,68.35,150.0,68.35,1.0
2015-12-16 13:00:00+00:00,68.75,69.0,68.35,68.8,7534.0,68.5271,34.0
2015-12-16 14:00:00+00:00,68.8,69.89,68.0,69.35,1099330.0,68.7579,7946.0
2015-12-16 15:00:00+00:00,69.34,69.88,68.91,69.06,1450389.0,69.4452,12217.0
2015-12-16 16:00:00+00:00,69.06,69.42,68.79,69.1325,775006.0,69.1165,6790.0
2015-12-16 17:00:00+00:00,69.15,69.9899,69.12,69.64,1473190.0,69.6502,7212.0
2015-12-16 18:00:00+00:00,69.645,69.95,69.39,69.91,1015459.0,69.6027,8302.0
2015-12-16 19:00:00+00:00,69.81,70.65,69.29,70.38,1329416.0,69.8005,12746.0
2015-12-16 20:00:00+00:00,70.39,70.435,69.82,70.18,1612162.0,70.1938,16467.0
2015-12-16 21:00:00+00:00,70.2,70.2,70.15,70.15,177057.0,70.1999,12.0
2015-12-16 22:00:00+00:00,70.05,70.2,70.05,70.2,2400.0,70.1867,4.0
2015-12-17 12:00:00+00:00,70.55,70.55,70.55,70.55,300.0,70.55,1.0
2015-12-17 13:00:00+00:00,73.0,73.0,70.55,70.55,4900.0,72.0531,10.0
2015-12-17 14:00:00+00:00,70.89,71.75,70.39,71.74,876146.0,71.0121,5800.0
2015-12-17 15:00:00+00:00,71.74,72.075,71.26,72.01,1319646.0,71.7431,12223.0
2015-12-17 16:00:00+00:00,72.0025,72.23,71.49,71.87,983601.0,71.8817,8271.0
2015-12-17 17:00:00+00:00,71.86,72.03,71.57,71.8717,479987.0,71.7854,5730.0
2015-12-17 18:00:00+00:00,71.8679,72.34,71.72,72.16,714525.0,72.1257,7236.0
2015-12-17 19:00:00+00:00,72.17,72.55,72.0,72.48,812543.0,72.2784,8178.0
2015-12-17 20:00:00+00:00,72.47,72.7,71.66,71.69,1707547.0,72.1668,15840.0
2015-12-17 21:00:00+00:00,71.68,71.79,71.64,71.79,22742.0,71.7033,35.0
2015-12-17 23:00:00+00:00,71.5399,71.54,71.5399,71.54,2000.0,71.54,2.0
2015-12-18 00:00:00+00:00,71.41,71.41,71.4,71.4,200.0,71.405,2.0
2015-12-18 14:00:00+00:00,71.41,71.67,71.03,71.34,933827.0,71.2393,4811.0
2015-12-18 15:00:00+00:00,71.36,71.95,71.18,71.825,969199.0,71.5426,9039.0
2015-12-18 16:00:00+00:00,71.83,71.91,70.84,70.85,973844.0,71.4338,7987.0
2015-12-18 17:00:00+00:00,70.83,70.84,70.16,70.265,798299.0,70.4593,6953.0
2015-12-18 18:00:00+00:00,70.26,70.73,70.25,70.46,633910.0,70.5106,6714.0
2015-12-18 19:00:00+00:00,70.45,70.72,70.09,70.125,606849.0,70.3623,6732.0
2015-12-18 20:00:00+00:00,70.12,70.61,69.93,70.02,2062532.0,70.1781,19822.0
2015-12-18 21:00:00+00:00,70.032,70.15,70.03,70.15,359063.0,70.0305,31.0
2015-12-18 22:00:00+00:00,70.03,70.03,70.03,70.03,123400.0,70.03,1.0
2015-12-18 23:00:00+00:00,69.99,69.99,69.98,69.98,1000.0,69.985,3.0
2015-12-21 13:00:00+00:00,69.9,69.9,69.9,69.9,400.0,69.9,1.0
2015-12-21 14:00:00+00:00,70.35,71.18,70.22,70.64,595721.0,70.6904,4689.0
2015-12-21 15:00:00+00:00,70.66,71.26,70.43,70.5,785654.0,70.888,7557.0
2015-12-21 16:00:00+00:00,70.48,70.68,69.91,70.08,678471.0,70.2661,6933.0
2015-12-21 17:00:00+00:00,70.08,70.58,69.91,70.54,463124.0,70.1893,4797.0
2015-12-21 18:00:00+00:00,70.5264,70.75,70.15,70.74,456557.0,70.4262,4564.0
2015-12-21 19:00:00+00:00,70.7351,70.84,70.58,70.72,479314.0,70.7333,5345.0
2015-12-21 20:00:00+00:00,70.72,71.14,70.65,71.11,1068783.0,70.8604,10137.0
2015-12-21 21:00:00+00:00,71.11,71.23,71.09,71.23,40301.0,71.1103,13.0
2015-12-21 22:00:00+00:00,71.09,71.09,71.09,71.09,250.0,71.09,1.0
2015-12-21 23:00:00+00:00,71.28,71.28,71.1,71.1,600.0,71.13,4.0
2015-12-22 00:00:00+00:00,71.21,71.21,71.2099,71.2099,453.0,71.21,3.0
2015-12-22 14:00:00+00:00,71.33,72.0,71.14,71.34,500571.0,71.5747,4189.0
2015-12-22 15:00:00+00:00,71.31,71.59,71.15,71.47,604818.0,71.3271,5612.0
2015-12-22 16:00:00+00:00,71.455,72.2,71.42,72.05,475691.0,71.7549,4342.0
2015-12-22 17:00:00+00:00,72.08,72.24,71.82,71.99,601640.0,72.0351,5128.0
2015-12-22 18:00:00+00:00,71.99,72.21,71.59,71.77,461603.0,71.8157,4827.0
2015-12-22 19:00:00+00:00,71.78,71.84,71.57,71.64,441683.0,71.7251,4811.0
2015-12-22 20:00:00+00:00,71.65,71.91,71.31,71.47,1171766.0,71.5689,10968.0
2015-12-22 21:00:00+00:00,71.48,71.48,71.28,71.28,19211.0,71.5149,48.0
2015-12-22 22:00:00+00:00,71.3,71.3,71.3,71.3,100.0,71.3,1.0
2015-12-22 23:00:00+00:00,71.47,71.47,71.39,71.39,200.0,71.43,2.0
2015-12-23 13:00:00+00:00,71.95,72.05,71.95,72.05,800.0,71.985,3.0
2015-12-23 14:00:00+00:00,71.97,72.02,70.97,71.1195,734404.0,71.6127,5115.0
2015-12-23 15:00:00+00:00,71.13,71.46,70.01,70.38,1251089.0,70.5411,11162.0
2015-12-23 16:00:00+00:00,70.4,70.88,70.26,70.2668,649813.0,70.5925,5883.0
2015-12-23 17:00:00+00:00,70.26,71.23,70.26,71.23,600544.0,70.7283,5943.0
2015-12-23 18:00:00+00:00,71.24,71.58,71.1,71.52,573836.0,71.3523,7349.0
2015-12-23 19:00:00+00:00,71.52,71.7899,71.36,71.605,604020.0,71.5686,6459.0
2015-12-23 20:00:00+00:00,71.61,71.87,71.52,71.82,1310464.0,71.6395,13836.0
2015-12-23 21:00:00+00:00,71.83,71.83,71.81,71.81,28998.0,71.8299,10.0
2015-12-24 13:00:00+00:00,71.75,71.75,71.75,71.75,100.0,71.75,1.0
2015-12-24 14:00:00+00:00,71.9,71.99,70.77,70.92,351316.0,71.3495,2608.0
2015-12-24 15:00:00+00:00,70.91,71.43,70.86,71.34,306607.0,71.2065,3328.0
2015-12-24 16:00:00+00:00,71.36,72.3,71.29,72.2407,353026.0,71.7845,3420.0
2015-12-24 17:00:00+00:00,72.23,72.45,71.88,71.88,490068.0,72.1805,5904.0
2015-12-24 18:00:00+00:00,71.93,71.93,71.93,71.93,116598.0,71.93,1.0
2015-12-24 21:00:00+00:00,71.51,71.83,71.51,71.79,3400.0,71.6262,13.0
2015-12-28 13:00:00+00:00,71.88,71.88,71.88,71.88,230.0,71.88,1.0
2015-12-28 14:00:00+00:00,71.74,71.74,70.76,70.79,362130.0,71.0507,2945.0
2015-12-28 15:00:00+00:00,70.79,71.53,70.71,70.87,462710.0,71.141,4819.0
2015-12-28 16:00:00+00:00,70.87,71.07,70.56,70.68,377939.0,70.7879,4004.0
2015-12-28 17:00:00+00:00,70.665,70.9,70.15,70.4,295636.0,70.4673,3493.0
2015-12-28 18:00:00+00:00,70.4,70.87,70.2,70.22,340471.0,70.5723,3576.0
2015-12-28 19:00:00+00:00,70.21,70.57,70.15,70.43,369490.0,70.3638,3858.0
2015-12-28 20:00:00+00:00,70.44,70.71,70.24,70.61,674823.0,70.5298,7220.0
2015-12-28 21:00:00+00:00,70.62,70.62,70.62,70.62,16804.0,70.62,4.0
2015-12-29 14:00:00+00:00,71.5,71.9,70.76,71.42,314240.0,71.1847,2271.0
2015-12-29 15:00:00+00:00,71.42,71.5,70.75,70.79,348169.0,71.0945,3498.0
2015-12-29 16:00:00+00:00,70.77,71.2,70.77,70.91,254015.0,70.973,2665.0
2015-12-29 17:00:00+00:00,70.9225,70.93,70.53,70.7,203862.0,70.7154,2065.0
2015-12-29 18:00:00+00:00,70.69,71.04,70.68,70.97,224680.0,70.8762,2758.0
2015-12-29 19:00:00+00:00,70.9595,71.19,70.77,70.8985,320833.0,70.9706,3511.0
2015-12-29 20:00:00+00:00,70.895,71.19,70.87,71.09,686279.0,71.0538,7047.0
2015-12-29 21:00:00+00:00,71.09,71.09,71.0,71.08,12871.0,71.0881,12.0
2015-12-30 14:00:00+00:00,70.96,71.64,70.8,71.62,698862.0,71.4233,2647.0
2015-12-30 15:00:00+00:00,71.64,72.0,71.55,71.97,873625.0,71.7782,6550.0
2015-12-30 16:00:00+00:00,71.98,72.44,71.81,72.35,1015910.0,72.138,7099.0
2015-12-30 17:00:00+00:00,72.35,72.4,72.06,72.1101,690029.0,72.2793,4569.0
2015-12-30 18:00:00+00:00,72.14,72.19,71.86,72.03,382282.0,72.0623,3725.0
2015-12-30 19:00:00+00:00,72.025,72.04,71.56,71.645,423027.0,71.8284,4114.0
2015-12-30 20:00:00+00:00,71.65,71.93,71.5,71.56,734729.0,71.681,7248.0
2015-12-30 21:00:00+00:00,71.7,71.81,71.58,71.6,18966.0,71.715,29.0
2015-12-30 23:00:00+00:00,71.7,71.7,71.7,71.7,100.0,71.7,1.0
2015-12-31 00:00:00+00:00,71.79,71.9,71.79,71.9,950.0,71.8511,5.0
2015-12-31 13:00:00+00:00,71.58,71.58,71.58,71.58,210.0,71.58,2.0
2015-12-31 14:00:00+00:00,71.15,71.53,71.05,71.212,217549.0,71.2491,1891.0
2015-12-31 15:00:00+00:00,71.18,71.75,70.91,70.91,455106.0,71.3391,4342.0
2015-12-31 16:00:00+00:00,70.9,70.98,70.31,70.8,385721.0,70.6422,3621.0
2015-12-31 17:00:00+00:00,70.81,70.86,70.48,70.49,214976.0,70.6888,2319.0
2015-12-31 18:00:00+00:00,70.49,70.69,70.27,70.61,287918.0,70.4811,2795.0
2015-12-31 19:00:00+00:00,70.6194,70.72,70.27,70.39,349970.0,70.4869,3615.0
2015-12-31 20:00:00+00:00,70.39,70.91,70.38,70.72,849901.0,70.7202,9663.0
2015-12-31 21:00:00+00:00,70.71,70.71,70.71,70.71,30322.0,70.71,22.0
2015-12-31 22:00:00+00:00,70.71,70.71,70.71,70.71,16590.0,70.71,1.0
2016-01-01 00:00:00+00:00,70.72,70.72,70.72,70.72,100.0,70.72,1.0
2016-01-04 13:00:00+00:00,69.63,70.31,69.01,70.0,47864.0,70.645,16.0
2016-01-04 14:00:00+00:00,69.9,71.67,69.9,70.59,646095.0,70.868,4930.0
2016-01-04 15:00:00+00:00,70.56,70.59,69.94,70.1402,960573.0,70.2992,8325.0
2016-01-04 16:00:00+00:00,70.13,70.17,69.12,69.26,940404.0,69.5716,8647.0
2016-01-04 17:00:00+00:00,69.26,69.385,68.93,68.98,675168.0,69.0963,6312.0
2016-01-04 18:00:00+00:00,68.97,69.22,68.705,68.96,697610.0,68.9529,6302.0
2016-01-04 19:00:00+00:00,68.975,69.31,68.76,69.31,696927.0,68.9807,6678.0
2016-01-04 20:00:00+00:00,69.32,69.98,69.12,69.97,1484343.0,69.6058,13554.0
2016-01-04 21:00:00+00:00,69.94,69.94,69.6049,69.6049,63124.0,69.7856,10.0
2016-01-04 22:00:00+00:00,69.96,69.96,69.95,69.96,500.0,69.9651,6.0
2016-01-04 23:00:00+00:00,70.0,70.0,70.0,70.0,100.0,70.0,1.0
2016-01-05 00:00:00+00:00,70.15,70.15,70.15,70.15,115.0,70.15,1.0
2016-01-05 13:00:00+00:00,70.16,70.16,70.16,70.16,510.0,70.1475,3.0
2016-01-05 14:00:00+00:00,70.14,71.25,70.1,71.0,620170.0,70.8281,4075.0
2016-01-05 15:00:00+00:00,70.995,71.07,69.77,70.08,686340.0,70.2319,6229.0
2016-01-05 16:00:00+00:00,70.1,70.37,69.89,70.235,520334.0,70.1479,4782.0
2016-01-05 17:00:00+00:00,70.23,70.34,69.965,70.22,516179.0,70.1321,4765.0
2016-01-05 18:00:00+00:00,70.22,70.71,70.08,70.62,628429.0,70.3757,4936.0
2016-01-05 19:00:00+00:00,70.62,71.305,70.57,71.24,867759.0,71.0059,6928.0
2016-01-05 20:00:00+00:00,71.23,71.355,70.93,71.17,1010102.0,71.1494,10042.0
2016-01-05 21:00:00+00:00,71.16,71.17,70.6115,71.15,34557.0,70.7953,20.0
2016-01-05 23:00:00+00:00,70.75,70.75,70.75,70.75,100.0,70.75,1.0
2016-01-06 13:00:00+00:00,69.75,69.8,69.02,69.5,10662.0,69.7254,15.0
2016-01-06 14:00:00+00:00,69.28,71.29,69.28,71.23,582678.0,70.6741,4320.0
2016-01-06 15:00:00+00:00,71.24,71.98,69.89,70.225,2389853.0,70.8527,13393.0
2016-01-06 16:00:00+00:00,70.23,70.84,70.0,70.29,1033522.0,70.3499,7142.0
2016-01-06 17:00:00+00:00,70.28,70.5,70.07,70.08,534207.0,70.205,4867.0
2016-01-06 18:00:00+00:00,70.1,70.62,69.9313,70.37,836311.0,70.2334,5892.0
2016-01-06 19:00:00+00:00,70.3625,70.61,70.09,70.15,606838.0,70.3477,6436.0
2016-01-06 20:00:00+00:00,70.16,70.88,70.05,70.68,1219383.0,70.4891,12120.0
2016-01-06 21:00:00+00:00,70.66,70.71,70.5278,70.71,62713.0,70.6116,11.0
2016-01-06 22:00:00+00:00,70.66,70.66,70.66,70.66,300.0,70.66,1.0
2016-01-07 12:00:00+00:00,69.02,69.02,69.0,69.0,1200.0,69.0033,11.0
2016-01-07 13:00:00+00:00,69.73,70.0,69.37,69.39,8439.0,69.8272,38.0
2016-01-07 14:00:00+00:00,69.74,70.87,69.57,70.31,595578.0,70.4146,4707.0
2016-01-07 15:00:00+00:00,70.28,71.04,70.0,71.02,879589.0,70.5185,7847.0
2016-01-07 16:00:00+00:00,71.02,71.77,71.0,71.46,1234537.0,71.3493,8985.0
2016-01-07 17:00:00+00:00,71.45,71.51,70.895,71.12,806417.0,71.1211,6363.0
2016-01-07 18:00:00+00:00,71.13,71.185,70.6,70.735,917477.0,70.939,7902.0
2016-01-07 19:00:00+00:00,70.74,71.95,70.74,71.315,1262810.0,71.4161,10268.0
2016-01-07 20:00:00+00:00,71.3,72.22,71.12,72.07,2268191.0,71.7982,19390.0
2016-01-07 21:00:00+00:00,72.09,72.18,71.2381,72.0,103228.0,71.8963,14.0
2016-01-07 22:00:00+00:00,72.09,72.09,72.05,72.09,109898.0,72.0899,3.0
2016-01-08 00:00:00+00:00,72.0,72.0,72.0,72.0,100.0,72.0,1.0
2016-01-08 13:00:00+00:00,72.25,73.1,72.0,72.51,2675.0,72.7399,22.0
2016-01-08 14:00:00+00:00,72.75,72.75,69.87,71.005,1210912.0,71.4541,6284.0
2016-01-08 15:00:00+00:00,71.02,71.17,70.19,70.65,1298600.0,70.7065,10818.0
2016-01-08 16:00:00+00:00,70.65,70.84,69.29,69.87,1286848.0,69.9163,9766.0
2016-01-08 17:00:00+00:00,69.86,70.05,69.32,69.35,980597.0,69.7083,7929.0
2016-01-08 18:00:00+00:00,69.31,69.52,68.94,69.005,1073929.0,69.2417,9384.0
2016-01-08 19:00:00+00:00,69.01,69.22,68.19,68.45,1475132.0,68.6479,12111.0
2016-01-08 20:00:00+00:00,68.45,68.84,68.1,68.25,2348781.0,68.4613,21020.0
2016-01-08 21:00:00+00:00,68.25,69.5039,68.22,68.25,72225.0,68.74,18.0
2016-01-08 22:00:00+00:00,68.3,68.39,68.3,68.39,500.0,68.372,3.0
2016-01-08 23:00:00+00:00,68.38,68.39,68.38,68.39,300.0,68.385,2.0
2016-01-09 00:00:00+00:00,68.25,68.25,68.25,68.25,130.0,68.25,1.0
2016-01-11 13:00:00+00:00,68.4,68.85,68.4,68.85,200.0,68.625,2.0
2016-01-11 14:00:00+00:00,68.7,69.03,68.21,68.56,587542.0,68.6471,3662.0
2016-01-11 15:00:00+00:00,68.54,69.2,68.14,68.39,988636.0,68.6416,8039.0
2016-01-11 16:00:00+00:00,68.4,68.52,68.09,68.5,759734.0,68.309,7246.0
2016-01-11 17:00:00+00:00,68.5,68.55,67.65,67.8953,599276.0,67.9763,6549.0
2016-01-11 18:00:00+00:00,67.893,68.0,66.98,66.98,775013.0,67.4506,7415.0
2016-01-11 19:00:00+00:00,66.99,68.22,66.85,68.19,775513.0,67.7025,7388.0
2016-01-11 20:00:00+00:00,68.21,69.43,67.8304,69.05,1852922.0,68.6683,14626.0
2016-01-11 21:00:00+00:00,69.07,69.07,67.8175,67.8175,18265.0,68.5626,8.0
2016-01-12 13:00:00+00:00,69.5,70.08,69.5,70.08,1200.0,69.7417,5.0
2016-01-12 14:00:00+00:00,70.07,71.44,69.31,70.69,954404.0,70.7475,7533.0
2016-01-12 15:00:00+00:00,70.73,70.95,70.2,70.75,880791.0,70.6195,8811.0
2016-01-12 16:00:00+00:00,70.76,70.93,70.25,70.58,708465.0,70.587,6434.0
2016-01-12 17:00:00+00:00,70.56,70.7389,69.57,69.58,811614.0,70.2718,7415.0
2016-01-12 18:00:00+00:00,69.59,70.19,69.5,69.91,463475.0,69.8568,4843.0
2016-01-12 19:00:00+00:00,69.9,71.6,69.7,71.56,1115239.0,70.6494,8971.0
2016-01-12 20:00:00+00:00,71.565,72.06,71.05,71.22,2538629.0,71.4128,19088.0
2016-01-12 21:00:00+00:00,71.19,71.19,70.71,70.8,31744.0,71.136,38.0
2016-01-12 22:00:00+00:00,70.89,70.9,70.89,70.8999,1000.0,70.896,3.0
2016-01-13 00:00:00+00:00,70.89,70.9,70.89,70.9,630.0,70.8932,6.0
2016-01-13 12:00:00+00:00,71.48,71.49,71.48,71.49,500.0,71.484,2.0
2016-01-13 13:00:00+00:00,71.2,71.49,71.19,71.49,1899.0,71.3206,9.0
2016-01-13 14:00:00+00:00,71.19,71.19,68.78,68.87,1130398.0,69.7685,8175.0
2016-01-13 15:00:00+00:00,68.87,69.48,67.23,67.84,2082930.0,68.2084,16165.0
2016-01-13 16:00:00+00:00,67.81,67.98,66.26,66.44,1622966.0,67.2422,12099.0
2016-01-13 17:00:00+00:00,66.44,66.71,65.55,66.08,1315919.0,66.0846,8946.0
2016-01-13 18:00:00+00:00,66.1,66.15,64.55,64.88,1545525.0,65.3623,11067.0
2016-01-13 19:00:00+00:00,64.88,65.0655,63.05,63.825,1747794.0,63.8938,12562.0
2016-01-13 20:00:00+00:00,63.83,65.48,63.7,65.03,3148747.0,64.8057,25358.0
2016-01-13 21:00:00+00:00,65.08,67.8324,65.03,65.28,204177.0,67.6166,32.0
2016-01-13 22:00:00+00:00,65.23,65.3,65.23,65.3,77600.0,65.2997,2.0
2016-01-13 23:00:00+00:00,65.65,65.65,65.31,65.6,2090.0,65.5884,10.0
2016-01-14 00:00:00+00:00,65.6,65.6,65.6,65.6,1000.0,65.6,2.0
2016-01-14 13:00:00+00:00,65.03,66.9,65.03,66.02,925.0,65.9388,9.0
2016-01-14 14:00:00+00:00,66.02,66.02,63.52,63.96,897283.0,64.3828,6168.0
2016-01-14 15:00:00+00:00,63.93,67.27,63.61,66.198,1641733.0,65.5608,12946.0
2016-01-14 16:00:00+00:00,66.2,66.91,65.55,66.86,979301.0,66.2346,8577.0
2016-01-14 17:00:00+00:00,66.88,67.25,66.23,66.67,805638.0,66.8528,6594.0
2016-01-14 18:00:00+00:00,66.63,67.34,66.56,67.23,859831.0,66.96,7721.0
2016-01-14 19:00:00+00:00,67.25,67.64,66.9901,67.615,983779.0,67.2868,8635.0
2016-01-14 20:00:00+00:00,67.62,67.94,67.14,67.32,1761744.0,67.4854,15764.0
2016-01-14 21:00:00+00:00,67.32,67.37,67.32,67.37,122925.0,67.3677,5.0
2016-01-14 22:00:00+00:00,67.3601,67.37,67.36,67.36,2625.0,67.3612,3.0
2016-01-14 23:00:00+00:00,67.36,67.4,67.36,67.4,2078.0,67.3927,3.0
2016-01-15 00:00:00+00:00,67.41,67.41,67.41,67.41,100.0,67.41,1.0
2016-01-15 13:00:00+00:00,65.0,65.1,65.0,65.0,1556.0,65.0087,11.0
2016-01-15 14:00:00+00:00,64.95,66.4,64.47,65.45,971294.0,65.3469,5357.0
2016-01-15 15:00:00+00:00,65.41,66.94,65.06,66.44,1272979.0,66.1646,11011.0
2016-01-15 16:00:00+00:00,66.44,66.69,65.71,66.3,1047720.0,66.254,9541.0
2016-01-15 17:00:00+00:00,66.3,66.38,65.4,66.26,900263.0,65.9457,8395.0
2016-01-15 18:00:00+00:00,66.24,66.999,66.13,66.771,743316.0,66.6755,7616.0
2016-01-15 19:00:00+00:00,66.76,66.79,66.011,66.49,840941.0,66.3555,8027.0
2016-01-15 20:00:00+00:00,66.49,66.87,66.23,66.42,1863234.0,66.4775,17194.0
2016-01-15 21:00:00+00:00,66.41,66.42,66.41,66.42,27546.0,66.4101,11.0
2016-01-15 23:00:00+00:00,66.44,66.44,66.41,66.41,550.0,66.4434,5.0
2016-01-19 13:00:00+00:00,67.19,67.19,66.41,66.41,5682.0,66.513,9.0
2016-01-19 14:00:00+00:00,67.17,68.512,67.07,67.55,1200111.0,67.6948,8715.0
2016-01-19 15:00:00+00:00,67.575,68.17,67.07,67.1,1170395.0,67.6971,9521.0
2016-01-19 16:00:00+00:00,67.08,67.64,66.61,67.16,880042.0,67.0992,7733.0
2016-01-19 17:00:00+00:00,67.16,67.36,66.22,66.64,698385.0,66.6329,6569.0
2016-01-19 18:00:00+00:00,66.63,66.866,66.38,66.44,484977.0,66.6294,5362.0
2016-01-19 19:00:00+00:00,66.41,66.5,65.32,65.7808,914547.0,65.7927,8686.0
2016-01-19 20:00:00+00:00,65.77,67.03,65.59,66.55,1320289.0,66.5158,12075.0
2016-01-19 21:00:00+00:00,66.55,66.55,66.54,66.54,65464.0,66.6526,22.0
2016-01-20 00:00:00+00:00,66.46,66.46,66.46,66.46,600.0,66.46,2.0
2016-01-20 13:00:00+00:00,65.74,65.74,65.74,65.74,300.0,65.74,1.0
2016-01-20 14:00:00+00:00,65.25,65.5,63.81,64.9469,990698.0,64.6169,8034.0
2016-01-20 15:00:00+00:00,64.94,65.91,64.75,64.99,1213780.0,65.2203,12808.0
2016-01-20 16:00:00+00:00,65.01,65.73,64.79,64.99,765815.0,65.2871,7501.0
2016-01-20 17:00:00+00:00,64.94,65.05,63.91,64.734,1073950.0,64.4256,8153.0
2016-01-20 18:00:00+00:00,64.77,65.45,64.06,65.17,702319.0,64.8325,6295.0
2016-01-20 19:00:00+00:00,65.18,65.95,65.0,65.26,831187.0,65.4764,8844.0
2016-01-20 20:00:00+00:00,65.27,66.4599,65.1,65.46,1758657.0,65.6754,18913.0
2016-01-20 21:00:00+00:00,65.48,65.59,65.25,65.25,72087.0,65.3393,29.0
2016-01-20 22:00:00+00:00,65.15,65.25,65.13,65.25,1501.0,65.1864,9.0
2016-01-20 23:00:00+00:00,65.35,65.4,65.35,65.4,1500.0,65.3667,3.0
2016-01-21 13:00:00+00:00,65.8,65.9,65.8,65.9,300.0,65.8333,3.0
2016-01-21 14:00:00+00:00,65.55,66.12,63.07,63.09,1208469.0,63.7787,7470.0
2016-01-21 15:00:00+00:00,63.13,64.5,63.12,63.2,1564779.0,63.666,12471.0
2016-01-21 16:00:00+00:00,63.21,64.65,63.15,64.37,1545267.0,64.1802,13753.0
2016-01-21 17:00:00+00:00,64.37,64.83,63.73,64.83,1062867.0,64.3288,9630.0
2016-01-21 18:00:00+00:00,64.8359,65.01,64.01,64.23,635140.0,64.4912,6443.0
2016-01-21 19:00:00+00:00,64.25,64.33,63.42,64.05,831472.0,63.8894,8299.0
2016-01-21 20:00:00+00:00,64.05,64.06,63.32,63.42,1762342.0,63.6045,17744.0
2016-01-21 21:00:00+00:00,63.43,64.0,63.42,63.61,43996.0,63.4791,29.0
2016-01-21 22:00:00+00:00,63.9,64.0,63.9,64.0,3827.0,63.9644,22.0
2016-01-21 23:00:00+00:00,64.0,64.0,63.99,63.99,200.0,63.995,2.0
2016-01-22 10:00:00+00:00,66.0,66.0,66.0,66.0,1100.0,66.0,3.0
2016-01-22 11:00:00+00:00,66.0,66.0,66.0,66.0,100.0,66.0,1.0
2016-01-22 12:00:00+00:00,65.99,66.0,65.0,65.0,600.0,65.8317,3.0
2016-01-22 13:00:00+00:00,65.98,65.98,65.15,65.2,2295.0,65.4341,17.0
2016-01-22 14:00:00+00:00,65.29,66.15,64.72,66.1,1407252.0,65.3872,11126.0
2016-01-22 15:00:00+00:00,66.08,67.08,65.99,66.42,1497392.0,66.4663,15134.0
2016-01-22 16:00:00+00:00,66.4,67.45,66.31,67.1003,1004988.0,66.9864,10411.0
2016-01-22 17:00:00+00:00,67.11,67.9,67.11,67.73,689364.0,67.578,7331.0
2016-01-22 18:00:00+00:00,67.72,68.49,67.54,68.37,859743.0,68.1123,8224.0
2016-01-22 19:00:00+00:00,68.35,68.44,67.76,67.92,866747.0,68.1192,8227.0
2016-01-22 20:00:00+00:00,67.92,68.19,67.61,67.9,1820202.0,67.9284,16248.0
2016-01-22 21:00:00+00:00,67.86,67.89,67.83,67.86,18958.0,67.8652,18.0
2016-01-25 12:00:00+00:00,67.65,67.7,67.65,67.7,600.0,67.6667,3.0
2016-01-25 13:00:00+00:00,67.7,67.7,67.7,67.7,1100.0,67.7,2.0
2016-01-25 14:00:00+00:00,67.15,67.79,66.521,66.6,755924.0,67.3351,5442.0
2016-01-25 15:00:00+00:00,66.58,69.35,66.52,66.88,1004769.0,67.2623,7688.0
2016-01-25 16:00:00+00:00,66.87,67.0701,66.56,66.92,609539.0,66.776,5550.0
2016-01-25 17:00:00+00:00,66.92,67.19,66.7,66.85,495643.0,66.9586,4504.0
2016-01-25 18:00:00+00:00,66.86,67.19,66.45,66.45,479209.0,66.8162,5122.0
2016-01-25 19:00:00+00:00,66.43,66.65,65.72,65.83,669227.0,66.1873,6245.0
2016-01-25 20:00:00+00:00,65.85,65.96,65.06,65.14,1430119.0,65.4704,13538.0
2016-01-25 21:00:00+00:00,65.1,65.61,65.09,65.61,88816.0,65.2934,23.0
2016-01-25 22:00:00+00:00,65.2,65.21,65.2,65.21,500.0,65.206,2.0
2016-01-25 23:00:00+00:00,65.14,65.38,65.14,65.38,800.0,65.1831,5.0
2016-01-26 00:00:00+00:00,65.25,65.25,65.25,65.25,316.0,65.2571,4.0
2016-01-26 14:00:00+00:00,65.5,66.67,65.5,65.79,789682.0,66.1486,4845.0
2016-01-26 15:00:00+00:00,65.81,66.76,65.77,66.38,916327.0,66.4812,7104.0
2016-01-26 16:00:00+00:00,66.35,66.81,66.15,66.54,567465.0,66.5212,6149.0
2016-01-26 17:00:00+00:00,66.58,67.68,66.58,67.32,595919.0,67.2274,5828.0
2016-01-26 18:00:00+00:00,67.3266,67.73,67.06,67.17,661958.0,67.3549,6125.0
2016-01-26 19:00:00+00:00,67.16,67.6,66.94,67.35,780927.0,67.2383,7198.0
2016-01-26 20:00:00+00:00,67.34,67.74,66.95,67.71,1303163.0,67.3622,12749.0
2016-01-26 21:00:00+00:00,67.71,67.71,66.0,66.0,20090.0,67.5589,23.0
2016-01-26 22:00:00+00:00,66.26,66.26,66.25,66.25,245.0,66.2541,2.0
2016-01-26 23:00:00+00:00,66.52,66.8,66.25,66.26,1844.0,66.4969,9.0
2016-01-27 00:00:00+00:00,66.75,66.75,66.75,66.75,100.0,66.75,1.0
2016-01-27 13:00:00+00:00,67.41,67.58,67.41,67.45,700.0,67.4986,4.0
2016-01-27 14:00:00+00:00,67.55,68.49,66.87,66.95,785106.0,67.3525,5162.0
2016-01-27 15:00:00+00:00,66.99,67.045,65.93,66.82,1294356.0,66.4871,10899.0
2016-01-27 16:00:00+00:00,66.81,67.16,66.64,66.98,897096.0,66.8687,7630.0
2016-01-27 17:00:00+00:00,66.95,67.3301,66.83,66.85,786908.0,67.0905,6901.0
2016-01-27 18:00:00+00:00,66.84,66.9,66.38,66.63,919976.0,66.6161,7160.0
2016-01-27 19:00:00+00:00,66.68,67.15,66.18,66.4,1123308.0,66.5694,9961.0
2016-01-27 20:00:00+00:00,66.4,66.412,65.25,65.95,1480184.0,65.8572,16277.0
2016-01-27 21:00:00+00:00,65.99,66.5,65.99,66.5,9990.0,66.3948,13.0
2016-01-27 22:00:00+00:00,67.0,67.05,67.0,67.05,790.0,66.9858,9.0
2016-01-27 23:00:00+00:00,66.21,66.21,66.21,66.21,100.0,66.21,1.0
2016-01-28 13:00:00+00:00,66.0,68.2,66.0,66.8,3417.0,66.8401,16.0
2016-01-28 14:00:00+00:00,67.21,67.77,65.06,65.27,1417799.0,66.0803,11911.0
2016-01-28 15:00:00+00:00,65.26,66.0,63.5,64.22,1765061.0,64.7283,14951.0
2016-01-28 16:00:00+00:00,64.23,64.38,62.16,63.37,1753071.0,63.4073,12819.0
2016-01-28 17:00:00+00:00,63.36,65.21,63.26,64.49,1699290.0,64.2251,9910.0
2016-01-28 18:00:00+00:00,64.49,64.87,64.05,64.39,925002.0,64.5072,7877.0
2016-01-28 19:00:00+00:00,64.35,64.73,63.675,63.85,942400.0,64.1868,8267.0
2016-01-28 20:00:00+00:00,63.84,64.65,63.79,64.51,1663360.0,64.4051,16039.0
2016-01-28 21:00:00+00:00,64.51,64.98,64.51,64.98,53182.0,64.5375,58.0
2016-01-28 22:00:00+00:00,64.98,64.99,64.98,64.99,2100.0,64.9895,2.0
2016-01-28 23:00:00+00:00,64.2,64.2,64.2,64.2,514.0,64.2,1.0
2016-01-29 14:00:00+00:00,64.56,65.16,63.25,64.15,731016.0,64.0271,4796.0
2016-01-29 15:00:00+00:00,64.17,65.58,63.9,65.1,1121378.0,64.6836,9045.0
2016-01-29 16:00:00+00:00,65.12,65.71,65.03,65.61,591977.0,65.3956,5455.0
2016-01-29 17:00:00+00:00,65.62,66.8,65.42,66.71,667982.0,66.2599,5933.0
2016-01-29 18:00:00+00:00,66.72,66.77,66.35,66.62,562638.0,66.561,5159.0
2016-01-29 19:00:00+00:00,66.61,67.39,66.51,67.23,755888.0,66.8872,7089.0
2016-01-29 20:00:00+00:00,67.24,67.925,67.13,67.84,1559054.0,67.6846,16135.0
2016-01-29 21:00:00+00:00,67.868,67.87,66.82,67.62,67149.0,67.8661,18.0
2016-01-29 22:00:00+00:00,67.82,67.82,67.82,67.82,100.0,67.82,1.0
2016-02-01 14:00:00+00:00,67.87,68.49,66.79,66.81,537026.0,67.5647,3492.0
2016-02-01 15:00:00+00:00,66.85,68.82,66.46,68.57,934515.0,67.9335,7962.0
2016-02-01 16:00:00+00:00,68.5604,68.73,68.02,68.41,690271.0,68.396,6537.0
2016-02-01 17:00:00+00:00,68.38,68.448,67.51,68.265,588479.0,68.019,5838.0
2016-02-01 18:00:00+00:00,68.27,68.5499,67.96,68.37,421826.0,68.225,4756.0
2016-02-01 19:00:00+00:00,68.36,68.87,68.15,68.815,633652.0,68.5546,6747.0
2016-02-01 20:00:00+00:00,68.8,69.13,68.64,68.69,1098563.0,68.914,12478.0
2016-02-01 21:00:00+00:00,68.7,68.7,68.2492,68.2492,34580.0,68.5293,12.0
2016-02-02 00:00:00+00:00,68.75,68.75,68.75,68.75,100.0,68.75,1.0
2016-02-02 14:00:00+00:00,68.0,68.0,65.68,65.81,814660.0,66.4599,6381.0
2016-02-02 15:00:00+00:00,65.8,66.23,65.25,65.43,1108760.0,65.6888,8459.0
2016-02-02 16:00:00+00:00,65.46,66.63,65.17,65.98,879652.0,65.9755,7266.0
2016-02-02 17:00:00+00:00,65.98,66.01,65.5,65.61,523454.0,65.6644,5483.0
2016-02-02 18:00:00+00:00,65.59,65.68,65.37,65.5,512605.0,65.5197,5579.0
2016-02-02 19:00:00+00:00,65.52,65.67,64.93,65.16,852220.0,65.2727,7510.0
2016-02-02 20:00:00+00:00,65.15,65.61,64.96,65.3,1369517.0,65.2242,13683.0
2016-02-02 21:00:00+00:00,65.31,65.6043,64.89,64.89,60859.0,65.4813,53.0
2016-02-02 22:00:00+00:00,64.89,65.11,64.89,64.9,900.0,64.92,9.0
2016-02-02 23:00:00+00:00,64.9,64.9,64.9,64.9,150.0,64.9,2.0
2016-02-03 14:00:00+00:00,65.69,65.78,63.16,63.29,981888.0,64.0211,6643.0
2016-02-03 15:00:00+00:00,63.28,63.28,60.11,60.855,2686862.0,61.1419,20237.0
2016-02-03 16:00:00+00:00,60.88,61.16,59.9,59.96,1867979.0,60.7092,14900.0
2016-02-03 17:00:00+00:00,59.9698,60.56,59.4,60.53,1857421.0,59.7965,14608.0
2016-02-03 18:00:00+00:00,60.51,60.6,59.41,59.41,1281769.0,60.0665,10617.0
2016-02-03 19:00:00+00:00,59.415,61.35,59.41,60.9,1691828.0,60.5652,12935.0
2016-02-03 20:00:00+00:00,60.87,61.25,60.42,60.96,1898856.0,60.7775,18144.0
2016-02-03 21:00:00+00:00,60.95,61.51,60.8018,61.27,65619.0,60.9234,29.0
2016-02-03 22:00:00+00:00,61.45,61.45,61.06,61.2,840.0,61.2352,9.0
2016-02-03 23:00:00+00:00,61.05,61.42,61.05,61.42,3156.0,61.2556,13.0
2016-02-04 00:00:00+00:00,61.27,61.45,61.27,61.4,1413.0,61.3759,6.0
2016-02-04 12:00:00+00:00,61.4,61.4,61.03,61.03,500.0,61.326,5.0
2016-02-04 13:00:00+00:00,61.27,61.4,60.92,60.92,3185.0,61.0246,18.0
2016-02-04 14:00:00+00:00,61.12,61.42,60.2,61.39,923609.0,60.9127,6173.0
2016-02-04 15:00:00+00:00,61.36,62.83,60.95,62.15,1267189.0,61.985,10568.0
2016-02-04 16:00:00+00:00,62.12,62.13,61.43,61.54,1074493.0,61.7896,10959.0
2016-02-04 17:00:00+00:00,61.56,62.21,61.51,61.94,888424.0,61.847,8142.0
2016-02-04 18:00:00+00:00,61.93,62.42,61.55,61.67,924309.0,61.9837,9905.0
2016-02-04 19:00:00+00:00,61.67,61.7,61.26,61.44,1033345.0,61.4658,10568.0
2016-02-04 20:00:00+00:00,61.44,62.01,61.044,61.84,2584260.0,61.5748,22915.0
2016-02-04 21:00:00+00:00,61.79,61.93,61.6316,61.79,383046.0,61.7859,17.0
2016-02-05 00:00:00+00:00,61.78,61.78,61.78,61.78,200.0,61.78,1.0
2016-02-05 13:00:00+00:00,61.0,61.0,61.0,61.0,737.0,61.0,5.0
2016-02-05 14:00:00+00:00,61.05,61.77,60.4,61.08,736410.0,60.9746,6112.0
2016-02-05 15:00:00+00:00,61.08,61.44,59.75,60.04,1060688.0,60.5467,8588.0
2016-02-05 16:00:00+00:00,60.07,60.14,59.41,59.53,957623.0,59.7586,8315.0
2016-02-05 17:00:00+00:00,59.53,59.62,59.01,59.11,657913.0,59.3519,5761.0
2016-02-05 18:00:00+00:00,59.1001,60.1536,57.95,58.0,1226174.0,58.5599,8273.0
2016-02-05 19:00:00+00:00,58.0,58.08,57.14,57.47,1238368.0,57.5157,9213.0
2016-02-05 20:00:00+00:00,57.45,57.4875,56.93,57.05,2407067.0,57.1788,18547.0
2016-02-05 21:00:00+00:00,57.1,60.8951,57.0,57.02,88249.0,59.6214,27.0
2016-02-05 22:00:00+00:00,57.25,57.27,57.25,57.27,1300.0,57.2546,2.0
2016-02-05 23:00:00+00:00,57.27,57.27,57.25,57.25,990.0,57.2619,3.0
2016-02-06 00:00:00+00:00,57.39,57.39,57.39,57.39,170.0,57.39,1.0
2016-02-08 13:00:00+00:00,56.48,56.5,56.0,56.25,1355.0,56.3157,14.0
2016-02-08 14:00:00+00:00,56.49,57.12,54.5,54.67,964345.0,55.0163,6416.0
2016-02-08 15:00:00+00:00,54.66,54.84,52.81,53.08,2236615.0,53.4887,16506.0
2016-02-08 16:00:00+00:00,53.07,53.77,52.55,53.77,1475958.0,53.1293,10611.0
2016-02-08 17:00:00+00:00,53.77,53.81,53.13,53.4,1003671.0,53.4222,6892.0
2016-02-08 18:00:00+00:00,53.41,53.71,53.34,53.43,1298810.0,53.4724,8050.0
2016-02-08 19:00:00+00:00,53.44,53.6905,53.3,53.65,1149398.0,53.48,9508.0
2016-02-08 20:00:00+00:00,53.65,54.99,53.57,54.83,2804848.0,54.4503,21201.0
2016-02-08 21:00:00+00:00,54.82,55.0,54.5115,54.82,208243.0,54.5411,11.0
2016-02-08 23:00:00+00:00,54.69,54.89,54.69,54.82,550.0,54.8009,4.0
2016-02-09 00:00:00+00:00,54.74,54.74,54.74,54.74,300.0,54.74,2.0
2016-02-09 13:00:00+00:00,54.83,54.83,54.0,54.0,900.0,54.4217,6.0
2016-02-09 14:00:00+00:00,54.0,55.84,53.97,55.53,760535.0,54.9262,4777.0
2016-02-09 15:00:00+00:00,55.5,56.28,54.77,54.91,1158343.0,55.5948,9534.0
2016-02-09 16:00:00+00:00,54.88,55.93,54.23,54.26,964674.0,55.2375,7916.0
2016-02-09 17:00:00+00:00,54.26,54.68,54.12,54.4387,531441.0,54.3686,5094.0
2016-02-09 18:00:00+00:00,54.43,54.6519,53.89,54.18,594304.0,54.2002,5937.0
2016-02-09 19:00:00+00:00,54.2,55.2,54.17,55.17,669164.0,54.7548,6784.0
2016-02-09 20:00:00+00:00,55.17,55.75,54.56,54.83,1395666.0,54.985,12838.0
2016-02-09 21:00:00+00:00,54.82,54.82,54.82,54.82,60661.0,54.82,8.0
2016-02-09 22:00:00+00:00,54.5,54.82,54.5,54.82,187906.0,54.8192,4.0
2016-02-10 13:00:00+00:00,55.0,55.4,54.87,54.87,2550.0,55.1825,19.0
2016-02-10 14:00:00+00:00,54.31,54.715,53.0,53.97,708687.0,53.7829,4776.0
2016-02-10 15:00:00+00:00,53.9999,55.77,53.87,53.92,1515792.0,54.6334,13407.0
2016-02-10 16:00:00+00:00,53.94,55.11,53.81,54.89,1137304.0,54.4484,8475.0
2016-02-10 17:00:00+00:00,54.875,55.41,54.64,55.0125,655487.0,54.9941,5712.0
2016-02-10 18:00:00+00:00,55.01,55.09,54.43,54.64,469028.0,54.724,4165.0
2016-02-10 19:00:00+00:00,54.64,55.21,54.57,54.82,529776.0,54.8347,5020.0
2016-02-10 20:00:00+00:00,54.82,55.4,54.82,54.9,1345884.0,55.0717,12739.0
2016-02-10 21:00:00+00:00,54.88,54.95,54.88,54.95,46012.0,54.8861,42.0
2016-02-10 22:00:00+00:00,54.63,54.96,54.63,54.96,2000.0,54.795,2.0
2016-02-11 00:00:00+00:00,54.88,54.88,54.88,54.88,1837.0,54.88,6.0
2016-02-11 12:00:00+00:00,54.0,54.0,54.0,54.0,200.0,54.0,1.0
2016-02-11 13:00:00+00:00,54.3,56.9,54.0,54.0,1300.0,54.5846,8.0
2016-02-11 14:00:00+00:00,53.55,55.5,53.39,55.45,906344.0,54.2009,6235.0
2016-02-11 15:00:00+00:00,55.36,55.87,54.02,54.15,1159572.0,54.9984,8976.0
2016-02-11 16:00:00+00:00,54.14,54.5,53.88,54.3295,748532.0,54.1468,6859.0
2016-02-11 17:00:00+00:00,54.34,55.0619,54.29,54.84,602664.0,54.5901,5360.0
2016-02-11 18:00:00+00:00,54.845,55.17,54.49,54.53,752976.0,54.7799,6321.0
2016-02-11 19:00:00+00:00,54.53,55.96,54.39,55.47,1135824.0,55.0253,10670.0
2016-02-11 20:00:00+00:00,55.47,56.02,55.1,55.56,2210895.0,55.6549,20659.0
2016-02-11 21:00:00+00:00,55.57,55.67,55.44,55.44,44412.0,55.5713,20.0
2016-02-11 23:00:00+00:00,55.4,55.49,55.4,55.49,600.0,55.4313,3.0
2016-02-12 13:00:00+00:00,56.4,56.4,56.4,56.4,613.0,56.4,3.0
2016-02-12 14:00:00+00:00,56.4,57.6,56.4,56.7199,568868.0,57.0365,4104.0
2016-02-12 15:00:00+00:00,56.69,57.215,56.24,56.605,924704.0,56.7088,8468.0
2016-02-12 16:00:00+00:00,56.59,57.5499,56.46,57.38,923373.0,57.2006,8465.0
2016-02-12 17:00:00+00:00,57.37,57.45,57.03,57.38,594465.0,57.2531,5537.0
2016-02-12 18:00:00+00:00,57.35,57.615,57.21,57.52,736511.0,57.444,6909.0
2016-02-12 19:00:00+00:00,57.52,57.92,57.38,57.845,822592.0,57.6752,7457.0
2016-02-12 20:00:00+00:00,57.85,58.04,57.38,57.73,1577703.0,57.7167,14310.0
2016-02-12 21:00:00+00:00,57.74,57.76,57.74,57.76,22887.0,57.7501,16.0
2016-02-12 22:00:00+00:00,56.561,57.5,56.561,57.5,27658.0,56.5678,2.0
2016-02-12 23:00:00+00:00,57.73,57.73,57.73,57.73,100.0,57.73,1.0
2016-02-16 09:00:00+00:00,58.53,58.53,58.53,58.53,105.0,58.53,2.0
2016-02-16 13:00:00+00:00,58.6,58.75,57.95,58.6,2468.0,58.4403,27.0
2016-02-16 14:00:00+00:00,58.6,59.0,57.06,57.39,984419.0,58.2477,5976.0
2016-02-16 15:00:00+00:00,57.36,58.28,57.33,57.81,1134622.0,57.9304,10076.0
2016-02-16 16:00:00+00:00,57.78,57.87,56.3603,56.6,891248.0,56.8507,8667.0
2016-02-16 17:00:00+00:00,56.61,56.82,56.3,56.64,693125.0,56.5633,6299.0
2016-02-16 18:00:00+00:00,56.64,56.94,56.44,56.665,655954.0,56.6439,5511.0
2016-02-16 19:00:00+00:00,56.66,56.79,56.45,56.65,614389.0,56.6543,5703.0
2016-02-16 20:00:00+00:00,56.66,57.4,56.66,57.34,1330038.0,57.1336,13448.0
2016-02-16 21:00:00+00:00,57.35,57.35,57.35,57.35,53746.0,57.35,17.0
2016-02-16 22:00:00+00:00,57.49,57.49,57.49,57.49,100.0,57.49,1.0
2016-02-16 23:00:00+00:00,57.49,57.49,57.49,57.49,1080.0,57.49,7.0
2016-02-17 14:00:00+00:00,58.0,58.63,56.98,57.56,551599.0,57.6114,3983.0
2016-02-17 15:00:00+00:00,57.61,57.878,57.02,57.13,939387.0,57.3681,7602.0
2016-02-17 16:00:00+00:00,57.12,57.51,57.03,57.39,879437.0,57.2443,7100.0
2016-02-17 17:00:00+00:00,57.38,57.75,57.25,57.28,552310.0,57.5389,5334.0
2016-02-17 18:00:00+00:00,57.28,57.71,57.22,57.41,589871.0,57.3701,5612.0
2016-02-17 19:00:00+00:00,57.41,57.94,57.25,57.69,761706.0,57.6695,6890.0
2016-02-17 20:00:00+00:00,57.71,57.87,57.499,57.76,1153683.0,57.7156,11730.0
2016-02-17 21:00:00+00:00,57.77,57.8,57.77,57.8,35360.0,57.7704,16.0
2016-02-17 22:00:00+00:00,57.77,57.77,57.77,57.77,33940.0,57.77,1.0
2016-02-18 00:00:00+00:00,57.8,57.8,57.8,57.8,375.0,57.8,2.0
2016-02-18 14:00:00+00:00,58.37,58.45,57.3,57.44,574422.0,57.8217,4607.0
2016-02-18 15:00:00+00:00,57.43,57.82,57.05,57.14,772736.0,57.4162,7037.0
2016-02-18 16:00:00+00:00,57.12,57.12,55.3,55.49,1488947.0,56.0275,12831.0
2016-02-18 17:00:00+00:00,55.49,55.79,55.02,55.22,809939.0,55.3187,7060.0
2016-02-18 18:00:00+00:00,55.22,55.57,55.08,55.2425,591824.0,55.2892,6132.0
2016-02-18 19:00:00+00:00,55.24,55.81,55.12,55.63,791295.0,55.5297,7993.0
2016-02-18 20:00:00+00:00,55.63,55.87,55.39,55.55,1446160.0,55.6118,14992.0
2016-02-18 21:00:00+00:00,55.56,55.56,55.56,55.56,13947.0,55.56,9.0
2016-02-18 22:00:00+00:00,55.78,55.78,55.6,55.6,300.0,55.72,2.0
2016-02-18 23:00:00+00:00,55.6,55.6,55.55,55.55,600.0,55.5638,5.0
2016-02-19 00:00:00+00:00,55.51,55.51,55.51,55.51,200.0,55.515,2.0
2016-02-19 12:00:00+00:00,55.01,55.01,55.01,55.01,100.0,55.01,1.0
2016-02-19 13:00:00+00:00,55.5,55.5,55.0,55.39,3100.0,55.1288,11.0
2016-02-19 14:00:00+00:00,55.03,56.05,54.95,55.85,826829.0,55.4109,4952.0
2016-02-19 15:00:00+00:00,55.84,56.695,55.2,56.1301,1035323.0,56.0445,8428.0
2016-02-19 16:00:00+00:00,56.09,56.79,55.95,56.3,789338.0,56.442,5810.0
2016-02-19 17:00:00+00:00,56.29,56.44,55.9,56.44,489135.0,56.2032,3943.0
2016-02-19 18:00:00+00:00,56.43,56.56,55.89,56.14,390677.0,56.1875,3325.0
2016-02-19 19:00:00+00:00,56.15,56.36,56.0,56.31,453732.0,56.1749,5004.0
2016-02-19 20:00:00+00:00,56.3,57.08,56.26,57.04,1284430.0,56.7956,14842.0
2016-02-19 21:00:00+00:00,57.05,57.05,57.01,57.01,40209.0,56.7351,10.0
2016-02-19 22:00:00+00:00,57.0,57.0,57.0,57.0,200.0,57.0,1.0
2016-02-22 13:00:00+00:00,57.05,58.0,57.05,57.99,1800.0,57.3817,11.0
2016-02-22 14:00:00+00:00,57.97,58.85,57.01,58.83,695249.0,58.0504,3692.0
2016-02-22 15:00:00+00:00,58.83,58.97,57.98,58.13,657453.0,58.4295,5718.0
2016-02-22 16:00:00+00:00,58.151,58.17,57.69,58.07,564424.0,57.919,5556.0
2016-02-22 17:00:00+00:00,58.07,58.455,58.04,58.19,513200.0,58.2696,4225.0
2016-02-22 18:00:00+00:00,58.21,58.7301,58.03,58.67,536110.0,58.3901,4832.0
2016-02-22 19:00:00+00:00,58.65,58.6699,58.21,58.28,471668.0,58.3542,4393.0
2016-02-22 20:00:00+00:00,58.28,58.73,58.2785,58.66,1130715.0,58.5753,11428.0
2016-02-22 21:00:00+00:00,58.68,58.68,58.55,58.6,5053.0,58.6679,9.0
2016-02-22 22:00:00+00:00,58.43,58.43,58.43,58.43,1000.0,58.4165,4.0
2016-02-22 23:00:00+00:00,58.43,58.43,58.43,58.43,200.0,58.43,1.0
2016-02-23 00:00:00+00:00,58.35,58.35,58.3,58.3,1800.0,58.3472,11.0
2016-02-23 12:00:00+00:00,58.0,58.0,58.0,58.0,100.0,58.0,1.0
2016-02-23 13:00:00+00:00,58.05,58.6,58.05,58.6,954.0,58.2851,7.0
2016-02-23 14:00:00+00:00,58.57,59.4,57.87,58.48,843421.0,58.4031,5158.0
2016-02-23 15:00:00+00:00,58.45,58.65,57.87,58.52,1069492.0,58.2158,9629.0
2016-02-23 16:00:00+00:00,58.51,58.52,57.9,58.05,763424.0,58.0878,7417.0
2016-02-23 17:00:00+00:00,58.04,58.09,57.644,57.68,650453.0,57.8743,5988.0
2016-02-23 18:00:00+00:00,57.67,57.77,57.35,57.73,423249.0,57.6065,4270.0
2016-02-23 19:00:00+00:00,57.7299,57.9,57.47,57.7,555795.0,57.7547,5008.0
2016-02-23 20:00:00+00:00,57.71,57.91,57.45,57.49,1117696.0,57.6605,11769.0
2016-02-23 21:00:00+00:00,57.49,57.49,57.43,57.43,8781.0,57.487,7.0
2016-02-23 22:00:00+00:00,57.15,57.15,57.15,57.15,500.0,57.15,5.0
2016-02-24 12:00:00+00:00,57.0,57.0,57.0,57.0,200.0,57.0,2.0
2016-02-24 13:00:00+00:00,57.0,57.49,57.0,57.49,624.0,57.3329,3.0
2016-02-24 14:00:00+00:00,56.63,57.9,56.5,57.5,669257.0,57.31,4667.0
2016-02-24 15:00:00+00:00,57.5,58.9,56.73,58.36,1831679.0,57.7845,12983.0
2016-02-24 16:00:00+00:00,58.37,59.37,58.16,59.09,878095.0,58.7042,7901.0
2016-02-24 17:00:00+00:00,59.095,60.41,58.955,59.74,1215975.0,59.7223,9581.0
2016-02-24 18:00:00+00:00,59.735,60.3,59.58,59.97,650729.0,59.8847,4984.0
2016-02-24 19:00:00+00:00,59.9601,60.54,59.91,60.01,715605.0,60.2212,6675.0
2016-02-24 20:00:00+00:00,60.01,60.71,59.98,60.56,1797216.0,60.4561,17714.0
2016-02-24 21:00:00+00:00,60.57,60.93,60.57,60.93,67993.0,60.6085,15.0
2016-02-24 22:00:00+00:00,60.61,60.65,60.4,60.65,105653.0,60.6094,12.0
2016-02-25 00:00:00+00:00,60.65,60.65,60.65,60.65,190.0,60.6479,3.0
2016-02-25 13:00:00+00:00,60.61,60.61,60.61,60.61,200.0,60.61,2.0
2016-02-25 14:00:00+00:00,60.68,60.95,59.17,60.08,737998.0,60.0609,5134.0
2016-02-25 15:00:00+00:00,60.09,61.13,59.88,60.89,1234719.0,60.6083,10137.0
2016-02-25 16:00:00+00:00,60.86,61.22,60.41,60.43,533832.0,60.8665,5495.0
2016-02-25 17:00:00+00:00,60.41,60.705,60.01,60.06,486299.0,60.3754,5950.0
2016-02-25 18:00:00+00:00,60.07,60.59,59.76,60.545,591352.0,60.126,6145.0
2016-02-25 19:00:00+00:00,60.545,60.89,60.22,60.36,683264.0,60.5816,6292.0
2016-02-25 20:00:00+00:00,60.37,60.76,60.21,60.6987,802429.0,60.5735,10216.0
2016-02-25 21:00:00+00:00,60.69,60.69,60.65,60.65,10412.0,60.6862,12.0
2016-02-26 00:00:00+00:00,60.6,60.6,60.6,60.6,100.0,60.6,1.0
2016-02-26 13:00:00+00:00,61.0,61.49,61.0,61.49,500.0,61.392,5.0
2016-02-26 14:00:00+00:00,61.33,61.87,60.02,60.74,674473.0,61.1841,4741.0
2016-02-26 15:00:00+00:00,60.77,60.85,59.7501,60.665,1397340.0,60.2565,9797.0
2016-02-26 16:00:00+00:00,60.68,60.94,60.11,60.5299,516711.0,60.5181,4952.0
2016-02-26 17:00:00+00:00,60.47,60.62,60.06,60.55,487007.0,60.331,4368.0
2016-02-26 18:00:00+00:00,60.56,60.73,59.84,59.965,407973.0,60.3538,3917.0
2016-02-26 19:00:00+00:00,59.95,60.0658,59.55,59.78,598113.0,59.7549,5996.0
2016-02-26 20:00:00+00:00,59.77,60.05,59.6,59.66,989289.0,59.7664,10803.0
2016-02-26 21:00:00+00:00,59.66,59.73,59.66,59.73,35830.0,59.6602,8.0
2016-02-26 22:00:00+00:00,59.8,59.8,59.8,59.8,500.0,59.7975,6.0
2016-02-26 23:00:00+00:00,59.67,59.67,59.67,59.67,250.0,59.67,1.0
2016-02-29 14:00:00+00:00,59.66,60.78,59.6,60.4,548728.0,60.3318,3992.0
2016-02-29 15:00:00+00:00,60.355,60.61,59.88,59.9,859980.0,60.243,7611.0
2016-02-29 16:00:00+00:00,59.905,60.62,59.66,60.45,651807.0,60.1864,5656.0
2016-02-29 17:00:00+00:00,60.48,60.5,60.13,60.36,445771.0,60.2841,4098.0
2016-02-29 18:00:00+00:00,60.36,60.55,60.17,60.26,359275.0,60.3475,3852.0
2016-02-29 19:00:00+00:00,60.23,60.3,59.61,59.8,508317.0,59.8665,5511.0
2016-02-29 20:00:00+00:00,59.79,60.54,59.71,60.09,1074298.0,60.196,12685.0
2016-02-29 21:00:00+00:00,60.078,60.25,60.078,60.25,92624.0,60.0812,24.0
2016-02-29 22:00:00+00:00,60.39,60.39,60.08,60.08,38673.0,60.0808,2.0
2016-03-01 13:00:00+00:00,61.0,61.0,61.0,61.0,218.0,61.0,1.0
2016-03-01 14:00:00+00:00,60.08,60.61,59.16,59.66,446683.0,59.7863,3401.0
2016-03-01 15:00:00+00:00,59.66,60.13,59.41,59.565,557909.0,59.7139,5823.0
2016-03-01 16:00:00+00:00,59.58,60.92,59.58,60.73,568788.0,60.3052,5577.0
2016-03-01 17:00:00+00:00,60.74,61.32,60.61,61.3037,486059.0,60.961,4595.0
2016-03-01 18:00:00+00:00,61.31,61.31,60.87,61.14,417884.0,61.1046,4350.0
2016-03-01 19:00:00+00:00,61.14,61.18,60.84,61.1532,567766.0,61.0152,5702.0
2016-03-01 20:00:00+00:00,61.15,61.6,61.135,61.56,1127813.0,61.4263,12111.0
2016-03-01 21:00:00+00:00,61.59,61.85,60.08,61.75,44334.0,60.7232,31.0
2016-03-02 00:00:00+00:00,61.55,61.55,61.55,61.55,200.0,61.55,1.0
2016-03-02 12:00:00+00:00,61.59,61.59,61.59,61.59,600.0,61.59,2.0
2016-03-02 14:00:00+00:00,61.58,62.99,61.51,62.77,695704.0,62.4221,4527.0
2016-03-02 15:00:00+00:00,62.76,62.76,61.73,62.6359,818553.0,62.1817,6979.0
2016-03-02 16:00:00+00:00,62.62,62.79,61.05,61.22,788390.0,61.8616,5770.0
2016-03-02 17:00:00+00:00,61.23,61.39,60.76,60.93,469033.0,61.078,4155.0
2016-03-02 18:00:00+00:00,60.92,61.39,60.88,61.235,370501.0,61.1246,3541.0
2016-03-02 19:00:00+00:00,61.24,61.6,61.17,61.48,630275.0,61.3705,6477.0
2016-03-02 20:00:00+00:00,61.48,62.1,61.33,62.08,1217684.0,61.7845,13112.0
2016-03-02 21:00:00+00:00,62.08,62.08,61.8236,62.08,43558.0,62.0058,11.0
2016-03-02 23:00:00+00:00,62.18,62.18,62.1,62.1,600.0,62.1133,3.0
2016-03-03 12:00:00+00:00,62.3,62.3,62.3,62.3,100.0,62.3,1.0
2016-03-03 13:00:00+00:00,62.5,62.95,62.22,62.82,1750.0,62.6163,14.0
2016-03-03 14:00:00+00:00,62.87,63.94,62.81,63.94,735518.0,63.2661,5671.0
2016-03-03 15:00:00+00:00,63.9399,64.17,63.47,63.77,1010560.0,63.8667,8360.0
2016-03-03 16:00:00+00:00,63.768,63.8711,63.12,63.53,754801.0,63.4946,6126.0
2016-03-03 17:00:00+00:00,63.54,63.72,63.22,63.63,414416.0,63.5106,3282.0
2016-03-03 18:00:00+00:00,63.649,63.76,63.45,63.73,553276.0,63.6427,4279.0
2016-03-03 19:00:00+00:00,63.75,64.06,63.53,63.76,713205.0,63.8217,6420.0
2016-03-03 20:00:00+00:00,63.78,64.04,63.55,63.84,1343156.0,63.7856,13665.0
2016-03-03 21:00:00+00:00,63.84,63.84,63.682,63.84,96395.0,63.7633,12.0
2016-03-04 13:00:00+00:00,64.39,64.39,64.0,64.0,900.0,64.0867,4.0
2016-03-04 14:00:00+00:00,64.26,64.66,62.87,62.99,570112.0,63.5611,4095.0
2016-03-04 15:00:00+00:00,62.99,63.22,62.14,63.06,1186909.0,62.7117,7818.0
2016-03-04 16:00:00+00:00,63.076,63.54,62.9,63.4699,712836.0,63.2069,6017.0
2016-03-04 17:00:00+00:00,63.485,63.8,63.21,63.76,677288.0,63.5046,5688.0
2016-03-04 18:00:00+00:00,63.78,64.07,63.54,63.91,793109.0,63.7932,6745.0
2016-03-04 19:00:00+00:00,63.9,63.96,62.81,63.0,873276.0,63.3844,6956.0
2016-03-04 20:00:00+00:00,63.01,63.96,62.79,63.89,1869049.0,63.5167,15746.0
2016-03-04 21:00:00+00:00,63.89,63.89,63.3921,63.6,93016.0,63.8286,10.0
2016-03-04 23:00:00+00:00,63.6,63.6,63.6,63.6,100.0,63.6,1.0
2016-03-07 11:00:00+00:00,64.0,64.0,64.0,64.0,100.0,64.0,1.0
2016-03-07 13:00:00+00:00,64.0,64.1,64.0,64.1,1199.0,64.0167,8.0
2016-03-07 14:00:00+00:00,64.0,64.0,62.99,63.06,562818.0,63.3128,3938.0
2016-03-07 15:00:00+00:00,63.1,63.48,62.92,63.26,712839.0,63.2024,5950.0
2016-03-07 16:00:00+00:00,63.24,63.51,62.71,63.51,702408.0,63.1037,5654.0
2016-03-07 17:00:00+00:00,63.52,63.58,63.15,63.365,390808.0,63.3765,3668.0
2016-03-07 18:00:00+00:00,63.38,63.51,62.96,63.44,505421.0,63.2358,4556.0
2016-03-07 19:00:00+00:00,63.435,63.53,62.721,62.76,514893.0,63.1133,4860.0
2016-03-07 20:00:00+00:00,62.77,63.26,62.68,63.24,1231951.0,62.956,12369.0
2016-03-07 21:00:00+00:00,63.25,63.45,63.1786,63.25,24677.0,63.2299,18.0
2016-03-07 22:00:00+00:00,63.33,63.33,63.33,63.33,200.0,63.33,1.0
2016-03-08 13:00:00+00:00,63.25,63.25,63.25,63.25,200.0,63.25,2.0
2016-03-08 14:00:00+00:00,63.0,63.88,62.78,63.365,595667.0,63.4262,4925.0
2016-03-08 15:00:00+00:00,63.36,63.87,62.38,62.5,823762.0,63.2986,6774.0
2016-03-08 16:00:00+00:00,62.51,63.24,62.51,62.87,650557.0,62.9432,5905.0
2016-03-08 17:00:00+00:00,62.8496,63.51,62.83,62.9,337075.0,63.1396,3705.0
2016-03-08 18:00:00+00:00,62.89,63.13,62.6422,62.97,358167.0,62.8979,3998.0
2016-03-08 19:00:00+00:00,62.96,63.26,62.5,62.71,454851.0,62.8728,4393.0
2016-03-08 20:00:00+00:00,62.69,62.86,62.275,62.34,1153611.0,62.4767,12781.0
2016-03-08 21:00:00+00:00,62.33,62.8862,62.33,62.33,139391.0,62.4684,12.0
2016-03-08 23:00:00+00:00,62.35,62.35,62.35,62.35,300.0,62.35,1.0
2016-03-09 00:00:00+00:00,62.33,62.35,62.33,62.35,718.0,62.3394,4.0
2016-03-09 14:00:00+00:00,63.02,63.93,63.02,63.93,549258.0,63.4442,4009.0
2016-03-09 15:00:00+00:00,63.93,65.85,63.772,64.83,1735784.0,64.7296,12652.0
2016-03-09 16:00:00+00:00,64.82,65.29,64.7103,65.0501,635064.0,65.0122,5544.0
2016-03-09 17:00:00+00:00,65.05,65.06,64.57,64.815,428154.0,64.8469,3572.0
2016-03-09 18:00:00+00:00,64.8,65.44,64.55,65.3,480898.0,64.9205,4344.0
2016-03-09 19:00:00+00:00,65.3,65.36,64.7599,64.82,514544.0,65.0876,4682.0
2016-03-09 20:00:00+00:00,64.84,65.14,64.6,64.79,1457740.0,64.7641,12598.0
2016-03-09 21:00:00+00:00,64.8,64.8,64.8,64.8,115053.0,64.8,4.0
2016-03-09 22:00:00+00:00,64.8,64.8,64.8,64.8,454.0,64.8,3.0
2016-03-09 23:00:00+00:00,64.8,64.8,64.8,64.8,100.0,64.8,1.0
2016-03-10 14:00:00+00:00,65.22,65.22,63.535,64.14,523681.0,64.2211,5795.0
2016-03-10 15:00:00+00:00,64.13,64.32,63.09,63.17,940401.0,63.6238,7893.0
2016-03-10 16:00:00+00:00,63.19,63.66,63.04,63.44,685059.0,63.3698,6146.0
2016-03-10 17:00:00+00:00,63.43,63.69,63.15,63.21,396331.0,63.3617,4308.0
2016-03-10 18:00:00+00:00,63.22,63.56,63.0155,63.47,642908.0,63.3742,5160.0
2016-03-10 19:00:00+00:00,63.45,63.79,63.2,63.78,515829.0,63.5241,5075.0
2016-03-10 20:00:00+00:00,63.76,64.37,63.76,64.17,1309961.0,64.0424,10329.0
2016-03-10 21:00:00+00:00,64.18,64.18,64.16,64.16,4930.0,64.1791,7.0
2016-03-10 22:00:00+00:00,64.18,64.18,64.18,64.18,154.0,64.18,1.0
2016-03-11 13:00:00+00:00,64.75,64.75,64.75,64.75,500.0,64.75,2.0
2016-03-11 14:00:00+00:00,64.75,64.84,63.52,63.55,505464.0,64.0527,3274.0
2016-03-11 15:00:00+00:00,63.56,64.19,63.4,64.001,781627.0,63.7737,6533.0
2016-03-11 16:00:00+00:00,64.0,64.76,63.95,64.46,638250.0,64.3842,5611.0
2016-03-11 17:00:00+00:00,64.48,64.99,64.48,64.79,450466.0,64.8428,3764.0
2016-03-11 18:00:00+00:00,64.79,64.95,64.55,64.9,438506.0,64.7583,4033.0
2016-03-11 19:00:00+00:00,64.91,65.15,64.85,65.07,550834.0,65.0016,4699.0
2016-03-11 20:00:00+00:00,65.07,65.4,65.03,65.37,1281222.0,65.2698,12456.0
2016-03-11 21:00:00+00:00,65.37,65.47,64.8,65.37,50053.0,65.2563,10.0
2016-03-11 22:00:00+00:00,65.37,65.37,65.37,65.37,153.0,65.37,1.0
2016-03-14 13:00:00+00:00,65.08,65.6,64.71,64.745,420499.0,65.1041,3492.0
2016-03-14 14:00:00+00:00,64.747,64.82,63.95,64.01,910038.0,64.3446,8205.0
2016-03-14 15:00:00+00:00,64.01,64.29,63.72,63.75,559587.0,63.9929,5325.0
2016-03-14 16:00:00+00:00,63.77,63.99,63.66,63.99,359938.0,63.8329,4108.0
2016-03-14 17:00:00+00:00,63.98,64.14,63.85,63.94,397121.0,63.9704,3771.0
2016-03-14 18:00:00+00:00,63.94,64.31,63.84,64.265,412135.0,64.114,4010.0
2016-03-14 19:00:00+00:00,64.26,64.56,64.17,64.39,936509.0,64.3969,9524.0
2016-03-14 20:00:00+00:00,64.39,64.39,64.39,64.39,25428.0,64.39,7.0
2016-03-15 12:00:00+00:00,63.84,63.84,63.84,63.84,350.0,63.84,1.0
2016-03-15 13:00:00+00:00,63.84,64.15,63.2679,63.35,421287.0,63.6777,2674.0
2016-03-15 14:00:00+00:00,63.34,63.64,63.25,63.335,632025.0,63.4284,5782.0
2016-03-15 15:00:00+00:00,63.3272,63.939,63.2392,63.85,513915.0,63.5755,4350.0
2016-03-15 16:00:00+00:00,63.86,63.9,63.68,63.76,502609.0,63.7834,4366.0
2016-03-15 17:00:00+00:00,63.75,64.72,63.73,64.69,595941.0,64.1925,5820.0
2016-03-15 18:00:00+00:00,64.7,64.7022,64.21,64.31,572257.0,64.3707,5126.0
2016-03-15 19:00:00+00:00,64.32,64.96,64.3,64.92,1070433.0,64.6921,10294.0
2016-03-15 20:00:00+00:00,64.94,64.94,64.89,64.94,52593.0,64.9388,16.0
2016-03-15 23:00:00+00:00,64.89,64.89,64.74,64.74,1590.0,64.8029,10.0
2016-03-16 12:00:00+00:00,64.99,65.0,64.97,65.0,2120.0,64.9944,13.0
2016-03-16 13:00:00+00:00,65.03,65.88,64.73,65.65,535585.0,65.4836,3614.0
2016-03-16 14:00:00+00:00,65.67,65.77,64.97,65.2,627687.0,65.2812,6224.0
2016-03-16 15:00:00+00:00,65.21,65.67,65.09,65.52,655347.0,65.3835,6559.0
2016-03-16 16:00:00+00:00,65.53,65.93,65.19,65.2198,418437.0,65.6227,4213.0
2016-03-16 17:00:00+00:00,65.21,65.44,65.08,65.31,394524.0,65.2441,4351.0
2016-03-16 18:00:00+00:00,65.31,66.28,65.31,65.53,878122.0,65.8215,8751.0
2016-03-16 19:00:00+00:00,65.52,66.15,65.515,65.96,1178050.0,65.9903,13401.0
2016-03-16 20:00:00+00:00,65.94,65.94,65.94,65.94,5207.0,65.94,5.0
2016-03-16 21:00:00+00:00,65.94,66.0,64.0,65.9999,78748.0,65.9278,5.0
2016-03-17 13:00:00+00:00,66.04,66.05,63.9,64.12,744360.0,64.6167,5285.0
2016-03-17 14:00:00+00:00,64.11,64.52,63.73,64.23,1227594.0,64.1079,8905.0
2016-03-17 15:00:00+00:00,64.23,64.39,63.88,64.24,719563.0,64.1455,5995.0
2016-03-17 16:00:00+00:00,64.2424,64.58,63.96,64.3999,606100.0,64.2547,4982.0
2016-03-17 17:00:00+00:00,64.4,64.5,64.035,64.13,634912.0,64.2664,5852.0
2016-03-17 18:00:00+00:00,64.12,64.35,64.01,64.11,744318.0,64.1431,7322.0
2016-03-17 19:00:00+00:00,64.11,64.39,64.11,64.18,1316392.0,64.2683,14090.0
2016-03-17 20:00:00+00:00,64.18,64.25,64.18,64.18,98768.0,64.1974,11.0
2016-03-17 22:00:00+00:00,64.29,64.29,64.29,64.29,100.0,64.29,1.0
2016-03-18 13:00:00+00:00,64.32,64.32,63.13,64.2205,1247294.0,63.6724,5248.0
2016-03-18 14:00:00+00:00,64.2234,65.08,64.03,65.0599,1210140.0,64.7076,8691.0
2016-03-18 15:00:00+00:00,65.03,65.66,64.72,65.095,1065922.0,65.1554,7509.0
2016-03-18 16:00:00+00:00,65.085,65.17,64.48,64.61,679244.0,64.8025,5434.0
2016-03-18 17:00:00+00:00,64.605,64.71,64.29,64.35,553110.0,64.4947,5355.0
2016-03-18 18:00:00+00:00,64.36,64.64,64.2701,64.52,676195.0,64.4908,5664.0
2016-03-18 19:00:00+00:00,64.52,65.22,64.5,65.11,2011593.0,64.9457,15064.0
2016-03-18 20:00:00+00:00,65.12,65.1644,65.01,65.01,540477.0,65.1588,132.0
2016-03-18 21:00:00+00:00,65.01,65.01,64.9,64.9,1303.0,64.9256,4.0
2016-03-21 13:00:00+00:00,65.43,65.95,64.97,65.506,604296.0,65.4532,4108.0
2016-03-21 14:00:00+00:00,65.53,65.9797,65.31,65.88,911992.0,65.6109,8192.0
2016-03-21 15:00:00+00:00,65.91,66.28,65.698,66.0316,602422.0,66.0411,5581.0
2016-03-21 16:00:00+00:00,66.02,66.2,65.75,66.1018,494048.0,65.9686,4741.0
2016-03-21 17:00:00+00:00,66.12,66.18,65.81,66.03,456686.0,65.9931,4252.0
2016-03-21 18:00:00+00:00,66.05,66.294,65.955,66.22,491435.0,66.176,4748.0
2016-03-21 19:00:00+00:00,66.22,66.22,65.61,65.83,931498.0,65.8109,8945.0
2016-03-21 20:00:00+00:00,65.85,65.85,65.83,65.85,256690.0,65.85,11.0
2016-03-22 13:00:00+00:00,65.25,66.25,65.21,66.195,512067.0,65.6941,3205.0
2016-03-22 14:00:00+00:00,66.1918,66.89,66.05,66.175,764570.0,66.4619,5761.0
2016-03-22 15:00:00+00:00,66.18,66.23,65.56,65.77,495431.0,65.8974,4050.0
2016-03-22 16:00:00+00:00,65.77,66.3,65.77,66.27,301165.0,66.1101,2607.0
2016-03-22 17:00:00+00:00,66.29,66.45,66.13,66.3,279496.0,66.2921,2468.0
2016-03-22 18:00:00+00:00,66.31,66.31,65.95,65.95,422102.0,66.0989,3672.0
2016-03-22 19:00:00+00:00,65.94,66.12,65.87,66.06,623781.0,66.0194,6409.0
2016-03-22 20:00:00+00:00,66.07,66.07,65.95,65.95,12974.0,66.0682,14.0
2016-03-22 21:00:00+00:00,66.07,66.07,66.0,66.0,350.0,66.05,2.0
2016-03-22 23:00:00+00:00,65.95,65.95,65.95,65.95,200.0,65.95,2.0
2016-03-23 13:00:00+00:00,66.5,66.5,65.37,65.77,444259.0,65.8376,3120.0
2016-03-23 14:00:00+00:00,65.79,66.72,65.44,66.21,962459.0,66.2382,7981.0
2016-03-23 15:00:00+00:00,66.21,66.25,65.27,65.42,653399.0,65.6551,6073.0
2016-03-23 16:00:00+00:00,65.43,65.67,65.26,65.32,390474.0,65.4223,3528.0
2016-03-23 17:00:00+00:00,65.31,65.33,64.8,64.845,363530.0,65.0278,3289.0
2016-03-23 18:00:00+00:00,64.86,65.03,64.7302,64.79,383714.0,64.8847,3896.0
2016-03-23 19:00:00+00:00,64.79,64.99,64.71,64.9,782247.0,64.8343,10124.0
2016-03-23 20:00:00+00:00,64.9,64.9,64.9,64.9,54255.0,64.9,16.0
2016-03-23 22:00:00+00:00,64.65,64.65,64.65,64.65,1100.0,64.65,2.0
2016-03-24 12:00:00+00:00,64.52,64.52,64.5,64.5,216.0,64.5108,3.0
2016-03-24 13:00:00+00:00,64.49,65.77,64.34,65.62,551024.0,65.2449,3715.0
2016-03-24 14:00:00+00:00,65.64,65.87,65.07,65.43,639061.0,65.5089,5940.0
2016-03-24 15:00:00+00:00,65.42,65.81,65.36,65.78,453345.0,65.5597,4735.0
2016-03-24 16:00:00+00:00,65.77,65.87,65.4425,65.73,380892.0,65.638,4115.0
2016-03-24 17:00:00+00:00,65.73,65.86,65.16,65.35,517035.0,65.5405,5373.0
2016-03-24 18:00:00+00:00,65.35,65.73,65.12,65.57,442517.0,65.4749,4670.0
2016-03-24 19:00:00+00:00,65.58,65.86,65.495,65.82,731111.0,65.7356,8491.0
2016-03-24 20:00:00+00:00,65.84,66.0,65.84,66.0,2432.0,65.8738,6.0
2016-03-24 21:00:00+00:00,66.0,66.0,66.0,66.0,500.0,66.0,1.0
2016-03-24 22:00:00+00:00,65.84,65.84,65.84,65.84,200.0,65.84,2.0
2016-03-24 23:00:00+00:00,65.84,65.84,65.84,65.84,504.0,65.84,1.0
2016-03-28 13:00:00+00:00,65.8,66.0,65.25,65.65,333381.0,65.5424,2202.0
2016-03-28 14:00:00+00:00,65.68,66.29,65.52,65.81,505557.0,65.8647,4470.0
2016-03-28 15:00:00+00:00,65.8,65.92,65.55,65.65,260267.0,65.7344,2291.0
2016-03-28 16:00:00+00:00,65.62,66.05,65.45,66.03,333463.0,65.6691,2635.0
2016-03-28 17:00:00+00:00,66.02,66.14,65.69,65.7,269468.0,65.8395,2667.0
2016-03-28 18:00:00+00:00,65.72,65.72,65.0,65.11,486522.0,65.3104,4615.0
2016-03-28 19:00:00+00:00,65.11,65.31,64.922,65.24,754379.0,65.0864,8254.0
2016-03-28 20:00:00+00:00,65.24,65.24,65.24,65.24,26918.0,65.24,13.0
2016-03-29 13:00:00+00:00,65.11,65.2099,64.37,65.08,468610.0,64.9032,3492.0
2016-03-29 14:00:00+00:00,65.09,65.39,64.56,64.56,417068.0,64.9312,4440.0
2016-03-29 15:00:00+00:00,64.58,65.055,64.52,64.86,450704.0,64.8155,3962.0
2016-03-29 16:00:00+00:00,64.85,65.23,64.57,65.09,334681.0,64.9382,3406.0
2016-03-29 17:00:00+00:00,65.12,65.17,64.47,64.83,370828.0,64.7468,3931.0
2016-03-29 18:00:00+00:00,64.84,65.55,64.8375,65.39,426539.0,65.2716,4102.0
2016-03-29 19:00:00+00:00,65.37,65.38,65.16,65.29,825025.0,65.2794,6946.0
2016-03-29 20:00:00+00:00,65.28,65.28,65.15,65.15,12627.0,65.2696,17.0
2016-03-30 13:00:00+00:00,65.9,65.9,64.74,65.3,368851.0,65.2955,2822.0
2016-03-30 14:00:00+00:00,65.3,65.33,64.67,64.9501,609518.0,65.0122,5382.0
2016-03-30 15:00:00+00:00,64.94,65.09,64.28,64.34,629438.0,64.7313,5895.0
2016-03-30 16:00:00+00:00,64.34,64.5775,63.96,64.07,591366.0,64.2053,4508.0
2016-03-30 17:00:00+00:00,64.08,64.125,63.59,63.68,692507.0,63.8405,6359.0
2016-03-30 18:00:00+00:00,63.67,64.24,63.63,64.176,450996.0,63.9448,4701.0
2016-03-30 19:00:00+00:00,64.17,64.35,63.89,63.98,1161879.0,64.1194,10522.0
2016-03-30 20:00:00+00:00,63.98,65.3211,63.98,63.98,20271.0,63.9896,11.0
2016-03-30 21:00:00+00:00,63.98,63.98,63.98,63.98,43770.0,63.98,1.0
2016-03-30 22:00:00+00:00,63.98,63.98,63.98,63.98,300.0,63.98,2.0
2016-03-31 13:00:00+00:00,64.0,64.14,62.85,62.975,690875.0,63.3023,4460.0
2016-03-31 14:00:00+00:00,62.98,64.09,62.88,63.8,1036456.0,63.4545,6748.0
2016-03-31 15:00:00+00:00,63.78,64.94,63.64,64.84,764421.0,64.3957,5522.0
2016-03-31 16:00:00+00:00,64.82,65.14,64.18,64.29,712545.0,64.7743,5427.0
2016-03-31 17:00:00+00:00,64.29,64.64,63.92,64.52,485693.0,64.2423,4712.0
2016-03-31 18:00:00+00:00,64.52,64.53,64.13,64.13,411921.0,64.3275,4237.0
2016-03-31 19:00:00+00:00,64.12,64.28,63.99,64.15,1049097.0,64.165,10164.0
2016-03-31 20:00:00+00:00,64.14,64.14,64.14,64.14,176071.0,64.14,35.0
2016-04-01 12:00:00+00:00,64.14,64.14,64.14,64.14,1468.0,64.14,1.0
2016-04-01 13:00:00+00:00,63.53,63.68,62.51,63.14,579029.0,63.0738,3809.0
2016-04-01 14:00:00+00:00,63.13,63.67,62.96,63.34,578904.0,63.2818,5225.0
2016-04-01 15:00:00+00:00,63.3367,63.56,62.85,62.9,414807.0,63.1717,3573.0
2016-04-01 16:00:00+00:00,62.88,63.02,62.6,62.8499,409840.0,62.7863,3606.0
2016-04-01 17:00:00+00:00,62.85,63.02,62.58,62.59,464653.0,62.7929,4297.0
2016-04-01 18:00:00+00:00,62.6,62.86,62.595,62.78,502863.0,62.732,5048.0
2016-04-01 19:00:00+00:00,62.78,63.15,62.78,62.91,1066262.0,62.9581,9635.0
2016-04-01 20:00:00+00:00,62.91,62.9393,62.91,62.9393,56685.0,62.9158,16.0
2016-04-04 12:00:00+00:00,63.47,63.49,63.47,63.49,1200.0,63.4867,7.0
2016-04-04 13:00:00+00:00,63.0,63.25,62.55,63.12,459273.0,62.7898,3396.0
2016-04-04 14:00:00+00:00,63.11,63.81,62.9,63.275,676477.0,63.448,5801.0
2016-04-04 15:00:00+00:00,63.29,63.67,63.05,63.67,404930.0,63.2681,3921.0
2016-04-04 16:00:00+00:00,63.65,63.76,63.5,63.58,313390.0,63.6322,3704.0
2016-04-04 17:00:00+00:00,63.5832,63.6,63.3,63.41,364594.0,63.4755,3846.0
2016-04-04 18:00:00+00:00,63.4,63.5262,63.16,63.44,407081.0,63.3538,4443.0
2016-04-04 19:00:00+00:00,63.44,63.49,63.16,63.3,617876.0,63.3129,8154.0
2016-04-04 20:00:00+00:00,63.29,63.42,63.2862,63.42,39501.0,63.3495,11.0
2016-04-05 13:00:00+00:00,63.0,63.855,62.82,62.9491,427453.0,63.3348,3162.0
2016-04-05 14:00:00+00:00,62.95,63.585,62.8901,63.1,522851.0,63.1623,5423.0
2016-04-05 15:00:00+00:00,63.1,63.48,63.08,63.3099,404553.0,63.3109,4017.0
2016-04-05 16:00:00+00:00,63.3,63.3601,62.73,62.8399,391052.0,63.0928,3682.0
2016-04-05 17:00:00+00:00,62.83,63.07,62.73,63.03,267510.0,62.8808,3110.0
2016-04-05 18:00:00+00:00,63.0175,63.69,63.0,63.53,558927.0,63.404,5674.0
2016-04-05 19:00:00+00:00,63.53,63.55,63.06,63.16,888392.0,63.2509,9475.0
2016-04-05 20:00:00+00:00,63.14,63.29,62.86,63.29,76189.0,63.1496,19.0
2016-04-05 21:00:00+00:00,63.45,63.45,63.45,63.45,500.0,63.45,1.0
2016-04-05 23:00:00+00:00,63.45,63.45,63.45,63.45,400.0,63.45,2.0
2016-04-06 12:00:00+00:00,63.55,63.55,63.55,63.55,100.0,63.55,1.0
2016-04-06 13:00:00+00:00,63.38,63.65,61.87,62.014,661116.0,62.7156,4227.0
2016-04-06 14:00:00+00:00,62.0199,62.33,60.41,60.64,1911197.0,61.2162,13988.0
2016-04-06 15:00:00+00:00,60.64,61.05,60.26,60.512,1183366.0,60.6978,8498.0
2016-04-06 16:00:00+00:00,60.52,61.01,60.48,60.675,902269.0,60.8248,6104.0
2016-04-06 17:00:00+00:00,60.68,61.44,60.66,61.29,748225.0,61.0564,5825.0
2016-04-06 18:00:00+00:00,61.3,61.3325,60.88,61.26,762817.0,61.1387,6507.0
2016-04-06 19:00:00+00:00,61.25,61.84,61.2,61.69,1414874.0,61.623,13469.0
2016-04-06 20:00:00+00:00,61.68,61.68,61.2493,61.2493,59221.0,61.3992,16.0
2016-04-06 21:00:00+00:00,61.53,61.75,61.48,61.68,47252.0,61.6764,8.0
2016-04-07 12:00:00+00:00,61.66,61.66,61.66,61.66,377.0,61.6623,5.0
2016-04-07 13:00:00+00:00,61.5,62.42,61.36,61.92,603702.0,61.9084,3994.0
2016-04-07 14:00:00+00:00,61.95,62.26,61.46,61.914,583538.0,61.8515,5180.0
2016-04-07 15:00:00+00:00,61.9,62.2,61.5,62.05,463001.0,61.8524,4150.0
2016-04-07 16:00:00+00:00,62.06,62.1201,61.53,61.912,422747.0,61.7745,3647.0
2016-04-07 17:00:00+00:00,61.92,62.0032,61.44,61.49,354536.0,61.7471,3470.0
2016-04-07 18:00:00+00:00,61.47,61.49,60.94,61.15,665733.0,61.187,6370.0
2016-04-07 19:00:00+00:00,61.15,61.7,61.07,61.66,1043129.0,61.4545,9830.0
2016-04-07 20:00:00+00:00,61.66,61.66,61.6056,61.6056,72835.0,61.6512,15.0
2016-04-07 22:00:00+00:00,61.75,61.75,61.75,61.75,2100.0,61.75,17.0
2016-04-07 23:00:00+00:00,61.75,61.75,61.75,61.75,900.0,61.75,9.0
2016-04-08 11:00:00+00:00,62.67,62.69,62.67,62.67,655.0,62.6761,5.0
2016-04-08 12:00:00+00:00,62.67,62.67,62.45,62.45,3592.0,62.6588,12.0
2016-04-08 13:00:00+00:00,62.38,62.38,61.12,61.92,763494.0,61.5281,4831.0
2016-04-08 14:00:00+00:00,61.89,62.43,61.76,62.1,879886.0,62.059,6663.0
2016-04-08 15:00:00+00:00,62.1,63.33,61.81,63.22,1171108.0,62.3962,7979.0
2016-04-08 16:00:00+00:00,63.21,64.06,62.75,63.11,1698729.0,63.4309,9624.0
2016-04-08 17:00:00+00:00,63.11,63.65,63.03,63.41,688569.0,63.4031,4869.0
2016-04-08 18:00:00+00:00,63.38,63.47,62.96,63.02,778822.0,63.1212,5141.0
2016-04-08 19:00:00+00:00,63.02,63.09,62.75,63.07,958478.0,62.9558,9268.0
2016-04-08 20:00:00+00:00,63.06,63.06,63.06,63.06,4324.0,63.06,1.0
2016-04-11 08:00:00+00:00,62.88,62.88,62.88,62.88,100.0,62.88,1.0
2016-04-11 12:00:00+00:00,62.72,62.75,62.48,62.48,1723.0,62.6231,10.0
2016-04-11 13:00:00+00:00,63.06,63.06,61.3,61.61,784400.0,61.8447,4861.0
2016-04-11 14:00:00+00:00,61.64,61.93,61.13,61.15,910226.0,61.536,6390.0
2016-04-11 15:00:00+00:00,61.15,61.43,61.018,61.22,628928.0,61.2197,5007.0
2016-04-11 16:00:00+00:00,61.24,61.5901,61.12,61.5,672618.0,61.3978,4887.0
2016-04-11 17:00:00+00:00,61.51,61.73,61.14,61.15,658417.0,61.4949,5211.0
2016-04-11 18:00:00+00:00,61.16,61.23,60.86,61.04,690807.0,60.9836,6168.0
2016-04-11 19:00:00+00:00,61.031,61.06,60.69,60.73,1365517.0,60.8546,12650.0
2016-04-11 20:00:00+00:00,60.74,61.04,60.73,60.8,34470.0,60.7412,12.0
2016-04-11 21:00:00+00:00,60.75,60.75,60.75,60.75,250.0,60.75,1.0
2016-04-11 22:00:00+00:00,60.7,60.74,60.7,60.7,2050.0,60.7078,7.0
2016-04-11 23:00:00+00:00,60.74,60.74,60.74,60.74,200.0,60.74,1.0
2016-04-12 12:00:00+00:00,60.74,60.74,60.74,60.74,216.0,60.7354,4.0
2016-04-12 13:00:00+00:00,60.8,61.0,59.75,60.1204,994513.0,60.2173,5543.0
2016-04-12 14:00:00+00:00,60.16,60.73,60.0,60.62,1090440.0,60.4763,9588.0
2016-04-12 15:00:00+00:00,60.61,61.36,60.56,61.36,724994.0,61.0398,6773.0
2016-04-12 16:00:00+00:00,61.36,61.7,61.28,61.4,502073.0,61.457,4645.0
2016-04-12 17:00:00+00:00,61.41,61.45,60.905,61.15,801848.0,61.1264,5874.0
2016-04-12 18:00:00+00:00,61.14,61.18,60.65,60.69,1063048.0,60.8934,8285.0
2016-04-12 19:00:00+00:00,60.7,61.0,60.69,60.9,1629439.0,60.9047,14968.0
2016-04-12 20:00:00+00:00,60.9,60.9,60.89,60.9,56323.0,60.8837,18.0
2016-04-12 21:00:00+00:00,60.85,60.89,60.6,60.89,407.0,60.8039,4.0
2016-04-12 23:00:00+00:00,60.89,61.0,60.89,61.0,1547.0,60.9439,8.0
2016-04-13 13:00:00+00:00,61.33,61.74,61.055,61.28,375861.0,61.44,2317.0
2016-04-13 14:00:00+00:00,61.275,62.7,61.26,62.425,1107357.0,62.16,8466.0
2016-04-13 15:00:00+00:00,62.41,62.65,62.24,62.33,571023.0,62.4325,5674.0
2016-04-13 16:00:00+00:00,62.335,62.45,62.21,62.45,494018.0,62.2976,4806.0
2016-04-13 17:00:00+00:00,62.46,62.499,62.29,62.41,325081.0,62.3953,3530.0
2016-04-13 18:00:00+00:00,62.3901,62.49,62.18,62.27,460430.0,62.3181,5391.0
2016-04-13 19:00:00+00:00,62.27,62.59,62.24,62.56,903207.0,62.4684,9877.0
2016-04-13 20:00:00+00:00,62.55,62.6,62.55,62.6,16121.0,62.5503,8.0
2016-04-13 22:00:00+00:00,62.6,62.6,62.6,62.6,300.0,62.6,1.0
2016-04-13 23:00:00+00:00,62.58,62.58,62.58,62.58,501.0,62.5806,3.0
2016-04-14 12:00:00+00:00,62.6,63.04,62.6,63.04,992.0,62.8397,7.0
2016-04-14 13:00:00+00:00,62.75,62.8,61.57,61.77,359107.0,62.1677,2685.0
2016-04-14 14:00:00+00:00,61.7774,62.081,61.65,61.92,516523.0,61.9046,4371.0
2016-04-14 15:00:00+00:00,61.91,62.57,61.83,62.44,411533.0,62.2079,4221.0
2016-04-14 16:00:00+00:00,62.455,62.65,61.97,62.26,380866.0,62.3107,3718.0
2016-04-14 17:00:00+00:00,62.25,62.26,61.4972,61.51,491754.0,61.8013,4822.0
2016-04-14 18:00:00+00:00,61.5084,61.66,61.39,61.59,424046.0,61.5449,4362.0
2016-04-14 19:00:00+00:00,61.5775,61.63,61.31,61.55,1213285.0,61.4662,10001.0
2016-04-14 20:00:00+00:00,61.56,61.56,61.49,61.49,31726.0,61.5695,7.0
2016-04-15 12:00:00+00:00,61.34,61.46,61.11,61.11,1900.0,61.2678,10.0
2016-04-15 13:00:00+00:00,61.42,61.82,61.27,61.4,581740.0,61.4864,3220.0
2016-04-15 14:00:00+00:00,61.42,61.48,60.5,60.53,876669.0,61.0303,6640.0
2016-04-15 15:00:00+00:00,60.54,60.64,60.06,60.08,762993.0,60.4266,4931.0
2016-04-15 16:00:00+00:00,60.08,60.26,59.86,59.98,1161827.0,60.0933,6724.0
2016-04-15 17:00:00+00:00,59.99,60.177,59.92,59.94,553056.0,60.0475,5274.0
2016-04-15 18:00:00+00:00,59.9399,60.04,59.73,59.8475,748227.0,59.9041,6167.0
2016-04-15 19:00:00+00:00,59.847,59.86,59.43,59.47,1753497.0,59.6381,15835.0
2016-04-15 20:00:00+00:00,59.48,60.6556,59.48,60.6556,99646.0,60.0625,12.0
2016-04-15 21:00:00+00:00,59.55,59.55,59.55,59.55,800.0,59.55,4.0
2016-04-15 22:00:00+00:00,59.5,59.5,59.5,59.5,390.0,59.5,3.0
2016-04-15 23:00:00+00:00,59.48,59.49,59.3,59.48,1200.0,59.4296,8.0
2016-04-18 12:00:00+00:00,58.98,59.0,58.66,58.66,1027.0,58.9006,10.0
2016-04-18 13:00:00+00:00,58.8,60.16,58.1,60.014,986527.0,59.3446,6416.0
2016-04-18 14:00:00+00:00,60.02,60.85,59.81,59.89,1243856.0,60.4129,9719.0
2016-04-18 15:00:00+00:00,59.89,60.56,59.72,60.07,650175.0,60.2511,5465.0
2016-04-18 16:00:00+00:00,60.051,60.432,59.99,60.19,484233.0,60.2392,4327.0
2016-04-18 17:00:00+00:00,60.18,60.3,59.99,60.18,478544.0,60.1355,4558.0
2016-04-18 18:00:00+00:00,60.19,60.75,60.11,60.66,582559.0,60.3675,4875.0
2016-04-18 19:00:00+00:00,60.66,60.72,60.47,60.7,888038.0,60.6274,8819.0
2016-04-18 20:00:00+00:00,60.71,60.85,60.2285,60.85,56931.0,60.6937,45.0
2016-04-18 21:00:00+00:00,60.85,60.85,60.85,60.85,200.0,60.85,1.0
2016-04-18 22:00:00+00:00,60.71,60.71,60.71,60.71,100.0,60.71,1.0
2016-04-19 13:00:00+00:00,61.01,61.2,60.52,60.95,656879.0,60.8191,4556.0
2016-04-19 14:00:00+00:00,60.94,61.4,60.59,60.88,810439.0,61.0621,6586.0
2016-04-19 15:00:00+00:00,60.89,60.93,59.72,59.72,770229.0,60.2437,6811.0
2016-04-19 16:00:00+00:00,59.726,59.9,59.71,59.84,600110.0,59.8172,5788.0
2016-04-19 17:00:00+00:00,59.84,60.2262,59.75,60.16,623050.0,59.9872,4975.0
2016-04-19 18:00:00+00:00,60.14,60.2,59.73,59.95,667444.0,59.9335,5885.0
2016-04-19 19:00:00+00:00,59.96,60.2,59.89,60.1,1340091.0,60.0121,11398.0
2016-04-19 20:00:00+00:00,60.11,60.2806,60.1,60.1,113170.0,60.1133,15.0
2016-04-19 21:00:00+00:00,60.2,60.2,60.15,60.15,400.0,60.1625,2.0
2016-04-19 23:00:00+00:00,60.0,60.0,60.0,60.0,500.0,60.0,2.0
2016-04-20 12:00:00+00:00,59.85,59.85,59.85,59.85,100.0,59.85,1.0
2016-04-20 13:00:00+00:00,59.89,60.24,59.16,59.16,551280.0,59.7614,3787.0
2016-04-20 14:00:00+00:00,59.17,60.02,59.16,59.71,1352070.0,59.6085,10282.0
2016-04-20 15:00:00+00:00,59.71,59.85,59.45,59.59,773271.0,59.6353,6588.0
2016-04-20 16:00:00+00:00,59.6,60.07,59.54,59.99,713462.0,59.8028,5946.0
2016-04-20 17:00:00+00:00,59.99,60.2,59.97,60.1405,890781.0,60.0789,7056.0
2016-04-20 18:00:00+00:00,60.13,60.47,60.13,60.46,591716.0,60.3412,5176.0
2016-04-20 19:00:00+00:00,60.45,60.58,60.17,60.22,1141508.0,60.3186,10259.0
2016-04-20 20:00:00+00:00,60.22,60.22,59.818,60.22,49102.0,60.1908,22.0
2016-04-20 22:00:00+00:00,60.23,60.53,60.23,60.53,1050.0,60.4748,4.0
2016-04-20 23:00:00+00:00,60.3,60.3,60.3,60.3,100.0,60.3,1.0
2016-04-21 13:00:00+00:00,60.22,60.47,59.44,59.46,484436.0,59.9381,3667.0
2016-04-21 14:00:00+00:00,59.429,60.16,59.255,59.83,853738.0,59.6965,6567.0
2016-04-21 15:00:00+00:00,59.85,60.07,59.68,59.92,540100.0,59.8948,5124.0
2016-04-21 16:00:00+00:00,59.93,60.11,59.72,60.01,392124.0,59.9649,3801.0
2016-04-21 17:00:00+00:00,60.0,60.18,59.81,60.13,545261.0,60.0098,4792.0
2016-04-21 18:00:00+00:00,60.11,60.6,60.09,60.51,698388.0,60.4218,6401.0
2016-04-21 19:00:00+00:00,60.53,60.8,60.51,60.63,1149649.0,60.6247,11506.0
2016-04-21 20:00:00+00:00,60.65,60.7,60.1638,60.65,10008.0,60.5692,9.0
2016-04-21 21:00:00+00:00,60.65,60.65,60.65,60.65,27267.0,60.65,1.0
2016-04-21 22:00:00+00:00,60.55,60.55,60.55,60.55,222.0,60.55,2.0
2016-04-21 23:00:00+00:00,60.7,60.7,60.7,60.7,100.0,60.7,1.0
2016-04-22 13:00:00+00:00,60.48,61.36,60.48,61.22,739109.0,61.1039,4224.0
2016-04-22 14:00:00+00:00,61.25,61.27,60.76,60.79,743197.0,61.0295,6532.0
2016-04-22 15:00:00+00:00,60.8,61.17,60.8,61.08,412101.0,60.9905,4363.0
2016-04-22 16:00:00+00:00,61.0711,61.21,60.81,60.85,296556.0,60.9978,3078.0
2016-04-22 17:00:00+00:00,60.86,61.239,60.86,61.13,304878.0,61.0323,2996.0
2016-04-22 18:00:00+00:00,61.12,61.28,61.0,61.23,432191.0,61.168,3821.0
2016-04-22 19:00:00+00:00,61.23,61.335,61.1,61.22,775204.0,61.2081,8268.0
2016-04-22 20:00:00+00:00,61.22,61.25,61.1294,61.25,31249.0,61.234,9.0
2016-04-22 21:00:00+00:00,61.3,61.3,61.3,61.3,300.0,61.3,2.0
2016-04-25 13:00:00+00:00,61.25,61.91,61.11,61.2401,514952.0,61.4801,3421.0
2016-04-25 14:00:00+00:00,61.2352,61.58,60.92,61.57,657573.0,61.2696,6238.0
2016-04-25 15:00:00+00:00,61.58,61.59,60.88,61.11,469734.0,61.1422,4807.0
2016-04-25 16:00:00+00:00,61.12,61.66,60.9277,61.62,383157.0,61.2428,3697.0
2016-04-25 17:00:00+00:00,61.64,61.65,61.16,61.3071,336733.0,61.3946,3578.0
2016-04-25 18:00:00+00:00,61.31,61.69,61.26,61.59,543600.0,61.4998,5560.0
2016-04-25 19:00:00+00:00,61.59,61.77,61.5,61.76,1113269.0,61.617,13602.0
2016-04-25 20:00:00+00:00,61.77,61.8,61.74,61.8,36404.0,61.77,14.0
2016-04-25 22:00:00+00:00,61.75,61.75,61.75,61.75,500.0,61.7491,4.0
2016-04-25 23:00:00+00:00,61.75,61.75,61.75,61.75,200.0,61.75,2.0
2016-04-26 12:00:00+00:00,61.77,61.77,61.77,61.77,175.0,61.7614,2.0
2016-04-26 13:00:00+00:00,61.96,62.42,61.73,61.87,648643.0,62.0421,4545.0
2016-04-26 14:00:00+00:00,61.87,62.15,61.37,61.56,687360.0,61.7179,5502.0
2016-04-26 15:00:00+00:00,61.58,62.0,61.39,61.73,481062.0,61.7022,4293.0
2016-04-26 16:00:00+00:00,61.735,61.99,61.65,61.83,393620.0,61.8029,3842.0
2016-04-26 17:00:00+00:00,61.83,62.03,61.8,62.0,383309.0,61.9327,3605.0
2016-04-26 18:00:00+00:00,61.99,62.05,61.75,61.8,490557.0,61.9058,4549.0
2016-04-26 19:00:00+00:00,61.8,61.845,61.58,61.8,760109.0,61.7582,7752.0
2016-04-26 20:00:00+00:00,61.81,61.92,61.81,61.92,13830.0,61.8108,10.0
2016-04-27 11:00:00+00:00,61.91,61.91,61.8,61.8,900.0,61.8122,2.0
2016-04-27 12:00:00+00:00,61.92,62.0,61.92,62.0,1000.0,61.935,4.0
2016-04-27 13:00:00+00:00,61.81,62.14,61.57,62.075,509360.0,61.8835,3515.0
2016-04-27 14:00:00+00:00,62.065,62.17,60.8,61.51,1158916.0,61.5412,8949.0
2016-04-27 15:00:00+00:00,61.48,62.01,61.39,61.95,529903.0,61.7995,5459.0
2016-04-27 16:00:00+00:00,61.92,61.93,61.69,61.7911,355424.0,61.817,4073.0
2016-04-27 17:00:00+00:00,61.79,62.41,61.74,62.14,489143.0,62.2013,4172.0
2016-04-27 18:00:00+00:00,62.15,62.535,61.96,62.26,463658.0,62.2703,4865.0
2016-04-27 19:00:00+00:00,62.26,62.45,62.17,62.21,736589.0,62.2919,8005.0
2016-04-27 20:00:00+00:00,62.19,62.19,62.19,62.19,15679.0,62.19,6.0
2016-04-27 22:00:00+00:00,62.0,62.0,62.0,62.0,100.0,62.0,1.0
2016-04-28 13:00:00+00:00,61.76,63.03,61.5,62.59,530343.0,62.3612,3657.0
2016-04-28 14:00:00+00:00,62.57,62.63,61.64,61.86,665106.0,62.0971,5428.0
2016-04-28 15:00:00+00:00,61.843,61.97,61.625,61.76,536416.0,61.7381,4139.0
2016-04-28 16:00:00+00:00,61.77,62.12,61.535,61.93,398124.0,61.8208,4071.0
2016-04-28 17:00:00+00:00,61.9399,62.05,61.78,61.791,316856.0,61.9144,2612.0
2016-04-28 18:00:00+00:00,61.77,61.79,61.53,61.58,396609.0,61.6799,3940.0
2016-04-28 19:00:00+00:00,61.58,61.58,60.73,60.94,1220536.0,60.963,12123.0
2016-04-28 20:00:00+00:00,60.91,61.0,60.91,61.0,24859.0,60.9733,11.0
2016-04-29 12:00:00+00:00,60.88,60.88,60.8,60.8,2650.0,60.864,14.0
2016-04-29 13:00:00+00:00,60.71,60.8,59.15,59.185,808364.0,59.8891,4389.0
2016-04-29 14:00:00+00:00,59.18,59.71,58.99,59.0,1252058.0,59.2643,9914.0
2016-04-29 15:00:00+00:00,59.01,59.25,58.64,58.97,950924.0,58.9937,8039.0
2016-04-29 16:00:00+00:00,58.98,59.21,58.85,59.16,523140.0,59.0006,5172.0
2016-04-29 17:00:00+00:00,59.15,59.275,58.9,58.97,416899.0,59.0487,4621.0
2016-04-29 18:00:00+00:00,58.97,59.0,58.64,58.6796,558437.0,58.8528,5998.0
2016-04-29 19:00:00+00:00,58.66,59.0225,58.54,58.87,1483442.0,58.7555,14644.0
2016-04-29 20:00:00+00:00,58.869,58.87,58.83,58.83,77269.0,58.8699,18.0
2016-04-29 21:00:00+00:00,58.88,58.88,58.88,58.88,100.0,58.88,1.0
2016-04-29 22:00:00+00:00,58.95,58.95,58.83,58.83,400.0,58.86,3.0
2016-04-29 23:00:00+00:00,58.8,58.99,58.8,58.8,510.0,58.8607,4.0
2016-05-02 12:00:00+00:00,58.87,59.47,58.87,59.47,1269.0,59.1854,9.0
2016-05-02 13:00:00+00:00,58.95,59.17,58.125,58.19,516151.0,58.6258,3778.0
2016-05-02 14:00:00+00:00,58.17,58.75,58.11,58.37,708269.0,58.466,6093.0
2016-05-02 15:00:00+00:00,58.37,58.8,58.301,58.36,527035.0,58.5511,4943.0
2016-05-02 16:00:00+00:00,58.36,59.21,58.285,59.08,723675.0,58.7432,5583.0
2016-05-02 17:00:00+00:00,59.09,59.91,58.94,59.56,595399.0,59.5118,6073.0
2016-05-02 18:00:00+00:00,59.56,60.1,59.515,59.75,894001.0,59.8119,8892.0
2016-05-02 19:00:00+00:00,59.75,59.96,59.665,59.76,1106517.0,59.8027,10661.0
2016-05-02 20:00:00+00:00,59.82,59.82,59.79,59.8,25174.0,59.8194,11.0
2016-05-02 21:00:00+00:00,59.51,59.51,59.51,59.51,375.0,59.51,1.0
2016-05-02 23:00:00+00:00,59.82,59.82,59.82,59.82,300.0,59.82,1.0
2016-05-03 12:00:00+00:00,57.0,58.5,57.0,58.5,3308.0,58.4143,25.0
2016-05-03 13:00:00+00:00,58.31,58.79,57.05,58.125,1374007.0,58.041,9361.0
2016-05-03 14:00:00+00:00,58.13,58.63,57.46,58.34,1328381.0,58.0235,10727.0
2016-05-03 15:00:00+00:00,58.34,58.97,58.01,58.34,1118221.0,58.4858,8274.0
2016-05-03 16:00:00+00:00,58.37,58.56,58.02,58.4,746710.0,58.2412,6214.0
2016-05-03 17:00:00+00:00,58.41,58.75,58.23,58.34,641276.0,58.4291,5095.0
2016-05-03 18:00:00+00:00,58.34,58.35,57.79,57.79,923718.0,58.087,6739.0
2016-05-03 19:00:00+00:00,57.79,57.94,57.45,57.64,1728369.0,57.7239,14075.0
2016-05-03 20:00:00+00:00,57.63,57.63,57.63,57.63,17969.0,57.63,8.0
2016-05-04 12:00:00+00:00,57.6,57.6,57.6,57.6,1700.0,57.6006,8.0
2016-05-04 13:00:00+00:00,57.34,58.19,57.34,58.11,644232.0,57.7862,4701.0
2016-05-04 14:00:00+00:00,58.04,58.11,56.26,56.33,1441495.0,57.0365,10264.0
2016-05-04 15:00:00+00:00,56.329,56.52,55.71,55.99,1038591.0,56.0746,7973.0
2016-05-04 16:00:00+00:00,56.01,56.37,56.0,56.19,779888.0,56.1709,5907.0
2016-05-04 17:00:00+00:00,56.19,56.25,55.87,55.985,912485.0,56.1096,7542.0
2016-05-04 18:00:00+00:00,55.985,56.26,55.69,56.14,947367.0,55.9619,8357.0
2016-05-04 19:00:00+00:00,56.13,56.195,55.905,56.15,1725470.0,56.0953,12648.0
2016-05-04 20:00:00+00:00,56.15,56.15,56.15,56.15,52227.0,56.15,12.0
2016-05-04 21:00:00+00:00,56.2,56.4,56.2,56.4,1100.0,56.3818,5.0
2016-05-04 22:00:00+00:00,56.3,56.3,56.3,56.3,100.0,56.3,1.0
2016-05-04 23:00:00+00:00,56.21,56.21,56.21,56.21,171.0,56.21,1.0
2016-05-05 12:00:00+00:00,57.0,57.08,56.95,57.05,2100.0,57.0219,5.0
2016-05-05 13:00:00+00:00,57.1,57.1,56.07,56.61,782018.0,56.5098,3587.0
2016-05-05 14:00:00+00:00,56.58,56.79,56.11,56.29,849784.0,56.4368,7437.0
2016-05-05 15:00:00+00:00,56.31,56.3487,55.97,56.11,609266.0,56.1256,5201.0
2016-05-05 16:00:00+00:00,56.1,56.11,55.67,55.89,473501.0,55.8639,3958.0
2016-05-05 17:00:00+00:00,55.88,55.88,55.41,55.51,723512.0,55.5701,5340.0
2016-05-05 18:00:00+00:00,55.515,55.75,55.346,55.4,703494.0,55.5491,5685.0
2016-05-05 19:00:00+00:00,55.395,55.63,55.395,55.58,1449680.0,55.5269,11121.0
2016-05-05 20:00:00+00:00,55.61,55.64,55.61,55.64,12108.0,55.6102,7.0
2016-05-05 23:00:00+00:00,55.55,55.55,55.55,55.55,612.0,55.5584,4.0
2016-05-06 11:00:00+00:00,55.6,55.6,55.6,55.6,100.0,55.6,1.0
2016-05-06 12:00:00+00:00,55.27,55.27,55.1,55.15,1314.0,55.1858,9.0
2016-05-06 13:00:00+00:00,55.23,56.13,55.07,56.04,649870.0,55.6801,4232.0
2016-05-06 14:00:00+00:00,56.03,56.42,55.49,55.8343,998915.0,55.959,7039.0
2016-05-06 15:00:00+00:00,55.83,56.2,55.7,55.735,800266.0,55.9752,7177.0
2016-05-06 16:00:00+00:00,55.73,55.97,55.545,55.66,663254.0,55.7013,5803.0
2016-05-06 17:00:00+00:00,55.67,55.68,55.18,55.385,770434.0,55.424,6004.0
2016-05-06 18:00:00+00:00,55.37,55.54,55.29,55.32,774499.0,55.41,6449.0
2016-05-06 19:00:00+00:00,55.3212,55.4098,55.1,55.35,1558141.0,55.2732,11833.0
2016-05-06 20:00:00+00:00,55.36,55.36,55.36,55.36,9732.0,55.36,6.0
2016-05-09 12:00:00+00:00,55.36,55.36,55.36,55.36,19888.0,55.36,1.0
2016-05-09 13:00:00+00:00,55.23,55.39,54.73,55.19,782414.0,55.055,5443.0
2016-05-09 14:00:00+00:00,55.19,55.38,54.41,54.49,944503.0,54.8819,7121.0
2016-05-09 15:00:00+00:00,54.49,54.8,54.0801,54.43,823779.0,54.3967,6674.0
2016-05-09 16:00:00+00:00,54.41,54.82,54.37,54.5834,404199.0,54.5582,3433.0
2016-05-09 17:00:00+00:00,54.57,55.0821,54.57,54.95,436086.0,54.8638,3858.0
2016-05-09 18:00:00+00:00,54.94,55.27,54.77,55.27,458402.0,54.9976,4485.0
2016-05-09 19:00:00+00:00,55.2661,55.28,54.91,54.96,973061.0,55.0736,9461.0
2016-05-09 20:00:00+00:00,54.98,54.98,54.98,54.98,15639.0,54.98,6.0
2016-05-09 21:00:00+00:00,54.98,54.98,54.98,54.98,200.0,54.98,2.0
2016-05-10 13:00:00+00:00,55.23,56.19,55.21,55.79,602275.0,55.7488,3835.0
2016-05-10 14:00:00+00:00,55.82,55.9,55.21,55.77,686915.0,55.6195,5655.0
2016-05-10 15:00:00+00:00,55.77,55.88,55.23,55.38,690173.0,55.5885,5545.0
2016-05-10 16:00:00+00:00,55.38,55.87,55.34,55.74,457418.0,55.5838,3970.0
2016-05-10 17:00:00+00:00,55.75,55.956,55.57,55.87,471840.0,55.7805,4170.0
2016-05-10 18:00:00+00:00,55.88,55.95,55.795,55.7999,492475.0,55.8887,4726.0
2016-05-10 19:00:00+00:00,55.8,56.02,55.736,55.99,1051732.0,55.8674,10207.0
2016-05-10 20:00:00+00:00,56.0,56.04,55.7953,55.7953,168175.0,55.9666,12.0
2016-05-10 21:00:00+00:00,56.0,56.0,56.0,56.0,13200.0,56.0,1.0
2016-05-11 12:00:00+00:00,56.0,56.0,56.0,56.0,725.0,56.0,1.0
2016-05-11 13:00:00+00:00,56.0,56.1,55.55,55.627,403639.0,55.8174,2627.0
2016-05-11 14:00:00+00:00,55.63,56.43,55.46,56.34,1333214.0,56.0122,8998.0
2016-05-11 15:00:00+00:00,56.36,56.66,56.16,56.5,899179.0,56.4191,7666.0
2016-05-11 16:00:00+00:00,56.49,56.49,55.8602,55.98,511825.0,56.1946,4471.0
2016-05-11 17:00:00+00:00,55.96,56.0,55.76,55.88,488013.0,55.8929,3688.0
2016-05-11 18:00:00+00:00,55.87,55.99,55.75,55.95,563019.0,55.8677,5279.0
2016-05-11 19:00:00+00:00,55.94,56.065,55.79,55.86,1008017.0,55.9339,8791.0
2016-05-11 20:00:00+00:00,55.87,55.87,55.75,55.75,282853.0,55.8699,11.0
2016-05-12 13:00:00+00:00,56.45,56.45,55.1,55.13,500867.0,55.7365,3344.0
2016-05-12 14:00:00+00:00,55.14,55.48,54.91,55.28,864517.0,55.2114,6810.0
2016-05-12 15:00:00+00:00,55.28,55.3,54.6999,54.75,504893.0,54.9008,4360.0
2016-05-12 16:00:00+00:00,54.75,54.92,54.45,54.73,522625.0,54.666,4056.0
2016-05-12 17:00:00+00:00,54.725,54.775,54.4599,54.73,373206.0,54.5892,3850.0
2016-05-12 18:00:00+00:00,54.72,55.01,54.56,54.8299,558192.0,54.8449,5104.0
2016-05-12 19:00:00+00:00,54.825,54.98,54.69,54.78,930780.0,54.8261,8160.0
2016-05-12 20:00:00+00:00,54.78,54.8,54.78,54.8,26233.0,54.8035,10.0
2016-05-12 21:00:00+00:00,54.75,54.75,54.75,54.75,100.0,54.75,1.0
2016-05-12 22:00:00+00:00,54.8,54.8,54.8,54.8,1200.0,54.8,1.0
2016-05-13 12:00:00+00:00,54.95,54.95,54.95,54.95,133.0,54.95,2.0
2016-05-13 13:00:00+00:00,55.13,55.7,54.75,54.78,463662.0,55.2369,2957.0
2016-05-13 14:00:00+00:00,54.8,54.92,54.41,54.91,678597.0,54.6443,5397.0
2016-05-13 15:00:00+00:00,54.93,55.51,54.91,55.35,771740.0,55.2446,4044.0
2016-05-13 16:00:00+00:00,55.3734,55.47,54.98,55.02,366012.0,55.2599,2809.0
2016-05-13 17:00:00+00:00,55.03,55.22,54.72,54.9,460170.0,54.9513,3597.0
2016-05-13 18:00:00+00:00,54.9,55.09,54.69,54.94,587165.0,54.8542,5329.0
2016-05-13 19:00:00+00:00,54.93,55.16,54.84,55.11,889258.0,55.0521,8898.0
2016-05-13 20:00:00+00:00,55.11,55.11,55.1,55.1,37082.0,55.1072,7.0
2016-05-13 21:00:00+00:00,55.22,55.5,55.22,55.5,1100.0,55.3136,5.0
2016-05-16 12:00:00+00:00,55.7,55.7,55.4,55.4,1550.0,55.6794,7.0
2016-05-16 13:00:00+00:00,55.24,55.375,54.06,54.14,636618.0,54.7203,4113.0
2016-05-16 14:00:00+00:00,54.14,54.55,53.87,54.51,1284858.0,54.0874,9157.0
2016-05-16 15:00:00+00:00,54.51,54.79,54.15,54.79,727490.0,54.515,5233.0
2016-05-16 16:00:00+00:00,54.79,54.96,54.51,54.93,577891.0,54.7988,4264.0
2016-05-16 17:00:00+00:00,54.94,55.0,54.75,54.9,421635.0,54.8619,3824.0
2016-05-16 18:00:00+00:00,54.91,55.08,54.878,55.08,515313.0,55.0093,4391.0
2016-05-16 19:00:00+00:00,55.08,55.19,55.05,55.18,1057564.0,55.0484,7786.0
2016-05-16 20:00:00+00:00,55.19,55.19,54.0348,54.99,248951.0,55.1589,31.0
2016-05-16 21:00:00+00:00,54.99,54.99,54.99,54.99,100.0,54.99,1.0
2016-05-16 23:00:00+00:00,54.85,54.85,54.85,54.85,100.0,54.85,1.0
2016-05-17 09:00:00+00:00,54.94,54.95,54.94,54.95,500.0,54.948,2.0
2016-05-17 11:00:00+00:00,55.5,55.5,55.5,55.5,200.0,55.5,1.0
2016-05-17 12:00:00+00:00,55.25,55.25,55.25,55.25,1000.0,55.25,1.0
2016-05-17 13:00:00+00:00,54.91,55.93,54.91,55.82,592823.0,55.4227,3276.0
2016-05-17 14:00:00+00:00,55.82,56.05,55.35,56.03,714206.0,55.7456,5196.0
2016-05-17 15:00:00+00:00,56.035,56.06,55.64,55.65,394124.0,55.9003,3666.0
2016-05-17 16:00:00+00:00,55.64,55.715,55.48,55.63,344877.0,55.5794,3023.0
2016-05-17 17:00:00+00:00,55.6267,55.82,55.43,55.43,389298.0,55.6382,2942.0
2016-05-17 18:00:00+00:00,55.42,55.46,54.93,55.13,508286.0,55.1533,4109.0
2016-05-17 19:00:00+00:00,55.13,55.3,55.03,55.26,881740.0,55.163,8061.0
2016-05-17 20:00:00+00:00,55.25,55.4583,55.25,55.33,59826.0,55.2575,21.0
2016-05-17 21:00:00+00:00,55.23,55.23,55.23,55.23,100.0,55.23,1.0
2016-05-18 12:00:00+00:00,55.18,55.18,55.18,55.18,100.0,55.18,1.0
2016-05-18 13:00:00+00:00,55.25,56.51,55.22,56.3797,435559.0,55.8743,2692.0
2016-05-18 14:00:00+00:00,56.39,57.405,56.14,56.57,1224704.0,56.7715,8846.0
2016-05-18 15:00:00+00:00,56.59,57.03,56.2,56.875,885825.0,56.6478,6866.0
2016-05-18 16:00:00+00:00,56.87,56.9,56.5745,56.65,496567.0,56.7409,4258.0
2016-05-18 17:00:00+00:00,56.66,56.74,56.52,56.7,448162.0,56.6596,4161.0
2016-05-18 18:00:00+00:00,56.7,56.71,56.08,56.19,643101.0,56.3483,5808.0
2016-05-18 19:00:00+00:00,56.21,56.5,56.04,56.45,1076891.0,56.2693,9721.0
2016-05-18 20:00:00+00:00,56.44,56.4949,56.44,56.44,228786.0,56.5216,15.0
2016-05-19 13:00:00+00:00,56.44,57.17,55.76,55.76,611923.0,56.3472,4274.0
2016-05-19 14:00:00+00:00,55.8,56.12,55.31,55.31,990936.0,55.708,7529.0
2016-05-19 15:00:00+00:00,55.33,55.63,54.83,55.1,648910.0,55.158,5325.0
2016-05-19 16:00:00+00:00,55.1,55.4277,54.94,55.01,534442.0,55.1721,3814.0
2016-05-19 17:00:00+00:00,55.0,55.51,54.98,55.3,431671.0,55.2143,3883.0
2016-05-19 18:00:00+00:00,55.31,55.48,55.0338,55.04,528126.0,55.2548,4728.0
2016-05-19 19:00:00+00:00,55.03,55.48,55.02,55.4,1097843.0,55.3578,9400.0
2016-05-19 20:00:00+00:00,55.4,55.5,55.4,55.5,31426.0,55.424,8.0
2016-05-20 12:00:00+00:00,55.95,55.95,55.7,55.7,433.0,55.7577,3.0
2016-05-20 13:00:00+00:00,55.59,55.76,55.15,55.35,527422.0,55.5056,2736.0
2016-05-20 14:00:00+00:00,55.35,56.07,55.31,55.86,504349.0,55.7266,4163.0
2016-05-20 15:00:00+00:00,55.86,55.96,55.65,55.88,287539.0,55.83,2625.0
2016-05-20 16:00:00+00:00,55.8719,56.3,55.82,55.92,345718.0,56.0307,2668.0
2016-05-20 17:00:00+00:00,55.92,55.99,55.71,55.87,329479.0,55.8744,2650.0
2016-05-20 18:00:00+00:00,55.89,55.96,55.795,55.83,294484.0,55.8707,2454.0
2016-05-20 19:00:00+00:00,55.85,56.16,55.7672,56.13,955143.0,56.0214,7838.0
2016-05-20 20:00:00+00:00,56.13,56.21,55.8353,56.19,12009.0,56.093,14.0
2016-05-23 10:00:00+00:00,55.57,55.57,55.57,55.57,100.0,55.57,1.0
2016-05-23 11:00:00+00:00,55.57,55.57,55.57,55.57,198.0,55.57,2.0
2016-05-23 13:00:00+00:00,55.51,55.81,55.1,55.53,398242.0,55.3951,2476.0
2016-05-23 14:00:00+00:00,55.5196,55.775,55.03,55.2,523393.0,55.4323,4502.0
2016-05-23 15:00:00+00:00,55.19,55.29,55.07,55.22,469224.0,55.1752,3646.0
2016-05-23 16:00:00+00:00,55.22,55.37,55.08,55.09,358810.0,55.2365,3014.0
2016-05-23 17:00:00+00:00,55.1,55.1486,54.81,54.84,482193.0,54.9654,3400.0
2016-05-23 18:00:00+00:00,54.85,54.92,54.615,54.81,642714.0,54.7547,4896.0
2016-05-23 19:00:00+00:00,54.81,54.83,54.39,54.47,1240355.0,54.5722,8987.0
2016-05-23 20:00:00+00:00,54.46,54.53,54.4,54.46,45486.0,54.4633,12.0
2016-05-23 21:00:00+00:00,54.46,54.6,54.46,54.6,900.0,54.5689,6.0
2016-05-23 22:00:00+00:00,54.6,54.6,54.6,54.6,1000.0,54.6,2.0
2016-05-24 13:00:00+00:00,55.02,55.1,54.56,55.01,435152.0,54.8986,3037.0
2016-05-24 14:00:00+00:00,55.02,55.54,54.91,54.99,729071.0,55.2452,5788.0
2016-05-24 15:00:00+00:00,54.99,55.42,54.99,55.015,808400.0,55.2114,4817.0
2016-05-24 16:00:00+00:00,55.02,55.16,54.88,55.144,507379.0,55.0204,3747.0
2016-05-24 17:00:00+00:00,55.142,55.25,54.77,54.93,689495.0,54.9871,4982.0
2016-05-24 18:00:00+00:00,54.94,55.2,54.84,55.1,632368.0,54.968,4775.0
2016-05-24 19:00:00+00:00,55.0801,55.52,55.02,55.34,1054521.0,55.336,8296.0
2016-05-24 20:00:00+00:00,55.35,55.35,55.06,55.08,49912.0,55.3386,33.0
2016-05-24 22:00:00+00:00,55.1,55.1,55.1,55.1,925.0,55.1,1.0
2016-05-24 23:00:00+00:00,55.25,55.25,55.25,55.25,200.0,55.25,2.0
2016-05-25 12:00:00+00:00,55.5,55.5,55.5,55.5,780.0,55.5,9.0
2016-05-25 13:00:00+00:00,55.45,55.5,54.33,54.4,643697.0,55.0181,4184.0
2016-05-25 14:00:00+00:00,54.412,54.94,54.0,54.39,1619242.0,54.483,9891.0
2016-05-25 15:00:00+00:00,54.39,54.75,54.32,54.65,757813.0,54.5074,5292.0
2016-05-25 16:00:00+00:00,54.65,54.78,54.46,54.64,547054.0,54.6404,4254.0
2016-05-25 17:00:00+00:00,54.65,54.86,54.56,54.58,642102.0,54.7047,4894.0
2016-05-25 18:00:00+00:00,54.59,54.84,54.46,54.64,719852.0,54.6145,5681.0
2016-05-25 19:00:00+00:00,54.65,54.78,54.58,54.6,1460196.0,54.6739,11361.0
2016-05-25 20:00:00+00:00,54.62,54.62,54.6,54.6,15829.0,54.6198,9.0
2016-05-26 12:00:00+00:00,54.85,54.85,54.85,54.85,470.0,54.85,4.0
2016-05-26 13:00:00+00:00,54.87,54.89,53.8,53.8015,567199.0,54.3808,3447.0
2016-05-26 14:00:00+00:00,53.81,54.02,53.51,53.59,1079577.0,53.7227,7681.0
2016-05-26 15:00:00+00:00,53.58,53.96,53.56,53.76,673127.0,53.8126,5448.0
2016-05-26 16:00:00+00:00,53.7565,53.9539,53.665,53.8,578926.0,53.8168,4435.0
2016-05-26 17:00:00+00:00,53.8,53.92,53.79,53.84,550699.0,53.8516,4575.0
2016-05-26 18:00:00+00:00,53.8499,53.9898,53.83,53.94,638540.0,53.9178,5786.0
2016-05-26 19:00:00+00:00,53.941,54.22,53.941,54.07,1114020.0,54.1002,9417.0
2016-05-26 20:00:00+00:00,54.09,54.09,54.09,54.09,97856.0,54.09,9.0
2016-05-27 12:00:00+00:00,54.25,54.25,54.25,54.25,200.0,54.316,3.0
2016-05-27 13:00:00+00:00,54.16,54.245,53.53,54.035,508094.0,53.9187,2873.0
2016-05-27 14:00:00+00:00,54.02,54.55,53.89,54.21,608726.0,54.3227,4600.0
2016-05-27 15:00:00+00:00,54.2,54.27,53.94,54.27,476928.0,54.0949,3933.0
2016-05-27 16:00:00+00:00,54.26,54.48,54.21,54.46,311380.0,54.3502,2932.0
2016-05-27 17:00:00+00:00,54.45,54.93,54.45,54.47,612832.0,54.6517,4720.0
2016-05-27 18:00:00+00:00,54.46,54.54,54.355,54.455,556768.0,54.4541,4696.0
2016-05-27 19:00:00+00:00,54.46,54.57,54.4,54.54,849119.0,54.4838,7241.0
2016-05-27 20:00:00+00:00,54.57,54.57,54.57,54.57,72492.0,54.2984,13.0
2016-05-27 21:00:00+00:00,54.57,54.57,54.57,54.57,200.0,54.57,1.0
2016-05-27 23:00:00+00:00,54.7,54.7,54.7,54.7,100.0,54.7,1.0
2016-05-31 13:00:00+00:00,54.57,54.98,53.88,54.81,609928.0,54.4865,4225.0
2016-05-31 14:00:00+00:00,54.79,55.0773,54.71,55.0773,754975.0,54.8864,6756.0
2016-05-31 15:00:00+00:00,55.07,55.2,54.66,54.72,842001.0,54.9442,6135.0
2016-05-31 16:00:00+00:00,54.71,54.77,54.56,54.6,330185.0,54.6548,3196.0
2016-05-31 17:00:00+00:00,54.59,54.75,54.45,54.65,553399.0,54.6008,4132.0
2016-05-31 18:00:00+00:00,54.65,54.6501,54.3,54.309,494507.0,54.47,5072.0
2016-05-31 19:00:00+00:00,54.3,54.79,54.3,54.69,1293078.0,54.6148,10875.0
2016-05-31 20:00:00+00:00,54.66,54.7055,54.615,54.7,95597.0,54.6925,28.0
2016-06-01 12:00:00+00:00,54.7,54.7,54.7,54.7,5886.0,54.7,1.0
2016-06-01 13:00:00+00:00,54.46,55.55,54.46,55.33,817963.0,55.0894,4511.0
2016-06-01 14:00:00+00:00,55.37,55.765,55.04,55.75,972575.0,55.4518,7911.0
2016-06-01 15:00:00+00:00,55.75,56.08,55.4,55.56,940110.0,55.759,8451.0
2016-06-01 16:00:00+00:00,55.54,55.74,55.29,55.7001,513754.0,55.4581,4517.0
2016-06-01 17:00:00+00:00,55.7,55.76,55.43,55.72,502269.0,55.5857,4454.0
2016-06-01 18:00:00+00:00,55.72,55.8,55.46,55.8,938770.0,55.6239,7111.0
2016-06-01 19:00:00+00:00,55.8,55.95,55.67,55.75,1136704.0,55.7966,10147.0
2016-06-01 20:00:00+00:00,55.75,55.75,55.51,55.51,60101.0,55.5703,7.0
2016-06-01 21:00:00+00:00,55.75,55.75,55.75,55.75,435.0,55.75,3.0
2016-06-01 22:00:00+00:00,55.75,55.75,55.75,55.75,300.0,55.75,2.0
2016-06-01 23:00:00+00:00,55.75,55.85,55.75,55.85,300.0,55.8167,2.0
2016-06-02 12:00:00+00:00,55.8,55.96,55.8,55.96,828.0,55.8193,6.0
2016-06-02 13:00:00+00:00,55.75,56.41,55.64,56.16,643114.0,56.1432,4388.0
2016-06-02 14:00:00+00:00,56.15,56.46,55.94,56.18,648296.0,56.145,5605.0
2016-06-02 15:00:00+00:00,56.19,56.73,56.17,56.295,1041897.0,56.4475,7220.0
2016-06-02 16:00:00+00:00,56.29,56.315,55.96,56.0,593076.0,56.1128,4719.0
2016-06-02 17:00:00+00:00,55.99,56.16,55.9,55.91,528416.0,56.0419,4453.0
2016-06-02 18:00:00+00:00,55.92,56.11,55.84,56.04,560737.0,55.9905,5139.0
2016-06-02 19:00:00+00:00,56.05,56.11,55.65,55.72,1224276.0,55.7814,9717.0
2016-06-02 20:00:00+00:00,55.72,55.81,55.72,55.81,3721.0,55.7321,7.0
2016-06-02 21:00:00+00:00,55.81,55.81,55.81,55.81,200.0,55.81,1.0
2016-06-02 22:00:00+00:00,55.75,55.75,55.75,55.75,900.0,55.75,5.0
2016-06-02 23:00:00+00:00,55.7,55.7,55.7,55.7,1470.0,55.7,1.0
2016-06-03 13:00:00+00:00,55.96,55.96,55.14,55.3099,353342.0,55.3071,2533.0
2016-06-03 14:00:00+00:00,55.28,55.35,54.38,54.4,829529.0,54.7684,6080.0
2016-06-03 15:00:00+00:00,54.4,54.9525,54.4,54.9401,807237.0,54.6536,5692.0
2016-06-03 16:00:00+00:00,54.94,55.14,54.81,54.83,525160.0,55.0182,4525.0
2016-06-03 17:00:00+00:00,54.84,55.005,54.75,54.93,442219.0,54.8506,4088.0
2016-06-03 18:00:00+00:00,54.925,55.38,54.84,55.29,448153.0,55.0849,4052.0
2016-06-03 19:00:00+00:00,55.29,55.32,55.12,55.1564,809941.0,55.2256,6451.0
2016-06-03 20:00:00+00:00,55.15,55.15,55.07,55.07,72912.0,55.1498,16.0
2016-06-06 13:00:00+00:00,55.2,55.29,53.97,54.1,884692.0,54.4368,5062.0
2016-06-06 14:00:00+00:00,54.09,54.57,54.09,54.51,716538.0,54.3823,5227.0
2016-06-06 15:00:00+00:00,54.51,54.89,54.26,54.74,594093.0,54.5434,4465.0
2016-06-06 16:00:00+00:00,54.74,54.7601,54.435,54.56,387429.0,54.6259,3365.0
2016-06-06 17:00:00+00:00,54.58,54.96,54.58,54.85,354624.0,54.8058,3309.0
2016-06-06 18:00:00+00:00,54.86,54.89,54.71,54.76,468790.0,54.7816,4128.0
2016-06-06 19:00:00+00:00,54.76,54.935,54.69,54.891,1106420.0,54.8511,8347.0
2016-06-06 20:00:00+00:00,54.92,54.92,54.92,54.92,227484.0,54.919,5.0
2016-06-07 13:00:00+00:00,55.11,55.62,54.92,55.57,556196.0,55.2604,4409.0
2016-06-07 14:00:00+00:00,55.56,56.14,55.51,55.6615,818217.0,55.8488,6811.0
2016-06-07 15:00:00+00:00,55.66,56.145,55.52,55.97,664098.0,55.945,5778.0
2016-06-07 16:00:00+00:00,55.96,56.02,55.62,55.68,538811.0,55.8055,4900.0
2016-06-07 17:00:00+00:00,55.69,55.79,55.56,55.79,572234.0,55.6897,4740.0
2016-06-07 18:00:00+00:00,55.79,55.92,55.67,55.7985,552358.0,55.7834,4723.0
2016-06-07 19:00:00+00:00,55.78,55.87,55.5,55.64,1142362.0,55.6863,9930.0
2016-06-07 20:00:00+00:00,55.64,55.64,55.56,55.56,59142.0,55.6416,12.0
2016-06-08 13:00:00+00:00,56.0,56.04,55.12,55.69,428487.0,55.5242,3112.0
2016-06-08 14:00:00+00:00,55.6753,55.77,54.82,54.87,1270122.0,55.2759,8437.0
2016-06-08 15:00:00+00:00,54.87,54.97,54.26,54.46,946170.0,54.5727,7102.0
2016-06-08 16:00:00+00:00,54.46,54.86,54.4,54.72,581812.0,54.6161,4369.0
2016-06-08 17:00:00+00:00,54.73,54.73,54.35,54.36,558623.0,54.5247,4529.0
2016-06-08 18:00:00+00:00,54.37,54.58,54.34,54.405,643115.0,54.4263,5282.0
2016-06-08 19:00:00+00:00,54.4,54.5166,54.315,54.4,1372614.0,54.4242,10100.0
2016-06-08 20:00:00+00:00,54.39,54.39,54.39,54.39,96049.0,54.39,10.0
2016-06-08 21:00:00+00:00,54.39,54.39,54.39,54.39,770.0,54.39,2.0
2016-06-08 22:00:00+00:00,54.45,54.56,54.45,54.56,1140.0,54.4986,7.0
2016-06-09 12:00:00+00:00,54.37,54.37,54.37,54.37,100.0,54.37,1.0
2016-06-09 13:00:00+00:00,54.21,54.235,53.37,53.6146,1091266.0,53.7024,5864.0
2016-06-09 14:00:00+00:00,53.61,53.68,53.44,53.47,1172670.0,53.5576,8301.0
2016-06-09 15:00:00+00:00,53.47,53.96,53.43,53.6597,719644.0,53.7273,4832.0
2016-06-09 16:00:00+00:00,53.65,53.89,53.475,53.88,574746.0,53.6648,3554.0
2016-06-09 17:00:00+00:00,53.88,54.05,53.73,53.81,448183.0,53.9291,3636.0
2016-06-09 18:00:00+00:00,53.81,53.84,53.66,53.69,643257.0,53.7455,4732.0
2016-06-09 19:00:00+00:00,53.7,53.89,53.655,53.8,1276532.0,53.7765,9551.0
2016-06-09 20:00:00+00:00,53.81,53.81,53.81,53.81,18732.0,53.81,5.0
2016-06-09 21:00:00+00:00,53.81,53.81,53.81,53.81,150.0,53.81,1.0
2016-06-10 12:00:00+00:00,53.69,53.69,53.44,53.44,400.0,53.6275,3.0
2016-06-10 13:00:00+00:00,53.37,53.7,53.13,53.53,704714.0,53.3873,3431.0
2016-06-10 14:00:00+00:00,53.54,53.74,53.31,53.4,646604.0,53.486,5568.0
2016-06-10 15:00:00+00:00,53.39,53.955,53.39,53.7256,517676.0,53.7272,4640.0
2016-06-10 16:00:00+00:00,53.73,53.76,53.4,53.52,385811.0,53.5591,3662.0
2016-06-10 17:00:00+00:00,53.51,53.59,53.28,53.33,389302.0,53.4336,3776.0
2016-06-10 18:00:00+00:00,53.35,53.36,53.15,53.285,698649.0,53.2522,5983.0
2016-06-10 19:00:00+00:00,53.285,53.49,53.22,53.44,922144.0,53.3917,8106.0
2016-06-10 20:00:00+00:00,53.43,53.43,53.41,53.41,10124.0,53.4298,20.0
2016-06-13 12:00:00+00:00,53.1,53.15,53.1,53.1,2167.0,53.1326,5.0
2016-06-13 13:00:00+00:00,53.25,53.25,52.11,52.12,1086852.0,52.6352,5189.0
2016-06-13 14:00:00+00:00,52.12,52.5,51.9,52.13,1341707.0,52.1391,9824.0
2016-06-13 15:00:00+00:00,52.119,52.27,51.69,51.76,719414.0,51.9691,5530.0
2016-06-13 16:00:00+00:00,51.76,52.04,51.72,51.74,600197.0,51.8358,4818.0
2016-06-13 17:00:00+00:00,51.75,51.78,51.37,51.45,1102996.0,51.5982,6873.0
2016-06-13 18:00:00+00:00,51.441,51.48,51.1,51.13,1194755.0,51.2901,7156.0
2016-06-13 19:00:00+00:00,51.14,51.195,50.89,51.03,2167874.0,51.0332,15964.0
2016-06-13 20:00:00+00:00,51.02,51.784,51.02,51.02,30633.0,51.3917,16.0
2016-06-13 21:00:00+00:00,51.0,51.46,51.0,51.05,2775.0,51.3605,6.0
2016-06-13 22:00:00+00:00,51.3,51.3,51.3,51.3,162.0,51.3,1.0
2016-06-14 12:00:00+00:00,50.95,50.95,50.95,50.95,925.0,50.95,6.0
2016-06-14 13:00:00+00:00,50.9,51.9,50.75,50.8675,886327.0,51.2112,5804.0
2016-06-14 14:00:00+00:00,50.88,51.11,50.06,50.19,1465411.0,50.4419,11684.0
2016-06-14 15:00:00+00:00,50.19,50.51,50.03,50.21,1213767.0,50.2383,9638.0
2016-06-14 16:00:00+00:00,50.2,50.59,50.17,50.29,743505.0,50.3049,5535.0
2016-06-14 17:00:00+00:00,50.29,50.34,50.035,50.06,689945.0,50.1975,5725.0
2016-06-14 18:00:00+00:00,50.051,50.33,50.051,50.27,700185.0,50.1933,6113.0
2016-06-14 19:00:00+00:00,50.27,50.82,50.22,50.79,1404561.0,50.6369,12710.0
2016-06-14 20:00:00+00:00,50.79,50.79,50.79,50.79,12331.0,50.79,17.0
2016-06-14 21:00:00+00:00,50.5,50.5,50.5,50.5,100.0,50.5,1.0
2016-06-14 22:00:00+00:00,50.79,50.79,50.79,50.79,200.0,50.79,1.0
2016-06-14 23:00:00+00:00,50.79,50.79,50.79,50.79,200.0,50.79,1.0
2016-06-15 11:00:00+00:00,51.25,51.25,51.25,51.25,100.0,51.25,1.0
2016-06-15 12:00:00+00:00,51.05,51.05,50.79,50.8,1600.0,50.8963,7.0
2016-06-15 13:00:00+00:00,50.75,50.87,50.15,50.35,1130077.0,50.5556,6663.0
2016-06-15 14:00:00+00:00,50.3407,51.61,50.3407,51.4,1820795.0,51.1167,14219.0
2016-06-15 15:00:00+00:00,51.4,51.78,50.94,51.71,973546.0,51.3486,7863.0
2016-06-15 16:00:00+00:00,51.7,51.705,51.37,51.41,568811.0,51.513,5075.0
2016-06-15 17:00:00+00:00,51.42,51.56,51.34,51.37,599216.0,51.4615,5305.0
2016-06-15 18:00:00+00:00,51.39,51.73,51.28,51.495,1054913.0,51.4718,9897.0
2016-06-15 19:00:00+00:00,51.49,51.58,51.23,51.29,1525374.0,51.3779,14346.0
2016-06-15 20:00:00+00:00,51.29,51.29,51.29,51.29,19341.0,51.29,14.0
2016-06-16 13:00:00+00:00,51.05,51.35,50.7,50.95,663982.0,50.9789,4530.0
2016-06-16 14:00:00+00:00,50.94,51.66,50.92,51.54,1001054.0,51.3668,9056.0
2016-06-16 15:00:00+00:00,51.55,51.64,51.235,51.31,701501.0,51.4563,6869.0
2016-06-16 16:00:00+00:00,51.31,51.91,51.2,51.88,755878.0,51.5058,6679.0
2016-06-16 17:00:00+00:00,51.86,51.95,51.33,51.41,563157.0,51.6753,5430.0
2016-06-16 18:00:00+00:00,51.41,51.77,51.4,51.66,651944.0,51.59,6591.0
2016-06-16 19:00:00+00:00,51.66,51.94,51.6,51.79,1117558.0,51.789,10288.0
2016-06-16 20:00:00+00:00,51.79,51.79,51.79,51.79,16651.0,51.79,13.0
2016-06-16 23:00:00+00:00,51.79,51.79,51.79,51.79,600.0,51.79,3.0
2016-06-17 10:00:00+00:00,50.84,50.84,50.84,50.84,100.0,50.84,1.0
2016-06-17 12:00:00+00:00,51.16,51.16,51.16,51.16,500.0,51.16,1.0
2016-06-17 13:00:00+00:00,51.94,52.35,51.72,52.29,787106.0,52.0435,4502.0
2016-06-17 14:00:00+00:00,52.295,52.66,52.11,52.4,1051639.0,52.4331,8867.0
2016-06-17 15:00:00+00:00,52.4,52.47,51.77,51.79,659420.0,52.0925,5939.0
2016-06-17 16:00:00+00:00,51.8,51.8616,51.41,51.46,569012.0,51.6659,4398.0
2016-06-17 17:00:00+00:00,51.47,51.61,51.36,51.49,476282.0,51.5026,4375.0
2016-06-17 18:00:00+00:00,51.48,51.64,51.4,51.52,479955.0,51.5471,4955.0
2016-06-17 19:00:00+00:00,51.5199,51.71,51.4,51.71,1611018.0,51.5584,12962.0
2016-06-17 20:00:00+00:00,51.71,51.71,51.51,51.52,205056.0,51.7069,46.0
2016-06-17 21:00:00+00:00,51.56,51.59,51.56,51.59,900.0,51.5667,4.0
2016-06-17 23:00:00+00:00,51.53,51.59,51.51,51.59,600.0,51.5315,7.0
2016-06-20 11:00:00+00:00,52.21,52.21,52.21,52.21,200.0,52.21,1.0
2016-06-20 12:00:00+00:00,52.08,52.1,52.05,52.1,887.0,52.068,3.0
2016-06-20 13:00:00+00:00,52.02,52.49,51.72,52.09,582504.0,52.0865,4190.0
2016-06-20 14:00:00+00:00,52.1,52.54,52.08,52.515,737385.0,52.4104,7036.0
2016-06-20 15:00:00+00:00,52.5,52.64,51.965,52.075,596134.0,52.2883,5541.0
2016-06-20 16:00:00+00:00,52.08,52.32,52.03,52.16,451575.0,52.1791,3811.0
2016-06-20 17:00:00+00:00,52.15,52.2898,51.97,52.15,435495.0,52.0991,3868.0
2016-06-20 18:00:00+00:00,52.15,52.155,51.8,51.92,444683.0,51.9446,4038.0
2016-06-20 19:00:00+00:00,51.9259,51.95,51.58,51.67,1024203.0,51.7257,9215.0
2016-06-20 20:00:00+00:00,51.68,51.68,51.68,51.68,9071.0,51.68,8.0
2016-06-21 13:00:00+00:00,51.9,51.99,51.4,51.57,564628.0,51.6322,3676.0
2016-06-21 14:00:00+00:00,51.55,52.37,51.27,52.34,966437.0,51.8113,7211.0
2016-06-21 15:00:00+00:00,52.34,52.69,52.25,52.38,656002.0,52.4616,5852.0
2016-06-21 16:00:00+00:00,52.37,52.55,52.2175,52.23,329444.0,52.3834,3371.0
2016-06-21 17:00:00+00:00,52.23,52.45,52.23,52.24,410073.0,52.3147,4003.0
2016-06-21 18:00:00+00:00,52.25,52.59,52.235,52.5,538212.0,52.426,4981.0
2016-06-21 19:00:00+00:00,52.51,52.6,52.44,52.49,1000223.0,52.5135,8898.0
2016-06-21 20:00:00+00:00,52.47,52.61,52.47,52.61,20122.0,52.4798,22.0
2016-06-21 22:00:00+00:00,52.47,52.47,52.47,52.47,500.0,52.47,1.0
2016-06-22 13:00:00+00:00,52.55,52.8048,52.22,52.44,365107.0,52.5726,2788.0
2016-06-22 14:00:00+00:00,52.4344,53.0788,52.4344,53.02,1092083.0,52.7575,9022.0
2016-06-22 15:00:00+00:00,53.03,53.2,52.85,53.16,679608.0,53.0614,6143.0
2016-06-22 16:00:00+00:00,53.16,53.16,52.87,53.13,593095.0,53.0245,4915.0
2016-06-22 17:00:00+00:00,53.125,53.13,52.85,52.905,697272.0,53.0213,4941.0
2016-06-22 18:00:00+00:00,52.9,53.03,52.88,52.95,543421.0,52.9459,4652.0
2016-06-22 19:00:00+00:00,52.95,53.04,52.76,52.79,1008704.0,52.8695,8400.0
2016-06-22 20:00:00+00:00,52.81,52.89,52.81,52.89,46964.0,52.8103,12.0
2016-06-22 21:00:00+00:00,52.99,52.99,52.99,52.99,300.0,52.99,1.0
2016-06-22 22:00:00+00:00,53.02,53.02,53.02,53.02,300.0,53.02,2.0
2016-06-23 13:00:00+00:00,53.31,53.87,53.31,53.74,675746.0,53.5614,4653.0
2016-06-23 14:00:00+00:00,53.74,53.93,53.54,53.59,1075983.0,53.7447,9157.0
2016-06-23 15:00:00+00:00,53.6,53.66,53.48,53.52,655227.0,53.5555,5498.0
2016-06-23 16:00:00+00:00,53.53,53.6299,53.33,53.44,571659.0,53.4734,4527.0
2016-06-23 17:00:00+00:00,53.4405,53.54,53.385,53.48,471626.0,53.4718,4021.0
2016-06-23 18:00:00+00:00,53.48,53.71,53.41,53.65,563059.0,53.5947,4958.0
2016-06-23 19:00:00+00:00,53.6565,53.69,53.48,53.68,1264099.0,53.6052,10205.0
2016-06-23 20:00:00+00:00,53.71,53.78,53.71,53.71,47813.0,53.7107,13.0
2016-06-23 21:00:00+00:00,53.78,53.78,53.78,53.78,400.0,53.78,2.0
2016-06-23 23:00:00+00:00,53.5,53.5,53.5,53.5,400.0,53.5,2.0
2016-06-24 12:00:00+00:00,51.0,52.34,51.0,51.87,7926.0,51.8426,28.0
2016-06-24 13:00:00+00:00,51.76,53.04,51.62,52.34,934004.0,52.3489,6228.0
2016-06-24 14:00:00+00:00,52.35,52.91,52.27,52.535,987358.0,52.6409,9228.0
2016-06-24 15:00:00+00:00,52.52,52.79,52.4,52.67,656568.0,52.5525,5637.0
2016-06-24 16:00:00+00:00,52.68,52.865,52.58,52.66,747234.0,52.7238,6156.0
2016-06-24 17:00:00+00:00,52.667,53.2,52.58,53.2,933839.0,52.9123,7277.0
2016-06-24 18:00:00+00:00,53.2,53.24,52.64,52.685,1127790.0,52.9285,8524.0
2016-06-24 19:00:00+00:00,52.68,52.89,52.56,52.57,1951393.0,52.7403,17676.0
2016-06-24 20:00:00+00:00,52.5679,52.57,52.45,52.5653,32606.0,52.5601,18.0
2016-06-27 12:00:00+00:00,51.67,51.67,51.67,51.67,1100.0,51.67,5.0
2016-06-27 13:00:00+00:00,52.0,52.17,51.25,51.2901,613288.0,51.762,4525.0
2016-06-27 14:00:00+00:00,51.3,51.61,51.0,51.03,913849.0,51.2121,8072.0
2016-06-27 15:00:00+00:00,51.03,51.46,51.01,51.21,687725.0,51.223,7322.0
2016-06-27 16:00:00+00:00,51.2,51.53,51.19,51.52,705114.0,51.3286,7144.0
2016-06-27 17:00:00+00:00,51.52,51.58,51.03,51.055,722870.0,51.3726,7732.0
2016-06-27 18:00:00+00:00,51.05,51.27,50.75,51.05,842019.0,50.9901,8993.0
2016-06-27 19:00:00+00:00,51.06,51.34,51.05,51.14,1341190.0,51.1745,14852.0
2016-06-27 20:00:00+00:00,51.11,51.13,51.08,51.13,40585.0,51.1295,18.0
2016-06-27 21:00:00+00:00,51.13,51.13,51.13,51.13,62960.0,51.13,1.0
2016-06-27 23:00:00+00:00,51.1,51.1,51.1,51.1,100.0,51.1,1.0
2016-06-28 11:00:00+00:00,51.0,51.0,51.0,51.0,180.0,51.0,1.0
2016-06-28 12:00:00+00:00,52.03,52.03,52.03,52.03,1000.0,52.03,2.0
2016-06-28 13:00:00+00:00,52.09,52.37,51.27,51.47,859317.0,51.6122,6111.0
2016-06-28 14:00:00+00:00,51.52,51.54,50.78,50.8499,1315545.0,51.1112,10543.0
2016-06-28 15:00:00+00:00,50.85,50.92,50.5322,50.6194,758099.0,50.7054,6689.0
2016-06-28 16:00:00+00:00,50.62,51.05,50.62,50.95,729471.0,50.8031,6320.0
2016-06-28 17:00:00+00:00,50.9567,51.218,50.865,51.18,709417.0,51.0538,5840.0
2016-06-28 18:00:00+00:00,51.18,52.01,51.115,51.84,764135.0,51.5389,6662.0
2016-06-28 19:00:00+00:00,51.83,52.0,51.55,51.82,1731199.0,51.7419,14957.0
2016-06-28 20:00:00+00:00,51.83,51.83,51.83,51.83,65116.0,51.83,19.0
2016-06-28 23:00:00+00:00,51.99,51.99,51.9,51.9,200.0,51.945,2.0
2016-06-29 13:00:00+00:00,52.06,52.65,51.91,52.31,656049.0,52.2735,4960.0
2016-06-29 14:00:00+00:00,52.31,52.59,51.51,51.67,1398823.0,52.083,12040.0
2016-06-29 15:00:00+00:00,51.662,52.19,51.64,51.86,911790.0,51.9137,7655.0
2016-06-29 16:00:00+00:00,51.87,52.26,51.8699,52.01,883245.0,52.0788,4810.0
2016-06-29 17:00:00+00:00,52.02,52.2,51.94,52.0,501208.0,52.0717,4417.0
2016-06-29 18:00:00+00:00,51.99,52.19,51.83,51.95,770150.0,51.9662,6558.0
2016-06-29 19:00:00+00:00,51.95,52.02,51.72,51.92,1951665.0,51.8826,15526.0
2016-06-29 20:00:00+00:00,51.92,51.92,51.92,51.92,32071.0,51.92,15.0
2016-06-29 21:00:00+00:00,52.08,52.08,52.08,52.08,200.0,52.08,2.0
2016-06-29 22:00:00+00:00,52.08,52.08,51.95,51.95,350.0,52.0429,2.0
2016-06-30 13:00:00+00:00,51.81,51.94,50.15,50.23,1273525.0,50.651,8800.0
2016-06-30 14:00:00+00:00,50.24,50.48,49.91,50.4075,1742090.0,50.1671,13177.0
2016-06-30 15:00:00+00:00,50.41,50.96,50.25,50.445,1238247.0,50.5393,9819.0
2016-06-30 16:00:00+00:00,50.45,50.85,50.27,50.78,887441.0,50.5602,6591.0
2016-06-30 17:00:00+00:00,50.779,50.86,50.66,50.7487,603429.0,50.7617,5557.0
2016-06-30 18:00:00+00:00,50.74,50.78,50.475,50.64,944059.0,50.5927,7826.0
2016-06-30 19:00:00+00:00,50.65,51.0,50.47,51.0,2262760.0,50.7821,16993.0
2016-06-30 20:00:00+00:00,51.0,51.0,50.83,51.0,292330.0,50.9107,27.0
2016-06-30 21:00:00+00:00,51.0,51.07,51.0,51.07,26229.0,51.0005,2.0
2016-06-30 22:00:00+00:00,51.0,51.0,51.0,51.0,800.0,51.0,3.0
2016-07-01 12:00:00+00:00,51.47,51.47,51.47,51.47,100.0,51.47,1.0
2016-07-01 13:00:00+00:00,51.0,51.34,50.7566,51.231,559418.0,50.9973,3584.0
2016-07-01 14:00:00+00:00,51.25,51.78,51.22,51.54,1018058.0,51.5407,8085.0
2016-07-01 15:00:00+00:00,51.54,51.59,51.035,51.49,785559.0,51.3265,6938.0
2016-07-01 16:00:00+00:00,51.4899,51.55,51.23,51.48,597751.0,51.3416,5414.0
2016-07-01 17:00:00+00:00,51.46,51.65,51.3,51.62,689952.0,51.4824,5883.0
2016-07-01 18:00:00+00:00,51.63,51.73,51.39,51.6,586894.0,51.5396,5418.0
2016-07-01 19:00:00+00:00,51.59,51.61,51.38,51.42,1298681.0,51.484,11439.0
2016-07-01 20:00:00+00:00,51.43,51.4477,51.43,51.4477,60804.0,51.4302,11.0
2016-07-01 21:00:00+00:00,51.4,51.4,51.4,51.4,500.0,51.4,3.0
2016-07-01 22:00:00+00:00,51.4,51.4,51.4,51.4,140.0,51.4,2.0
2016-07-01 23:00:00+00:00,51.41,51.41,51.37,51.37,410.0,51.3895,3.0
2016-07-05 08:00:00+00:00,51.37,51.37,51.37,51.37,500.0,51.37,3.0
2016-07-05 12:00:00+00:00,51.2,51.38,50.78,51.38,1120.0,50.9191,11.0
2016-07-05 13:00:00+00:00,51.39,51.47,50.11,50.27,781122.0,50.5958,5172.0
2016-07-05 14:00:00+00:00,50.27,50.27,49.53,49.54,1397926.0,49.8265,10055.0
2016-07-05 15:00:00+00:00,49.55,49.74,49.3799,49.49,858470.0,49.5425,6785.0
2016-07-05 16:00:00+00:00,49.4866,49.9376,49.47,49.67,674355.0,49.7348,5955.0
2016-07-05 17:00:00+00:00,49.68,49.8,49.33,49.57,719239.0,49.6001,6280.0
2016-07-05 18:00:00+00:00,49.58,49.8,49.49,49.58,695067.0,49.6307,6665.0
2016-07-05 19:00:00+00:00,49.58,49.86,49.55,49.82,1662130.0,49.7434,13349.0
2016-07-05 20:00:00+00:00,49.84,49.9,49.8,49.9,294271.0,49.841,20.0
2016-07-05 21:00:00+00:00,49.9,49.95,49.9,49.95,1877.0,49.9098,5.0
2016-07-05 22:00:00+00:00,49.95,49.95,49.9,49.9,3225.0,49.9155,4.0
2016-07-05 23:00:00+00:00,49.9,49.9,49.9,49.9,400.0,49.9,1.0
2016-07-06 13:00:00+00:00,49.75,49.75,48.01,48.34,1480202.0,48.4823,9959.0
2016-07-06 14:00:00+00:00,48.35,48.44,47.38,47.81,2247367.0,47.8637,16878.0
2016-07-06 15:00:00+00:00,47.8,48.0873,47.6,47.9,1323785.0,47.8236,10146.0
2016-07-06 16:00:00+00:00,47.91,48.3,47.91,48.22,859185.0,48.1379,7019.0
2016-07-06 17:00:00+00:00,48.23,48.3831,48.08,48.3138,817433.0,48.2352,7173.0
2016-07-06 18:00:00+00:00,48.32,48.41,47.94,48.405,1113430.0,48.1714,8935.0
2016-07-06 19:00:00+00:00,48.405,48.68,48.24,48.66,2318857.0,48.4834,15386.0
2016-07-06 20:00:00+00:00,48.66,48.73,48.1312,48.73,123006.0,48.6526,26.0
2016-07-06 21:00:00+00:00,48.75,48.8,48.75,48.75,3695.0,48.7514,6.0
2016-07-06 22:00:00+00:00,48.3,48.3,48.3,48.3,100.0,48.3,1.0
2016-07-07 12:00:00+00:00,49.16,49.16,48.7,49.05,800.0,48.9716,10.0
2016-07-07 13:00:00+00:00,48.99,49.54,48.76,49.33,835190.0,49.2733,5197.0
2016-07-07 14:00:00+00:00,49.35,50.1,49.2709,49.37,1253369.0,49.7041,9094.0
2016-07-07 15:00:00+00:00,49.33,49.375,48.04,48.54,1612395.0,48.676,10489.0
2016-07-07 16:00:00+00:00,48.53,49.3254,47.99,48.045,859670.0,48.2299,6821.0
2016-07-07 17:00:00+00:00,48.04,48.25,47.97,48.115,1012208.0,48.08,8070.0
2016-07-07 18:00:00+00:00,48.11,48.15,47.255,47.285,1304115.0,47.5894,9145.0
2016-07-07 19:00:00+00:00,47.285,47.5,47.17,47.2401,2947442.0,47.2997,19358.0
2016-07-07 20:00:00+00:00,47.24,47.45,47.24,47.38,79202.0,47.2714,35.0
2016-07-07 21:00:00+00:00,47.38,47.38,47.2,47.2,10117.0,47.2721,26.0
2016-07-07 22:00:00+00:00,47.25,47.25,47.17,47.17,2550.0,47.2155,7.0
2016-07-07 23:00:00+00:00,47.25,47.25,47.23,47.25,3200.0,47.2444,9.0
2016-07-08 12:00:00+00:00,47.7,47.8,47.4,47.8,3000.0,47.6817,19.0
2016-07-08 13:00:00+00:00,47.72,48.0299,46.88,48.0299,1535592.0,47.499,8421.0
2016-07-08 14:00:00+00:00,48.03,48.42,47.42,47.83,1915446.0,47.8942,12778.0
2016-07-08 15:00:00+00:00,47.83,48.19,47.78,48.06,1126682.0,47.9599,8209.0
2016-07-08 16:00:00+00:00,48.06,48.41,48.03,48.185,750326.0,48.273,5761.0
2016-07-08 17:00:00+00:00,48.19,48.28,47.955,48.05,883341.0,48.102,5950.0
2016-07-08 18:00:00+00:00,48.045,48.14,47.69,47.7454,1112199.0,47.8563,8417.0
2016-07-08 19:00:00+00:00,47.75,47.8,47.62,47.71,1721823.0,47.6987,13115.0
2016-07-08 20:00:00+00:00,47.73,47.73,47.7274,47.73,64121.0,47.7297,17.0
2016-07-08 21:00:00+00:00,47.73,47.73,47.73,47.73,1250.0,47.73,4.0
2016-07-08 22:00:00+00:00,47.73,47.73,47.73,47.73,100.0,47.73,1.0
2016-07-08 23:00:00+00:00,47.73,47.73,47.73,47.73,1126.0,47.73,5.0
2016-07-11 12:00:00+00:00,47.8,47.8,47.8,47.8,100.0,47.8,1.0
2016-07-11 13:00:00+00:00,48.23,48.55,47.71,47.8548,821361.0,48.1582,4276.0
2016-07-11 14:00:00+00:00,47.86,48.33,47.8,48.23,986802.0,48.1343,6899.0
2016-07-11 15:00:00+00:00,48.23,48.32,48.12,48.15,574879.0,48.2219,4609.0
2016-07-11 16:00:00+00:00,48.16,48.34,48.15,48.21,422662.0,48.2514,3402.0
2016-07-11 17:00:00+00:00,48.2075,48.42,48.16,48.3717,562821.0,48.2628,3598.0
2016-07-11 18:00:00+00:00,48.37,48.63,48.36,48.599,748760.0,48.4963,5395.0
2016-07-11 19:00:00+00:00,48.59,48.61,48.425,48.49,1712497.0,48.5058,12054.0
2016-07-11 20:00:00+00:00,48.49,48.49,48.49,48.49,18744.0,48.49,9.0
2016-07-11 23:00:00+00:00,48.51,48.69,48.51,48.69,400.0,48.645,2.0
2016-07-12 12:00:00+00:00,48.95,49.09,48.95,49.0,2032.0,49.0162,13.0
2016-07-12 13:00:00+00:00,49.09,49.224,48.56,49.07,1175178.0,48.9406,6340.0
2016-07-12 14:00:00+00:00,49.065,49.32,48.86,49.24,1235132.0,49.0787,9081.0
2016-07-12 15:00:00+00:00,49.24,49.316,48.84,48.84,956293.0,49.0538,8043.0
2016-07-12 16:00:00+00:00,48.85,49.12,48.805,48.9499,1143445.0,48.9464,7938.0
2016-07-12 17:00:00+00:00,48.943,49.21,48.94,49.0225,691162.0,49.092,5569.0
2016-07-12 18:00:00+00:00,49.02,49.12,48.96,49.05,839784.0,49.0373,6293.0
2016-07-12 19:00:00+00:00,49.06,49.28,49.025,49.24,1486570.0,49.1716,11231.0
2016-07-12 20:00:00+00:00,49.25,49.33,49.25,49.33,35132.0,49.2511,12.0
2016-07-12 22:00:00+00:00,49.12,49.3,49.12,49.25,12468.0,48.6578,10.0
2016-07-12 23:00:00+00:00,49.25,49.25,49.25,49.25,200.0,49.25,1.0
2016-07-13 12:00:00+00:00,48.9,49.25,48.9,49.25,4050.0,49.0238,16.0
2016-07-13 13:00:00+00:00,48.96,49.69,48.83,49.11,732375.0,49.1417,4219.0
2016-07-13 14:00:00+00:00,49.11,49.45,48.23,49.16,1673627.0,48.8087,10320.0
2016-07-13 15:00:00+00:00,49.17,49.185,48.69,48.9899,807543.0,48.8706,5774.0
2016-07-13 16:00:00+00:00,48.99,49.48,48.99,49.23,942922.0,49.2921,6574.0
2016-07-13 17:00:00+00:00,49.22,49.34,49.1,49.12,682676.0,49.2376,5049.0
2016-07-13 18:00:00+00:00,49.12,49.63,49.1,49.43,844282.0,49.4221,5855.0
2016-07-13 19:00:00+00:00,49.43,49.545,49.3,49.52,1518526.0,49.4569,10042.0
2016-07-13 20:00:00+00:00,49.54,49.54,49.4796,49.48,17572.0,49.501,14.0
2016-07-13 21:00:00+00:00,49.5,49.5,49.5,49.5,300.0,49.5,3.0
2016-07-13 23:00:00+00:00,49.54,49.54,49.54,49.54,500.0,49.5288,2.0
2016-07-14 12:00:00+00:00,49.9,49.99,49.71,49.88,4825.0,49.9179,27.0
2016-07-14 13:00:00+00:00,49.75,50.23,49.42,49.72,661512.0,49.798,3532.0
2016-07-14 14:00:00+00:00,49.735,49.91,49.59,49.8603,717146.0,49.7869,5395.0
2016-07-14 15:00:00+00:00,49.87,50.16,49.86,50.03,851429.0,49.9941,5601.0
2016-07-14 16:00:00+00:00,50.035,50.23,49.97,50.1,546219.0,50.0639,4534.0
2016-07-14 17:00:00+00:00,50.1,50.11,49.95,50.075,617097.0,50.0274,4485.0
2016-07-14 18:00:00+00:00,50.08,50.27,50.045,50.23,624796.0,50.1424,4459.0
2016-07-14 19:00:00+00:00,50.23,50.46,50.23,50.4,1635917.0,50.3594,11761.0
2016-07-14 20:00:00+00:00,50.4,50.48,50.145,50.48,89900.0,50.1718,14.0
2016-07-14 22:00:00+00:00,50.4,50.4,50.4,50.4,100.0,50.4,1.0
2016-07-14 23:00:00+00:00,50.4,50.4,50.2,50.2,1850.0,50.2432,6.0
2016-07-15 12:00:00+00:00,50.56,50.57,50.56,50.57,1880.0,50.5684,7.0
2016-07-15 13:00:00+00:00,50.89,50.89,50.36,50.7,639253.0,50.5768,3036.0
2016-07-15 14:00:00+00:00,50.68,50.85,50.51,50.72,964759.0,50.706,7498.0
2016-07-15 15:00:00+00:00,50.71,50.71,50.28,50.375,706899.0,50.436,5561.0
2016-07-15 16:00:00+00:00,50.375,50.46,50.02,50.0538,579321.0,50.1909,4686.0
2016-07-15 17:00:00+00:00,50.06,50.13,49.88,49.905,477637.0,50.0275,3578.0
2016-07-15 18:00:00+00:00,49.92,50.0,49.82,49.93,628762.0,49.9124,4942.0
2016-07-15 19:00:00+00:00,49.94,50.01,49.87,49.94,1339234.0,49.9364,10373.0
2016-07-15 20:00:00+00:00,49.94,49.94,49.8,49.8,16771.0,49.9385,19.0
2016-07-15 21:00:00+00:00,49.83,49.83,49.83,49.83,200.0,49.83,2.0
2016-07-15 23:00:00+00:00,49.75,49.75,49.75,49.75,610.0,49.7541,3.0
2016-07-18 12:00:00+00:00,50.0,50.0,49.92,49.92,3196.0,49.9975,7.0
2016-07-18 13:00:00+00:00,49.85,50.25,49.4,50.1421,594713.0,49.8452,4123.0
2016-07-18 14:00:00+00:00,50.16,50.5,50.1,50.32,638511.0,50.3151,5644.0
2016-07-18 15:00:00+00:00,50.32,50.84,50.31,50.78,727763.0,50.5559,5350.0
2016-07-18 16:00:00+00:00,50.78,50.897,50.7,50.85,534925.0,50.7842,3833.0
2016-07-18 17:00:00+00:00,50.84,50.86,50.65,50.73,321673.0,50.7635,3116.0
2016-07-18 18:00:00+00:00,50.73,50.75,50.51,50.55,493436.0,50.6321,4167.0
2016-07-18 19:00:00+00:00,50.55,50.55,50.36,50.41,1131488.0,50.428,8652.0
2016-07-18 20:00:00+00:00,50.43,50.43,50.43,50.43,67895.0,50.43,19.0
2016-07-18 21:00:00+00:00,50.25,50.25,50.25,50.25,521.0,50.25,2.0
2016-07-18 23:00:00+00:00,50.4,50.4,50.4,50.4,421.0,50.4,2.0
2016-07-19 12:00:00+00:00,50.4,50.4,50.4,50.4,300.0,50.4,1.0
2016-07-19 13:00:00+00:00,50.55,50.725,50.26,50.5382,288398.0,50.5135,1939.0
2016-07-19 14:00:00+00:00,50.5399,50.745,50.34,50.66,533682.0,50.5179,4958.0
2016-07-19 15:00:00+00:00,50.66,51.05,50.64,50.8847,607065.0,50.8862,4861.0
2016-07-19 16:00:00+00:00,50.89,50.947,50.715,50.86,796486.0,50.8211,4433.0
2016-07-19 17:00:00+00:00,50.87,50.91,50.72,50.72,668072.0,50.8225,4547.0
2016-07-19 18:00:00+00:00,50.72,50.78,50.67,50.725,540423.0,50.7185,4393.0
2016-07-19 19:00:00+00:00,50.72,50.86,50.62,50.85,922769.0,50.7416,8056.0
2016-07-19 20:00:00+00:00,50.85,50.85,50.85,50.85,11899.0,50.85,14.0
2016-07-19 22:00:00+00:00,51.04,51.04,50.93,50.94,1400.0,50.9471,7.0
2016-07-19 23:00:00+00:00,50.93,50.94,50.93,50.94,900.0,50.9344,5.0
2016-07-20 12:00:00+00:00,51.2,51.47,51.2,51.4,2115.0,51.3891,10.0
2016-07-20 13:00:00+00:00,51.15,51.15,50.56,50.63,550097.0,50.7412,3280.0
2016-07-20 14:00:00+00:00,50.63,51.15,50.5,50.83,1081443.0,50.839,7867.0
2016-07-20 15:00:00+00:00,50.83,50.91,50.73,50.79,709652.0,50.8089,5301.0
2016-07-20 16:00:00+00:00,50.79,51.0698,50.775,50.95,351149.0,50.9649,3321.0
2016-07-20 17:00:00+00:00,50.96,51.0,50.86,50.94,340012.0,50.9319,2900.0
2016-07-20 18:00:00+00:00,50.94,51.01,50.76,50.765,421487.0,50.8783,3723.0
2016-07-20 19:00:00+00:00,50.77,50.86,50.65,50.79,831153.0,50.7533,7355.0
2016-07-20 20:00:00+00:00,50.78,50.9,50.78,50.78,60949.0,50.7833,14.0
2016-07-20 21:00:00+00:00,50.9,50.95,50.89,50.95,1905.0,50.9026,15.0
2016-07-20 22:00:00+00:00,50.91,50.94,50.85,50.9,2150.0,50.9058,12.0
2016-07-21 12:00:00+00:00,51.3,51.51,50.78,50.78,7090.0,50.8351,4.0
2016-07-21 13:00:00+00:00,51.0,51.0,50.26,50.26,507340.0,50.6068,3005.0
2016-07-21 14:00:00+00:00,50.26,50.67,50.245,50.63,884032.0,50.4248,6222.0
2016-07-21 15:00:00+00:00,50.62,50.81,50.465,50.4764,496462.0,50.6195,3968.0
2016-07-21 16:00:00+00:00,50.4675,50.495,50.25,50.3,452005.0,50.3308,3571.0
2016-07-21 17:00:00+00:00,50.29,50.42,50.19,50.33,458722.0,50.288,3852.0
2016-07-21 18:00:00+00:00,50.32,50.385,50.25,50.26,311835.0,50.3093,3137.0
2016-07-21 19:00:00+00:00,50.25,50.25,50.0,50.0799,990304.0,50.0954,8515.0
2016-07-21 20:00:00+00:00,50.2858,50.2858,50.07,50.07,42886.0,50.0712,15.0
2016-07-21 23:00:00+00:00,50.13,50.13,50.12,50.12,962.0,50.1238,3.0
2016-07-22 12:00:00+00:00,50.02,50.02,50.0,50.0,500.0,50.0064,4.0
2016-07-22 13:00:00+00:00,50.06,50.28,49.33,49.69,865323.0,49.6868,5367.0
2016-07-22 14:00:00+00:00,49.68,49.86,49.44,49.72,1047786.0,49.6282,8197.0
2016-07-22 15:00:00+00:00,49.72,49.855,49.61,49.84,581292.0,49.739,4926.0
2016-07-22 16:00:00+00:00,49.85,49.9659,49.81,49.82,452871.0,49.8915,3158.0
2016-07-22 17:00:00+00:00,49.81,50.01,49.79,49.92,523615.0,49.9089,3902.0
2016-07-22 18:00:00+00:00,49.91,49.97,49.85,49.885,733765.0,49.9117,4595.0
2016-07-22 19:00:00+00:00,49.88,49.89,49.77,49.88,1489492.0,49.8398,9706.0
2016-07-22 20:00:00+00:00,49.88,49.88,49.88,49.88,40039.0,49.88,12.0
2016-07-22 21:00:00+00:00,49.88,49.88,49.88,49.88,25109.0,49.88,1.0
2016-07-22 22:00:00+00:00,49.77,49.77,49.77,49.77,200.0,49.77,2.0
2016-07-22 23:00:00+00:00,49.77,49.77,49.77,49.77,100.0,49.77,1.0
2016-07-25 08:00:00+00:00,50.0,50.0,50.0,50.0,200.0,50.0,2.0
2016-07-25 12:00:00+00:00,50.0,50.0,50.0,50.0,200.0,49.9838,3.0
2016-07-25 13:00:00+00:00,49.96,49.96,49.26,49.84,988154.0,49.5413,5826.0
2016-07-25 14:00:00+00:00,49.845,49.99,49.27,49.32,1088957.0,49.4681,8149.0
2016-07-25 15:00:00+00:00,49.315,49.58,49.26,49.37,692071.0,49.4257,6016.0
2016-07-25 16:00:00+00:00,49.375,49.6,49.36,49.53,835228.0,49.5053,6206.0
2016-07-25 17:00:00+00:00,49.53,49.85,49.45,49.85,711057.0,49.6248,5320.0
2016-07-25 18:00:00+00:00,49.845,50.02,49.81,49.98,622924.0,49.9213,5473.0
2016-07-25 19:00:00+00:00,49.98,50.3,49.97,50.28,1906005.0,50.1832,14083.0
2016-07-25 20:00:00+00:00,50.29,50.4,50.29,50.29,273564.0,49.9876,19.0
2016-07-25 21:00:00+00:00,50.29,50.29,50.29,50.29,540.0,50.29,2.0
2016-07-25 22:00:00+00:00,50.28,50.28,50.28,50.28,325.0,50.28,2.0
2016-07-25 23:00:00+00:00,50.29,50.32,50.29,50.32,2800.0,50.2932,5.0
2016-07-26 11:00:00+00:00,50.4,50.8,50.4,50.75,3000.0,50.7417,9.0
2016-07-26 12:00:00+00:00,50.8,50.8,50.45,50.7,12775.0,50.6606,48.0
2016-07-26 13:00:00+00:00,50.65,52.19,49.95,51.5127,1965261.0,51.4538,10498.0
2016-07-26 14:00:00+00:00,51.51,51.88,50.62,50.65,1841205.0,51.3526,12020.0
2016-07-26 15:00:00+00:00,50.66,51.74,50.65,51.71,1123420.0,51.2654,7395.0
2016-07-26 16:00:00+00:00,51.72,52.05,51.69,51.8299,910515.0,51.88,6337.0
2016-07-26 17:00:00+00:00,51.82,52.75,51.8,52.6999,1187396.0,52.3177,8381.0
2016-07-26 18:00:00+00:00,52.69,52.6925,52.269,52.61,2399387.0,52.5398,7575.0
2016-07-26 19:00:00+00:00,52.61,52.78,52.51,52.67,2163982.0,52.674,15950.0
2016-07-26 20:00:00+00:00,52.67,52.8,52.67,52.8,103532.0,52.4536,13.0
2016-07-26 21:00:00+00:00,52.67,52.7,52.32,52.7,554391.0,52.6697,10.0
2016-07-26 22:00:00+00:00,52.71,52.79,52.68,52.79,1850.0,52.7584,9.0
2016-07-26 23:00:00+00:00,52.8,52.8,52.8,52.8,900.0,52.8,3.0
2016-07-27 12:00:00+00:00,52.79,52.8,52.79,52.8,500.0,52.798,3.0
2016-07-27 13:00:00+00:00,52.85,53.29,52.02,53.26,1344012.0,52.6695,8225.0
2016-07-27 14:00:00+00:00,53.25,53.67,52.16,52.58,2041634.0,52.9259,14613.0
2016-07-27 15:00:00+00:00,52.58,52.79,51.64,51.69,1241437.0,52.2142,8594.0
2016-07-27 16:00:00+00:00,51.7,52.24,51.68,52.21,745174.0,51.9377,5964.0
2016-07-27 17:00:00+00:00,52.2,52.33,52.09,52.24,640390.0,52.2186,5542.0
2016-07-27 18:00:00+00:00,52.23,52.66,52.11,52.35,1051248.0,52.3843,8647.0
2016-07-27 19:00:00+00:00,52.35,52.58,52.1,52.22,1325642.0,52.3144,10961.0
2016-07-27 20:00:00+00:00,52.21,53.23,52.15,52.15,34205.0,52.2241,17.0
2016-07-27 21:00:00+00:00,52.25,52.25,52.25,52.25,800.0,52.25,3.0
2016-07-27 22:00:00+00:00,52.25,52.25,52.25,52.25,500.0,52.25,1.0
2016-07-28 12:00:00+00:00,52.3,52.3,52.3,52.3,100.0,52.3,1.0
2016-07-28 13:00:00+00:00,52.39,52.59,50.86,51.09,999851.0,51.4562,6094.0
2016-07-28 14:00:00+00:00,51.102,52.12,50.65,51.5463,1478079.0,51.2742,10133.0
2016-07-28 15:00:00+00:00,51.55,52.03,51.55,51.985,582071.0,51.8331,4994.0
2016-07-28 16:00:00+00:00,51.99,52.089,51.845,51.8785,515887.0,51.9682,4203.0
2016-07-28 17:00:00+00:00,51.87,51.95,51.74,51.93,354456.0,51.8676,3067.0
2016-07-28 18:00:00+00:00,51.94,52.0999,51.73,51.74,648081.0,51.9309,5297.0
2016-07-28 19:00:00+00:00,51.74,52.01,51.7375,51.87,883865.0,51.872,7724.0
2016-07-28 20:00:00+00:00,51.87,51.87,51.77,51.86,22975.0,51.8311,11.0
2016-07-29 13:00:00+00:00,51.69,52.04,51.31,51.35,375144.0,51.7052,2103.0
2016-07-29 14:00:00+00:00,51.35,51.91,51.1602,51.89,713902.0,51.514,5458.0
2016-07-29 15:00:00+00:00,51.89,52.01,51.52,51.6,745646.0,51.7592,6170.0
2016-07-29 16:00:00+00:00,51.6,51.73,51.37,51.52,629600.0,51.5318,4836.0
2016-07-29 17:00:00+00:00,51.51,51.95,51.51,51.9,474591.0,51.7022,3915.0
2016-07-29 18:00:00+00:00,51.91,52.09,51.84,52.07,477005.0,51.9693,3759.0
2016-07-29 19:00:00+00:00,52.08,52.34,51.9701,52.28,1010253.0,52.199,7956.0
2016-07-29 20:00:00+00:00,52.28,52.41,52.28,52.41,101104.0,52.2801,13.0
2016-07-29 21:00:00+00:00,52.3,52.3,52.02,52.02,600.0,52.2533,2.0
2016-08-01 12:00:00+00:00,52.25,52.25,52.16,52.16,725.0,52.2128,3.0
2016-08-01 13:00:00+00:00,52.13,52.44,51.77,52.0,606412.0,52.1291,4205.0
2016-08-01 14:00:00+00:00,52.0,52.63,51.83,52.43,1364376.0,52.3232,10036.0
2016-08-01 15:00:00+00:00,52.43,52.43,51.52,51.65,1094551.0,51.8999,8167.0
2016-08-01 16:00:00+00:00,51.64,51.75,51.39,51.6,882689.0,51.5458,6206.0
2016-08-01 17:00:00+00:00,51.61,51.69,51.515,51.69,467468.0,51.607,4169.0
2016-08-01 18:00:00+00:00,51.69,51.7501,51.5,51.605,844443.0,51.5824,5630.0
2016-08-01 19:00:00+00:00,51.6,51.63,51.39,51.63,1261994.0,51.4907,11387.0
2016-08-01 20:00:00+00:00,51.63,51.8292,51.62,51.63,54442.0,51.9526,15.0
2016-08-01 22:00:00+00:00,51.65,51.65,51.65,51.65,1000.0,51.65,2.0
2016-08-02 12:00:00+00:00,51.6,51.84,51.6,51.84,400.0,51.72,3.0
2016-08-02 13:00:00+00:00,51.84,52.84,51.84,52.65,819593.0,52.4613,4541.0
2016-08-02 14:00:00+00:00,52.63,52.8,52.02,52.02,1245434.0,52.3915,9483.0
2016-08-02 15:00:00+00:00,52.03,52.84,52.03,52.68,956317.0,52.4207,7343.0
2016-08-02 16:00:00+00:00,52.67,52.71,52.08,52.14,744519.0,52.456,5468.0
2016-08-02 17:00:00+00:00,52.135,52.15,51.75,52.07,534310.0,51.9481,4467.0
2016-08-02 18:00:00+00:00,52.07,52.27,51.93,51.94,741188.0,52.1099,6225.0
2016-08-02 19:00:00+00:00,51.95,52.42,51.945,52.37,1417778.0,52.2477,11250.0
2016-08-02 20:00:00+00:00,52.35,52.41,52.35,52.38,13825.0,52.3522,11.0
2016-08-02 21:00:00+00:00,52.35,52.35,52.35,52.35,20896.0,52.35,1.0
2016-08-02 22:00:00+00:00,52.38,52.38,52.35,52.35,200.0,52.365,2.0
2016-08-02 23:00:00+00:00,52.35,52.35,52.35,52.35,200.0,52.35,2.0
2016-08-03 12:00:00+00:00,52.95,52.95,52.95,52.95,100.0,52.95,1.0
2016-08-03 13:00:00+00:00,52.4,53.0499,52.0,53.03,594124.0,52.7097,3978.0
2016-08-03 14:00:00+00:00,53.03,54.16,52.61,53.371,2537607.0,53.4804,16861.0
2016-08-03 15:00:00+00:00,53.38,54.42,53.23,54.06,1338511.0,53.7977,10752.0
2016-08-03 16:00:00+00:00,54.05,54.8364,53.99,54.65,1709403.0,54.4315,11696.0
2016-08-03 17:00:00+00:00,54.64,54.74,54.27,54.3436,1080525.0,54.5418,7391.0
2016-08-03 18:00:00+00:00,54.345,54.56,54.19,54.24,814697.0,54.3724,6666.0
2016-08-03 19:00:00+00:00,54.24,54.89,54.2,54.715,2311034.0,54.6574,17595.0
2016-08-03 20:00:00+00:00,54.71,54.71,54.7,54.71,107577.0,54.71,14.0
2016-08-03 21:00:00+00:00,54.71,54.71,54.71,54.71,41092.0,54.71,2.0
2016-08-03 22:00:00+00:00,54.71,54.71,54.71,54.71,100.0,54.71,1.0
2016-08-03 23:00:00+00:00,54.7,54.7,54.7,54.7,180.0,54.7,1.0
2016-08-04 12:00:00+00:00,54.71,54.71,54.17,54.17,204.0,54.4453,3.0
2016-08-04 13:00:00+00:00,54.21,54.65,53.55,54.01,1001682.0,54.0019,5965.0
2016-08-04 14:00:00+00:00,54.0,54.285,53.76,54.09,1635209.0,54.0363,12248.0
2016-08-04 15:00:00+00:00,54.08,54.09,53.69,53.94,1105060.0,53.8546,8528.0
2016-08-04 16:00:00+00:00,53.95,54.18,53.635,53.655,740400.0,53.8298,6104.0
2016-08-04 17:00:00+00:00,53.65,53.68,53.235,53.58,1250833.0,53.4615,7823.0
2016-08-04 18:00:00+00:00,53.585,53.61,53.19,53.22,994943.0,53.3686,6148.0
2016-08-04 19:00:00+00:00,53.21,53.33,53.09,53.32,1765641.0,53.2382,13460.0
2016-08-04 20:00:00+00:00,53.33,53.35,53.33,53.35,40065.0,53.4887,19.0
2016-08-04 21:00:00+00:00,54.05,54.05,53.3,53.3,700.0,53.9429,2.0
2016-08-04 22:00:00+00:00,53.35,53.5,53.35,53.5,700.0,53.3766,4.0
2016-08-04 23:00:00+00:00,53.5,53.5,53.5,53.5,200.0,53.5,1.0
2016-08-05 13:00:00+00:00,53.35,53.94,53.04,53.56,739945.0,53.4834,4567.0
2016-08-05 14:00:00+00:00,53.57,54.0,53.26,54.0,1429491.0,53.5032,9859.0
2016-08-05 15:00:00+00:00,53.99,54.17,53.9,53.98,1000943.0,53.9966,8104.0
2016-08-05 16:00:00+00:00,53.98,54.0,53.44,53.455,718565.0,53.7648,5285.0
2016-08-05 17:00:00+00:00,53.455,53.58,53.39,53.5,806034.0,53.4917,5315.0
2016-08-05 18:00:00+00:00,53.51,53.66,53.5,53.61,619432.0,53.5662,4699.0
2016-08-05 19:00:00+00:00,53.605,53.68,53.46,53.5,1470765.0,53.5518,11120.0
2016-08-05 20:00:00+00:00,53.5,53.5,53.5,53.5,515081.0,53.5,14.0
2016-08-05 21:00:00+00:00,53.55,53.55,53.55,53.55,300.0,53.55,2.0
2016-08-05 23:00:00+00:00,53.7,53.7,53.7,53.7,100.0,53.7,1.0
2016-08-08 11:00:00+00:00,53.79,53.79,53.79,53.79,200.0,53.79,1.0
2016-08-08 12:00:00+00:00,54.08,54.37,53.5,54.37,27891.0,53.5556,13.0
2016-08-08 13:00:00+00:00,54.04,54.37,53.91,53.91,696991.0,54.0975,5201.0
2016-08-08 14:00:00+00:00,53.92,54.49,53.91,54.145,1010717.0,54.2864,8573.0
2016-08-08 15:00:00+00:00,54.15,54.43,54.12,54.145,697028.0,54.2895,6031.0
2016-08-08 16:00:00+00:00,54.15,54.615,54.14,54.58,502126.0,54.377,4052.0
2016-08-08 17:00:00+00:00,54.58,54.61,54.43,54.55,408368.0,54.5447,3731.0
2016-08-08 18:00:00+00:00,54.56,54.59,54.29,54.296,754486.0,54.4396,5181.0
2016-08-08 19:00:00+00:00,54.29,54.305,54.14,54.2,1683349.0,54.2184,11177.0
2016-08-08 20:00:00+00:00,54.19,54.21,54.19,54.19,310651.0,54.1902,10.0
2016-08-08 22:00:00+00:00,54.2,54.2,54.2,54.2,700.0,54.2,4.0
2016-08-09 12:00:00+00:00,53.7,53.7,53.7,53.7,300.0,53.7,3.0
2016-08-09 13:00:00+00:00,53.7,53.7,52.09,52.36,1219873.0,52.6907,7504.0
2016-08-09 14:00:00+00:00,52.353,53.03,52.2,52.991,1140753.0,52.6436,8776.0
2016-08-09 15:00:00+00:00,53.0,53.15,52.805,52.99,600929.0,52.9993,4918.0
2016-08-09 16:00:00+00:00,52.99,53.1627,52.88,52.94,677221.0,53.0145,5356.0
2016-08-09 17:00:00+00:00,52.94,53.1,52.64,52.8,660811.0,52.9052,4942.0
2016-08-09 18:00:00+00:00,52.81,52.9,52.69,52.7001,599193.0,52.7993,4379.0
2016-08-09 19:00:00+00:00,52.7099,52.72,52.41,52.47,1523017.0,52.5196,11136.0
2016-08-09 20:00:00+00:00,52.49,52.5,52.49,52.5,6965.0,52.4903,11.0
2016-08-10 13:00:00+00:00,52.49,53.0464,52.49,52.83,580207.0,52.773,4073.0
2016-08-10 14:00:00+00:00,52.83,54.01,52.75,53.785,1650772.0,53.4324,12309.0
2016-08-10 15:00:00+00:00,53.79,53.835,53.19,53.3,1405579.0,53.5334,9531.0
2016-08-10 16:00:00+00:00,53.3,53.32,53.05,53.26,630322.0,53.2089,4932.0
2016-08-10 17:00:00+00:00,53.26,53.28,53.04,53.05,540676.0,53.1523,4343.0
2016-08-10 18:00:00+00:00,53.05,53.18,52.85,52.875,723485.0,52.9667,5652.0
2016-08-10 19:00:00+00:00,52.8766,52.94,52.75,52.94,1279158.0,52.867,10257.0
2016-08-10 20:00:00+00:00,52.92,52.92,52.92,52.92,20789.0,52.92,16.0
2016-08-11 13:00:00+00:00,52.9,53.98,52.9,53.128,588386.0,53.4273,4221.0
2016-08-11 14:00:00+00:00,53.11,53.435,53.01,53.41,879811.0,53.1931,7031.0
2016-08-11 15:00:00+00:00,53.42,53.86,53.42,53.86,615968.0,53.593,5416.0
2016-08-11 16:00:00+00:00,53.855,54.7945,53.71,54.741,1986882.0,54.3529,12049.0
2016-08-11 17:00:00+00:00,54.745,54.75,54.43,54.64,881438.0,54.5661,6766.0
2016-08-11 18:00:00+00:00,54.64,54.833,54.55,54.55,1263813.0,54.6815,7848.0
2016-08-11 19:00:00+00:00,54.545,54.63,54.31,54.35,1299071.0,54.4563,9786.0
2016-08-11 20:00:00+00:00,54.35,54.38,54.23,54.38,29799.0,54.3489,16.0
2016-08-11 21:00:00+00:00,54.24,54.35,54.24,54.35,4427.0,54.3252,2.0
2016-08-11 22:00:00+00:00,54.48,54.48,54.48,54.48,1000.0,54.48,1.0
2016-08-11 23:00:00+00:00,54.3,54.3,54.3,54.3,200.0,54.3,1.0
2016-08-12 13:00:00+00:00,54.49,54.65,53.96,54.169,738230.0,54.2458,4703.0
2016-08-12 14:00:00+00:00,54.18,54.34,53.77,54.09,868989.0,54.0298,6724.0
2016-08-12 15:00:00+00:00,54.1,54.3,54.0,54.07,609427.0,54.1618,5106.0
2016-08-12 16:00:00+00:00,54.09,54.2818,54.05,54.1,389769.0,54.1859,3457.0
2016-08-12 17:00:00+00:00,54.1,54.335,54.04,54.27,379994.0,54.1629,3714.0
2016-08-12 18:00:00+00:00,54.27,54.275,54.13,54.21,332685.0,54.1924,3110.0
2016-08-12 19:00:00+00:00,54.21,54.36,54.09,54.32,1043293.0,54.2583,8054.0
2016-08-12 20:00:00+00:00,54.33,54.33,54.33,54.33,65962.0,54.3297,8.0
2016-08-12 22:00:00+00:00,54.32,54.32,54.32,54.32,125.0,54.32,2.0
2016-08-12 23:00:00+00:00,54.32,54.32,54.32,54.32,300.0,54.32,1.0
2016-08-15 12:00:00+00:00,54.48,54.48,54.48,54.48,100.0,54.48,1.0
2016-08-15 13:00:00+00:00,54.45,54.71,53.8635,54.02,520169.0,54.2411,3293.0
2016-08-15 14:00:00+00:00,53.97,54.52,53.97,54.4,645809.0,54.2842,5053.0
2016-08-15 15:00:00+00:00,54.38,54.45,54.015,54.015,614233.0,54.2454,4860.0
2016-08-15 16:00:00+00:00,54.011,54.4,54.011,54.37,541355.0,54.1415,3727.0
2016-08-15 17:00:00+00:00,54.37,54.42,54.28,54.37,365872.0,54.3405,2686.0
2016-08-15 18:00:00+00:00,54.371,54.49,54.31,54.43,376610.0,54.3935,3416.0
2016-08-15 19:00:00+00:00,54.42,54.58,54.39,54.5,875667.0,54.4947,6785.0
2016-08-15 20:00:00+00:00,54.52,54.52,54.38,54.38,49723.0,54.5197,9.0
2016-08-15 23:00:00+00:00,54.38,54.38,54.38,54.38,496.0,54.38,3.0
2016-08-16 13:00:00+00:00,54.47,54.84,54.21,54.71,380797.0,54.6193,2643.0
2016-08-16 14:00:00+00:00,54.68,54.8,54.44,54.44,774928.0,54.5909,5176.0
2016-08-16 15:00:00+00:00,54.44,54.81,54.395,54.73,665838.0,54.6628,4856.0
2016-08-16 16:00:00+00:00,54.735,54.75,54.435,54.57,442092.0,54.5577,2890.0
2016-08-16 17:00:00+00:00,54.5774,54.635,54.43,54.59,333032.0,54.5602,2734.0
2016-08-16 18:00:00+00:00,54.59,54.66,54.4,54.6499,468738.0,54.5088,3847.0
2016-08-16 19:00:00+00:00,54.65,54.715,54.49,54.51,874012.0,54.59,7100.0
2016-08-16 20:00:00+00:00,54.5,54.5,54.45,54.45,130917.0,54.4997,55.0
2016-08-16 23:00:00+00:00,54.4,54.45,54.31,54.31,1500.0,54.3993,5.0
2016-08-17 11:00:00+00:00,54.5,54.5,54.5,54.5,1000.0,54.5,1.0
2016-08-17 12:00:00+00:00,54.49,54.49,54.31,54.31,1947.0,54.3426,6.0
2016-08-17 13:00:00+00:00,54.43,54.99,54.4,54.49,716955.0,54.6209,4378.0
2016-08-17 14:00:00+00:00,54.51,55.29,54.36,55.07,1411884.0,54.8544,11155.0
2016-08-17 15:00:00+00:00,55.07,55.18,54.822,54.85,675258.0,54.9845,5260.0
2016-08-17 16:00:00+00:00,54.85,55.145,54.76,55.085,541689.0,54.9685,4759.0
2016-08-17 17:00:00+00:00,55.08,55.225,55.035,55.15,486178.0,55.1571,4199.0
2016-08-17 18:00:00+00:00,55.14,55.235,54.95,55.17,662914.0,55.1404,5801.0
2016-08-17 19:00:00+00:00,55.18,55.25,55.1,55.15,1070198.0,55.1636,8807.0
2016-08-17 20:00:00+00:00,55.17,55.17,54.9761,55.1,56915.0,55.0832,19.0
2016-08-17 21:00:00+00:00,55.09,55.09,55.09,55.09,1600.0,55.09,5.0
2016-08-17 23:00:00+00:00,55.09,55.09,55.09,55.09,200.0,55.09,1.0
2016-08-18 12:00:00+00:00,55.09,55.09,55.09,55.09,200.0,55.09,1.0
2016-08-18 13:00:00+00:00,55.3,55.3,54.68,54.93,439221.0,54.9383,2922.0
2016-08-18 14:00:00+00:00,54.93,54.9792,54.51,54.795,856594.0,54.694,5447.0
2016-08-18 15:00:00+00:00,54.795,55.0,54.665,54.88,700077.0,54.8228,5630.0
2016-08-18 16:00:00+00:00,54.89,54.94,54.73,54.73,525194.0,54.8285,3995.0
2016-08-18 17:00:00+00:00,54.75,54.98,54.69,54.7,543938.0,54.8423,4893.0
2016-08-18 18:00:00+00:00,54.7,54.89,54.605,54.85,584864.0,54.7266,5192.0
2016-08-18 19:00:00+00:00,54.85,55.06,54.85,55.0501,830174.0,54.973,7794.0
2016-08-18 20:00:00+00:00,55.06,55.06,55.04,55.06,427068.0,55.06,23.0
2016-08-19 13:00:00+00:00,54.66,54.936,54.38,54.42,526256.0,54.6611,2944.0
2016-08-19 14:00:00+00:00,54.42,54.8,54.35,54.7642,749165.0,54.5165,6033.0
2016-08-19 15:00:00+00:00,54.76,55.16,54.74,55.11,628138.0,54.9633,4552.0
2016-08-19 16:00:00+00:00,55.1,55.19,55.05,55.08,371459.0,55.1087,3153.0
2016-08-19 17:00:00+00:00,55.076,55.12,54.9465,55.07,346902.0,55.0314,2865.0
2016-08-19 18:00:00+00:00,55.06,55.115,54.955,55.03,248805.0,55.011,2431.0
2016-08-19 19:00:00+00:00,55.02,55.05,54.82,54.83,759220.0,54.9297,6260.0
2016-08-19 20:00:00+00:00,54.82,54.82,54.82,54.82,32677.0,54.8196,10.0
2016-08-22 12:00:00+00:00,54.8,54.8,54.5,54.5,200.0,54.65,2.0
2016-08-22 13:00:00+00:00,54.6,54.6,53.86,53.92,655302.0,54.1646,3884.0
2016-08-22 14:00:00+00:00,53.91,54.45,53.89,54.35,717423.0,54.1989,5818.0
2016-08-22 15:00:00+00:00,54.35,54.43,53.975,54.01,744381.0,54.1997,5436.0
2016-08-22 16:00:00+00:00,54.01,54.25,54.01,54.05,572545.0,54.1301,4593.0
2016-08-22 17:00:00+00:00,54.05,54.17,53.91,54.144,569967.0,54.0376,3866.0
2016-08-22 18:00:00+00:00,54.15,54.33,54.14,54.2625,643149.0,54.252,3445.0
2016-08-22 19:00:00+00:00,54.27,54.44,54.18,54.42,937845.0,54.363,7414.0
2016-08-22 20:00:00+00:00,54.43,54.53,54.43,54.51,17150.0,54.4478,14.0
2016-08-23 13:00:00+00:00,54.63,55.3512,54.26,55.22,705911.0,55.0134,4118.0
2016-08-23 14:00:00+00:00,55.21,55.28,54.84,55.24,787832.0,55.0754,5748.0
2016-08-23 15:00:00+00:00,55.25,55.25,54.84,55.1136,546768.0,55.0038,4547.0
2016-08-23 16:00:00+00:00,55.11,55.15,54.85,55.075,420343.0,55.0081,3454.0
2016-08-23 17:00:00+00:00,55.07,55.145,55.03,55.12,298970.0,55.0803,2329.0
2016-08-23 18:00:00+00:00,55.12,55.2,55.02,55.16,292594.0,55.1056,2706.0
2016-08-23 19:00:00+00:00,55.15,55.23,55.09,55.21,1068058.0,55.1535,7382.0
2016-08-23 20:00:00+00:00,55.21,55.21,55.21,55.21,29848.0,55.21,9.0
2016-08-23 22:00:00+00:00,55.25,55.25,55.25,55.25,100.0,55.25,1.0
2016-08-24 12:00:00+00:00,55.2,55.21,55.2,55.21,400.0,55.2075,3.0
2016-08-24 13:00:00+00:00,55.34,55.87,55.11,55.86,620059.0,55.4425,3243.0
2016-08-24 14:00:00+00:00,55.858,55.94,55.1,55.14,1058764.0,55.4446,8004.0
2016-08-24 15:00:00+00:00,55.14,55.371,54.97,55.2119,584982.0,55.1719,5270.0
2016-08-24 16:00:00+00:00,55.22,55.5,55.12,55.4799,474657.0,55.2611,4097.0
2016-08-24 17:00:00+00:00,55.475,55.54,55.21,55.39,484965.0,55.3383,3352.0
2016-08-24 18:00:00+00:00,55.399,55.535,55.28,55.51,530382.0,55.4213,4567.0
2016-08-24 19:00:00+00:00,55.5,55.72,55.5,55.7,1322967.0,55.579,11379.0
2016-08-24 20:00:00+00:00,55.7,55.7,55.68,55.68,158989.0,55.6999,9.0
2016-08-24 21:00:00+00:00,55.7,55.7,55.7,55.7,100000.0,55.7,1.0
2016-08-24 23:00:00+00:00,55.7,55.7,55.7,55.7,100.0,55.7,1.0
2016-08-25 13:00:00+00:00,55.54,55.82,54.72,54.81,812787.0,55.1783,5109.0
2016-08-25 14:00:00+00:00,54.8037,55.01,54.56,54.58,940191.0,54.7726,7716.0
2016-08-25 15:00:00+00:00,54.58,55.05,54.58,54.91,718182.0,54.842,5266.0
2016-08-25 16:00:00+00:00,54.9,54.93,54.7625,54.88,516792.0,54.8494,3969.0
2016-08-25 17:00:00+00:00,54.88,54.905,54.6,54.72,722250.0,54.7498,5465.0
2016-08-25 18:00:00+00:00,54.72,55.06,54.72,54.9108,669087.0,54.9244,5397.0
2016-08-25 19:00:00+00:00,54.92,55.05,54.87,55.03,1169178.0,54.9619,9720.0
2016-08-25 20:00:00+00:00,55.02,55.02,54.73,55.02,110624.0,54.9993,17.0
2016-08-25 23:00:00+00:00,55.09,55.1,55.09,55.1,700.0,55.0929,2.0
2016-08-26 13:00:00+00:00,55.06,55.59,55.04,55.14,407001.0,55.3476,2792.0
2016-08-26 14:00:00+00:00,55.13,55.5801,55.07,55.5,770032.0,55.391,6254.0
2016-08-26 15:00:00+00:00,55.5042,55.595,55.23,55.31,525324.0,55.4657,4736.0
2016-08-26 16:00:00+00:00,55.3,55.31,55.03,55.03,428236.0,55.1838,4278.0
2016-08-26 17:00:00+00:00,55.05,55.18,54.83,54.87,313233.0,55.006,3162.0
2016-08-26 18:00:00+00:00,54.88,55.0465,54.67,55.0465,504612.0,54.8384,4707.0
2016-08-26 19:00:00+00:00,55.04,55.405,54.98,55.29,922312.0,55.2889,8066.0
2016-08-26 20:00:00+00:00,55.28,55.28,55.28,55.28,22977.0,55.28,6.0
2016-08-26 23:00:00+00:00,55.25,55.25,55.25,55.25,200.0,55.25,1.0
2016-08-29 13:00:00+00:00,55.32,55.92,55.25,55.55,425643.0,55.6782,2694.0
2016-08-29 14:00:00+00:00,55.58,55.7992,55.5,55.7043,471334.0,55.6605,4185.0
2016-08-29 15:00:00+00:00,55.71,55.91,55.69,55.7,425590.0,55.7941,3586.0
2016-08-29 16:00:00+00:00,55.71,55.94,55.68,55.81,442029.0,55.821,3711.0
2016-08-29 17:00:00+00:00,55.82,55.93,55.7301,55.78,430817.0,55.8203,3317.0
2016-08-29 18:00:00+00:00,55.78,55.83,55.53,55.6569,494201.0,55.6754,3564.0
2016-08-29 19:00:00+00:00,55.66,55.75,55.61,55.64,656253.0,55.6708,5963.0
2016-08-29 20:00:00+00:00,55.63,55.63,55.63,55.63,44825.0,55.63,3.0
2016-08-29 21:00:00+00:00,55.63,55.63,55.63,55.63,9498.0,55.63,1.0
2016-08-30 13:00:00+00:00,55.63,55.88,55.22,55.485,475203.0,55.477,3066.0
2016-08-30 14:00:00+00:00,55.49,55.53,55.12,55.335,638922.0,55.368,5260.0
2016-08-30 15:00:00+00:00,55.34,55.68,55.25,55.65,464586.0,55.4391,3731.0
2016-08-30 16:00:00+00:00,55.66,55.88,55.65,55.82,367702.0,55.787,2883.0
2016-08-30 17:00:00+00:00,55.82,55.86,55.73,55.81,345716.0,55.8087,2806.0
2016-08-30 18:00:00+00:00,55.8,55.89,55.64,55.83,354635.0,55.7725,3274.0
2016-08-30 19:00:00+00:00,55.83,55.89,55.765,55.81,760860.0,55.8196,6721.0
2016-08-30 20:00:00+00:00,55.8,55.8,55.8,55.8,56325.0,55.8,8.0
2016-08-31 13:00:00+00:00,55.64,56.0,55.3,55.58,520017.0,55.7098,3340.0
2016-08-31 14:00:00+00:00,55.58,55.83,55.31,55.33,745764.0,55.5487,5899.0
2016-08-31 15:00:00+00:00,55.33,55.491,55.16,55.285,566357.0,55.3061,4788.0
2016-08-31 16:00:00+00:00,55.28,55.45,55.22,55.25,423491.0,55.3225,3850.0
2016-08-31 17:00:00+00:00,55.245,55.29,55.09,55.27,439399.0,55.1939,3919.0
2016-08-31 18:00:00+00:00,55.275,55.36,55.065,55.1,499296.0,55.2054,4236.0
2016-08-31 19:00:00+00:00,55.1,55.4,55.09,55.34,1137889.0,55.2633,9749.0
2016-08-31 20:00:00+00:00,55.35,55.35,55.34,55.35,150836.0,55.35,18.0
2016-09-01 12:00:00+00:00,55.35,55.35,55.35,55.35,9401.0,55.35,1.0
2016-09-01 13:00:00+00:00,55.37,55.4,54.55,54.58,495109.0,54.9944,3362.0
2016-09-01 14:00:00+00:00,54.57,54.65,53.87,53.93,1112111.0,54.2482,8920.0
2016-09-01 15:00:00+00:00,53.92,54.1,53.87,54.026,597107.0,53.9726,5216.0
2016-09-01 16:00:00+00:00,54.03,54.35,53.99,54.26,550058.0,54.1566,4305.0
2016-09-01 17:00:00+00:00,54.27,54.28,54.1,54.19,386795.0,54.1965,3504.0
2016-09-01 18:00:00+00:00,54.1965,54.31,54.12,54.19,425902.0,54.2028,3781.0
2016-09-01 19:00:00+00:00,54.19,54.32,54.02,54.28,1335501.0,54.1917,11184.0
2016-09-01 20:00:00+00:00,54.29,54.3,54.29,54.3,8422.0,54.2901,7.0
2016-09-01 21:00:00+00:00,54.29,54.31,54.29,54.31,45435.0,54.2902,5.0
2016-09-02 13:00:00+00:00,54.71,54.79,54.27,54.4032,371291.0,54.5293,2772.0
2016-09-02 14:00:00+00:00,54.39,54.63,54.1575,54.52,770024.0,54.4102,6742.0
2016-09-02 15:00:00+00:00,54.52,54.77,54.38,54.57,1133539.0,54.518,8592.0
2016-09-02 16:00:00+00:00,54.565,54.76,54.42,54.74,551037.0,54.5857,4206.0
2016-09-02 17:00:00+00:00,54.73,54.9,54.66,54.81,445161.0,54.7837,4159.0
2016-09-02 18:00:00+00:00,54.81,54.93,54.775,54.855,454231.0,54.8434,4183.0
2016-09-02 19:00:00+00:00,54.8599,54.9,54.73,54.82,852041.0,54.8196,7510.0
2016-09-02 20:00:00+00:00,54.83,54.9,54.83,54.9,22222.0,54.6432,9.0
2016-09-06 13:00:00+00:00,55.13,55.46,54.76,55.42,400031.0,55.1567,2898.0
2016-09-06 14:00:00+00:00,55.41,55.62,55.0376,55.22,628848.0,55.253,6278.0
2016-09-06 15:00:00+00:00,55.22,55.4,55.14,55.37,345266.0,55.2596,3584.0
2016-09-06 16:00:00+00:00,55.38,55.41,55.2663,55.37,304912.0,55.3286,2823.0
2016-09-06 17:00:00+00:00,55.3637,55.4,55.23,55.385,241114.0,55.3027,2584.0
2016-09-06 18:00:00+00:00,55.39,55.45,55.19,55.2199,348070.0,55.3008,3308.0
2016-09-06 19:00:00+00:00,55.22,55.26,55.05,55.26,935436.0,55.1739,7837.0
2016-09-06 20:00:00+00:00,55.27,55.27,55.27,55.27,70399.0,55.2699,18.0
2016-09-07 13:00:00+00:00,55.17,55.72,55.04,55.43,473616.0,55.4289,3457.0
2016-09-07 14:00:00+00:00,55.45,55.74,55.32,55.655,850436.0,55.5907,6857.0
2016-09-07 15:00:00+00:00,55.66,55.91,55.53,55.865,694143.0,55.6827,5695.0
2016-09-07 16:00:00+00:00,55.865,56.02,55.81,55.905,485141.0,55.9212,3793.0
2016-09-07 17:00:00+00:00,55.89,56.12,55.87,56.07,357551.0,56.0402,3088.0
2016-09-07 18:00:00+00:00,56.06,56.19,55.971,55.9754,399417.0,56.0829,3513.0
2016-09-07 19:00:00+00:00,55.98,56.11,55.91,56.07,924206.0,56.0058,7654.0
2016-09-07 20:00:00+00:00,56.09,56.09,56.05,56.05,29322.0,56.0899,14.0
2016-09-08 13:00:00+00:00,56.0,56.34,55.6,55.7408,648338.0,55.9509,3370.0
2016-09-08 14:00:00+00:00,55.73,55.99,55.52,55.97,690951.0,55.7106,5749.0
2016-09-08 15:00:00+00:00,55.98,56.63,55.98,56.257,863928.0,56.3483,6677.0
2016-09-08 16:00:00+00:00,56.269,56.36,56.12,56.3,246571.0,56.2575,2639.0
2016-09-08 17:00:00+00:00,56.29,56.33,56.17,56.22,266893.0,56.233,2595.0
2016-09-08 18:00:00+00:00,56.2175,56.275,56.18,56.22,360317.0,56.2232,3288.0
2016-09-08 19:00:00+00:00,56.215,56.28,56.04,56.15,1012820.0,56.178,8711.0
2016-09-08 20:00:00+00:00,56.15,56.15,56.1,56.1,21018.0,56.1483,10.0
2016-09-08 21:00:00+00:00,56.1,56.1,56.1,56.1,150.0,56.1,2.0
2016-09-08 22:00:00+00:00,56.15,56.15,56.15,56.15,350.0,56.15,2.0
2016-09-08 23:00:00+00:00,56.07,56.07,56.07,56.07,100.0,56.07,1.0
2016-09-09 12:00:00+00:00,55.55,55.55,55.55,55.55,100.0,55.55,1.0
2016-09-09 13:00:00+00:00,55.55,56.02,55.29,55.42,474585.0,55.747,3489.0
2016-09-09 14:00:00+00:00,55.42,55.7495,55.255,55.58,755597.0,55.4658,6892.0
2016-09-09 15:00:00+00:00,55.57,55.671,55.15,55.22,665149.0,55.4503,6507.0
2016-09-09 16:00:00+00:00,55.22,55.35,55.14,55.2,437305.0,55.2479,4123.0
2016-09-09 17:00:00+00:00,55.2,55.28,55.02,55.11,355156.0,55.1446,3412.0
2016-09-09 18:00:00+00:00,55.1135,55.12,54.86,55.06,604306.0,54.9749,4841.0
2016-09-09 19:00:00+00:00,55.06,55.235,54.91,54.93,1536092.0,55.075,13813.0
2016-09-09 20:00:00+00:00,54.92,55.08,54.8,54.92,442650.0,55.0579,20.0
2016-09-09 22:00:00+00:00,54.92,54.92,54.8,54.8,2340.0,54.9149,2.0
2016-09-12 12:00:00+00:00,54.8,54.8,54.8,54.8,350.0,54.8,2.0
2016-09-12 13:00:00+00:00,54.71,54.79,54.25,54.76,497567.0,54.5481,3729.0
2016-09-12 14:00:00+00:00,54.7599,55.15,54.68,55.01,681125.0,54.9379,6537.0
2016-09-12 15:00:00+00:00,55.0,55.33,55.0,55.18,540465.0,55.1828,5730.0
2016-09-12 16:00:00+00:00,55.18,55.36,55.14,55.27,457647.0,55.2565,3794.0
2016-09-12 17:00:00+00:00,55.28,55.69,55.14,55.66,622736.0,55.3664,6037.0
2016-09-12 18:00:00+00:00,55.67,56.1,55.64,56.07,908790.0,55.9689,7148.0
2016-09-12 19:00:00+00:00,56.07,56.2,55.85,55.88,1652703.0,56.0344,14383.0
2016-09-12 20:00:00+00:00,55.88,55.88,55.88,55.88,36639.0,55.88,12.0
2016-09-13 12:00:00+00:00,55.5,55.5,55.41,55.41,1100.0,55.4182,2.0
2016-09-13 13:00:00+00:00,55.41,55.72,55.13,55.285,413798.0,55.4752,3158.0
2016-09-13 14:00:00+00:00,55.3,55.56,55.06,55.18,662595.0,55.2948,6282.0
2016-09-13 15:00:00+00:00,55.18,55.33,55.05,55.2,505109.0,55.212,4458.0
2016-09-13 16:00:00+00:00,55.22,55.405,55.1643,55.225,408762.0,55.2757,3893.0
2016-09-13 17:00:00+00:00,55.225,55.79,55.19,55.505,686281.0,55.5517,6007.0
2016-09-13 18:00:00+00:00,55.49,55.5614,55.27,55.36,405835.0,55.4312,4047.0
2016-09-13 19:00:00+00:00,55.35,55.5662,55.27,55.36,1201925.0,55.425,11720.0
2016-09-13 20:00:00+00:00,55.35,55.35,55.35,55.35,31901.0,55.35,6.0
2016-09-13 22:00:00+00:00,55.36,55.36,55.36,55.36,200.0,55.36,1.0
2016-09-14 12:00:00+00:00,55.6,55.6,55.6,55.6,100.0,55.6,1.0
2016-09-14 13:00:00+00:00,55.68,55.75,54.71,54.83,362708.0,55.0899,2497.0
2016-09-14 14:00:00+00:00,54.82,55.95,54.79,55.03,1277540.0,55.4199,10611.0
2016-09-14 15:00:00+00:00,55.05,55.28,54.77,54.85,662495.0,55.0083,5967.0
2016-09-14 16:00:00+00:00,54.84,54.85,54.5569,54.74,516965.0,54.7434,4524.0
2016-09-14 17:00:00+00:00,54.74,54.84,54.68,54.825,403013.0,54.7643,3663.0
2016-09-14 18:00:00+00:00,54.82,54.85,54.61,54.75,581467.0,54.7051,4257.0
2016-09-14 19:00:00+00:00,54.74,54.77,54.5,54.58,1205064.0,54.5875,10100.0
2016-09-14 20:00:00+00:00,54.57,54.9397,54.48,54.57,130810.0,54.6402,55.0
2016-09-15 13:00:00+00:00,54.66,55.28,54.55,55.12,544129.0,54.9939,3690.0
2016-09-15 14:00:00+00:00,55.13,56.36,55.02,56.3,1663430.0,55.8313,10395.0
2016-09-15 15:00:00+00:00,56.31,56.67,56.25,56.56,1114268.0,56.4797,7941.0
2016-09-15 16:00:00+00:00,56.56,56.8452,56.3,56.339,592534.0,56.5775,4672.0
2016-09-15 17:00:00+00:00,56.34,56.55,56.18,56.535,539884.0,56.3708,4397.0
2016-09-15 18:00:00+00:00,56.53,56.68,56.39,56.57,512671.0,56.5229,3884.0
2016-09-15 19:00:00+00:00,56.57,56.58,56.08,56.19,1341980.0,56.2803,10219.0
2016-09-15 20:00:00+00:00,56.19,56.19,56.02,56.19,27573.0,56.1889,15.0
2016-09-15 21:00:00+00:00,56.19,56.19,56.19,56.19,50237.0,56.19,1.0
2016-09-16 13:00:00+00:00,56.24,57.18,56.03,57.08,1140743.0,56.4462,5231.0
2016-09-16 14:00:00+00:00,57.06,57.06,56.4,56.63,799115.0,56.7047,7528.0
2016-09-16 15:00:00+00:00,56.66,56.92,56.58,56.915,483895.0,56.7588,4818.0
2016-09-16 16:00:00+00:00,56.91,57.13,56.85,56.97,652779.0,56.9921,4888.0
2016-09-16 17:00:00+00:00,56.96,57.02,56.65,56.65,436145.0,56.8907,3907.0
2016-09-16 18:00:00+00:00,56.65,56.98,56.59,56.66,661688.0,56.8147,5374.0
2016-09-16 19:00:00+00:00,56.659,56.86,56.602,56.735,1527072.0,56.751,12352.0
2016-09-16 20:00:00+00:00,56.734,56.75,56.69,56.75,81645.0,56.7339,35.0
2016-09-16 21:00:00+00:00,56.7,56.76,56.7,56.76,2500.0,56.712,6.0
2016-09-16 22:00:00+00:00,56.7,56.7,56.7,56.7,100.0,56.7,1.0
2016-09-19 13:00:00+00:00,56.9,57.44,56.48,57.42,550560.0,56.871,3237.0
2016-09-19 14:00:00+00:00,57.43,57.85,57.06,57.85,904266.0,57.4558,6643.0
2016-09-19 15:00:00+00:00,57.85,58.08,57.77,57.84,1136569.0,57.9274,7849.0
2016-09-19 16:00:00+00:00,57.845,57.88,57.16,57.16,721153.0,57.4251,5050.0
2016-09-19 17:00:00+00:00,57.16,57.3399,56.95,57.29,517006.0,57.125,4041.0
2016-09-19 18:00:00+00:00,57.29,57.42,57.15,57.39,540629.0,57.296,3906.0
2016-09-19 19:00:00+00:00,57.39,57.53,57.14,57.15,1162270.0,57.3373,9105.0
2016-09-19 20:00:00+00:00,57.14,57.14,57.14,57.14,77696.0,57.14,49.0
2016-09-20 13:00:00+00:00,57.25,57.26,56.17,56.4,718155.0,56.5845,4470.0
2016-09-20 14:00:00+00:00,56.38,56.57,55.76,55.86,1320635.0,56.134,9051.0
2016-09-20 15:00:00+00:00,55.86,56.22,55.86,56.0521,801911.0,56.088,5874.0
2016-09-20 16:00:00+00:00,56.05,56.285,55.93,55.94,446260.0,56.1604,4020.0
2016-09-20 17:00:00+00:00,55.94,56.03,55.86,55.98,430639.0,55.9494,3547.0
2016-09-20 18:00:00+00:00,55.975,55.98,55.58,55.59,647806.0,55.8078,4993.0
2016-09-20 19:00:00+00:00,55.6,55.69,55.43,55.45,1480410.0,55.5208,11278.0
2016-09-20 20:00:00+00:00,55.45,55.5,55.45,55.5,54814.0,55.4505,35.0
2016-09-20 21:00:00+00:00,55.48,55.48,55.48,55.48,200.0,55.4864,2.0
2016-09-20 22:00:00+00:00,55.65,55.65,55.65,55.65,880.0,55.65,2.0
2016-09-21 13:00:00+00:00,55.88,56.13,55.29,55.71,558669.0,55.6928,3665.0
2016-09-21 14:00:00+00:00,55.73,56.11,55.43,55.64,1064523.0,55.7735,7674.0
2016-09-21 15:00:00+00:00,55.65,55.95,55.53,55.781,628266.0,55.7346,4501.0
2016-09-21 16:00:00+00:00,55.79,55.87,55.2975,55.4078,515135.0,55.5077,3438.0
2016-09-21 17:00:00+00:00,55.41,55.45,55.0647,55.1,551273.0,55.275,3823.0
2016-09-21 18:00:00+00:00,55.08,55.41,55.01,55.39,839060.0,55.2914,6668.0
2016-09-21 19:00:00+00:00,55.4,55.77,55.36,55.67,1385555.0,55.6034,10062.0
2016-09-21 20:00:00+00:00,55.68,55.68,55.68,55.68,20120.0,55.68,9.0
2016-09-22 13:00:00+00:00,56.07,56.4,55.76,56.1763,451960.0,56.1324,2965.0
2016-09-22 14:00:00+00:00,56.18,56.44,56.05,56.07,795613.0,56.2737,5828.0
2016-09-22 15:00:00+00:00,56.06,56.08,55.69,55.7616,726522.0,55.8795,5120.0
2016-09-22 16:00:00+00:00,55.76,55.9,55.71,55.88,385280.0,55.7775,3099.0
2016-09-22 17:00:00+00:00,55.89,56.05,55.7175,55.85,517677.0,55.8659,3870.0
2016-09-22 18:00:00+00:00,55.84,55.85,55.55,55.62,538220.0,55.6599,4146.0
2016-09-22 19:00:00+00:00,55.61,55.76,55.54,55.585,1048563.0,55.6295,8404.0
2016-09-22 20:00:00+00:00,55.6,55.65,55.6,55.65,17378.0,55.6009,12.0
2016-09-22 21:00:00+00:00,55.6,55.6,55.6,55.6,3281.0,55.6,1.0
2016-09-22 22:00:00+00:00,55.6,55.6,55.6,55.6,200.0,55.6,1.0
2016-09-23 13:00:00+00:00,55.38,55.98,55.34,55.89,338504.0,55.7713,2204.0
2016-09-23 14:00:00+00:00,55.9,56.03,55.57,55.75,775929.0,55.7996,6573.0
2016-09-23 15:00:00+00:00,55.75,55.76,55.17,55.285,700036.0,55.5291,6063.0
2016-09-23 16:00:00+00:00,55.28,55.33,55.06,55.1,816297.0,55.1848,5790.0
2016-09-23 17:00:00+00:00,55.1,55.29,54.91,55.23,700942.0,55.0943,5428.0
2016-09-23 18:00:00+00:00,55.23,55.71,55.2,55.63,606392.0,55.4548,4441.0
2016-09-23 19:00:00+00:00,55.62,55.9,55.6,55.68,1129585.0,55.7503,9558.0
2016-09-23 20:00:00+00:00,55.67,55.67,55.67,55.67,23485.0,55.67,23.0
2016-09-23 22:00:00+00:00,55.5,55.5,55.5,55.5,100.0,55.5,1.0
2016-09-26 13:00:00+00:00,55.67,55.85,54.95,54.97,321003.0,55.3328,2232.0
2016-09-26 14:00:00+00:00,54.98,55.76,54.97,55.34,846242.0,55.4097,6028.0
2016-09-26 15:00:00+00:00,55.35,55.36,54.93,55.0264,502840.0,55.111,4079.0
2016-09-26 16:00:00+00:00,55.0,55.12,54.771,54.8145,329557.0,54.9543,2676.0
2016-09-26 17:00:00+00:00,54.81,54.85,54.5849,54.66,410997.0,54.7102,3065.0
2016-09-26 18:00:00+00:00,54.67,54.72,54.38,54.41,621635.0,54.5321,4315.0
2016-09-26 19:00:00+00:00,54.415,54.42,54.21,54.28,1373906.0,54.2866,10539.0
2016-09-26 20:00:00+00:00,54.29,54.42,54.29,54.29,48337.0,54.3458,18.0
2016-09-26 21:00:00+00:00,54.39,54.4,54.32,54.32,800.0,54.3588,4.0
2016-09-26 22:00:00+00:00,54.4,54.4,54.4,54.4,1200.0,54.4,8.0
2016-09-26 23:00:00+00:00,54.4,54.4,54.4,54.4,100.0,54.4,1.0
2016-09-27 11:00:00+00:00,55.14,55.14,55.14,55.14,500.0,55.14,1.0
2016-09-27 12:00:00+00:00,54.78,54.78,54.35,54.35,1400.0,54.3872,7.0
2016-09-27 13:00:00+00:00,54.12,54.23,53.65,53.86,580394.0,53.9502,3940.0
2016-09-27 14:00:00+00:00,53.86,54.105,53.82,53.98,1036366.0,53.96,7069.0
2016-09-27 15:00:00+00:00,53.98,54.645,53.95,54.45,738803.0,54.2996,5881.0
2016-09-27 16:00:00+00:00,54.45,54.83,54.4,54.81,438276.0,54.6271,3925.0
2016-09-27 17:00:00+00:00,54.8,55.04,54.68,54.9963,536954.0,54.8616,4477.0
2016-09-27 18:00:00+00:00,54.99,55.28,54.94,55.01,841202.0,55.0736,5604.0
2016-09-27 19:00:00+00:00,55.01,55.05,54.885,55.01,1106582.0,54.9636,9105.0
2016-09-27 20:00:00+00:00,55.02,55.02,55.02,55.02,38215.0,55.02,13.0
2016-09-28 12:00:00+00:00,55.02,55.02,55.02,55.02,200.0,55.02,1.0
2016-09-28 13:00:00+00:00,55.25,55.63,55.1,55.5,350874.0,55.427,2342.0
2016-09-28 14:00:00+00:00,55.5,55.59,54.23,54.23,1014857.0,54.863,7708.0
2016-09-28 15:00:00+00:00,54.23,54.38,54.07,54.3,798979.0,54.1961,6223.0
2016-09-28 16:00:00+00:00,54.295,54.71,54.28,54.62,675173.0,54.4239,5674.0
2016-09-28 17:00:00+00:00,54.61,54.72,54.385,54.708,354034.0,54.5954,3206.0
2016-09-28 18:00:00+00:00,54.701,55.44,54.65,54.87,1562224.0,55.031,14053.0
2016-09-28 19:00:00+00:00,54.87,55.16,54.825,55.09,1631520.0,54.9883,13980.0
2016-09-28 20:00:00+00:00,55.11,55.11,55.11,55.11,28490.0,55.11,9.0
2016-09-28 21:00:00+00:00,55.18,55.18,55.18,55.18,200.0,55.18,1.0
2016-09-28 22:00:00+00:00,55.14,55.18,55.14,55.18,250.0,55.164,2.0
2016-09-28 23:00:00+00:00,55.3,55.3,55.3,55.3,500.0,55.3,3.0
2016-09-29 12:00:00+00:00,55.11,55.11,55.11,55.11,210.0,55.1233,3.0
2016-09-29 13:00:00+00:00,55.0,55.1,53.02,53.37,1516936.0,53.7537,10040.0
2016-09-29 14:00:00+00:00,53.3898,53.425,52.581,52.66,2710013.0,52.9701,18578.0
2016-09-29 15:00:00+00:00,52.66,52.7,52.02,52.075,2315790.0,52.2882,16645.0
2016-09-29 16:00:00+00:00,52.0703,52.29,51.62,51.71,1738070.0,52.0212,12140.0
2016-09-29 17:00:00+00:00,51.7,51.77,51.1702,51.25,1692476.0,51.5127,10914.0
2016-09-29 18:00:00+00:00,51.25,51.8865,51.19,51.68,1182581.0,51.6285,9151.0
2016-09-29 19:00:00+00:00,51.68,51.885,51.6,51.71,2227085.0,51.7256,18618.0
2016-09-29 20:00:00+00:00,51.71,51.9,51.7,51.71,79542.0,51.7125,20.0
2016-09-29 21:00:00+00:00,51.88,52.0,51.86,52.0,1780.0,51.9178,10.0
2016-09-29 22:00:00+00:00,52.0,52.01,52.0,52.01,210.0,52.0048,2.0
2016-09-30 12:00:00+00:00,52.11,52.11,52.07,52.07,700.0,52.0986,2.0
2016-09-30 13:00:00+00:00,52.07,52.55,51.55,52.24,1053354.0,51.953,6341.0
2016-09-30 14:00:00+00:00,52.25,52.75,52.25,52.65,1360828.0,52.5798,9909.0
2016-09-30 15:00:00+00:00,52.65,52.89,52.63,52.84,860607.0,52.7573,7194.0
2016-09-30 16:00:00+00:00,52.83,52.905,52.69,52.77,824203.0,52.8328,5727.0
2016-09-30 17:00:00+00:00,52.77,53.01,52.725,53.0,564789.0,52.8562,5101.0
2016-09-30 18:00:00+00:00,53.0,53.265,52.9554,53.161,763932.0,53.1342,6082.0
2016-09-30 19:00:00+00:00,53.17,53.235,52.98,53.0,1810405.0,53.126,14171.0
2016-09-30 20:00:00+00:00,53.001,53.001,52.97,52.97,79507.0,52.9992,23.0
2016-09-30 21:00:00+00:00,52.96,52.96,52.96,52.96,199.0,52.96,1.0
2016-09-30 22:00:00+00:00,53.0,53.0,53.0,53.0,340.0,53.0,1.0
2016-10-03 12:00:00+00:00,53.0,53.0,53.0,53.0,1926.0,53.0,1.0
2016-10-03 13:00:00+00:00,53.17,53.25,52.52,53.1,509048.0,52.9526,3777.0
2016-10-03 14:00:00+00:00,53.12,53.19,52.51,52.76,1034657.0,52.7554,8206.0
2016-10-03 15:00:00+00:00,52.77,52.9823,52.7,52.8,683178.0,52.8277,6187.0
2016-10-03 16:00:00+00:00,52.8,53.13,52.795,53.12,399918.0,52.9274,3840.0
2016-10-03 17:00:00+00:00,53.11,53.16,52.77,52.8,503677.0,52.9653,4457.0
2016-10-03 18:00:00+00:00,52.81,52.9,52.65,52.73,620958.0,52.7822,5178.0
2016-10-03 19:00:00+00:00,52.73,53.005,52.71,52.88,1098182.0,52.8816,8915.0
2016-10-03 20:00:00+00:00,52.9,52.9,52.8489,52.8489,84133.0,52.8981,12.0
2016-10-03 21:00:00+00:00,52.92,52.92,52.92,52.92,500.0,52.92,2.0
2016-10-04 13:00:00+00:00,53.17,53.88,53.17,53.57,882060.0,53.6117,5573.0
2016-10-04 14:00:00+00:00,53.54,54.25,53.49,54.13,1134768.0,53.8684,9054.0
2016-10-04 15:00:00+00:00,54.14,54.35,53.9,54.26,817114.0,54.1213,6822.0
2016-10-04 16:00:00+00:00,54.27,54.31,53.945,53.97,418545.0,54.1141,3968.0
2016-10-04 17:00:00+00:00,53.97,54.0,53.69,53.86,406372.0,53.8415,3898.0
2016-10-04 18:00:00+00:00,53.85,53.9,53.705,53.72,367381.0,53.8305,3898.0
2016-10-04 19:00:00+00:00,53.73,53.86,53.6,53.655,1007158.0,53.7179,9606.0
2016-10-04 20:00:00+00:00,53.65,53.65,53.65,53.65,17322.0,53.65,11.0
2016-10-04 21:00:00+00:00,53.65,53.65,53.65,53.65,1226.0,53.65,1.0
2016-10-05 12:00:00+00:00,53.65,53.65,53.65,53.65,159.0,53.65,1.0
2016-10-05 13:00:00+00:00,53.96,54.54,53.93,54.03,555813.0,54.2362,3478.0
2016-10-05 14:00:00+00:00,54.05,54.715,53.81,54.67,1479817.0,54.2884,11806.0
2016-10-05 15:00:00+00:00,54.65,55.16,54.561,55.15,742579.0,54.8596,5650.0
2016-10-05 16:00:00+00:00,55.14,55.39,55.07,55.08,622604.0,55.2363,4809.0
2016-10-05 17:00:00+00:00,55.075,55.31,55.05,55.265,451978.0,55.1808,3919.0
2016-10-05 18:00:00+00:00,55.2645,55.267,55.02,55.21,501503.0,55.1588,4262.0
2016-10-05 19:00:00+00:00,55.21,55.2396,54.69,54.8,1409986.0,54.8406,10903.0
2016-10-05 20:00:00+00:00,54.8,54.8,54.74,54.8,59593.0,54.799,18.0
2016-10-05 23:00:00+00:00,54.74,54.74,54.74,54.74,212.0,54.74,1.0
2016-10-06 12:00:00+00:00,54.78,54.78,54.7,54.7,300.0,54.7549,3.0
2016-10-06 13:00:00+00:00,54.7,54.91,54.36,54.66,335780.0,54.6535,2649.0
2016-10-06 14:00:00+00:00,54.64,54.7,54.19,54.385,649223.0,54.4311,5932.0
2016-10-06 15:00:00+00:00,54.372,54.82,54.17,54.7074,585776.0,54.4777,5617.0
2016-10-06 16:00:00+00:00,54.7101,55.15,54.665,55.081,481177.0,54.9134,3382.0
2016-10-06 17:00:00+00:00,55.08,55.19,54.991,55.15,400355.0,55.0707,3115.0
2016-10-06 18:00:00+00:00,55.1545,55.17,54.9234,54.98,557921.0,55.0831,4395.0
2016-10-06 19:00:00+00:00,54.98,55.02,54.83,54.9,799951.0,54.9458,6958.0
2016-10-06 20:00:00+00:00,54.9,55.0,54.9,55.0,12327.0,54.9008,12.0
2016-10-07 12:00:00+00:00,54.9,54.9,54.9,54.9,6800.0,54.9,1.0
2016-10-07 13:00:00+00:00,54.9,55.17,54.18,54.3599,603669.0,54.5746,4110.0
2016-10-07 14:00:00+00:00,54.36,54.44,54.0,54.07,876291.0,54.1466,7037.0
2016-10-07 15:00:00+00:00,54.06,54.22,53.75,53.85,759632.0,53.9747,5035.0
2016-10-07 16:00:00+00:00,53.85,54.29,53.77,54.2,563080.0,54.0528,5165.0
2016-10-07 17:00:00+00:00,54.19,54.395,54.13,54.32,429652.0,54.2544,4174.0
2016-10-07 18:00:00+00:00,54.325,54.37,54.21,54.315,673676.0,54.2928,5480.0
2016-10-07 19:00:00+00:00,54.32,54.335,54.18,54.26,1193492.0,54.2662,10178.0
2016-10-07 20:00:00+00:00,54.27,54.27,54.27,54.27,14023.0,54.2699,8.0
2016-10-07 21:00:00+00:00,54.27,54.27,54.27,54.27,100.0,54.27,1.0
2016-10-10 12:00:00+00:00,54.28,54.28,54.28,54.28,1000.0,54.28,1.0
2016-10-10 13:00:00+00:00,54.67,54.985,54.45,54.83,567633.0,54.7454,4278.0
2016-10-10 14:00:00+00:00,54.86,54.88,54.57,54.78,582721.0,54.7355,5109.0
2016-10-10 15:00:00+00:00,54.77,54.88,54.695,54.75,368518.0,54.7878,3161.0
2016-10-10 16:00:00+00:00,54.76,54.83,54.6,54.7066,681179.0,54.6689,4794.0
2016-10-10 17:00:00+00:00,54.7,54.79,54.68,54.75,551245.0,54.7421,3646.0
2016-10-10 18:00:00+00:00,54.74,54.77,54.64,54.7555,317704.0,54.6838,2443.0
2016-10-10 19:00:00+00:00,54.75,54.85,54.695,54.74,750468.0,54.7584,6467.0
2016-10-10 20:00:00+00:00,54.74,54.74,54.74,54.74,7391.0,54.74,5.0
2016-10-10 22:00:00+00:00,54.82,54.82,54.82,54.82,1000.0,54.82,1.0
2016-10-10 23:00:00+00:00,54.82,54.82,54.82,54.82,274.0,54.82,1.0
2016-10-11 12:00:00+00:00,54.97,54.97,54.97,54.97,100.0,54.97,1.0
2016-10-11 13:00:00+00:00,55.05,55.26,54.74,54.89,609400.0,55.0232,4354.0
2016-10-11 14:00:00+00:00,54.89,54.92,54.32,54.56,624121.0,54.5845,5728.0
2016-10-11 15:00:00+00:00,54.56,54.58,54.32,54.5,464506.0,54.4475,4516.0
2016-10-11 16:00:00+00:00,54.495,54.56,54.3,54.45,225730.0,54.4268,2361.0
2016-10-11 17:00:00+00:00,54.45,54.45,54.07,54.11,371431.0,54.2809,3384.0
2016-10-11 18:00:00+00:00,54.11,54.245,54.0,54.06,402924.0,54.1001,3728.0
2016-10-11 19:00:00+00:00,54.06,54.355,54.01,54.21,1113851.0,54.197,8593.0
2016-10-11 20:00:00+00:00,54.19,54.19,54.19,54.19,38293.0,54.19,9.0
2016-10-11 21:00:00+00:00,54.1,54.1,54.1,54.1,200.0,54.1,1.0
2016-10-12 13:00:00+00:00,54.02,54.06,52.64,52.872,1087995.0,53.1007,8028.0
2016-10-12 14:00:00+00:00,52.9,53.37,52.8235,53.156,1101885.0,53.1224,8889.0
2016-10-12 15:00:00+00:00,53.14,53.66,53.12,53.65,602799.0,53.3588,5652.0
2016-10-12 16:00:00+00:00,53.65,53.97,53.6,53.785,435463.0,53.7863,4119.0
2016-10-12 17:00:00+00:00,53.79,53.84,53.52,53.72,393270.0,53.6721,3523.0
2016-10-12 18:00:00+00:00,53.72,53.93,53.585,53.645,463835.0,53.7616,4698.0
2016-10-12 19:00:00+00:00,53.645,53.85,53.59,53.78,891087.0,53.7611,8132.0
2016-10-12 20:00:00+00:00,53.79,53.79,53.68,53.79,20533.0,53.7889,14.0
2016-10-13 13:00:00+00:00,53.57,53.71,53.02,53.12,419907.0,53.3028,3114.0
2016-10-13 14:00:00+00:00,53.12,53.65,53.0,53.18,533625.0,53.2968,4501.0
2016-10-13 15:00:00+00:00,53.19,54.13,53.11,53.64,708401.0,53.6609,6770.0
2016-10-13 16:00:00+00:00,53.64,53.8341,53.55,53.76,237481.0,53.6862,2425.0
2016-10-13 17:00:00+00:00,53.75,53.93,53.59,53.9,210088.0,53.7077,1985.0
2016-10-13 18:00:00+00:00,53.9,54.25,53.8759,54.205,491493.0,54.0922,3856.0
2016-10-13 19:00:00+00:00,54.2075,54.2075,53.76,53.86,842631.0,53.9449,7364.0
2016-10-13 20:00:00+00:00,53.85,53.85,53.85,53.85,29946.0,53.85,19.0
2016-10-13 21:00:00+00:00,53.85,53.85,53.85,53.85,300.0,53.85,1.0
2016-10-13 23:00:00+00:00,53.81,53.84,53.81,53.84,260.0,53.8285,2.0
2016-10-14 12:00:00+00:00,54.0,54.0,54.0,54.0,500.0,54.0,3.0
2016-10-14 13:00:00+00:00,53.98,54.37,53.88,54.13,414203.0,54.1168,2946.0
2016-10-14 14:00:00+00:00,54.13,54.26,53.9,53.9,485708.0,54.0606,4678.0
2016-10-14 15:00:00+00:00,53.9,53.925,53.6,53.68,377290.0,53.734,3951.0
2016-10-14 16:00:00+00:00,53.69,53.895,53.66,53.819,241923.0,53.7967,2506.0
2016-10-14 17:00:00+00:00,53.81,54.02,53.73,53.84,230319.0,53.878,2522.0
2016-10-14 18:00:00+00:00,53.83,54.02,53.78,53.91,272700.0,53.9114,2984.0
2016-10-14 19:00:00+00:00,53.9,53.99,53.78,53.78,711971.0,53.8737,6649.0
2016-10-14 20:00:00+00:00,53.79,53.79,53.79,53.79,42666.0,53.79,15.0
2016-10-17 12:00:00+00:00,53.79,53.79,53.79,53.79,16320.0,53.79,1.0
2016-10-17 13:00:00+00:00,53.92,55.59,53.6,54.07,1245175.0,54.6484,8113.0
2016-10-17 14:00:00+00:00,54.07,54.29,53.78,53.985,628972.0,54.0241,6014.0
2016-10-17 15:00:00+00:00,53.99,54.17,53.83,54.06,784904.0,54.0038,6793.0
2016-10-17 16:00:00+00:00,54.06,54.188,54.05,54.09,530081.0,54.1082,4011.0
2016-10-17 17:00:00+00:00,54.09,54.18,54.0,54.024,559343.0,54.1094,4348.0
2016-10-17 18:00:00+00:00,54.03,54.19,54.03,54.1641,456216.0,54.1206,4383.0
2016-10-17 19:00:00+00:00,54.165,54.23,54.01,54.15,848909.0,54.1129,7868.0
2016-10-17 20:00:00+00:00,54.15,54.15,54.15,54.15,47824.0,54.15,8.0
2016-10-18 13:00:00+00:00,54.41,54.77,54.16,54.75,548972.0,54.4431,2999.0
2016-10-18 14:00:00+00:00,54.77,55.61,54.76,55.3531,1412605.0,55.258,8336.0
2016-10-18 15:00:00+00:00,55.36,55.58,55.24,55.52,829601.0,55.4242,5460.0
2016-10-18 16:00:00+00:00,55.52,55.59,55.27,55.42,447442.0,55.3997,3715.0
2016-10-18 17:00:00+00:00,55.4,55.6,55.29,55.535,571006.0,55.4478,4397.0
2016-10-18 18:00:00+00:00,55.53,55.58,55.29,55.35,517578.0,55.4177,4047.0
2016-10-18 19:00:00+00:00,55.35,55.54,55.22,55.47,1433554.0,55.4154,10389.0
2016-10-18 20:00:00+00:00,55.46,55.46,55.3,55.46,14731.0,55.4567,10.0
2016-10-18 22:00:00+00:00,55.55,55.55,55.55,55.55,100.0,55.55,1.0
2016-10-18 23:00:00+00:00,55.55,55.6,55.55,55.6,500.0,55.589,2.0
2016-10-19 12:00:00+00:00,55.5,55.5,55.5,55.5,1500.0,55.5,7.0
2016-10-19 13:00:00+00:00,55.44,55.55,54.36,54.57,781735.0,54.7612,4479.0
2016-10-19 14:00:00+00:00,54.545,54.73,53.93,54.18,1980083.0,54.3454,12852.0
2016-10-19 15:00:00+00:00,54.19,54.47,53.9,54.365,1028495.0,54.2277,8120.0
2016-10-19 16:00:00+00:00,54.36,54.68,54.345,54.61,637781.0,54.5546,5475.0
2016-10-19 17:00:00+00:00,54.605,54.735,54.45,54.67,559979.0,54.6168,4694.0
2016-10-19 18:00:00+00:00,54.665,54.91,54.47,54.54,679868.0,54.7123,5389.0
2016-10-19 19:00:00+00:00,54.54,54.631,54.46,54.53,1318760.0,54.547,10763.0
2016-10-19 20:00:00+00:00,54.54,54.54,54.47,54.54,9393.0,54.5351,13.0
2016-10-19 23:00:00+00:00,54.54,54.54,54.54,54.54,300.0,54.54,1.0
2016-10-20 12:00:00+00:00,54.02,54.02,54.02,54.02,100.0,54.02,1.0
2016-10-20 13:00:00+00:00,54.25,54.88,54.25,54.77,337320.0,54.6744,2624.0
2016-10-20 14:00:00+00:00,54.77,54.92,54.31,54.38,447700.0,54.5705,4190.0
2016-10-20 15:00:00+00:00,54.4,54.58,54.3,54.52,354772.0,54.4265,3072.0
2016-10-20 16:00:00+00:00,54.53,54.95,54.52,54.92,317991.0,54.786,2875.0
2016-10-20 17:00:00+00:00,54.92,54.96,54.72,54.7625,253417.0,54.8617,2533.0
2016-10-20 18:00:00+00:00,54.77,54.84,54.5907,54.645,393021.0,54.6988,3499.0
2016-10-20 19:00:00+00:00,54.64,54.8,54.53,54.76,1110152.0,54.6524,9083.0
2016-10-20 20:00:00+00:00,54.77,54.77,54.75,54.77,12634.0,54.7691,11.0
2016-10-21 12:00:00+00:00,54.7,54.7,54.7,54.7,199.0,54.7249,2.0
2016-10-21 13:00:00+00:00,54.5,54.96,54.21,54.85,511867.0,54.5069,2569.0
2016-10-21 14:00:00+00:00,54.83,55.27,54.64,55.11,787323.0,54.9776,5815.0
2016-10-21 15:00:00+00:00,55.1,55.55,55.02,55.43,524052.0,55.3128,3875.0
2016-10-21 16:00:00+00:00,55.42,55.63,55.32,55.44,594289.0,55.4849,3903.0
2016-10-21 17:00:00+00:00,55.45,55.48,55.17,55.45,432282.0,55.3324,3583.0
2016-10-21 18:00:00+00:00,55.455,55.91,55.33,55.75,789574.0,55.7534,5243.0
2016-10-21 19:00:00+00:00,55.76,55.91,55.69,55.74,1205486.0,55.8067,10012.0
2016-10-21 20:00:00+00:00,55.76,55.76,55.76,55.76,11387.0,55.76,9.0
2016-10-24 12:00:00+00:00,55.76,55.76,55.76,55.76,200.0,55.76,2.0
2016-10-24 13:00:00+00:00,55.8,56.435,55.71,56.41,682542.0,56.1871,3724.0
2016-10-24 14:00:00+00:00,56.42,56.435,56.0,56.03,740786.0,56.1857,5835.0
2016-10-24 15:00:00+00:00,56.03,56.24,55.96,55.98,525570.0,56.121,4613.0
2016-10-24 16:00:00+00:00,55.99,56.05,55.62,55.97,599171.0,55.8492,5484.0
2016-10-24 17:00:00+00:00,55.9777,56.295,55.88,56.04,645742.0,56.1154,5331.0
2016-10-24 18:00:00+00:00,56.04,56.09,55.8577,56.05,582357.0,55.9772,5286.0
2016-10-24 19:00:00+00:00,56.055,56.19,55.93,56.16,1169489.0,56.0684,9111.0
2016-10-24 20:00:00+00:00,56.16,56.16,56.16,56.16,104320.0,56.1416,12.0
2016-10-24 21:00:00+00:00,56.16,56.29,56.16,56.29,42883.0,56.1607,3.0
2016-10-24 22:00:00+00:00,56.4,56.4,56.35,56.35,1350.0,56.3574,5.0
2016-10-25 11:00:00+00:00,57.78,58.16,57.78,58.16,414.0,58.0513,4.0
2016-10-25 12:00:00+00:00,57.0,57.9,57.0,57.0,24992.0,57.7775,95.0
2016-10-25 13:00:00+00:00,57.0,58.3399,56.535,58.03,1987620.0,57.718,10796.0
2016-10-25 14:00:00+00:00,58.0201,58.82,57.8,58.0675,2205118.0,58.4527,14476.0
2016-10-25 15:00:00+00:00,58.055,58.45,57.67,58.37,1051300.0,58.0607,6848.0
2016-10-25 16:00:00+00:00,58.375,58.72,58.34,58.55,633887.0,58.5537,5081.0
2016-10-25 17:00:00+00:00,58.55,59.06,58.5,59.05,793084.0,58.8188,5551.0
2016-10-25 18:00:00+00:00,59.04,59.42,58.86,59.17,1208838.0,59.1885,8634.0
2016-10-25 19:00:00+00:00,59.165,59.495,58.8,58.95,2224599.0,59.1658,16669.0
2016-10-25 20:00:00+00:00,58.93,59.01,58.8,58.8,43501.0,58.9719,10.0
2016-10-25 21:00:00+00:00,58.93,58.93,58.65,58.75,86115.0,58.9291,5.0
2016-10-25 22:00:00+00:00,58.93,58.93,58.93,58.93,27836.0,58.93,1.0
2016-10-26 12:00:00+00:00,58.93,58.93,58.93,58.93,388.0,58.93,1.0
2016-10-26 13:00:00+00:00,58.72,60.09,58.45,59.59,1247238.0,59.5122,7136.0
2016-10-26 14:00:00+00:00,59.58,60.36,59.03,59.48,1982259.0,59.6336,15480.0
2016-10-26 15:00:00+00:00,59.49,59.94,59.41,59.64,710261.0,59.6765,6476.0
2016-10-26 16:00:00+00:00,59.63,59.7048,59.42,59.445,705806.0,59.5202,5456.0
2016-10-26 17:00:00+00:00,59.44,59.52,59.16,59.35,811628.0,59.3517,6342.0
2016-10-26 18:00:00+00:00,59.35,59.63,59.25,59.615,741275.0,59.3952,5877.0
2016-10-26 19:00:00+00:00,59.615,59.7,59.4538,59.52,1180906.0,59.5527,10429.0
2016-10-26 20:00:00+00:00,59.52,59.52,59.52,59.52,5834.0,59.52,7.0
2016-10-26 21:00:00+00:00,59.52,59.52,59.52,59.52,27389.0,59.52,1.0
2016-10-27 13:00:00+00:00,59.34,59.62,58.8,59.55,680942.0,59.2192,4829.0
2016-10-27 14:00:00+00:00,59.55,60.0,59.3238,59.57,964538.0,59.6033,8196.0
2016-10-27 15:00:00+00:00,59.55,59.63,59.02,59.26,1211114.0,59.2336,9101.0
2016-10-27 16:00:00+00:00,59.265,59.78,59.1,59.7,736570.0,59.3512,5895.0
2016-10-27 17:00:00+00:00,59.72,59.7828,59.29,59.4,414223.0,59.5638,4099.0
2016-10-27 18:00:00+00:00,59.395,59.48,59.26,59.29,545344.0,59.3694,4460.0
2016-10-27 19:00:00+00:00,59.285,59.3,58.74,58.82,1694220.0,58.9529,12513.0
2016-10-27 20:00:00+00:00,58.81,58.81,58.81,58.81,101166.0,59.3267,6.0
2016-10-27 21:00:00+00:00,58.52,58.52,58.52,58.52,1000.0,58.52,4.0
2016-10-28 12:00:00+00:00,58.53,58.53,58.53,58.53,200.0,58.53,1.0
2016-10-28 13:00:00+00:00,58.77,59.67,58.62,58.89,502220.0,58.978,3394.0
2016-10-28 14:00:00+00:00,58.9,59.28,58.65,59.05,502809.0,59.0313,5113.0
2016-10-28 15:00:00+00:00,59.05,59.55,59.05,59.31,491747.0,59.3667,4730.0
2016-10-28 16:00:00+00:00,59.33,59.34,59.03,59.24,360731.0,59.1925,3411.0
2016-10-28 17:00:00+00:00,59.24,59.3,58.44,58.455,458235.0,58.8386,4746.0
2016-10-28 18:00:00+00:00,58.45,58.95,58.37,58.9,530952.0,58.762,4843.0
2016-10-28 19:00:00+00:00,58.9,58.9,58.52,58.61,1333931.0,58.6469,10908.0
2016-10-28 20:00:00+00:00,58.6,58.75,58.51,58.6,201544.0,58.5993,31.0
2016-10-28 22:00:00+00:00,58.6,58.6,58.6,58.6,500.0,58.6,4.0
2016-10-28 23:00:00+00:00,58.6,58.6,58.6,58.6,300.0,58.6,3.0
2016-10-31 12:00:00+00:00,58.54,58.54,58.54,58.54,500.0,58.54,2.0
2016-10-31 13:00:00+00:00,58.6,59.68,58.54,59.413,427521.0,59.3356,3495.0
2016-10-31 14:00:00+00:00,59.4108,59.655,58.9,59.06,763641.0,59.3058,6729.0
2016-10-31 15:00:00+00:00,59.07,59.455,58.98,59.44,583762.0,59.2795,5823.0
2016-10-31 16:00:00+00:00,59.44,59.45,58.93,59.23,449159.0,59.1615,3841.0
2016-10-31 17:00:00+00:00,59.22,59.27,59.02,59.25,362451.0,59.1796,3656.0
2016-10-31 18:00:00+00:00,59.25,59.57,59.14,59.5202,635392.0,59.334,5200.0
2016-10-31 19:00:00+00:00,59.52,59.52,59.15,59.24,1161626.0,59.2557,10308.0
2016-10-31 20:00:00+00:00,59.24,59.24,59.24,59.24,99579.0,59.24,18.0
2016-10-31 21:00:00+00:00,59.24,59.24,59.24,59.24,200.0,59.24,1.0
2016-10-31 22:00:00+00:00,59.26,60.03,59.26,60.0,4664.0,59.6694,35.0
2016-10-31 23:00:00+00:00,60.41,60.5,60.41,60.5,320.0,60.4438,2.0
2016-11-01 10:00:00+00:00,60.5,60.5,60.5,60.5,600.0,60.5,3.0
2016-11-01 11:00:00+00:00,60.79,61.0,60.79,61.0,2050.0,60.8966,9.0
2016-11-01 12:00:00+00:00,60.91,61.8,60.9,61.2,16548.0,61.2388,68.0
2016-11-01 13:00:00+00:00,60.2,61.62,59.9,60.215,1864895.0,60.6012,12147.0
2016-11-01 14:00:00+00:00,60.22,60.7755,60.04,60.56,1113262.0,60.3399,9118.0
2016-11-01 15:00:00+00:00,60.56,60.76,59.79,59.96,803703.0,60.4491,7319.0
2016-11-01 16:00:00+00:00,59.97,60.15,59.59,60.01,1074980.0,59.8924,8562.0
2016-11-01 17:00:00+00:00,60.0,60.08,59.22,59.25,538238.0,59.6611,4526.0
2016-11-01 18:00:00+00:00,59.25,59.58,59.1,59.31,528923.0,59.3152,4818.0
2016-11-01 19:00:00+00:00,59.31,59.54,59.21,59.47,1203386.0,59.4067,11393.0
2016-11-01 20:00:00+00:00,59.49,59.49,59.47,59.48,41933.0,59.4899,10.0
2016-11-01 21:00:00+00:00,59.47,59.49,59.47,59.49,679.0,59.4841,4.0
2016-11-02 13:00:00+00:00,59.19,59.86,58.9,59.1389,410667.0,59.3192,2975.0
2016-11-02 14:00:00+00:00,59.14,59.46,58.66,58.78,796851.0,59.1007,7376.0
2016-11-02 15:00:00+00:00,58.81,59.26,58.41,59.04,757806.0,58.8824,6322.0
2016-11-02 16:00:00+00:00,59.05,59.23,58.98,59.01,501221.0,59.1111,4286.0
2016-11-02 17:00:00+00:00,59.01,59.11,58.19,58.36,780114.0,58.5492,7033.0
2016-11-02 18:00:00+00:00,58.39,58.59,58.01,58.25,1258296.0,58.3821,10636.0
2016-11-02 19:00:00+00:00,58.26,58.72,58.23,58.43,1629671.0,58.4436,13165.0
2016-11-02 20:00:00+00:00,58.43,58.5,58.0,58.0,791918.0,58.4568,23.0
2016-11-02 21:00:00+00:00,58.3,58.3,58.05,58.05,530.0,58.2387,2.0
2016-11-02 22:00:00+00:00,58.05,58.05,58.05,58.05,102.0,58.05,2.0
2016-11-03 12:00:00+00:00,58.4,58.4,58.4,58.4,401.0,58.4,3.0
2016-11-03 13:00:00+00:00,58.47,58.92,58.29,58.36,293619.0,58.5084,2423.0
2016-11-03 14:00:00+00:00,58.36,58.72,58.02,58.04,584717.0,58.3877,5344.0
2016-11-03 15:00:00+00:00,58.04,58.23,57.645,57.73,550367.0,57.9604,5060.0
2016-11-03 16:00:00+00:00,57.74,57.8,57.42,57.59,519479.0,57.6143,3989.0
2016-11-03 17:00:00+00:00,57.58,58.05,57.4,58.047,590539.0,57.666,4382.0
2016-11-03 18:00:00+00:00,58.02,58.06,57.65,57.82,370321.0,57.8355,3514.0
2016-11-03 19:00:00+00:00,57.81,57.93,57.64,57.86,732869.0,57.7974,7788.0
2016-11-03 20:00:00+00:00,57.86,57.86,57.86,57.86,15950.0,57.86,10.0
2016-11-04 12:00:00+00:00,57.86,57.86,57.86,57.86,13620.0,57.86,1.0
2016-11-04 13:00:00+00:00,57.75,58.2693,57.5704,57.61,354568.0,57.8704,2507.0
2016-11-04 14:00:00+00:00,57.65,58.3,57.625,58.15,492613.0,57.9509,4603.0
2016-11-04 15:00:00+00:00,58.125,58.38,58.065,58.25,329101.0,58.252,3413.0
2016-11-04 16:00:00+00:00,58.26,58.83,58.23,58.595,441463.0,58.5668,3062.0
2016-11-04 17:00:00+00:00,58.58,58.62,58.33,58.5,384019.0,58.4873,3173.0
2016-11-04 18:00:00+00:00,58.5,58.53,58.16,58.191,406643.0,58.3065,3059.0
2016-11-04 19:00:00+00:00,58.2,58.22,57.81,57.88,827606.0,57.9812,7280.0
2016-11-04 20:00:00+00:00,57.87,58.66,57.87,57.87,250006.0,58.1345,17.0
2016-11-04 21:00:00+00:00,57.87,57.87,57.87,57.87,18309.0,57.87,1.0
2016-11-07 13:00:00+00:00,58.0,58.0,58.0,58.0,100.0,58.0,1.0
2016-11-07 14:00:00+00:00,58.4,58.61,57.99,58.49,454851.0,58.329,2859.0
2016-11-07 15:00:00+00:00,58.49,58.67,58.3463,58.6,515315.0,58.526,4470.0
2016-11-07 16:00:00+00:00,58.6,58.69,58.38,58.41,421149.0,58.5692,3788.0
2016-11-07 17:00:00+00:00,58.41,58.5601,58.41,58.49,329142.0,58.4875,2872.0
2016-11-07 18:00:00+00:00,58.4832,58.71,58.43,58.71,394285.0,58.5356,3043.0
2016-11-07 19:00:00+00:00,58.71,58.71,58.16,58.21,386289.0,58.4015,3694.0
2016-11-07 20:00:00+00:00,58.22,58.54,58.165,58.52,789518.0,58.4069,7985.0
2016-11-07 21:00:00+00:00,58.51,58.52,58.25,58.52,104915.0,58.5183,23.0
2016-11-07 23:00:00+00:00,58.52,58.52,58.52,58.52,48497.0,58.52,1.0
2016-11-08 14:00:00+00:00,58.16,58.31,57.79,57.8126,433829.0,58.0779,2572.0
2016-11-08 15:00:00+00:00,57.83,58.09,57.57,58.01,647083.0,57.7675,5828.0
2016-11-08 16:00:00+00:00,58.01,58.621,57.99,58.37,503135.0,58.3838,4102.0
2016-11-08 17:00:00+00:00,58.36,58.55,58.3,58.38,287726.0,58.4445,2766.0
2016-11-08 18:00:00+00:00,58.38,58.51,58.22,58.32,298929.0,58.3499,2625.0
2016-11-08 19:00:00+00:00,58.326,58.33,57.888,57.99,297545.0,58.0837,3004.0
2016-11-08 20:00:00+00:00,57.98,58.44,57.96,58.14,920532.0,58.2514,8476.0
2016-11-08 21:00:00+00:00,58.14,58.14,58.1,58.1,32860.0,58.1395,15.0
2016-11-09 12:00:00+00:00,57.6,57.6,57.6,57.6,700.0,57.6,3.0
2016-11-09 13:00:00+00:00,59.78,59.79,57.5,58.11,6209.0,58.0391,27.0
2016-11-09 14:00:00+00:00,58.2,60.555,58.2,59.81,1338724.0,59.7192,8755.0
2016-11-09 15:00:00+00:00,59.81,59.95,59.23,59.7093,1305357.0,59.6355,10146.0
2016-11-09 16:00:00+00:00,59.71,61.37,59.71,61.02,1274978.0,60.8123,10228.0
2016-11-09 17:00:00+00:00,61.02,61.35,60.775,61.3,726779.0,61.0105,5920.0
2016-11-09 18:00:00+00:00,61.3,61.8817,61.17,61.56,1026354.0,61.5623,7527.0
2016-11-09 19:00:00+00:00,61.56,62.45,61.55,62.28,1610214.0,62.094,10330.0
2016-11-09 20:00:00+00:00,62.29,62.7,61.79,62.04,2703595.0,62.1971,21993.0
2016-11-09 21:00:00+00:00,62.03,62.67,60.1,62.08,227821.0,62.0236,36.0
2016-11-09 22:00:00+00:00,62.01,62.07,62.01,62.04,1408.0,62.0381,4.0
2016-11-10 00:00:00+00:00,62.07,62.07,62.07,62.07,192.0,62.07,1.0
2016-11-10 12:00:00+00:00,62.52,62.6,62.5,62.6,600.0,62.5233,3.0
2016-11-10 13:00:00+00:00,62.9,62.9,62.08,62.55,4890.0,62.5742,6.0
2016-11-10 14:00:00+00:00,62.38,64.2,62.04,63.92,1308985.0,63.4996,8369.0
2016-11-10 15:00:00+00:00,63.96,64.02,62.35,62.55,1666811.0,63.4295,14106.0
2016-11-10 16:00:00+00:00,62.53,62.91,62.13,62.63,1342621.0,62.5898,8967.0
2016-11-10 17:00:00+00:00,62.6268,62.93,62.58,62.76,579368.0,62.7736,5807.0
2016-11-10 18:00:00+00:00,62.76,63.35,62.7273,63.21,528119.0,63.0069,5624.0
2016-11-10 19:00:00+00:00,63.21,63.3114,62.98,63.08,560815.0,63.1607,5851.0
2016-11-10 20:00:00+00:00,63.09,63.23,62.87,62.96,1455048.0,63.0206,14433.0
2016-11-10 21:00:00+00:00,62.96,62.96,62.9,62.9,27527.0,62.9597,18.0
2016-11-10 23:00:00+00:00,62.6,62.6,62.6,62.6,200.0,62.6,1.0
2016-11-11 14:00:00+00:00,62.63,63.17,61.92,62.03,379019.0,62.455,3241.0
2016-11-11 15:00:00+00:00,62.06,62.66,61.72,61.77,556694.0,62.1396,4415.0
2016-11-11 16:00:00+00:00,61.77,61.89,61.41,61.89,859472.0,61.6873,7069.0
2016-11-11 17:00:00+00:00,61.89,62.19,61.83,62.1239,444334.0,62.0163,4296.0
2016-11-11 18:00:00+00:00,62.11,62.44,62.07,62.33,384313.0,62.294,3548.0
2016-11-11 19:00:00+00:00,62.32,62.5,62.16,62.19,441573.0,62.3328,4250.0
2016-11-11 20:00:00+00:00,62.18,62.59,62.18,62.45,893750.0,62.4481,9572.0
2016-11-11 21:00:00+00:00,62.45,62.5,62.45,62.45,74824.0,62.4501,12.0
2016-11-11 22:00:00+00:00,62.7,62.7,62.7,62.7,1100.0,62.7,1.0
2016-11-14 14:00:00+00:00,62.55,63.09,62.38,62.81,466181.0,62.7937,3571.0
2016-11-14 15:00:00+00:00,62.81,63.0826,62.48,62.51,677884.0,62.797,6750.0
2016-11-14 16:00:00+00:00,62.5,62.59,62.0228,62.5,736549.0,62.3666,6646.0
2016-11-14 17:00:00+00:00,62.505,62.6858,62.43,62.6263,449820.0,62.5352,3951.0
2016-11-14 18:00:00+00:00,62.635,62.93,62.6,62.9,468056.0,62.797,4840.0
2016-11-14 19:00:00+00:00,62.91,62.91,62.51,62.725,537242.0,62.6447,5602.0
2016-11-14 20:00:00+00:00,62.72,62.77,62.49,62.6,873853.0,62.6195,8532.0
2016-11-14 21:00:00+00:00,62.58,62.58,62.58,62.58,21763.0,62.58,23.0
2016-11-14 22:00:00+00:00,62.58,62.58,62.58,62.58,23009.0,62.58,1.0
2016-11-15 00:00:00+00:00,62.58,62.59,62.58,62.59,320.0,62.5862,3.0
2016-11-15 13:00:00+00:00,63.0,63.0,62.98,62.98,1100.0,62.9982,2.0
2016-11-15 14:00:00+00:00,62.78,62.97,61.64,62.47,556627.0,62.498,4108.0
2016-11-15 15:00:00+00:00,62.45,63.31,62.32,62.5,749998.0,62.7852,7193.0
2016-11-15 16:00:00+00:00,62.51,62.65,62.36,62.44,505900.0,62.5005,5004.0
2016-11-15 17:00:00+00:00,62.43,62.63,62.24,62.58,476343.0,62.4153,4592.0
2016-11-15 18:00:00+00:00,62.58,62.86,62.46,62.75,416371.0,62.6448,4175.0
2016-11-15 19:00:00+00:00,62.72,63.0,62.71,62.9413,501716.0,62.8801,4904.0
2016-11-15 20:00:00+00:00,62.95,63.21,62.9348,63.17,934142.0,63.1182,9555.0
2016-11-15 21:00:00+00:00,63.15,63.15,63.15,63.15,66966.0,63.115,19.0
2016-11-16 00:00:00+00:00,63.25,63.25,63.25,63.25,100.0,63.25,1.0
2016-11-16 13:00:00+00:00,63.17,63.17,63.17,63.17,250.0,63.17,3.0
2016-11-16 14:00:00+00:00,63.39,64.11,63.39,63.7586,544760.0,63.8386,3936.0
2016-11-16 15:00:00+00:00,63.8027,63.98,63.15,63.59,766479.0,63.5959,6754.0
2016-11-16 16:00:00+00:00,63.61,63.83,63.42,63.53,589633.0,63.6024,5403.0
2016-11-16 17:00:00+00:00,63.5225,63.69,63.35,63.35,524310.0,63.5269,4315.0
2016-11-16 18:00:00+00:00,63.36,63.76,63.28,63.74,386898.0,63.4769,3417.0
2016-11-16 19:00:00+00:00,63.74,63.83,63.62,63.79,398301.0,63.7322,3680.0
2016-11-16 20:00:00+00:00,63.79,63.96,63.6,63.63,1127222.0,63.7113,8938.0
2016-11-16 21:00:00+00:00,63.63,63.63,63.63,63.63,48924.0,63.63,16.0
2016-11-16 23:00:00+00:00,63.65,63.65,63.65,63.65,400.0,63.65,1.0
2016-11-17 00:00:00+00:00,63.65,63.65,63.2,63.2,3500.0,63.6371,3.0
2016-11-17 13:00:00+00:00,63.81,63.81,63.81,63.81,200.0,63.81,1.0
2016-11-17 14:00:00+00:00,63.89,64.78,63.86,64.305,785901.0,64.3447,5204.0
2016-11-17 15:00:00+00:00,64.3,64.71,64.2,64.3,816525.0,64.44,7196.0
2016-11-17 16:00:00+00:00,64.2778,64.56,63.85,64.52,820539.0,64.1947,7300.0
2016-11-17 17:00:00+00:00,64.52,64.57,64.02,64.15,586783.0,64.2403,5644.0
2016-11-17 18:00:00+00:00,64.15,64.39,64.11,64.28,508562.0,64.233,4760.0
2016-11-17 19:00:00+00:00,64.27,64.37,64.1,64.215,498440.0,64.2256,4929.0
2016-11-17 20:00:00+00:00,64.22,64.7299,64.22,64.67,1356140.0,64.5613,11299.0
2016-11-17 21:00:00+00:00,64.67,64.75,64.67,64.75,125655.0,64.6701,19.0
2016-11-17 22:00:00+00:00,64.75,64.75,64.73,64.73,800.0,64.7375,3.0
2016-11-17 23:00:00+00:00,64.67,64.67,64.6,64.6,2133.0,64.6384,10.0
2016-11-18 13:00:00+00:00,64.55,64.55,64.55,64.55,100.0,64.55,1.0
2016-11-18 14:00:00+00:00,64.0,64.01,62.94,63.178,802646.0,63.3701,3480.0
2016-11-18 15:00:00+00:00,63.1753,63.35,63.0,63.14,786493.0,63.1304,6113.0
2016-11-18 16:00:00+00:00,63.14,63.48,63.1,63.345,475079.0,63.3388,3665.0
2016-11-18 17:00:00+00:00,63.345,63.54,63.24,63.27,268650.0,63.395,2228.0
2016-11-18 18:00:00+00:00,63.27,63.445,63.22,63.26,246699.0,63.321,2448.0
2016-11-18 19:00:00+00:00,63.27,63.425,63.24,63.36,391737.0,63.3317,3973.0
2016-11-18 20:00:00+00:00,63.36,63.58,63.26,63.3699,929965.0,63.3965,8050.0
2016-11-18 21:00:00+00:00,63.39,63.39,63.39,63.39,26713.0,63.39,14.0
2016-11-18 22:00:00+00:00,63.25,63.39,63.25,63.39,315293.0,63.3897,8.0
2016-11-21 13:00:00+00:00,63.2,63.6,63.2,63.6,350.0,63.3143,3.0
2016-11-21 14:00:00+00:00,63.39,64.15,63.337,64.02,604941.0,63.6637,3076.0
2016-11-21 15:00:00+00:00,64.03,64.09,63.14,63.67,691935.0,63.5663,5032.0
2016-11-21 16:00:00+00:00,63.68,63.89,63.49,63.79,338447.0,63.7053,3009.0
2016-11-21 17:00:00+00:00,63.7893,64.08,63.77,64.08,397921.0,63.8584,3375.0
2016-11-21 18:00:00+00:00,64.07,64.24,64.02,64.17,367341.0,64.149,3325.0
2016-11-21 19:00:00+00:00,64.18,64.33,64.1,64.3,494422.0,64.2488,3803.0
2016-11-21 20:00:00+00:00,64.29,64.58,64.23,64.53,1216935.0,64.409,9603.0
2016-11-21 21:00:00+00:00,64.54,64.6,64.39,64.39,256698.0,64.54,17.0
2016-11-22 14:00:00+00:00,64.72,65.86,64.55,65.86,747381.0,65.3024,4556.0
2016-11-22 15:00:00+00:00,65.86,66.17,65.6901,65.6901,850031.0,65.9781,7161.0
2016-11-22 16:00:00+00:00,65.73,65.8016,65.25,65.27,520426.0,65.505,4162.0
2016-11-22 17:00:00+00:00,65.28,65.72,65.11,65.59,342763.0,65.4417,3243.0
2016-11-22 18:00:00+00:00,65.585,65.72,65.33,65.4,261519.0,65.5428,2234.0
2016-11-22 19:00:00+00:00,65.39,65.62,65.07,65.43,385321.0,65.3702,4104.0
2016-11-22 20:00:00+00:00,65.44,65.49,65.24,65.25,769864.0,65.3417,8001.0
2016-11-22 21:00:00+00:00,65.25,65.25,65.0,65.0,46627.0,65.2489,26.0
2016-11-22 22:00:00+00:00,65.25,65.25,65.2,65.2,56960.0,65.2491,3.0
2016-11-22 23:00:00+00:00,65.2,65.2,65.2,65.2,100.0,65.2,1.0
2016-11-23 13:00:00+00:00,65.19,65.19,65.19,65.19,600.0,65.19,1.0
2016-11-23 14:00:00+00:00,65.0,65.25,64.05,65.24,726676.0,64.4823,4574.0
2016-11-23 15:00:00+00:00,65.27,65.42,64.59,65.13,769576.0,64.9112,5741.0
2016-11-23 16:00:00+00:00,65.11,65.21,64.87,65.03,358680.0,65.0677,3462.0
2016-11-23 17:00:00+00:00,65.0279,65.14,64.88,64.914,266396.0,64.9447,2518.0
2016-11-23 18:00:00+00:00,64.92,65.1,64.87,64.97,455311.0,64.9858,3603.0
2016-11-23 19:00:00+00:00,64.97,65.0,64.62,64.81,384622.0,64.8047,3720.0
2016-11-23 20:00:00+00:00,64.82,64.84,64.61,64.72,787569.0,64.7294,6642.0
2016-11-23 21:00:00+00:00,64.72,64.72,64.72,64.72,52988.0,64.72,15.0
2016-11-25 13:00:00+00:00,65.0,65.0,65.0,65.0,100.0,65.0,1.0
2016-11-25 14:00:00+00:00,64.47,64.7,64.28,64.61,234550.0,64.4874,1954.0
2016-11-25 15:00:00+00:00,64.57,64.83,64.38,64.74,453795.0,64.6775,3765.0
2016-11-25 16:00:00+00:00,64.73,64.78,64.6,64.67,223869.0,64.6916,2836.0
2016-11-25 17:00:00+00:00,64.6819,64.88,64.64,64.86,489952.0,64.7816,5340.0
2016-11-25 18:00:00+00:00,64.86,64.86,64.86,64.86,230745.0,64.86,1.0
2016-11-25 21:00:00+00:00,65.05,65.05,65.05,65.05,1212.0,65.05,13.0
2016-11-28 14:00:00+00:00,64.81,65.02,64.3405,64.69,461203.0,64.6862,3536.0
2016-11-28 15:00:00+00:00,64.69,64.71,64.07,64.16,622765.0,64.4184,5550.0
2016-11-28 16:00:00+00:00,64.14,64.15,63.83,63.93,626137.0,63.9873,5240.0
2016-11-28 17:00:00+00:00,63.945,64.11,63.7,64.11,484937.0,63.8967,3978.0
2016-11-28 18:00:00+00:00,64.11,64.29,63.92,64.23,499701.0,64.0914,3606.0
2016-11-28 19:00:00+00:00,64.24,64.3,63.87,63.91,323044.0,64.1084,3581.0
2016-11-28 20:00:00+00:00,63.91,64.03,63.61,63.78,1013558.0,63.7906,10635.0
2016-11-28 21:00:00+00:00,63.79,63.79,63.78,63.78,112376.0,63.79,17.0
2016-11-28 22:00:00+00:00,63.79,63.79,63.7,63.7,46072.0,63.7894,2.0
2016-11-29 14:00:00+00:00,63.29,64.26,63.09,63.29,453708.0,63.4621,3169.0
2016-11-29 15:00:00+00:00,63.27,64.11,63.255,63.94,898068.0,63.7565,6996.0
2016-11-29 16:00:00+00:00,63.95,64.32,63.9,64.17,464022.0,64.127,4724.0
2016-11-29 17:00:00+00:00,64.17,64.2612,64.03,64.2,363559.0,64.1544,3600.0
2016-11-29 18:00:00+00:00,64.2,64.2,63.87,63.97,359616.0,63.9917,3789.0
2016-11-29 19:00:00+00:00,63.98,64.14,63.945,63.96,455129.0,64.0533,4147.0
2016-11-29 20:00:00+00:00,63.965,63.98,63.63,63.77,983146.0,63.7773,9967.0
2016-11-29 21:00:00+00:00,63.77,63.77,63.68,63.7,18203.0,63.7669,18.0
2016-11-30 13:00:00+00:00,64.17,64.25,63.7,64.15,17520.0,64.0583,119.0
2016-11-30 14:00:00+00:00,64.0,64.0,60.35,61.85,2311423.0,62.0804,13324.0
2016-11-30 15:00:00+00:00,61.82,62.03,61.4,62.0,1600637.0,61.7549,11314.0
2016-11-30 16:00:00+00:00,61.985,62.75,61.96,62.225,1122984.0,62.2156,9481.0
2016-11-30 17:00:00+00:00,62.22,62.25,61.69,61.725,1092607.0,61.99,8062.0
2016-11-30 18:00:00+00:00,61.72,62.07,61.66,62.06,844786.0,61.8869,6692.0
2016-11-30 19:00:00+00:00,62.06,62.17,61.45,61.5,1253961.0,61.7788,8699.0
2016-11-30 20:00:00+00:00,61.5,61.955,61.305,61.63,2540779.0,61.7311,21713.0
2016-11-30 21:00:00+00:00,61.5631,61.7,61.56,61.7,1379401.0,61.5608,62.0
2016-12-01 13:00:00+00:00,61.86,61.86,61.6,61.6,1551.0,61.7728,11.0
2016-12-01 14:00:00+00:00,61.6,62.09,60.79,61.85,1140430.0,61.4041,7009.0
2016-12-01 15:00:00+00:00,61.84,62.21,61.28,61.33,1493953.0,61.7856,12046.0
2016-12-01 16:00:00+00:00,61.33,61.77,61.185,61.41,944239.0,61.502,8481.0
2016-12-01 17:00:00+00:00,61.43,61.56,61.28,61.28,940564.0,61.4168,7069.0
2016-12-01 18:00:00+00:00,61.27,61.28,60.74,60.81,1078913.0,61.0255,6131.0
2016-12-01 19:00:00+00:00,60.82,61.01,60.72,60.78,766808.0,60.8437,6131.0
2016-12-01 20:00:00+00:00,60.78,60.85,60.41,60.54,2603766.0,60.6037,20501.0
2016-12-01 21:00:00+00:00,60.53,60.53,60.53,60.53,1064854.0,60.53,21.0
2016-12-01 22:00:00+00:00,60.53,60.53,60.5,60.5,2300.0,60.5261,7.0
2016-12-01 23:00:00+00:00,60.5,60.5,60.5,60.5,635.0,60.5,3.0
2016-12-02 00:00:00+00:00,60.6,60.6,60.6,60.6,1000.0,60.6,1.0
2016-12-02 13:00:00+00:00,60.53,60.53,60.53,60.53,25916.0,60.53,1.0
2016-12-02 14:00:00+00:00,60.53,61.36,60.41,61.34,755876.0,60.9078,5134.0
2016-12-02 15:00:00+00:00,61.31,61.505,61.04,61.22,823296.0,61.3101,7575.0
2016-12-02 16:00:00+00:00,61.22,61.46,61.2,61.26,545208.0,61.33,5477.0
2016-12-02 17:00:00+00:00,61.26,61.27,61.0426,61.14,409418.0,61.1332,4215.0
2016-12-02 18:00:00+00:00,61.14,61.33,61.09,61.28,423766.0,61.216,4272.0
2016-12-02 19:00:00+00:00,61.29,61.5933,61.23,61.485,539954.0,61.4851,4658.0
2016-12-02 20:00:00+00:00,61.48,61.7,61.37,61.46,1253751.0,61.5447,11431.0
2016-12-02 21:00:00+00:00,61.46,61.46,61.46,61.46,19886.0,61.46,13.0
2016-12-05 14:00:00+00:00,61.99,62.77,61.655,62.68,974548.0,62.2687,5557.0
2016-12-05 15:00:00+00:00,62.7,63.25,62.63,63.19,976041.0,62.9774,7868.0
2016-12-05 16:00:00+00:00,63.2,63.28,63.0,63.19,575303.0,63.1304,4613.0
2016-12-05 17:00:00+00:00,63.19,63.38,63.01,63.3,512899.0,63.2391,4540.0
2016-12-05 18:00:00+00:00,63.3,63.665,63.03,63.66,728316.0,63.3764,6048.0
2016-12-05 19:00:00+00:00,63.66,64.195,63.61,64.14,858465.0,63.8799,7370.0
2016-12-05 20:00:00+00:00,64.14,64.59,64.05,64.5,2231645.0,64.436,19251.0
2016-12-05 21:00:00+00:00,64.52,64.52,64.155,64.5,94958.0,64.3163,21.0
2016-12-05 22:00:00+00:00,64.52,64.52,64.52,64.52,599811.0,64.52,1.0
2016-12-05 23:00:00+00:00,64.5,64.52,64.5,64.5,402.0,64.5051,3.0
2016-12-06 00:00:00+00:00,64.5,64.55,64.36,64.52,1095.0,64.4388,8.0
2016-12-06 13:00:00+00:00,64.74,64.9,64.52,64.52,1513.0,64.6257,8.0
2016-12-06 14:00:00+00:00,64.52,64.52,63.84,64.205,426473.0,64.1256,3062.0
2016-12-06 15:00:00+00:00,64.23,64.66,63.88,64.56,696339.0,64.344,5629.0
2016-12-06 16:00:00+00:00,64.5725,64.77,64.18,64.62,493278.0,64.4492,4691.0
2016-12-06 17:00:00+00:00,64.63,64.9,64.6,64.75,596734.0,64.7483,4965.0
2016-12-06 18:00:00+00:00,64.76,64.9,64.7392,64.88,369097.0,64.8175,4186.0
2016-12-06 19:00:00+00:00,64.87,64.9,64.55,64.8438,538066.0,64.7262,5132.0
2016-12-06 20:00:00+00:00,64.84,64.9,64.64,64.74,1366108.0,64.7925,11821.0
2016-12-06 21:00:00+00:00,64.72,64.72,64.6,64.72,260305.0,64.7199,23.0
2016-12-07 14:00:00+00:00,64.87,65.92,64.57,65.75,501595.0,65.3102,3633.0
2016-12-07 15:00:00+00:00,65.74,66.23,65.66,65.84,1033980.0,65.9458,8396.0
2016-12-07 16:00:00+00:00,65.85,66.08,65.71,65.74,419697.0,65.8875,3799.0
2016-12-07 17:00:00+00:00,65.76,66.45,65.75,66.44,425186.0,66.1185,3724.0
2016-12-07 18:00:00+00:00,66.45,67.31,66.41,67.31,887427.0,66.7993,5992.0
2016-12-07 19:00:00+00:00,67.31,67.39,67.07,67.11,707822.0,67.2082,6810.0
2016-12-07 20:00:00+00:00,67.105,67.61,67.0901,67.53,1756625.0,67.4337,14008.0
2016-12-07 21:00:00+00:00,67.54,67.54,67.24,67.27,37897.0,67.5358,26.0
2016-12-07 22:00:00+00:00,67.54,67.54,67.5,67.5,134061.0,67.5399,4.0
2016-12-07 23:00:00+00:00,67.48,67.48,67.48,67.48,100.0,67.48,1.0
2016-12-08 00:00:00+00:00,67.5,67.5,67.5,67.5,300.0,67.5,1.0
2016-12-08 13:00:00+00:00,68.0,68.0,68.0,68.0,100.0,68.0,1.0
2016-12-08 14:00:00+00:00,67.9,69.28,67.85,68.63,995202.0,68.7129,5422.0
2016-12-08 15:00:00+00:00,68.63,69.25,68.04,69.1898,1206676.0,68.718,9382.0
2016-12-08 16:00:00+00:00,69.18,69.24,68.55,68.86,592393.0,68.8878,6106.0
2016-12-08 17:00:00+00:00,68.875,69.2,68.76,68.94,440970.0,68.9738,4059.0
2016-12-08 18:00:00+00:00,68.95,69.105,68.73,68.77,436349.0,68.9091,4224.0
2016-12-08 19:00:00+00:00,68.78,68.855,67.97,68.22,752984.0,68.3492,6035.0
2016-12-08 20:00:00+00:00,68.2254,68.43,68.07,68.37,847357.0,68.3193,8474.0
2016-12-08 21:00:00+00:00,68.37,68.37,68.0,68.37,22112.0,68.3667,16.0
2016-12-08 22:00:00+00:00,68.01,68.3,68.01,68.3,300.0,68.2033,2.0
2016-12-09 13:00:00+00:00,68.0,68.0,68.0,68.0,100.0,68.0,1.0
2016-12-09 14:00:00+00:00,67.98,67.98,67.22,67.35,489972.0,67.562,3454.0
2016-12-09 15:00:00+00:00,67.31,68.06,67.24,67.935,475146.0,67.6984,4264.0
2016-12-09 16:00:00+00:00,67.935,68.08,67.62,67.92,634597.0,67.8452,5457.0
2016-12-09 17:00:00+00:00,67.93,67.99,67.27,67.73,901278.0,67.578,6179.0
2016-12-09 18:00:00+00:00,67.76,67.96,67.5,67.87,506428.0,67.7565,4271.0
2016-12-09 19:00:00+00:00,67.88,68.02,67.76,67.8058,520894.0,67.8795,4790.0
2016-12-09 20:00:00+00:00,67.81,68.01,67.54,67.9905,1209862.0,67.8634,9748.0
2016-12-09 21:00:00+00:00,68.0,68.0,68.0,68.0,119796.0,68.0,17.0
2016-12-12 12:00:00+00:00,68.4,68.4,68.4,68.4,200.0,68.4,1.0
2016-12-12 13:00:00+00:00,68.5,69.5,68.2,69.05,11700.0,69.3414,33.0
2016-12-12 14:00:00+00:00,69.05,69.17,67.68,67.78,813925.0,68.1506,5850.0
2016-12-12 15:00:00+00:00,67.75,67.79,66.81,66.83,1041406.0,67.3308,9012.0
2016-12-12 16:00:00+00:00,66.82,67.04,66.58,66.71,801906.0,66.8245,6749.0
2016-12-12 17:00:00+00:00,66.7,66.86,66.54,66.6,556708.0,66.7071,4789.0
2016-12-12 18:00:00+00:00,66.59,66.83,66.415,66.665,427534.0,66.5705,3964.0
2016-12-12 19:00:00+00:00,66.66,66.72,66.31,66.4551,990242.0,66.4962,6423.0
2016-12-12 20:00:00+00:00,66.455,66.84,66.33,66.81,1248904.0,66.6235,10453.0
2016-12-12 21:00:00+00:00,66.82,66.82,66.81,66.82,308006.0,66.82,27.0
2016-12-13 13:00:00+00:00,66.82,66.82,66.55,66.55,22530.0,66.8187,4.0
2016-12-13 14:00:00+00:00,66.77,67.2,66.36,66.92,484908.0,66.8724,3539.0
2016-12-13 15:00:00+00:00,66.97,67.43,66.96,67.19,709995.0,67.2168,5534.0
2016-12-13 16:00:00+00:00,67.21,67.63,67.16,67.5,471239.0,67.3677,4462.0
2016-12-13 17:00:00+00:00,67.5,67.97,67.34,67.9119,362735.0,67.6044,3638.0
2016-12-13 18:00:00+00:00,67.89,68.04,67.771,67.8268,344860.0,67.9371,3209.0
2016-12-13 19:00:00+00:00,67.8211,67.91,67.29,67.31,381400.0,67.6001,3890.0
2016-12-13 20:00:00+00:00,67.3098,67.445,67.15,67.21,937626.0,67.2852,8543.0
2016-12-13 21:00:00+00:00,67.2,67.2,67.2,67.2,134332.0,67.2,12.0
2016-12-14 13:00:00+00:00,67.15,67.15,67.0,67.0,300.0,67.05,3.0
2016-12-14 14:00:00+00:00,67.26,67.44,66.67,67.31,419281.0,67.1143,2964.0
2016-12-14 15:00:00+00:00,67.265,67.82,67.16,67.56,758418.0,67.5511,6976.0
2016-12-14 16:00:00+00:00,67.53,67.64,67.04,67.2,438960.0,67.3482,3997.0
2016-12-14 17:00:00+00:00,67.1975,67.3,67.09,67.09,306024.0,67.2153,3080.0
2016-12-14 18:00:00+00:00,67.1,67.67,67.01,67.112,461799.0,67.3972,4036.0
2016-12-14 19:00:00+00:00,67.04,67.55,66.64,66.95,476244.0,67.0897,4583.0
2016-12-14 20:00:00+00:00,66.93,67.015,66.35,66.49,1322289.0,66.6519,12414.0
2016-12-14 21:00:00+00:00,66.49,66.49,66.49,66.49,67466.0,66.49,18.0
2016-12-15 14:00:00+00:00,66.5,68.04,66.13,67.75,861494.0,67.0822,5152.0
2016-12-15 15:00:00+00:00,67.75,67.78,67.2,67.4,849639.0,67.5576,7233.0
2016-12-15 16:00:00+00:00,67.42,67.68,67.28,67.59,476240.0,67.4709,4508.0
2016-12-15 17:00:00+00:00,67.59,67.78,67.431,67.78,371856.0,67.6201,3725.0
2016-12-15 18:00:00+00:00,67.77,68.0,67.42,67.62,468119.0,67.7502,4558.0
2016-12-15 19:00:00+00:00,67.63,67.846,67.53,67.8,304876.0,67.6849,3496.0
2016-12-15 20:00:00+00:00,67.795,67.96,67.59,67.64,987541.0,67.7407,10025.0
2016-12-15 21:00:00+00:00,67.64,67.64,67.64,67.64,158865.0,67.64,13.0
2016-12-16 00:00:00+00:00,67.3,67.3,67.3,67.3,1000.0,67.3,3.0
2016-12-16 13:00:00+00:00,69.0,69.0,68.02,68.1,740.0,68.3309,7.0
2016-12-16 14:00:00+00:00,67.97,68.05,67.52,68.05,986306.0,67.8571,3874.0
2016-12-16 15:00:00+00:00,68.05,68.38,67.79,68.08,737272.0,68.0392,6030.0
2016-12-16 16:00:00+00:00,68.07,68.1,67.88,68.064,492615.0,68.0021,5144.0
2016-12-16 17:00:00+00:00,68.07,68.073,67.9,67.965,360007.0,67.9807,4101.0
2016-12-16 18:00:00+00:00,67.965,68.02,67.84,67.98,327839.0,67.9279,3708.0
2016-12-16 19:00:00+00:00,67.99,68.46,67.85,68.21,655249.0,68.1228,5786.0
2016-12-16 20:00:00+00:00,68.21,68.21,67.78,68.0,1269814.0,67.9539,12950.0
2016-12-16 21:00:00+00:00,67.997,68.0062,67.9943,68.0,1133168.0,68.0003,57.0
2016-12-16 22:00:00+00:00,68.0,68.2,68.0,68.2,526.0,68.1521,3.0
2016-12-19 14:00:00+00:00,68.0,68.07,67.33,67.56,322579.0,67.6748,2352.0
2016-12-19 15:00:00+00:00,67.58,67.71,67.41,67.58,318199.0,67.5582,3392.0
2016-12-19 16:00:00+00:00,67.57,67.6,67.26,67.3,307938.0,67.438,3139.0
2016-12-19 17:00:00+00:00,67.28,67.58,67.225,67.24,286062.0,67.3587,2440.0
2016-12-19 18:00:00+00:00,67.245,67.27,66.91,67.18,476772.0,67.0411,4003.0
2016-12-19 19:00:00+00:00,67.19,67.32,67.11,67.12,302378.0,67.2283,3055.0
2016-12-19 20:00:00+00:00,67.12,67.47,67.01,67.43,872445.0,67.289,8211.0
2016-12-19 21:00:00+00:00,67.45,67.97,67.45,67.97,167379.0,67.4503,16.0
2016-12-20 13:00:00+00:00,67.45,67.45,67.45,67.45,2514.0,67.4485,2.0
2016-12-20 14:00:00+00:00,67.2,68.28,67.2,67.97,315196.0,67.9534,2182.0
2016-12-20 15:00:00+00:00,67.9682,68.03,67.7868,67.88,340295.0,67.9336,2894.0
2016-12-20 16:00:00+00:00,67.88,67.97,67.65,67.81,447801.0,67.8137,3755.0
2016-12-20 17:00:00+00:00,67.8204,67.96,67.79,67.89,147624.0,67.8923,1757.0
2016-12-20 18:00:00+00:00,67.89,67.98,67.73,67.75,152336.0,67.8385,1992.0
2016-12-20 19:00:00+00:00,67.76,67.77,67.39,67.6,386501.0,67.6093,3491.0
2016-12-20 20:00:00+00:00,67.6,67.715,67.47,67.57,711179.0,67.5695,6845.0
2016-12-20 21:00:00+00:00,67.57,67.57,67.57,67.57,43360.0,67.57,16.0
2016-12-20 22:00:00+00:00,67.59,67.59,67.59,67.59,205.0,67.59,2.0
2016-12-20 23:00:00+00:00,67.59,67.59,67.59,67.59,1000.0,67.59,1.0
2016-12-21 14:00:00+00:00,67.51,67.72,66.93,66.93,342830.0,67.3856,2460.0
2016-12-21 15:00:00+00:00,66.92,67.83,66.6,67.7646,643469.0,67.2364,5330.0
2016-12-21 16:00:00+00:00,67.76,67.78,67.41,67.77,469789.0,67.6347,3398.0
2016-12-21 17:00:00+00:00,67.76,68.12,67.7,68.02,318018.0,67.914,2998.0
2016-12-21 18:00:00+00:00,68.01,68.07,67.82,68.02,200005.0,67.951,2336.0
2016-12-21 19:00:00+00:00,68.0,68.215,68.0,68.15,273288.0,68.1195,3045.0
2016-12-21 20:00:00+00:00,68.1582,68.3068,67.92,67.93,615981.0,68.0649,6664.0
2016-12-21 21:00:00+00:00,67.93,68.0,67.93,68.0,52151.0,67.9312,10.0
2016-12-21 22:00:00+00:00,68.0,68.41,68.0,68.41,1400.0,68.2921,8.0
2016-12-22 12:00:00+00:00,68.03,68.03,68.03,68.03,200.0,68.03,1.0
2016-12-22 14:00:00+00:00,68.3,69.0,68.26,68.91,309661.0,68.6629,2106.0
2016-12-22 15:00:00+00:00,68.87,68.92,68.39,68.55,417265.0,68.5933,3819.0
2016-12-22 16:00:00+00:00,68.552,68.9,68.38,68.83,333120.0,68.5848,3751.0
2016-12-22 17:00:00+00:00,68.82,69.16,68.73,69.05,500184.0,68.9911,4034.0
2016-12-22 18:00:00+00:00,69.04,69.24,69.01,69.065,348195.0,69.1433,2939.0
2016-12-22 19:00:00+00:00,69.065,69.095,68.55,68.68,424575.0,68.8444,3575.0
2016-12-22 20:00:00+00:00,68.68,68.74,68.52,68.71,536443.0,68.6247,5854.0
2016-12-22 21:00:00+00:00,68.72,68.72,68.72,68.72,44553.0,68.72,12.0
2016-12-23 14:00:00+00:00,68.5,68.69,68.25,68.66,182179.0,68.4997,1314.0
2016-12-23 15:00:00+00:00,68.645,69.0,68.6302,68.83,178171.0,68.7888,1992.0
2016-12-23 16:00:00+00:00,68.86,69.14,68.8,69.11,167764.0,69.0082,1657.0
2016-12-23 17:00:00+00:00,69.08,69.2,68.87,68.97,182872.0,69.053,1501.0
2016-12-23 18:00:00+00:00,68.96,69.04,68.84,68.86,87754.0,68.9593,1055.0
2016-12-23 19:00:00+00:00,68.87,68.95,68.76,68.82,111808.0,68.8638,1212.0
2016-12-23 20:00:00+00:00,68.84,68.99,68.8,68.951,386578.0,68.9286,3833.0
2016-12-23 21:00:00+00:00,68.96,69.0,68.95,69.0,26737.0,68.96,17.0
2016-12-27 13:00:00+00:00,68.96,68.96,68.95,68.95,17571.0,68.9599,2.0
2016-12-27 14:00:00+00:00,69.0,69.85,69.0,69.81,239542.0,69.5459,1796.0
2016-12-27 15:00:00+00:00,69.81,69.81,69.4,69.53,233979.0,69.533,2484.0
2016-12-27 16:00:00+00:00,69.51,69.54,69.36,69.43,280498.0,69.4283,2594.0
2016-12-27 17:00:00+00:00,69.43,69.48,69.14,69.47,393355.0,69.3201,3018.0
2016-12-27 18:00:00+00:00,69.46,69.4935,69.4,69.49,92711.0,69.4398,1281.0
2016-12-27 19:00:00+00:00,69.498,69.62,69.4579,69.49,173584.0,69.5211,1980.0
2016-12-27 20:00:00+00:00,69.48,69.56,69.4,69.44,566138.0,69.481,5638.0
2016-12-27 21:00:00+00:00,69.45,69.45,69.45,69.45,18173.0,69.4436,7.0
2016-12-28 13:00:00+00:00,69.88,69.88,69.88,69.88,100.0,69.88,1.0
2016-12-28 14:00:00+00:00,69.15,69.32,68.85,69.09,364352.0,69.0374,2501.0
2016-12-28 15:00:00+00:00,69.08,69.19,68.88,69.0496,405033.0,68.9959,3573.0
2016-12-28 16:00:00+00:00,69.04,69.33,68.95,69.07,235025.0,69.118,2522.0
2016-12-28 17:00:00+00:00,69.08,69.11,68.74,68.82,286099.0,68.9273,2678.0
2016-12-28 18:00:00+00:00,68.81,68.83,68.68,68.71,192548.0,68.7751,2074.0
2016-12-28 19:00:00+00:00,68.7,68.77,68.475,68.56,184592.0,68.5982,2055.0
2016-12-28 20:00:00+00:00,68.56,68.84,68.5456,68.69,547824.0,68.7091,6064.0
2016-12-28 21:00:00+00:00,68.67,68.67,68.67,68.67,11291.0,68.67,7.0
2016-12-29 14:00:00+00:00,68.67,69.49,68.62,69.38,256359.0,69.2233,1908.0
2016-12-29 15:00:00+00:00,69.36,69.65,68.9,68.99,364100.0,69.29,2775.0
2016-12-29 16:00:00+00:00,68.99,69.02,68.53,68.6,326392.0,68.9287,2426.0
2016-12-29 17:00:00+00:00,68.58,68.5937,68.25,68.54,175588.0,68.3638,1781.0
2016-12-29 18:00:00+00:00,68.5385,68.56,68.31,68.52,138321.0,68.4374,1606.0
2016-12-29 19:00:00+00:00,68.53,68.74,68.53,68.55,159459.0,68.6311,1814.0
2016-12-29 20:00:00+00:00,68.55,68.63,68.47,68.59,358417.0,68.5723,3948.0
2016-12-29 21:00:00+00:00,68.63,68.63,68.63,68.63,14650.0,68.63,10.0
2016-12-30 14:00:00+00:00,68.56,69.17,68.42,68.47,243498.0,68.8112,1872.0
2016-12-30 15:00:00+00:00,68.45,68.62,68.38,68.48,214116.0,68.4962,2090.0
2016-12-30 16:00:00+00:00,68.49,68.92,68.41,68.69,177030.0,68.6111,1713.0
2016-12-30 17:00:00+00:00,68.69,68.72,68.5046,68.6296,146013.0,68.6237,1505.0
2016-12-30 18:00:00+00:00,68.64,68.65,68.39,68.44,118043.0,68.5513,1422.0
2016-12-30 19:00:00+00:00,68.44,68.47,68.12,68.18,216146.0,68.3239,2417.0
2016-12-30 20:00:00+00:00,68.18,68.46,68.12,68.35,738219.0,68.2792,6804.0
2016-12-30 21:00:00+00:00,68.32,68.38,68.2,68.22,76817.0,68.3163,37.0
2016-12-31 00:00:00+00:00,68.32,68.32,68.32,68.32,400.0,68.32,2.0
2017-01-03 14:00:00+00:00,69.32,70.87,68.84,70.64,807142.0,70.2731,5516.0
2017-01-03 15:00:00+00:00,70.69,71.4,70.49,70.54,910847.0,70.9105,7510.0
2017-01-03 16:00:00+00:00,70.53,70.84,70.14,70.22,479368.0,70.4545,4621.0
2017-01-03 17:00:00+00:00,70.21,70.64,70.01,70.58,368711.0,70.2816,3826.0
2017-01-03 18:00:00+00:00,70.6,70.77,70.16,70.28,424647.0,70.5575,3792.0
2017-01-03 19:00:00+00:00,70.29,70.48,70.16,70.37,306497.0,70.3108,3294.0
2017-01-03 20:00:00+00:00,70.36,70.49,70.12,70.41,837463.0,70.3534,8557.0
2017-01-03 21:00:00+00:00,70.42,70.5,70.42,70.5,5540.0,70.4591,17.0
2017-01-04 12:00:00+00:00,70.1,70.1,69.7,69.7,1100.0,69.8818,3.0
2017-01-04 13:00:00+00:00,69.4,70.4,69.4,69.96,7898.0,69.8761,34.0
2017-01-04 14:00:00+00:00,69.81,69.91,68.5,68.9526,1011723.0,69.034,6601.0
2017-01-04 15:00:00+00:00,68.95,69.51,68.5823,68.7225,1268305.0,68.9607,8256.0
2017-01-04 16:00:00+00:00,68.73,68.82,68.13,68.24,823405.0,68.4313,6318.0
2017-01-04 17:00:00+00:00,68.26,68.5199,68.08,68.36,630154.0,68.2816,4919.0
2017-01-04 18:00:00+00:00,68.36,68.37,67.44,67.67,1033953.0,67.7571,7585.0
2017-01-04 19:00:00+00:00,67.67,68.1,67.39,68.0,800929.0,67.7148,6174.0
2017-01-04 20:00:00+00:00,68.0,68.26,67.85,67.91,1403042.0,68.012,12520.0
2017-01-04 21:00:00+00:00,67.89,68.3421,67.89,68.3421,32311.0,68.0086,23.0
2017-01-04 22:00:00+00:00,67.9,67.9,67.75,67.75,1000.0,67.7657,3.0
2017-01-05 13:00:00+00:00,68.15,68.63,68.15,68.63,9106.0,68.4542,28.0
2017-01-05 14:00:00+00:00,68.53,68.6,67.055,67.52,867890.0,67.6462,5452.0
2017-01-05 15:00:00+00:00,67.55,67.65,66.83,67.55,1131050.0,67.2929,8447.0
2017-01-05 16:00:00+00:00,67.61,67.61,66.54,66.88,1137310.0,66.9062,9226.0
2017-01-05 17:00:00+00:00,66.8955,67.0,66.66,66.81,456524.0,66.8627,4242.0
2017-01-05 18:00:00+00:00,66.815,67.23,66.815,66.96,447206.0,67.0353,3415.0
2017-01-05 19:00:00+00:00,66.9625,67.19,66.84,67.15,480751.0,67.0272,4819.0
2017-01-05 20:00:00+00:00,67.15,67.84,67.14,67.69,1496069.0,67.6029,12624.0
2017-01-05 21:00:00+00:00,67.68,67.68,67.67,67.68,107153.0,67.6799,13.0
2017-01-05 22:00:00+00:00,67.63,67.63,67.4,67.5,2722.0,67.504,17.0
2017-01-06 13:00:00+00:00,67.68,67.68,67.5,67.5,692.0,67.5474,6.0
2017-01-06 14:00:00+00:00,67.5,67.88,66.99,67.22,366813.0,67.2677,3061.0
2017-01-06 15:00:00+00:00,67.24,67.35,66.94,66.97,612285.0,67.1503,4470.0
2017-01-06 16:00:00+00:00,66.98,67.33,66.87,67.07,320992.0,67.1038,3397.0
2017-01-06 17:00:00+00:00,67.07,67.32,66.95,67.21,270839.0,67.1428,2833.0
2017-01-06 18:00:00+00:00,67.22,67.27,67.01,67.24,287784.0,67.1224,3166.0
2017-01-06 19:00:00+00:00,67.24,67.39,66.85,66.8792,497704.0,67.1174,4186.0
2017-01-06 20:00:00+00:00,66.87,66.95,66.63,66.6628,991848.0,66.8034,9335.0
2017-01-06 21:00:00+00:00,66.66,66.7,66.66,66.66,87309.0,66.7362,12.0
2017-01-06 22:00:00+00:00,66.75,66.75,66.66,66.66,1395.0,66.7115,7.0
2017-01-06 23:00:00+00:00,66.66,66.66,66.66,66.66,150.0,66.66,1.0
2017-01-07 00:00:00+00:00,66.64,66.66,66.64,66.66,350.0,66.6543,3.0
2017-01-09 13:00:00+00:00,66.65,66.65,66.25,66.25,760.0,66.4053,2.0
2017-01-09 14:00:00+00:00,66.25,66.6,65.45,65.56,698837.0,65.8706,3616.0
2017-01-09 15:00:00+00:00,65.52,66.42,65.52,66.42,611801.0,65.8867,5120.0
2017-01-09 16:00:00+00:00,66.42,66.43,65.97,66.16,479915.0,66.2473,3763.0
2017-01-09 17:00:00+00:00,66.16,66.37,66.1,66.2546,568665.0,66.1751,3897.0
2017-01-09 18:00:00+00:00,66.26,66.33,66.095,66.22,404995.0,66.1984,3415.0
2017-01-09 19:00:00+00:00,66.22,66.22,65.9411,66.165,552308.0,66.0618,3793.0
2017-01-09 20:00:00+00:00,66.16,66.54,66.13,66.38,1362902.0,66.3899,12372.0
2017-01-09 21:00:00+00:00,66.37,66.37,66.37,66.37,25426.0,66.37,9.0
2017-01-10 14:00:00+00:00,66.32,66.77,66.02,66.51,373907.0,66.3263,2563.0
2017-01-10 15:00:00+00:00,66.51,67.31,66.44,67.16,651790.0,66.8471,5048.0
2017-01-10 16:00:00+00:00,67.16,67.66,67.06,67.49,604394.0,67.3847,4613.0
2017-01-10 17:00:00+00:00,67.48,67.57,67.19,67.25,312768.0,67.4055,3243.0
2017-01-10 18:00:00+00:00,67.2636,67.35,66.72,66.8,299458.0,67.023,3065.0
2017-01-10 19:00:00+00:00,66.84,67.11,66.75,66.89,572902.0,66.9147,5077.0
2017-01-10 20:00:00+00:00,66.88,66.95,66.44,66.545,1762370.0,66.6707,12484.0
2017-01-10 21:00:00+00:00,66.53,66.53,66.5,66.5,208337.0,66.5299,15.0
2017-01-11 14:00:00+00:00,66.78,67.0673,66.27,66.98,450779.0,66.7941,3533.0
2017-01-11 15:00:00+00:00,67.03,67.23,66.53,67.0,611853.0,66.9559,5025.0
2017-01-11 16:00:00+00:00,66.99,67.18,66.62,67.16,319324.0,66.8576,3273.0
2017-01-11 17:00:00+00:00,67.14,67.24,66.81,67.1423,311576.0,66.997,3115.0
2017-01-11 18:00:00+00:00,67.14,67.18,66.76,67.04,285594.0,66.9441,2974.0
2017-01-11 19:00:00+00:00,67.04,67.145,66.84,66.94,306815.0,66.9872,2905.0
2017-01-11 20:00:00+00:00,66.93,67.16,66.8644,67.07,656034.0,67.0185,6626.0
2017-01-11 21:00:00+00:00,67.08,67.08,67.08,67.08,143378.0,67.08,18.0
2017-01-12 00:00:00+00:00,67.0,67.0,67.0,67.0,200.0,67.0,1.0
2017-01-12 13:00:00+00:00,66.98,66.98,66.98,66.98,2749.0,67.0436,3.0
2017-01-12 14:00:00+00:00,67.08,67.08,66.09,66.21,439599.0,66.3182,2961.0
2017-01-12 15:00:00+00:00,66.24,66.31,65.37,65.43,901768.0,65.7321,7220.0
2017-01-12 16:00:00+00:00,65.46,65.88,65.4,65.7,479553.0,65.6757,4025.0
2017-01-12 17:00:00+00:00,65.7086,66.33,65.67,66.2935,436381.0,66.0652,3199.0
2017-01-12 18:00:00+00:00,66.3,66.82,66.3,66.68,575869.0,66.5956,4517.0
2017-01-12 19:00:00+00:00,66.68,66.88,66.52,66.88,475677.0,66.6995,4211.0
2017-01-12 20:00:00+00:00,66.875,66.9,66.495,66.525,940591.0,66.6126,8611.0
2017-01-12 21:00:00+00:00,66.52,66.52,66.52,66.52,12108.0,66.52,11.0
2017-01-13 00:00:00+00:00,66.5,66.52,66.5,66.52,750.0,66.512,3.0
2017-01-13 14:00:00+00:00,66.21,66.75,66.15,66.37,268449.0,66.4923,2286.0
2017-01-13 15:00:00+00:00,66.3515,66.83,66.34,66.81,407453.0,66.6337,3551.0
2017-01-13 16:00:00+00:00,66.81,66.84,66.5,66.58,323189.0,66.6732,2937.0
2017-01-13 17:00:00+00:00,66.5641,66.6141,66.2031,66.23,271732.0,66.3807,2518.0
2017-01-13 18:00:00+00:00,66.23,66.3,65.941,66.11,413563.0,66.122,3571.0
2017-01-13 19:00:00+00:00,66.12,66.55,66.08,66.51,468267.0,66.3225,3827.0
2017-01-13 20:00:00+00:00,66.51,66.56,66.33,66.41,700830.0,66.4424,7857.0
2017-01-13 21:00:00+00:00,66.39,66.39,66.39,66.39,19301.0,66.39,14.0
2017-01-13 22:00:00+00:00,66.5,66.5,66.5,66.5,300.0,66.5,1.0
2017-01-17 13:00:00+00:00,66.25,66.25,66.25,66.25,151.0,66.2334,3.0
2017-01-17 14:00:00+00:00,66.54,68.19,66.54,67.55,864712.0,67.6531,5044.0
2017-01-17 15:00:00+00:00,67.53,67.68,67.02,67.64,888896.0,67.3319,6787.0
2017-01-17 16:00:00+00:00,67.6145,67.66,67.15,67.435,391003.0,67.3861,3889.0
2017-01-17 17:00:00+00:00,67.44,67.45,66.96,66.97,234835.0,67.1944,2473.0
2017-01-17 18:00:00+00:00,66.98,66.98,66.3,66.39,430319.0,66.6072,4092.0
2017-01-17 19:00:00+00:00,66.4,66.44,65.86,65.87,592377.0,66.1482,5700.0
2017-01-17 20:00:00+00:00,65.875,66.26,65.78,66.18,1142930.0,66.0983,10132.0
2017-01-17 21:00:00+00:00,66.19,66.19,66.19,66.19,14486.0,66.19,16.0
2017-01-17 23:00:00+00:00,66.47,66.47,66.47,66.47,200.0,66.47,1.0
2017-01-18 14:00:00+00:00,66.2,66.71,66.16,66.355,412279.0,66.3217,2726.0
2017-01-18 15:00:00+00:00,66.35,67.1282,66.3,66.95,499933.0,66.8748,4134.0
2017-01-18 16:00:00+00:00,66.9469,67.365,66.895,67.2,460235.0,67.1216,3946.0
2017-01-18 17:00:00+00:00,67.2,67.23,66.71,66.71,275553.0,67.0158,2753.0
2017-01-18 18:00:00+00:00,66.71,66.739,66.42,66.448,388292.0,66.5342,3589.0
2017-01-18 19:00:00+00:00,66.45,66.525,66.3,66.44,508848.0,66.4061,3905.0
2017-01-18 20:00:00+00:00,66.43,66.76,66.43,66.74,891150.0,66.6251,7979.0
2017-01-18 21:00:00+00:00,66.75,66.75,66.7,66.7,383905.0,66.75,25.0
2017-01-19 14:00:00+00:00,66.68,66.77,66.01,66.1,475874.0,66.2599,3062.0
2017-01-19 15:00:00+00:00,66.11,66.15,65.68,65.92,713857.0,65.7974,4977.0
2017-01-19 16:00:00+00:00,65.91,66.54,65.53,66.38,612584.0,66.0368,4456.0
2017-01-19 17:00:00+00:00,66.3783,66.4,66.13,66.29,270166.0,66.3103,2478.0
2017-01-19 18:00:00+00:00,66.29,66.31,65.96,66.0,223993.0,66.1812,2748.0
2017-01-19 19:00:00+00:00,66.005,66.11,65.72,65.73,404348.0,65.9532,3926.0
2017-01-19 20:00:00+00:00,65.72,66.13,65.72,66.07,707299.0,65.98,6997.0
2017-01-19 21:00:00+00:00,66.07,66.07,66.07,66.07,75914.0,66.07,16.0
2017-01-20 00:00:00+00:00,66.28,66.28,66.17,66.17,300.0,66.2433,2.0
2017-01-20 14:00:00+00:00,66.35,66.635,65.68,65.75,542023.0,66.2428,2588.0
2017-01-20 15:00:00+00:00,65.7483,66.31,65.72,66.28,406348.0,65.9906,3772.0
2017-01-20 16:00:00+00:00,66.29,66.3,66.13,66.23,249850.0,66.2009,2180.0
2017-01-20 17:00:00+00:00,66.24,66.259,65.7,65.84,240007.0,65.9743,2361.0
2017-01-20 18:00:00+00:00,65.84,66.13,65.75,66.03,209693.0,65.9778,2047.0
2017-01-20 19:00:00+00:00,66.02,66.18,65.8,66.15,243436.0,65.9987,2401.0
2017-01-20 20:00:00+00:00,66.15,66.28,66.01,66.235,656698.0,66.165,6068.0
2017-01-20 21:00:00+00:00,66.24,66.33,66.24,66.33,19391.0,66.2411,17.0
2017-01-23 13:00:00+00:00,66.24,66.33,66.23,66.33,1075.0,66.2751,4.0
2017-01-23 14:00:00+00:00,66.49,66.52,65.8,66.3,455000.0,66.0739,2883.0
2017-01-23 15:00:00+00:00,66.25,66.5,65.68,65.69,778259.0,66.0148,5186.0
2017-01-23 16:00:00+00:00,65.71,65.9,65.675,65.78,560665.0,65.7357,4018.0
2017-01-23 17:00:00+00:00,65.785,66.19,65.68,66.15,339414.0,65.9109,2780.0
2017-01-23 18:00:00+00:00,66.14,66.31,66.0,66.03,328010.0,66.1792,2919.0
2017-01-23 19:00:00+00:00,66.04,66.11,65.852,66.1,261504.0,65.9724,2171.0
2017-01-23 20:00:00+00:00,66.09,66.34,66.05,66.2599,747014.0,66.2355,6997.0
2017-01-23 21:00:00+00:00,66.25,66.25,66.25,66.25,168779.0,66.25,19.0
2017-01-24 14:00:00+00:00,66.44,66.8,66.17,66.61,348287.0,66.6225,1774.0
2017-01-24 15:00:00+00:00,66.64,67.17,66.5,66.82,651341.0,66.8116,4676.0
2017-01-24 16:00:00+00:00,66.815,67.02,66.62,66.97,340048.0,66.8218,3245.0
2017-01-24 17:00:00+00:00,66.98,67.33,66.97,67.3,273714.0,67.1547,2503.0
2017-01-24 18:00:00+00:00,67.295,67.91,67.29,67.67,546522.0,67.6226,4201.0
2017-01-24 19:00:00+00:00,67.66,68.02,67.66,68.01,411197.0,67.8346,3630.0
2017-01-24 20:00:00+00:00,68.015,68.02,67.82,67.86,920289.0,67.9026,8165.0
2017-01-24 21:00:00+00:00,67.86,67.86,67.86,67.86,25312.0,67.86,16.0
2017-01-25 14:00:00+00:00,68.23,68.33,67.71,67.89,521609.0,68.0488,3251.0
2017-01-25 15:00:00+00:00,67.86,68.13,67.3,68.04,947234.0,67.6663,6729.0
2017-01-25 16:00:00+00:00,68.04,68.06,67.72,67.89,623414.0,67.9038,4658.0
2017-01-25 17:00:00+00:00,67.89,68.06,67.83,67.94,305357.0,67.9749,2948.0
2017-01-25 18:00:00+00:00,67.94,68.07,67.74,67.93,322626.0,67.9161,3470.0
2017-01-25 19:00:00+00:00,67.92,68.27,67.9091,68.13,559505.0,68.1423,4980.0
2017-01-25 20:00:00+00:00,68.13,68.4,68.055,68.32,973848.0,68.2438,9189.0
2017-01-25 21:00:00+00:00,68.33,68.33,68.33,68.33,90449.0,68.33,16.0
2017-01-26 00:00:00+00:00,68.36,68.36,68.01,68.01,500.0,68.29,3.0
2017-01-26 14:00:00+00:00,68.38,68.49,67.97,68.24,428777.0,68.2084,2718.0
2017-01-26 15:00:00+00:00,68.24,68.29,67.97,68.015,584934.0,68.1091,6120.0
2017-01-26 16:00:00+00:00,68.01,68.14,67.83,67.85,572453.0,67.9803,4716.0
2017-01-26 17:00:00+00:00,67.855,67.9027,67.585,67.77,379010.0,67.7945,3916.0
2017-01-26 18:00:00+00:00,67.78,67.81,67.44,67.72,420733.0,67.6768,3417.0
2017-01-26 19:00:00+00:00,67.73,67.89,67.65,67.83,320410.0,67.7961,3502.0
2017-01-26 20:00:00+00:00,67.82,67.82,67.2,67.38,954805.0,67.3739,9404.0
2017-01-26 21:00:00+00:00,67.37,68.0,67.37,67.95,16677.0,67.4249,27.0
2017-01-26 23:00:00+00:00,67.77,67.89,67.77,67.89,355.0,67.8562,3.0
2017-01-27 00:00:00+00:00,67.77,67.89,67.77,67.8,925.0,67.7992,4.0
2017-01-27 13:00:00+00:00,67.85,67.85,67.85,67.85,200.0,67.85,1.0
2017-01-27 14:00:00+00:00,67.62,68.52,67.59,68.25,662063.0,68.1811,4365.0
2017-01-27 15:00:00+00:00,68.268,68.54,67.96,67.98,643910.0,68.3169,5106.0
2017-01-27 16:00:00+00:00,67.98,68.14,67.74,67.839,404123.0,67.9661,3676.0
2017-01-27 17:00:00+00:00,67.8338,67.87,66.97,67.04,567555.0,67.3711,4937.0
2017-01-27 18:00:00+00:00,67.07,67.07,66.71,66.9478,560650.0,66.8528,4917.0
2017-01-27 19:00:00+00:00,66.94,67.21,66.89,67.21,463577.0,67.078,4262.0
2017-01-27 20:00:00+00:00,67.21,67.31,66.93,67.3,1075075.0,67.1407,9176.0
2017-01-27 21:00:00+00:00,67.31,67.31,67.31,67.31,6864.0,67.31,6.0
2017-01-27 22:00:00+00:00,67.47,67.47,67.47,67.47,500.0,67.47,1.0
2017-01-30 14:00:00+00:00,67.35,67.58,66.61,66.6708,393248.0,67.054,2758.0
2017-01-30 15:00:00+00:00,66.67,68.12,66.61,66.9,1355268.0,67.377,9812.0
2017-01-30 16:00:00+00:00,66.89,67.78,66.88,67.76,875000.0,67.366,5723.0
2017-01-30 17:00:00+00:00,67.76,68.0,67.61,67.665,557150.0,67.7982,5373.0
2017-01-30 18:00:00+00:00,67.6686,67.83,67.4,67.65,511324.0,67.6359,5161.0
2017-01-30 19:00:00+00:00,67.65,67.9,67.57,67.79,668962.0,67.7862,6405.0
2017-01-30 20:00:00+00:00,67.8,68.3,67.59,68.16,1937453.0,67.8776,15262.0
2017-01-30 21:00:00+00:00,68.15,68.23,67.72,67.72,1056917.0,68.2298,34.0
2017-01-30 22:00:00+00:00,68.23,68.39,68.13,68.33,31268.0,68.2324,29.0
2017-01-30 23:00:00+00:00,68.17,68.68,68.17,68.68,3520.0,68.3537,11.0
2017-01-31 12:00:00+00:00,68.73,68.73,68.24,68.25,4275.0,68.3086,14.0
2017-01-31 13:00:00+00:00,68.45,68.65,67.0,67.3,2650.0,67.886,22.0
2017-01-31 14:00:00+00:00,67.5,68.01,65.54,65.81,2400446.0,66.0164,13176.0
2017-01-31 15:00:00+00:00,65.81,66.33,65.26,65.505,2593474.0,65.6396,17507.0
2017-01-31 16:00:00+00:00,65.49,65.62,64.45,65.06,1508391.0,65.0459,9878.0
2017-01-31 17:00:00+00:00,65.0885,65.69,64.89,65.6099,903489.0,65.2474,6891.0
2017-01-31 18:00:00+00:00,65.6,65.71,64.98,65.05,737700.0,65.3115,6538.0
2017-01-31 19:00:00+00:00,65.05,65.745,64.77,65.66,919842.0,65.2263,7407.0
2017-01-31 20:00:00+00:00,65.6876,65.955,65.6,65.76,1631455.0,65.773,13526.0
2017-01-31 21:00:00+00:00,65.76,65.76,65.76,65.76,205789.0,65.7515,24.0
2017-01-31 23:00:00+00:00,65.76,65.76,65.76,65.76,1100.0,65.76,4.0
2017-02-01 00:00:00+00:00,65.76,65.85,65.76,65.85,210.0,65.8071,2.0
2017-02-01 13:00:00+00:00,65.85,66.0,65.76,66.0,4988.0,65.8173,9.0
2017-02-01 14:00:00+00:00,66.31,66.74,65.3099,65.55,722941.0,65.9774,4300.0
2017-02-01 15:00:00+00:00,65.62,65.62,65.0,65.13,987340.0,65.2122,7947.0
2017-02-01 16:00:00+00:00,65.125,65.65,64.81,65.13,666131.0,65.1651,6363.0
2017-02-01 17:00:00+00:00,65.14,65.2,64.81,64.91,442549.0,64.9544,4583.0
2017-02-01 18:00:00+00:00,64.91,65.23,64.83,64.96,433660.0,65.0071,4318.0
2017-02-01 19:00:00+00:00,64.94,65.22,64.86,65.14,590043.0,65.0742,5076.0
2017-02-01 20:00:00+00:00,65.13,65.45,65.09,65.38,1152079.0,65.276,10372.0
2017-02-01 21:00:00+00:00,65.37,65.38,65.37,65.37,33408.0,65.3703,25.0
2017-02-02 14:00:00+00:00,65.02,65.62,65.01,65.26,459392.0,65.2996,2361.0
2017-02-02 15:00:00+00:00,65.26,65.93,65.1,65.675,892848.0,65.4466,7349.0
2017-02-02 16:00:00+00:00,65.68,66.08,65.62,65.79,762767.0,65.9044,6330.0
2017-02-02 17:00:00+00:00,65.79,65.83,65.4922,65.5,513795.0,65.6955,4906.0
2017-02-02 18:00:00+00:00,65.51,65.81,65.3,65.33,551336.0,65.5474,5201.0
2017-02-02 19:00:00+00:00,65.32,65.45,64.62,64.9,821461.0,65.0101,6694.0
2017-02-02 20:00:00+00:00,64.9,65.7778,64.89,65.41,1416630.0,65.2437,11883.0
2017-02-02 21:00:00+00:00,65.32,65.42,65.32,65.409,247935.0,65.327,18.0
2017-02-02 22:00:00+00:00,65.41,65.41,65.41,65.41,100.0,65.41,1.0
2017-02-02 23:00:00+00:00,65.43,65.43,65.43,65.43,100.0,65.43,1.0
2017-02-03 14:00:00+00:00,65.47,65.6,64.83,65.07,647963.0,65.1069,3507.0
2017-02-03 15:00:00+00:00,65.11,65.7,64.92,65.56,972103.0,65.2593,6064.0
2017-02-03 16:00:00+00:00,65.56,65.65,65.24,65.33,437800.0,65.4721,3942.0
2017-02-03 17:00:00+00:00,65.33,65.49,65.24,65.38,269508.0,65.3538,2859.0
2017-02-03 18:00:00+00:00,65.38,65.58,65.28,65.3,424471.0,65.4437,3358.0
2017-02-03 19:00:00+00:00,65.3,65.5,65.295,65.491,382241.0,65.4244,3348.0
2017-02-03 20:00:00+00:00,65.495,65.55,65.43,65.49,894473.0,65.4861,7776.0
2017-02-03 21:00:00+00:00,65.51,65.51,65.51,65.51,14620.0,65.51,11.0
2017-02-06 14:00:00+00:00,65.51,65.89,65.31,65.42,282877.0,65.6128,2039.0
2017-02-06 15:00:00+00:00,65.42,66.12,65.385,65.85,525082.0,65.8497,4356.0
2017-02-06 16:00:00+00:00,65.84,66.05,65.6,65.66,492855.0,65.8834,3787.0
2017-02-06 17:00:00+00:00,65.65,65.6799,64.94,64.96,512463.0,65.2566,3661.0
2017-02-06 18:00:00+00:00,64.95,65.24,64.91,65.17,442020.0,65.0345,3154.0
2017-02-06 19:00:00+00:00,65.16,65.44,65.13,65.31,314965.0,65.3094,2930.0
2017-02-06 20:00:00+00:00,65.306,65.39,65.05,65.12,1008431.0,65.1714,8201.0
2017-02-06 21:00:00+00:00,65.11,65.12,65.11,65.12,19534.0,65.1101,18.0
2017-02-06 22:00:00+00:00,65.2,65.2,65.2,65.2,650.0,65.2,3.0
2017-02-06 23:00:00+00:00,65.2,65.2,65.2,65.2,300.0,65.2,3.0
2017-02-07 00:00:00+00:00,65.25,65.25,65.25,65.25,110.0,65.25,2.0
2017-02-07 13:00:00+00:00,65.3,65.3,65.3,65.3,100.0,65.3,1.0
2017-02-07 14:00:00+00:00,65.13,65.85,64.85,65.78,801473.0,65.5383,5219.0
2017-02-07 15:00:00+00:00,65.75,66.25,65.68,65.885,1120447.0,66.0284,10295.0
2017-02-07 16:00:00+00:00,65.88,66.073,65.455,65.6,660425.0,65.6812,6207.0
2017-02-07 17:00:00+00:00,65.6101,65.63,65.21,65.221,305248.0,65.3887,3795.0
2017-02-07 18:00:00+00:00,65.22,65.57,65.19,65.47,420935.0,65.4147,4179.0
2017-02-07 19:00:00+00:00,65.476,65.5325,65.19,65.33,348876.0,65.3634,3586.0
2017-02-07 20:00:00+00:00,65.33,65.49,65.275,65.42,775477.0,65.3713,7661.0
2017-02-07 21:00:00+00:00,65.44,65.44,65.35,65.35,95665.0,65.4388,34.0
2017-02-07 22:00:00+00:00,65.41,65.41,65.41,65.41,200.0,65.41,1.0
2017-02-08 14:00:00+00:00,65.27,65.64,65.1,65.28,292751.0,65.3072,2384.0
2017-02-08 15:00:00+00:00,65.27,66.6,65.0,66.2,1089501.0,65.8737,9309.0
2017-02-08 16:00:00+00:00,66.18,66.86,66.1284,66.58,760801.0,66.5452,6071.0
2017-02-08 17:00:00+00:00,66.59,66.8,66.34,66.42,268723.0,66.5301,2823.0
2017-02-08 18:00:00+00:00,66.42,66.74,66.41,66.73,323216.0,66.5938,3149.0
2017-02-08 19:00:00+00:00,66.72,67.03,66.66,67.02,423876.0,66.8457,4174.0
2017-02-08 20:00:00+00:00,67.015,67.14,66.995,67.0728,877740.0,67.0618,8761.0
2017-02-08 21:00:00+00:00,67.08,67.08,67.08,67.08,25750.0,67.08,16.0
2017-02-08 22:00:00+00:00,67.08,67.08,67.08,67.08,151.0,67.08,1.0
2017-02-08 23:00:00+00:00,67.08,67.08,67.08,67.08,100.0,67.08,1.0
2017-02-09 00:00:00+00:00,67.01,67.01,67.01,67.01,300.0,67.0206,3.0
2017-02-09 14:00:00+00:00,67.27,67.55,67.2,67.5122,284130.0,67.3648,2237.0
2017-02-09 15:00:00+00:00,67.55,67.65,67.3,67.495,403883.0,67.5106,3441.0
2017-02-09 16:00:00+00:00,67.48,67.7325,67.31,67.67,273610.0,67.5619,2997.0
2017-02-09 17:00:00+00:00,67.66,67.89,67.535,67.68,289237.0,67.7193,2771.0
2017-02-09 18:00:00+00:00,67.6664,67.83,67.61,67.65,244806.0,67.7079,2379.0
2017-02-09 19:00:00+00:00,67.658,67.8,67.575,67.74,253673.0,67.6788,2567.0
2017-02-09 20:00:00+00:00,67.73,67.76,67.55,67.615,796411.0,67.6535,7029.0
2017-02-09 21:00:00+00:00,67.62,67.62,67.62,67.62,14540.0,67.62,11.0
2017-02-10 14:00:00+00:00,67.85,68.0,67.5201,67.57,282405.0,67.8016,2107.0
2017-02-10 15:00:00+00:00,67.603,67.77,67.31,67.33,418566.0,67.5207,3764.0
2017-02-10 16:00:00+00:00,67.32,67.51,67.25,67.51,278300.0,67.3648,2538.0
2017-02-10 17:00:00+00:00,67.5,67.74,67.41,67.59,235690.0,67.6022,2373.0
2017-02-10 18:00:00+00:00,67.58,67.64,67.44,67.49,208648.0,67.5505,1948.0
2017-02-10 19:00:00+00:00,67.48,67.49,67.28,67.39,378446.0,67.3697,2898.0
2017-02-10 20:00:00+00:00,67.4035,67.56,67.34,67.47,623567.0,67.4499,5682.0
2017-02-10 21:00:00+00:00,67.47,67.47,67.47,67.47,23112.0,67.47,7.0
2017-02-10 22:00:00+00:00,67.47,67.47,67.47,67.47,100.0,67.47,1.0
2017-02-10 23:00:00+00:00,67.47,67.47,67.47,67.47,650.0,67.47,2.0
2017-02-11 00:00:00+00:00,67.47,67.47,67.47,67.47,500.0,67.47,4.0
2017-02-13 13:00:00+00:00,66.96,67.0,66.75,66.75,3314.0,66.8108,15.0
2017-02-13 14:00:00+00:00,66.86,67.23,66.65,67.19,356723.0,67.0088,2510.0
2017-02-13 15:00:00+00:00,67.17,67.43,66.8,66.84,458149.0,67.1641,4100.0
2017-02-13 16:00:00+00:00,66.85,67.3,66.77,66.88,354046.0,66.9889,3257.0
2017-02-13 17:00:00+00:00,66.85,67.06,66.81,67.06,247870.0,66.9463,2428.0
2017-02-13 18:00:00+00:00,67.0546,67.175,66.96,66.97,222336.0,67.0856,2168.0
2017-02-13 19:00:00+00:00,66.97,67.08,66.87,67.0,313961.0,66.9825,2974.0
2017-02-13 20:00:00+00:00,67.01,67.21,66.97,67.06,598113.0,67.0881,5906.0
2017-02-13 21:00:00+00:00,67.04,67.04,67.04,67.04,386529.0,67.04,19.0
2017-02-14 14:00:00+00:00,67.23,67.39,66.91,67.1401,308055.0,67.195,2175.0
2017-02-14 15:00:00+00:00,67.14,67.31,67.05,67.31,399844.0,67.1998,3913.0
2017-02-14 16:00:00+00:00,67.3039,67.69,67.16,67.2,390808.0,67.4107,3400.0
2017-02-14 17:00:00+00:00,67.2,67.525,67.18,67.469,199200.0,67.3699,2244.0
2017-02-14 18:00:00+00:00,67.465,67.62,67.39,67.39,218131.0,67.527,2209.0
2017-02-14 19:00:00+00:00,67.38,67.55,67.37,67.4,222930.0,67.4661,2354.0
2017-02-14 20:00:00+00:00,67.4,67.67,67.39,67.61,517888.0,67.5713,5670.0
2017-02-14 21:00:00+00:00,67.61,67.62,67.61,67.62,40225.0,67.62,10.0
2017-02-14 22:00:00+00:00,67.62,67.62,67.62,67.62,500.0,67.62,1.0
2017-02-15 00:00:00+00:00,67.7,67.7,67.7,67.7,300.0,67.7,2.0
2017-02-15 14:00:00+00:00,67.69,67.9599,67.45,67.46,205396.0,67.753,1469.0
2017-02-15 15:00:00+00:00,67.47,67.68,67.19,67.49,436511.0,67.3864,4291.0
2017-02-15 16:00:00+00:00,67.48,67.78,67.415,67.5207,254579.0,67.6192,2647.0
2017-02-15 17:00:00+00:00,67.53,67.83,67.46,67.67,171389.0,67.6574,2046.0
2017-02-15 18:00:00+00:00,67.68,67.92,67.68,67.8,219162.0,67.7797,2230.0
2017-02-15 19:00:00+00:00,67.81,67.92,67.62,67.765,314121.0,67.7477,3019.0
2017-02-15 20:00:00+00:00,67.7639,67.87,67.65,67.75,614299.0,67.7268,6050.0
2017-02-15 21:00:00+00:00,67.76,67.76,67.76,67.76,22800.0,67.76,19.0
2017-02-15 22:00:00+00:00,67.4,67.4,67.4,67.4,500.0,67.4,1.0
2017-02-16 13:00:00+00:00,67.34,67.34,67.34,67.34,1000.0,67.34,2.0
2017-02-16 14:00:00+00:00,67.57,67.61,66.83,67.39,406749.0,67.2261,2482.0
2017-02-16 15:00:00+00:00,67.3897,67.42,66.86,67.03,540966.0,67.1407,5019.0
2017-02-16 16:00:00+00:00,67.03,67.14,66.81,66.84,519098.0,66.9715,5067.0
2017-02-16 17:00:00+00:00,66.83,66.87,66.71,66.75,480312.0,66.7786,4660.0
2017-02-16 18:00:00+00:00,66.75,66.92,66.66,66.76,626584.0,66.7623,5594.0
2017-02-16 19:00:00+00:00,66.76,66.81,66.59,66.64,517519.0,66.7008,4877.0
2017-02-16 20:00:00+00:00,66.64,66.68,66.395,66.59,1274256.0,66.5734,11845.0
2017-02-16 21:00:00+00:00,66.6,66.8,66.6,66.8,27128.0,66.6007,18.0
2017-02-16 22:00:00+00:00,66.55,66.55,66.55,66.55,200.0,66.55,2.0
2017-02-16 23:00:00+00:00,66.4,66.4,66.4,66.4,500.0,66.4,1.0
2017-02-17 00:00:00+00:00,66.55,66.55,66.55,66.55,505.0,66.545,4.0
2017-02-17 13:00:00+00:00,66.38,66.6,66.38,66.6,500.0,66.556,2.0
2017-02-17 14:00:00+00:00,66.32,66.505,65.85,65.97,458189.0,66.1943,2611.0
2017-02-17 15:00:00+00:00,65.97,66.11,65.6414,66.07,671266.0,65.8532,5909.0
2017-02-17 16:00:00+00:00,66.07,66.17,65.54,65.74,670435.0,65.844,4959.0
2017-02-17 17:00:00+00:00,65.74,65.76,65.14,65.23,539512.0,65.5073,4552.0
2017-02-17 18:00:00+00:00,65.23,65.34,65.11,65.26,352504.0,65.237,3870.0
2017-02-17 19:00:00+00:00,65.26,65.58,65.23,65.43,359756.0,65.3833,3682.0
2017-02-17 20:00:00+00:00,65.44,65.54,65.29,65.48,1221734.0,65.428,10225.0
2017-02-17 21:00:00+00:00,65.49,65.49,65.49,65.49,25458.0,65.49,14.0
2017-02-17 22:00:00+00:00,65.49,65.49,65.15,65.15,91553.0,65.4895,3.0
2017-02-21 13:00:00+00:00,65.5,65.79,65.5,65.79,1575.0,65.721,4.0
2017-02-21 14:00:00+00:00,65.49,66.16,65.49,65.82,343758.0,65.8343,2179.0
2017-02-21 15:00:00+00:00,65.83,66.34,65.78,65.86,631865.0,66.0237,6068.0
2017-02-21 16:00:00+00:00,65.87,66.13,65.53,66.07,497192.0,65.8689,4481.0
2017-02-21 17:00:00+00:00,66.08,66.21,66.03,66.07,327076.0,66.1175,2958.0
2017-02-21 18:00:00+00:00,66.08,66.29,65.68,66.21,636940.0,65.9963,4584.0
2017-02-21 19:00:00+00:00,66.2,66.47,66.09,66.45,424842.0,66.3068,3885.0
2017-02-21 20:00:00+00:00,66.455,66.46,66.23,66.27,934690.0,66.3411,8865.0
2017-02-21 21:00:00+00:00,66.26,66.27,65.81,65.81,289645.0,66.2677,41.0
2017-02-22 00:00:00+00:00,65.83,65.83,65.83,65.83,120.0,65.8317,2.0
2017-02-22 13:00:00+00:00,66.25,66.25,66.25,66.25,100.0,66.25,1.0
2017-02-22 14:00:00+00:00,66.13,66.52,66.06,66.36,373775.0,66.2874,2649.0
2017-02-22 15:00:00+00:00,66.36,66.545,66.2,66.22,680908.0,66.333,5311.0
2017-02-22 16:00:00+00:00,66.23,66.29,65.78,65.78,893059.0,66.1277,5762.0
2017-02-22 17:00:00+00:00,65.78,66.22,65.74,66.215,302479.0,65.9375,2937.0
2017-02-22 18:00:00+00:00,66.215,66.35,66.1,66.12,394031.0,66.2262,3290.0
2017-02-22 19:00:00+00:00,66.14,66.17,65.84,65.91,428759.0,65.998,4095.0
2017-02-22 20:00:00+00:00,65.92,66.1289,65.86,65.97,767710.0,65.9892,7294.0
2017-02-22 21:00:00+00:00,66.01,66.01,66.01,66.01,36793.0,66.01,15.0
2017-02-22 23:00:00+00:00,66.01,66.01,66.01,66.01,100.0,66.01,1.0
2017-02-23 14:00:00+00:00,66.58,67.09,66.54,66.98,382675.0,66.776,2710.0
2017-02-23 15:00:00+00:00,66.94,67.3,66.8,67.09,576580.0,67.0608,4601.0
2017-02-23 16:00:00+00:00,67.11,67.39,66.69,66.85,680813.0,67.1702,5331.0
2017-02-23 17:00:00+00:00,66.85,67.06,66.72,66.88,292541.0,66.9045,2935.0
2017-02-23 18:00:00+00:00,66.89,67.04,66.76,67.0,233612.0,66.9091,2719.0
2017-02-23 19:00:00+00:00,66.99,67.22,66.92,67.15,348431.0,67.0668,3562.0
2017-02-23 20:00:00+00:00,67.15,67.27,66.93,67.03,1017652.0,67.0733,9040.0
2017-02-23 21:00:00+00:00,67.03,67.03,66.96,66.96,282124.0,67.03,8.0
2017-02-23 22:00:00+00:00,66.9,67.03,66.87,66.87,36821.0,67.0292,3.0
2017-02-24 14:00:00+00:00,66.55,66.9,66.28,66.45,461875.0,66.5186,3225.0
2017-02-24 15:00:00+00:00,66.45,66.54,65.83,66.005,711690.0,66.0705,6492.0
2017-02-24 16:00:00+00:00,66.01,66.23,65.91,66.03,388130.0,66.0954,3497.0
2017-02-24 17:00:00+00:00,66.03,66.64,66.03,66.62,351726.0,66.3978,3245.0
2017-02-24 18:00:00+00:00,66.62,66.79,66.41,66.47,296272.0,66.5975,3062.0
2017-02-24 19:00:00+00:00,66.48,66.54,66.31,66.475,283103.0,66.4558,3071.0
2017-02-24 20:00:00+00:00,66.477,66.7,66.38,66.7,807321.0,66.5446,7760.0
2017-02-24 21:00:00+00:00,66.72,66.72,66.72,66.72,40163.0,66.72,19.0
2017-02-24 22:00:00+00:00,66.72,66.72,66.72,66.72,4084.0,66.72,1.0
2017-02-27 14:00:00+00:00,66.5,66.95,66.34,66.74,362953.0,66.6129,3138.0
2017-02-27 15:00:00+00:00,66.74,67.39,66.61,67.24,383492.0,67.0899,4466.0
2017-02-27 16:00:00+00:00,67.25,67.31,67.04,67.06,314370.0,67.1931,2837.0
2017-02-27 17:00:00+00:00,67.05,67.15,66.9,67.01,251419.0,67.0246,2743.0
2017-02-27 18:00:00+00:00,67.019,67.16,66.95,67.08,195512.0,67.0526,2142.0
2017-02-27 19:00:00+00:00,67.08,67.45,67.08,67.32,309811.0,67.3058,3164.0
2017-02-27 20:00:00+00:00,67.31,67.45,67.23,67.24,790937.0,67.357,7504.0
2017-02-27 21:00:00+00:00,67.24,67.24,67.24,67.24,132230.0,67.24,15.0
2017-02-27 23:00:00+00:00,67.25,67.25,67.25,67.25,200.0,67.25,1.0
2017-02-28 13:00:00+00:00,67.2,67.2,67.2,67.2,500.0,67.2,1.0
2017-02-28 14:00:00+00:00,67.02,68.86,67.02,68.1,1731070.0,68.1879,9420.0
2017-02-28 15:00:00+00:00,68.13,69.41,68.07,69.1,1228561.0,68.7134,9563.0
2017-02-28 16:00:00+00:00,69.1,69.19,68.6,69.02,670190.0,68.8958,5732.0
2017-02-28 17:00:00+00:00,69.0,69.39,68.38,68.63,726118.0,68.8807,6041.0
2017-02-28 18:00:00+00:00,68.63,68.71,67.88,68.33,1241720.0,68.3148,9347.0
2017-02-28 19:00:00+00:00,68.32,68.47,67.65,67.947,1021094.0,67.9638,7408.0
2017-02-28 20:00:00+00:00,67.94,68.05,67.81,67.94,1404726.0,67.921,11587.0
2017-02-28 21:00:00+00:00,67.944,67.957,67.9028,67.94,137078.0,67.9487,45.0
2017-02-28 22:00:00+00:00,67.95,67.95,67.95,67.95,112000.0,67.95,1.0
2017-02-28 23:00:00+00:00,68.0,68.0,68.0,68.0,108.0,68.0,1.0
2017-03-01 00:00:00+00:00,68.25,68.25,68.25,68.25,800.0,68.245,6.0
2017-03-01 14:00:00+00:00,68.51,69.27,68.41,69.226,430831.0,68.8873,2803.0
2017-03-01 15:00:00+00:00,69.209,69.84,69.08,69.15,656488.0,69.3648,6097.0
2017-03-01 16:00:00+00:00,69.15,69.24,68.82,68.83,497073.0,69.0286,4937.0
2017-03-01 17:00:00+00:00,68.8386,69.05,68.53,69.04,543649.0,68.8149,5436.0
2017-03-01 18:00:00+00:00,69.05,69.16,68.93,69.08,348524.0,69.0429,3809.0
2017-03-01 19:00:00+00:00,69.075,69.1,68.3,68.33,907511.0,68.68,6667.0
2017-03-01 20:00:00+00:00,68.31,68.55,68.19,68.46,1002078.0,68.4307,9788.0
2017-03-01 21:00:00+00:00,68.46,68.6443,68.46,68.48,202694.0,68.5883,39.0
2017-03-02 14:00:00+00:00,68.22,68.38,67.18,67.36,851640.0,67.6778,5251.0
2017-03-02 15:00:00+00:00,67.34,67.34,66.59,66.93,1282658.0,66.9081,8910.0
2017-03-02 16:00:00+00:00,66.94,67.17,66.74,67.08,950223.0,66.9294,7332.0
2017-03-02 17:00:00+00:00,67.11,67.175,66.73,66.9,412258.0,66.9377,3830.0
2017-03-02 18:00:00+00:00,66.9,66.97,66.37,66.41,622118.0,66.6447,5280.0
2017-03-02 19:00:00+00:00,66.41,66.635,65.93,66.49,971231.0,66.2713,7498.0
2017-03-02 20:00:00+00:00,66.48,66.5,66.025,66.4,1493233.0,66.296,12651.0
2017-03-02 21:00:00+00:00,66.45,66.64,66.45,66.64,318227.0,66.4501,33.0
2017-03-02 23:00:00+00:00,66.65,66.65,66.65,66.65,201.0,66.6467,2.0
2017-03-03 14:00:00+00:00,66.97,67.06,66.42,66.59,275935.0,66.6768,1872.0
2017-03-03 15:00:00+00:00,66.59,66.97,66.31,66.88,496375.0,66.6144,3960.0
2017-03-03 16:00:00+00:00,66.885,67.2,66.87,66.94,438183.0,67.0399,4064.0
2017-03-03 17:00:00+00:00,66.925,66.96,66.69,66.82,409200.0,66.828,3069.0
2017-03-03 18:00:00+00:00,66.82,66.865,66.3,66.41,392162.0,66.4892,3879.0
2017-03-03 19:00:00+00:00,66.42,66.46,66.12,66.21,474488.0,66.319,4266.0
2017-03-03 20:00:00+00:00,66.205,66.28,66.0,66.08,1246094.0,66.1269,10705.0
2017-03-03 21:00:00+00:00,66.08,66.08,66.08,66.08,60016.0,66.08,17.0
2017-03-06 13:00:00+00:00,66.19,66.19,66.19,66.19,106.0,66.1911,3.0
2017-03-06 14:00:00+00:00,66.01,66.13,65.43,65.84,374433.0,65.8285,2366.0
2017-03-06 15:00:00+00:00,65.8426,66.13,65.75,66.1,373452.0,65.9544,3562.0
2017-03-06 16:00:00+00:00,66.08,66.44,66.01,66.26,412088.0,66.2481,3785.0
2017-03-06 17:00:00+00:00,66.24,66.29,66.05,66.09,278122.0,66.1846,2663.0
2017-03-06 18:00:00+00:00,66.1,66.52,66.04,66.38,356327.0,66.3458,3060.0
2017-03-06 19:00:00+00:00,66.37,66.49,66.34,66.49,294912.0,66.4174,3194.0
2017-03-06 20:00:00+00:00,66.49,66.635,66.37,66.42,864438.0,66.4877,7807.0
2017-03-06 21:00:00+00:00,66.44,66.61,66.44,66.44,82525.0,66.4402,20.0
2017-03-07 13:00:00+00:00,66.55,66.55,66.55,66.55,400.0,66.55,4.0
2017-03-07 14:00:00+00:00,66.55,66.98,65.92,65.96,452242.0,66.4036,2716.0
2017-03-07 15:00:00+00:00,65.97,65.99,65.43,65.45,808420.0,65.6793,5794.0
2017-03-07 16:00:00+00:00,65.46,65.55,65.42,65.52,532512.0,65.4634,4748.0
2017-03-07 17:00:00+00:00,65.51,65.61,65.43,65.52,421685.0,65.5102,3750.0
2017-03-07 18:00:00+00:00,65.51,65.57,65.42,65.55,549439.0,65.4606,4555.0
2017-03-07 19:00:00+00:00,65.54,65.87,65.54,65.72,465410.0,65.6986,4359.0
2017-03-07 20:00:00+00:00,65.71,65.71,65.44,65.625,997276.0,65.5542,8887.0
2017-03-07 21:00:00+00:00,65.62,65.65,65.62,65.62,52369.0,65.6215,26.0
2017-03-07 22:00:00+00:00,65.62,65.62,65.62,65.62,145917.0,65.62,1.0
2017-03-08 00:00:00+00:00,65.63,65.7,65.63,65.7,1070.0,65.6738,5.0
2017-03-08 12:00:00+00:00,65.7,65.7,65.7,65.7,100.0,65.7,1.0
2017-03-08 13:00:00+00:00,65.82,65.82,65.82,65.82,400.0,65.82,4.0
2017-03-08 14:00:00+00:00,65.95,66.54,65.83,66.39,453866.0,66.2073,2611.0
2017-03-08 15:00:00+00:00,66.41,67.25,66.15,67.185,1192862.0,66.889,6985.0
2017-03-08 16:00:00+00:00,67.17,67.24,66.5,66.615,667908.0,66.9354,4952.0
2017-03-08 17:00:00+00:00,66.62,66.77,66.33,66.375,350803.0,66.5358,3713.0
2017-03-08 18:00:00+00:00,66.36,66.935,66.31,66.64,503215.0,66.6445,4435.0
2017-03-08 19:00:00+00:00,66.635,67.47,66.57,67.461,946539.0,66.9532,8674.0
2017-03-08 20:00:00+00:00,67.46,67.48,66.82,66.87,2175572.0,67.1192,18776.0
2017-03-08 21:00:00+00:00,66.87,66.87,66.87,66.87,83572.0,66.87,21.0
2017-03-08 23:00:00+00:00,66.8,66.8,66.8,66.8,300.0,66.8,2.0
2017-03-09 14:00:00+00:00,66.95,66.95,66.15,66.26,407365.0,66.406,2954.0
2017-03-09 15:00:00+00:00,66.275,66.75,66.26,66.42,520936.0,66.5207,5466.0
2017-03-09 16:00:00+00:00,66.4,66.58,66.22,66.28,585364.0,66.417,4768.0
2017-03-09 17:00:00+00:00,66.3,66.33,65.85,66.0,408272.0,66.1104,3641.0
2017-03-09 18:00:00+00:00,66.0,66.03,65.7,65.7262,482752.0,65.8546,4108.0
2017-03-09 19:00:00+00:00,65.73,65.9,65.58,65.855,423042.0,65.7718,4331.0
2017-03-09 20:00:00+00:00,65.86,66.555,65.84,66.49,1299360.0,66.3166,10698.0
2017-03-09 21:00:00+00:00,66.48,66.53,66.48,66.53,41463.0,66.4806,18.0
2017-03-10 14:00:00+00:00,66.85,67.22,66.61,67.2,441702.0,66.9333,3001.0
2017-03-10 15:00:00+00:00,67.22,67.37,66.43,66.47,537595.0,66.9871,4668.0
2017-03-10 16:00:00+00:00,66.43,66.9,66.29,66.759,542311.0,66.5167,4494.0
2017-03-10 17:00:00+00:00,66.745,66.88,66.42,66.53,219846.0,66.705,2578.0
2017-03-10 18:00:00+00:00,66.53,66.56,66.29,66.45,652899.0,66.4435,4577.0
2017-03-10 19:00:00+00:00,66.46,66.66,66.25,66.55,804051.0,66.3874,6021.0
2017-03-10 20:00:00+00:00,66.55,66.71,66.48,66.59,873214.0,66.5887,7592.0
2017-03-10 21:00:00+00:00,66.57,66.58,66.57,66.57,36049.0,66.57,28.0
2017-03-13 12:00:00+00:00,66.35,66.35,66.35,66.35,400.0,66.35,2.0
2017-03-13 13:00:00+00:00,66.51,67.39,66.51,67.37,292901.0,66.989,2372.0
2017-03-13 14:00:00+00:00,67.38,67.88,67.27,67.74,775692.0,67.5737,5968.0
2017-03-13 15:00:00+00:00,67.72,67.73,67.34,67.41,438418.0,67.4938,3847.0
2017-03-13 16:00:00+00:00,67.41,67.6,67.4,67.465,400030.0,67.5191,3851.0
2017-03-13 17:00:00+00:00,67.47,67.54,67.28,67.3,348146.0,67.4724,3079.0
2017-03-13 18:00:00+00:00,67.31,67.47,67.17,67.415,476579.0,67.3315,4102.0
2017-03-13 19:00:00+00:00,67.42,67.73,67.38,67.68,1004671.0,67.5617,9220.0
2017-03-13 20:00:00+00:00,67.66,67.75,67.66,67.67,535750.0,67.6565,20.0
2017-03-13 21:00:00+00:00,67.76,67.76,67.76,67.76,550.0,67.7545,4.0
2017-03-14 13:00:00+00:00,67.32,67.7,66.91,67.33,257618.0,67.3197,2221.0
2017-03-14 14:00:00+00:00,67.33,67.54,67.1,67.2,463149.0,67.3168,3993.0
2017-03-14 15:00:00+00:00,67.2,67.46,66.94,67.18,414455.0,67.2653,4120.0
2017-03-14 16:00:00+00:00,67.18,67.22,66.83,67.04,213681.0,67.0287,2614.0
2017-03-14 17:00:00+00:00,67.05,67.2,66.96,67.14,253670.0,67.091,3048.0
2017-03-14 18:00:00+00:00,67.13,67.44,67.05,67.44,312301.0,67.2936,3779.0
2017-03-14 19:00:00+00:00,67.43,67.55,67.37,67.43,822291.0,67.4447,7621.0
2017-03-14 20:00:00+00:00,67.44,67.44,67.44,67.44,23062.0,67.44,9.0
2017-03-14 22:00:00+00:00,67.44,67.44,67.44,67.44,500.0,67.44,1.0
2017-03-14 23:00:00+00:00,67.45,67.45,67.45,67.45,200.0,67.45,1.0
2017-03-15 13:00:00+00:00,67.51,67.84,67.13,67.47,296739.0,67.501,2103.0
2017-03-15 14:00:00+00:00,67.46,67.8,67.41,67.7334,467990.0,67.5577,5035.0
2017-03-15 15:00:00+00:00,67.74,67.9,67.48,67.66,624663.0,67.7446,4550.0
2017-03-15 16:00:00+00:00,67.655,67.96,67.65,67.81,336841.0,67.8298,3342.0
2017-03-15 17:00:00+00:00,67.81,68.04,67.61,68.0,442038.0,67.8366,4096.0
2017-03-15 18:00:00+00:00,67.99,68.3,67.96,68.23,442308.0,68.1661,4810.0
2017-03-15 19:00:00+00:00,68.235,69.0,68.23,68.73,1344273.0,68.7314,11744.0
2017-03-15 20:00:00+00:00,68.73,68.73,68.25,68.25,335362.0,68.7264,21.0
2017-03-15 21:00:00+00:00,68.73,68.73,68.5,68.55,129210.0,68.7282,9.0
2017-03-15 22:00:00+00:00,68.63,68.63,68.63,68.63,100.0,68.63,1.0
2017-03-16 12:00:00+00:00,68.65,68.65,68.65,68.65,229.0,68.6437,3.0
2017-03-16 13:00:00+00:00,68.93,69.2,68.51,69.01,244734.0,68.8871,1722.0
2017-03-16 14:00:00+00:00,69.0,69.08,68.6,68.77,540536.0,68.7775,4781.0
2017-03-16 15:00:00+00:00,68.76,68.97,68.51,68.88,350282.0,68.7108,3657.0
2017-03-16 16:00:00+00:00,68.87,69.04,68.7,68.93,301831.0,68.8885,2968.0
2017-03-16 17:00:00+00:00,68.935,69.025,68.62,68.78,438934.0,68.8146,3737.0
2017-03-16 18:00:00+00:00,68.79,68.87,68.5,68.55,393246.0,68.6714,3722.0
2017-03-16 19:00:00+00:00,68.54,68.73,68.47,68.55,885640.0,68.5909,8727.0
2017-03-16 20:00:00+00:00,68.55,68.55,68.55,68.55,100908.0,68.55,20.0
2017-03-16 21:00:00+00:00,68.55,68.55,68.55,68.55,73000.0,68.55,1.0
2017-03-17 13:00:00+00:00,68.75,68.9499,68.55,68.68,636494.0,68.7417,1292.0
2017-03-17 14:00:00+00:00,68.69,68.76,68.26,68.43,447714.0,68.5109,3947.0
2017-03-17 15:00:00+00:00,68.43,68.78,68.41,68.77,315931.0,68.5488,3168.0
2017-03-17 16:00:00+00:00,68.77,68.91,68.75,68.78,274545.0,68.8225,2693.0
2017-03-17 17:00:00+00:00,68.7686,68.77,68.55,68.64,218607.0,68.6613,2481.0
2017-03-17 18:00:00+00:00,68.63,68.98,68.62,68.89,357327.0,68.8526,3675.0
2017-03-17 19:00:00+00:00,68.89,68.95,68.65,68.87,1485675.0,68.8053,11777.0
2017-03-17 20:00:00+00:00,68.87,68.9055,68.87,68.9,233945.0,68.9001,45.0
2017-03-17 21:00:00+00:00,68.9,68.9,68.9,68.9,145000.0,68.9,1.0
2017-03-20 13:00:00+00:00,68.74,69.12,68.36,68.75,381447.0,68.7951,2554.0
2017-03-20 14:00:00+00:00,68.71,68.83,68.23,68.47,541575.0,68.5123,5769.0
2017-03-20 15:00:00+00:00,68.485,68.55,68.18,68.42,351653.0,68.3296,3598.0
2017-03-20 16:00:00+00:00,68.4,68.53,68.27,68.37,262549.0,68.3683,2965.0
2017-03-20 17:00:00+00:00,68.37,68.52,68.27,68.47,234383.0,68.3775,2644.0
2017-03-20 18:00:00+00:00,68.47,68.57,68.38,68.45,277129.0,68.4888,3175.0
2017-03-20 19:00:00+00:00,68.43,68.635,68.43,68.54,605415.0,68.5264,6329.0
2017-03-20 20:00:00+00:00,68.53,68.53,68.5072,68.53,293608.0,68.5288,16.0
2017-03-21 13:00:00+00:00,68.6,68.7,68.3,68.319,251744.0,68.4549,1752.0
2017-03-21 14:00:00+00:00,68.32,68.36,67.7303,67.82,456232.0,68.0733,3765.0
2017-03-21 15:00:00+00:00,67.805,67.8671,67.0,67.33,755885.0,67.2782,5813.0
2017-03-21 16:00:00+00:00,67.32,67.46,67.12,67.1299,448223.0,67.2967,3832.0
2017-03-21 17:00:00+00:00,67.12,67.18,66.74,66.77,396928.0,66.9754,3609.0
2017-03-21 18:00:00+00:00,66.77,67.32,66.73,67.22,463847.0,67.0787,4687.0
2017-03-21 19:00:00+00:00,67.21,67.49,67.015,67.15,877269.0,67.2131,9092.0
2017-03-21 20:00:00+00:00,67.15,67.15,67.15,67.15,136722.0,67.15,16.0
2017-03-21 22:00:00+00:00,67.16,67.16,67.16,67.16,100.0,67.16,1.0
2017-03-22 13:00:00+00:00,66.92,67.8,66.92,67.17,248272.0,67.4142,1893.0
2017-03-22 14:00:00+00:00,67.14,67.53,66.8,67.33,546256.0,67.1867,5063.0
2017-03-22 15:00:00+00:00,67.34,67.485,67.01,67.2558,359007.0,67.246,3882.0
2017-03-22 16:00:00+00:00,67.28,67.365,67.02,67.21,216101.0,67.1472,2714.0
2017-03-22 17:00:00+00:00,67.21,67.605,67.08,67.41,349853.0,67.4123,3734.0
2017-03-22 18:00:00+00:00,67.405,67.54,67.25,67.54,306421.0,67.4013,3706.0
2017-03-22 19:00:00+00:00,67.53,67.87,67.51,67.58,820506.0,67.6426,8069.0
2017-03-22 20:00:00+00:00,67.06,67.57,67.06,67.57,18491.0,67.5645,15.0
2017-03-23 12:00:00+00:00,67.9,67.9,67.9,67.9,1000.0,67.9,2.0
2017-03-23 13:00:00+00:00,67.7,67.8345,67.33,67.47,162861.0,67.5792,1156.0
2017-03-23 14:00:00+00:00,67.51,67.86,67.21,67.79,279292.0,67.5261,3057.0
2017-03-23 15:00:00+00:00,67.79,67.94,67.66,67.7014,232484.0,67.7893,2693.0
2017-03-23 16:00:00+00:00,67.71,67.9142,67.62,67.88,202733.0,67.788,2317.0
2017-03-23 17:00:00+00:00,67.87,67.88,67.53,67.621,213981.0,67.6616,2650.0
2017-03-23 18:00:00+00:00,67.63,67.66,67.39,67.4,241922.0,67.5411,2850.0
2017-03-23 19:00:00+00:00,67.39,67.5,67.02,67.1,844107.0,67.1467,8122.0
2017-03-23 20:00:00+00:00,67.1,67.1,67.1,67.1,514535.0,67.1,10.0
2017-03-23 21:00:00+00:00,67.1,67.1,67.1,67.1,178.0,67.1,1.0
2017-03-24 13:00:00+00:00,67.0,67.04,66.35,66.58,270790.0,66.6201,1889.0
2017-03-24 14:00:00+00:00,66.54,66.57,66.01,66.24,669825.0,66.1634,5448.0
2017-03-24 15:00:00+00:00,66.25,66.285,65.8895,66.23,466536.0,66.0915,3945.0
2017-03-24 16:00:00+00:00,66.22,66.26,65.91,66.01,374152.0,66.0454,3353.0
2017-03-24 17:00:00+00:00,66.0,66.16,65.83,65.99,548316.0,65.9941,3336.0
2017-03-24 18:00:00+00:00,66.0,66.29,66.0,66.06,284372.0,66.165,3125.0
2017-03-24 19:00:00+00:00,66.055,66.16,65.7,65.79,1264396.0,65.8473,11567.0
2017-03-24 20:00:00+00:00,65.78,66.1,65.78,65.78,88423.0,65.7975,16.0
2017-03-24 21:00:00+00:00,65.88,65.88,65.88,65.88,100.0,65.88,1.0
2017-03-27 12:00:00+00:00,65.5,65.5,65.5,65.5,450.0,65.5,3.0
2017-03-27 13:00:00+00:00,65.56,66.08,65.45,66.0,312183.0,65.6643,1988.0
2017-03-27 14:00:00+00:00,66.0366,66.28,65.92,66.26,283825.0,66.0892,3140.0
2017-03-27 15:00:00+00:00,66.28,66.34,66.09,66.195,261222.0,66.2186,2836.0
2017-03-27 16:00:00+00:00,66.18,66.43,66.08,66.4,274749.0,66.2472,2886.0
2017-03-27 17:00:00+00:00,66.385,66.53,66.1,66.105,213674.0,66.3681,2277.0
2017-03-27 18:00:00+00:00,66.11,66.14,65.96,66.05,233050.0,66.0503,2799.0
2017-03-27 19:00:00+00:00,66.05,66.46,66.02,66.24,635680.0,66.2737,6796.0
2017-03-27 20:00:00+00:00,66.23,66.23,66.23,66.23,162159.0,66.23,9.0
2017-03-28 12:00:00+00:00,66.23,66.23,66.23,66.23,6487.0,66.23,1.0
2017-03-28 13:00:00+00:00,66.52,66.64,65.7,65.73,401269.0,66.0887,2670.0
2017-03-28 14:00:00+00:00,65.73,66.175,65.651,66.12,505146.0,65.9252,5170.0
2017-03-28 15:00:00+00:00,66.115,66.41,66.08,66.27,479602.0,66.2424,4402.0
2017-03-28 16:00:00+00:00,66.26,66.4,65.97,66.1,357152.0,66.2513,3567.0
2017-03-28 17:00:00+00:00,66.11,66.2,65.96,65.99,298880.0,66.0716,2983.0
2017-03-28 18:00:00+00:00,65.99,66.42,65.97,66.2199,391049.0,66.1269,3986.0
2017-03-28 19:00:00+00:00,66.2105,66.44,66.09,66.28,730587.0,66.2739,8349.0
2017-03-28 20:00:00+00:00,66.29,66.32,66.29,66.29,29257.0,66.2904,19.0
2017-03-29 12:00:00+00:00,66.0,66.0,66.0,66.0,100.0,66.0,1.0
2017-03-29 13:00:00+00:00,66.09,66.87,66.09,66.72,397710.0,66.6131,2792.0
2017-03-29 14:00:00+00:00,66.735,67.39,66.6,67.22,625141.0,67.0137,5474.0
2017-03-29 15:00:00+00:00,67.205,67.4,67.005,67.035,285365.0,67.2095,2941.0
2017-03-29 16:00:00+00:00,67.035,67.29,67.02,67.1,201509.0,67.1664,2276.0
2017-03-29 17:00:00+00:00,67.11,67.2,66.82,66.96,341009.0,67.0189,3294.0
2017-03-29 18:00:00+00:00,66.96,67.1,66.92,67.0,380522.0,66.9977,3463.0
2017-03-29 19:00:00+00:00,67.0,67.24,66.99,67.13,806635.0,67.1184,7488.0
2017-03-29 20:00:00+00:00,67.13,67.14,67.13,67.14,23882.0,67.1396,14.0
2017-03-30 13:00:00+00:00,67.28,67.31,66.625,67.035,232817.0,67.0031,1790.0
2017-03-30 14:00:00+00:00,67.015,67.05,66.58,66.68,429120.0,66.7965,4253.0
2017-03-30 15:00:00+00:00,66.71,66.85,66.5,66.62,410833.0,66.6716,4063.0
2017-03-30 16:00:00+00:00,66.61,66.67,66.32,66.36,318252.0,66.5019,3198.0
2017-03-30 17:00:00+00:00,66.36,66.82,66.35,66.76,278678.0,66.6434,2828.0
2017-03-30 18:00:00+00:00,66.755,66.84,66.52,66.52,405682.0,66.6852,3532.0
2017-03-30 19:00:00+00:00,66.525,66.67,66.2,66.27,1787352.0,66.4089,15435.0
2017-03-30 20:00:00+00:00,66.26,66.5,66.23,66.5,1766157.0,66.2301,25.0
2017-03-30 23:00:00+00:00,66.45,66.45,66.45,66.45,100.0,66.45,1.0
2017-03-31 13:00:00+00:00,66.23,66.65,66.06,66.53,386725.0,66.3451,2909.0
2017-03-31 14:00:00+00:00,66.58,66.67,66.2,66.26,469055.0,66.425,4432.0
2017-03-31 15:00:00+00:00,66.26,66.51,66.16,66.35,314695.0,66.3443,3225.0
2017-03-31 16:00:00+00:00,66.34,66.595,66.33,66.57,205330.0,66.4664,2376.0
2017-03-31 17:00:00+00:00,66.5672,66.59,66.37,66.38,255005.0,66.4967,2944.0
2017-03-31 18:00:00+00:00,66.37,66.4168,66.145,66.2037,361276.0,66.3017,4033.0
2017-03-31 19:00:00+00:00,66.205,66.46,66.18,66.28,969969.0,66.3184,9097.0
2017-03-31 20:00:00+00:00,66.2875,66.29,66.2875,66.29,119427.0,66.2997,28.0
2017-03-31 23:00:00+00:00,66.35,66.35,66.35,66.35,300.0,66.35,2.0
2017-04-03 12:00:00+00:00,66.49,67.0,66.49,66.98,809.0,66.8613,5.0
2017-04-03 13:00:00+00:00,66.29,66.59,66.0971,66.18,265448.0,66.2705,1922.0
2017-04-03 14:00:00+00:00,66.22,66.48,65.97,66.075,380165.0,66.1978,3654.0
2017-04-03 15:00:00+00:00,66.0874,66.15,65.72,65.73,389923.0,65.9829,3506.0
2017-04-03 16:00:00+00:00,65.72,65.95,65.66,65.84,261486.0,65.7906,2606.0
2017-04-03 17:00:00+00:00,65.845,66.09,65.83,65.94,254645.0,65.984,2923.0
2017-04-03 18:00:00+00:00,65.95,66.17,65.855,66.162,327488.0,66.0148,3624.0
2017-04-03 19:00:00+00:00,66.16,66.43,66.14,66.23,720463.0,66.2708,7461.0
2017-04-03 20:00:00+00:00,66.23,66.23,66.1318,66.23,245457.0,66.2212,26.0
2017-04-04 13:00:00+00:00,66.23,66.3,65.69,65.82,271803.0,65.9762,1851.0
2017-04-04 14:00:00+00:00,65.83,65.92,65.665,65.8,286596.0,65.7552,2836.0
2017-04-04 15:00:00+00:00,65.8,65.95,65.665,65.68,288736.0,65.837,2651.0
2017-04-04 16:00:00+00:00,65.68,65.865,65.48,65.5301,262741.0,65.6725,2387.0
2017-04-04 17:00:00+00:00,65.54,65.59,65.37,65.5,398258.0,65.4686,2696.0
2017-04-04 18:00:00+00:00,65.5,65.74,65.47,65.52,272747.0,65.5724,2664.0
2017-04-04 19:00:00+00:00,65.51,65.83,65.45,65.79,713853.0,65.6559,5745.0
2017-04-04 20:00:00+00:00,65.81,65.85,65.81,65.85,31462.0,65.8106,16.0
2017-04-05 12:00:00+00:00,65.97,65.97,65.97,65.97,1100.0,65.97,3.0
2017-04-05 13:00:00+00:00,66.12,66.27,65.72,66.26,254646.0,66.0768,1554.0
2017-04-05 14:00:00+00:00,66.24,66.7,66.12,66.38,419851.0,66.3716,3582.0
2017-04-05 15:00:00+00:00,66.38,66.38,65.96,66.14,290265.0,66.1246,3142.0
2017-04-05 16:00:00+00:00,66.13,66.1325,65.96,66.07,205220.0,66.0381,2148.0
2017-04-05 17:00:00+00:00,66.08,66.2999,66.0,66.22,268354.0,66.1215,2440.0
2017-04-05 18:00:00+00:00,66.2,66.205,65.67,65.695,285498.0,65.9691,2963.0
2017-04-05 19:00:00+00:00,65.7,65.7756,65.0,65.09,1217463.0,65.2887,10999.0
2017-04-05 20:00:00+00:00,65.09,65.09,65.0,65.05,13204.0,65.0849,32.0
2017-04-05 21:00:00+00:00,65.05,65.09,65.05,65.06,1300.0,65.0654,4.0
2017-04-05 22:00:00+00:00,65.15,65.15,65.06,65.06,500.0,65.078,3.0
2017-04-06 13:00:00+00:00,65.15,65.4,64.71,65.22,381899.0,64.9748,2153.0
2017-04-06 14:00:00+00:00,65.1901,65.59,65.1901,65.39,527223.0,65.3727,4489.0
2017-04-06 15:00:00+00:00,65.4,65.49,65.1,65.105,267418.0,65.3424,2643.0
2017-04-06 16:00:00+00:00,65.11,65.24,65.0,65.1,351450.0,65.1302,2434.0
2017-04-06 17:00:00+00:00,65.1,65.43,65.0648,65.22,292076.0,65.2821,2438.0
2017-04-06 18:00:00+00:00,65.205,65.265,64.895,64.94,259588.0,65.1155,2609.0
2017-04-06 19:00:00+00:00,64.96,65.15,64.89,65.07,935297.0,64.9931,8131.0
2017-04-06 20:00:00+00:00,65.07,65.07,65.07,65.07,13470.0,65.07,13.0
2017-04-06 21:00:00+00:00,65.02,65.02,65.0,65.0,952.0,65.0105,3.0
2017-04-06 22:00:00+00:00,65.1,65.1,65.1,65.1,100.0,65.1,1.0
2017-04-07 13:00:00+00:00,65.07,65.44,65.0,65.035,223805.0,65.2337,1859.0
2017-04-07 14:00:00+00:00,65.02,65.65,65.02,65.5,700967.0,65.3098,3231.0
2017-04-07 15:00:00+00:00,65.48,65.58,65.25,65.46,225757.0,65.4361,2524.0
2017-04-07 16:00:00+00:00,65.4631,65.85,65.44,65.83,228001.0,65.6281,2303.0
2017-04-07 17:00:00+00:00,65.82,66.1,65.75,66.01,327483.0,65.9533,3108.0
2017-04-07 18:00:00+00:00,66.01,66.07,65.6,65.62,282165.0,65.8154,2698.0
2017-04-07 19:00:00+00:00,65.6148,65.67,65.43,65.555,652834.0,65.5661,6270.0
2017-04-07 20:00:00+00:00,65.57,65.57,65.52,65.57,85105.0,65.569,37.0
2017-04-07 21:00:00+00:00,65.53,65.53,65.52,65.52,290.0,65.5234,2.0
2017-04-07 22:00:00+00:00,65.81,65.81,65.81,65.81,150.0,65.73,2.0
2017-04-10 13:00:00+00:00,65.58,66.13,65.41,65.97,557461.0,65.8943,2312.0
2017-04-10 14:00:00+00:00,65.96,66.245,65.84,65.91,386859.0,66.0823,2960.0
2017-04-10 15:00:00+00:00,65.89,66.0,65.46,65.5448,306947.0,65.7428,2807.0
2017-04-10 16:00:00+00:00,65.5699,65.59,65.36,65.57,253585.0,65.4559,2339.0
2017-04-10 17:00:00+00:00,65.55,65.72,65.41,65.565,279934.0,65.5352,2776.0
2017-04-10 18:00:00+00:00,65.5633,65.68,65.39,65.555,429494.0,65.5276,3366.0
2017-04-10 19:00:00+00:00,65.55,65.64,65.3,65.35,845483.0,65.4129,7533.0
2017-04-10 20:00:00+00:00,65.35,65.35,65.35,65.35,71699.0,65.35,18.0
2017-04-11 12:00:00+00:00,65.2,65.2,65.2,65.2,300.0,65.2,1.0
2017-04-11 13:00:00+00:00,65.27,65.35,64.78,65.22,428402.0,65.0197,2678.0
2017-04-11 14:00:00+00:00,65.225,65.44,64.84,64.9398,410130.0,65.0688,3920.0
2017-04-11 15:00:00+00:00,64.94,65.29,64.9,65.11,306904.0,65.1247,3256.0
2017-04-11 16:00:00+00:00,65.11,65.36,65.0,65.18,281880.0,65.1408,3112.0
2017-04-11 17:00:00+00:00,65.19,65.29,65.05,65.1365,277007.0,65.1491,2621.0
2017-04-11 18:00:00+00:00,65.14,65.33,65.11,65.29,331242.0,65.2214,3107.0
2017-04-11 19:00:00+00:00,65.27,65.66,65.27,65.64,1037943.0,65.5213,7804.0
2017-04-11 20:00:00+00:00,65.63,65.63,65.11,65.63,49596.0,65.6256,23.0
2017-04-11 23:00:00+00:00,65.63,65.63,65.63,65.63,800.0,65.63,2.0
2017-04-12 13:00:00+00:00,65.9,66.0,65.46,65.74,207328.0,65.7429,1505.0
2017-04-12 14:00:00+00:00,65.77,66.25,65.51,65.72,526847.0,65.9123,4900.0
2017-04-12 15:00:00+00:00,65.72,65.82,65.32,65.4,315618.0,65.5731,2867.0
2017-04-12 16:00:00+00:00,65.4,65.52,65.32,65.45,245979.0,65.4097,2655.0
2017-04-12 17:00:00+00:00,65.4518,65.62,65.4,65.59,277544.0,65.507,2714.0
2017-04-12 18:00:00+00:00,65.59,65.67,65.35,65.43,306172.0,65.5122,3153.0
2017-04-12 19:00:00+00:00,65.44,65.46,65.07,65.14,1023492.0,65.1948,10020.0
2017-04-12 20:00:00+00:00,65.13,65.14,65.1,65.13,402847.0,65.1299,17.0
2017-04-13 12:00:00+00:00,65.0,65.58,65.0,65.58,300.0,65.1933,2.0
2017-04-13 13:00:00+00:00,65.17,65.37,64.85,65.03,215164.0,65.0431,1495.0
2017-04-13 14:00:00+00:00,65.05,65.37,65.01,65.26,261629.0,65.1839,2650.0
2017-04-13 15:00:00+00:00,65.28,65.62,65.28,65.615,297383.0,65.4493,2975.0
2017-04-13 16:00:00+00:00,65.62,65.63,64.91,65.02,308212.0,65.1484,2911.0
2017-04-13 17:00:00+00:00,65.02,65.04,64.805,64.805,365592.0,64.8872,3413.0
2017-04-13 18:00:00+00:00,64.805,64.998,64.78,64.89,311702.0,64.8838,3064.0
2017-04-13 19:00:00+00:00,64.89,64.945,64.58,64.69,1035480.0,64.7575,8583.0
2017-04-13 20:00:00+00:00,64.68,64.69,64.59,64.68,59261.0,64.6788,25.0
2017-04-13 21:00:00+00:00,64.97,64.97,64.75,64.75,700.0,64.8443,2.0
2017-04-17 12:00:00+00:00,64.65,64.65,64.65,64.65,200.0,64.65,2.0
2017-04-17 13:00:00+00:00,64.74,64.89,64.65,64.76,137714.0,64.7764,928.0
2017-04-17 14:00:00+00:00,64.76,65.14,64.745,64.94,301154.0,64.9628,2793.0
2017-04-17 15:00:00+00:00,64.9268,64.95,64.7,64.8199,215612.0,64.833,2317.0
2017-04-17 16:00:00+00:00,64.81,65.07,64.81,64.91,269771.0,64.9274,1666.0
2017-04-17 17:00:00+00:00,64.9,65.0414,64.88,65.03,224629.0,64.974,2145.0
2017-04-17 18:00:00+00:00,65.03,65.13,64.92,64.95,222477.0,65.0492,2168.0
2017-04-17 19:00:00+00:00,64.94,65.195,64.87,65.18,646645.0,65.0836,5507.0
2017-04-17 20:00:00+00:00,65.18,65.19,65.18,65.19,10911.0,65.1896,9.0
2017-04-17 21:00:00+00:00,65.18,65.18,65.18,65.18,500.0,65.18,1.0
2017-04-17 23:00:00+00:00,65.18,65.18,65.18,65.18,100.0,65.18,1.0
2017-04-18 13:00:00+00:00,65.11,65.11,64.65,65.025,335678.0,64.8946,1500.0
2017-04-18 14:00:00+00:00,65.025,65.1,64.34,64.345,797589.0,64.6799,4967.0
2017-04-18 15:00:00+00:00,64.345,64.41,63.71,63.71,745965.0,64.1786,5617.0
2017-04-18 16:00:00+00:00,63.71,63.9125,63.58,63.75,674090.0,63.7471,5048.0
2017-04-18 17:00:00+00:00,63.7469,64.2,63.62,64.02,379481.0,63.919,3059.0
2017-04-18 18:00:00+00:00,64.03,64.115,63.94,63.9434,282804.0,64.0263,2885.0
2017-04-18 19:00:00+00:00,63.95,64.24,63.9,64.14,1044153.0,64.1129,8824.0
2017-04-18 20:00:00+00:00,64.15,64.16,64.0,64.0,16849.0,64.1476,19.0
2017-04-19 13:00:00+00:00,64.22,64.22,63.53,63.96,410867.0,63.8294,2572.0
2017-04-19 14:00:00+00:00,63.97,64.37,63.55,63.6197,799917.0,63.9694,5823.0
2017-04-19 15:00:00+00:00,63.63,63.75,63.44,63.49,483250.0,63.638,4066.0
2017-04-19 16:00:00+00:00,63.53,63.72,63.4,63.62,282475.0,63.5728,2534.0
2017-04-19 17:00:00+00:00,63.62,63.71,63.43,63.56,278916.0,63.5532,2876.0
2017-04-19 18:00:00+00:00,63.5631,63.655,63.27,63.37,526542.0,63.425,4989.0
2017-04-19 19:00:00+00:00,63.37,63.52,63.26,63.48,1183813.0,63.3748,10203.0
2017-04-19 20:00:00+00:00,63.49,63.49,63.49,63.49,41184.0,63.4902,19.0
2017-04-19 22:00:00+00:00,63.59,63.59,63.35,63.45,531.0,63.4249,4.0
2017-04-20 12:00:00+00:00,63.45,63.5,63.45,63.5,809.0,63.4876,2.0
2017-04-20 13:00:00+00:00,63.68,63.88,63.56,63.79,211304.0,63.7418,1311.0
2017-04-20 14:00:00+00:00,63.82,64.04,63.8,64.01,300971.0,63.9277,2895.0
2017-04-20 15:00:00+00:00,64.02,64.425,63.94,64.42,370063.0,64.1845,2957.0
2017-04-20 16:00:00+00:00,64.43,64.555,64.37,64.39,328384.0,64.4709,2648.0
2017-04-20 17:00:00+00:00,64.4,64.66,64.32,64.64,178453.0,64.4571,1908.0
2017-04-20 18:00:00+00:00,64.65,64.71,64.35,64.35,235320.0,64.551,2418.0
2017-04-20 19:00:00+00:00,64.3512,64.37,64.09,64.11,690221.0,64.2312,6112.0
2017-04-20 20:00:00+00:00,64.1,64.12,64.1,64.1,90395.0,64.1001,17.0
2017-04-21 12:00:00+00:00,64.4,64.4,64.4,64.4,200.0,64.4,1.0
2017-04-21 13:00:00+00:00,64.6,64.79,64.2,64.52,489287.0,64.5952,2308.0
2017-04-21 14:00:00+00:00,64.52,64.965,64.48,64.77,517384.0,64.7921,4115.0
2017-04-21 15:00:00+00:00,64.77,65.2,64.77,65.0101,442064.0,64.9784,3586.0
2017-04-21 16:00:00+00:00,65.02,65.06,64.92,65.0147,326173.0,64.9955,3022.0
2017-04-21 17:00:00+00:00,65.02,65.13,64.91,65.11,378340.0,65.0127,3567.0
2017-04-21 18:00:00+00:00,65.11,65.63,65.06,65.46,827060.0,65.3957,6130.0
2017-04-21 19:00:00+00:00,65.46,65.51,65.2,65.24,1627800.0,65.354,13412.0
2017-04-21 20:00:00+00:00,65.23,65.48,65.23,65.48,41690.0,65.2306,10.0
2017-04-24 12:00:00+00:00,65.8,65.8,65.5,65.7,2400.0,65.5208,6.0
2017-04-24 13:00:00+00:00,65.72,66.69,65.7,66.5,607364.0,66.3816,4485.0
2017-04-24 14:00:00+00:00,66.54,66.8552,66.37,66.61,1018104.0,66.6385,8887.0
2017-04-24 15:00:00+00:00,66.6,66.81,66.42,66.65,566420.0,66.6207,5183.0
2017-04-24 16:00:00+00:00,66.66,67.09,66.64,67.0,805672.0,66.9862,4668.0
2017-04-24 17:00:00+00:00,66.98,67.21,66.96,67.06,476404.0,67.089,4201.0
2017-04-24 18:00:00+00:00,67.06,67.15,66.96,67.01,622736.0,67.0652,5356.0
2017-04-24 19:00:00+00:00,67.02,67.16,66.7,66.83,1711558.0,66.908,13062.0
2017-04-24 20:00:00+00:00,66.82,66.82,66.82,66.82,422102.0,66.82,21.0
2017-04-24 21:00:00+00:00,66.95,66.95,66.95,66.95,1000.0,66.95,1.0
2017-04-24 23:00:00+00:00,66.82,66.82,66.82,66.82,250.0,66.82,1.0
2017-04-25 10:00:00+00:00,66.82,66.82,66.82,66.82,250.0,66.82,1.0
2017-04-25 12:00:00+00:00,67.47,67.47,67.25,67.25,1500.0,67.4407,3.0
2017-04-25 13:00:00+00:00,67.45,67.69,66.15,66.23,787261.0,66.9662,5570.0
2017-04-25 14:00:00+00:00,66.25,66.55,65.45,65.6,1480605.0,65.8837,10476.0
2017-04-25 15:00:00+00:00,65.6,65.71,65.01,65.03,1078489.0,65.4571,8503.0
2017-04-25 16:00:00+00:00,65.03,65.68,65.03,65.57,775042.0,65.3113,5262.0
2017-04-25 17:00:00+00:00,65.57,65.62,65.39,65.52,627434.0,65.4946,4299.0
2017-04-25 18:00:00+00:00,65.53,65.9,65.5,65.57,648708.0,65.7295,4552.0
2017-04-25 19:00:00+00:00,65.55,65.86,65.53,65.82,1467847.0,65.6988,11307.0
2017-04-25 20:00:00+00:00,65.83,65.84,65.55,65.8,91122.0,65.8246,24.0
2017-04-25 23:00:00+00:00,65.53,65.53,65.53,65.53,200.0,65.53,1.0
2017-04-26 13:00:00+00:00,65.41,65.75,65.23,65.75,392094.0,65.4991,2756.0
2017-04-26 14:00:00+00:00,65.74,65.74,65.25,65.29,933674.0,65.4395,7885.0
2017-04-26 15:00:00+00:00,65.29,65.38,64.88,65.08,959461.0,65.1435,7036.0
2017-04-26 16:00:00+00:00,65.08,65.41,65.03,65.3986,501901.0,65.2655,4518.0
2017-04-26 17:00:00+00:00,65.395,65.495,65.16,65.37,530798.0,65.3649,4528.0
2017-04-26 18:00:00+00:00,65.36,65.52,65.245,65.3,633773.0,65.3812,4757.0
2017-04-26 19:00:00+00:00,65.29,65.43,64.81,64.905,1424289.0,65.0792,11428.0
2017-04-26 20:00:00+00:00,64.9,65.0,64.82,64.9,447183.0,64.9,24.0
2017-04-26 22:00:00+00:00,64.9,64.9,64.9,64.9,600.0,64.9,2.0
2017-04-27 13:00:00+00:00,64.87,64.87,63.85,64.47,491198.0,64.2293,3326.0
2017-04-27 14:00:00+00:00,64.48,64.81,64.19,64.35,892228.0,64.6008,7543.0
2017-04-27 15:00:00+00:00,64.34,64.63,64.3,64.44,435954.0,64.4871,4258.0
2017-04-27 16:00:00+00:00,64.42,65.0,64.42,64.97,393557.0,64.6483,3711.0
2017-04-27 17:00:00+00:00,64.97,65.005,64.74,64.89,358548.0,64.8525,3478.0
2017-04-27 18:00:00+00:00,64.89,65.205,64.82,65.2,313153.0,65.0079,3217.0
2017-04-27 19:00:00+00:00,65.205,65.49,65.09,65.32,915374.0,65.3163,8060.0
2017-04-27 20:00:00+00:00,65.32,65.32,65.32,65.32,97890.0,65.32,14.0
2017-04-27 21:00:00+00:00,65.3,65.3,65.3,65.3,323.0,65.2929,2.0
2017-04-28 12:00:00+00:00,65.5,65.75,65.5,65.75,445.0,65.6124,2.0
2017-04-28 13:00:00+00:00,65.5,65.64,64.89,65.0244,324641.0,65.2194,2524.0
2017-04-28 14:00:00+00:00,65.025,65.3,64.7,64.89,403367.0,64.9365,4062.0
2017-04-28 15:00:00+00:00,64.89,64.9,64.43,64.5324,392552.0,64.6037,3781.0
2017-04-28 16:00:00+00:00,64.54,64.81,64.53,64.605,308467.0,64.6817,2944.0
2017-04-28 17:00:00+00:00,64.6,64.644,64.41,64.565,310568.0,64.5503,2998.0
2017-04-28 18:00:00+00:00,64.58,64.68,64.52,64.6001,431216.0,64.5969,3517.0
2017-04-28 19:00:00+00:00,64.61,64.67,64.435,64.59,1024541.0,64.5585,8522.0
2017-04-28 20:00:00+00:00,64.59,64.7,64.59,64.7,194524.0,64.6101,20.0
2017-04-28 21:00:00+00:00,64.61,64.61,64.3,64.3,695.0,64.5654,2.0
2017-05-01 12:00:00+00:00,64.65,64.65,64.65,64.65,1000.0,64.65,1.0
2017-05-01 13:00:00+00:00,64.65,64.87,64.52,64.63,215960.0,64.6965,1342.0
2017-05-01 14:00:00+00:00,64.63,64.65,64.15,64.54,555642.0,64.3372,4838.0
2017-05-01 15:00:00+00:00,64.54,64.66,64.37,64.45,436228.0,64.5355,3628.0
2017-05-01 16:00:00+00:00,64.46,64.58,64.11,64.12,662819.0,64.3755,5045.0
2017-05-01 17:00:00+00:00,64.13,64.5401,63.96,64.515,1190210.0,64.2615,4552.0
2017-05-01 18:00:00+00:00,64.51,64.72,64.42,64.475,851143.0,64.5432,3846.0
2017-05-01 19:00:00+00:00,64.48,64.515,64.22,64.39,1232731.0,64.3477,8812.0
2017-05-01 20:00:00+00:00,64.36,64.36,64.3,64.36,13074.0,64.3328,11.0
2017-05-02 13:00:00+00:00,64.79,64.83,64.26,64.35,436993.0,64.4635,2710.0
2017-05-02 14:00:00+00:00,64.33,64.62,64.3,64.38,664321.0,64.4886,5185.0
2017-05-02 15:00:00+00:00,64.38,64.4557,64.16,64.355,469136.0,64.2974,4145.0
2017-05-02 16:00:00+00:00,64.36,64.64,64.315,64.6,390403.0,64.4719,3401.0
2017-05-02 17:00:00+00:00,64.6,64.615,64.39,64.41,429646.0,64.4718,3735.0
2017-05-02 18:00:00+00:00,64.4,64.55,64.34,64.365,407118.0,64.441,4005.0
2017-05-02 19:00:00+00:00,64.36,64.48,64.35,64.47,831429.0,64.4149,6988.0
2017-05-02 20:00:00+00:00,64.49,64.49,64.25,64.49,131189.0,64.4896,19.0
2017-05-02 22:00:00+00:00,64.52,64.52,64.51,64.51,557.0,64.5081,4.0
2017-05-03 13:00:00+00:00,64.28,64.76,64.07,64.615,189579.0,64.4385,1415.0
2017-05-03 14:00:00+00:00,64.62,64.9,64.25,64.45,372603.0,64.5444,3418.0
2017-05-03 15:00:00+00:00,64.45,64.93,64.44,64.89,334817.0,64.7516,3130.0
2017-05-03 16:00:00+00:00,64.88,64.9099,64.65,64.83,294590.0,64.7937,2739.0
2017-05-03 17:00:00+00:00,64.83,64.86,64.64,64.64,305216.0,64.7783,2635.0
2017-05-03 18:00:00+00:00,64.656,65.11,64.63,65.1,301755.0,64.89,2944.0
2017-05-03 19:00:00+00:00,65.0994,65.155,64.89,64.91,825536.0,65.0134,6938.0
2017-05-03 20:00:00+00:00,64.9,64.92,64.9,64.92,16093.0,64.9003,18.0
2017-05-04 12:00:00+00:00,64.82,64.82,64.82,64.82,200.0,64.82,2.0
2017-05-04 13:00:00+00:00,64.53,64.94,64.5,64.71,211725.0,64.696,1853.0
2017-05-04 14:00:00+00:00,64.72,64.86,64.37,64.57,340857.0,64.583,3255.0
2017-05-04 15:00:00+00:00,64.6,64.64,64.3,64.31,331488.0,64.488,3168.0
2017-05-04 16:00:00+00:00,64.31,64.37,63.96,64.165,500318.0,64.0898,4228.0
2017-05-04 17:00:00+00:00,64.17,64.33,64.1,64.25,340266.0,64.2071,3154.0
2017-05-04 18:00:00+00:00,64.24,64.41,64.2,64.22,326660.0,64.2915,3392.0
2017-05-04 19:00:00+00:00,64.23,64.425,64.16,64.385,721321.0,64.3322,6205.0
2017-05-04 20:00:00+00:00,64.37,64.37,64.37,64.37,19831.0,64.37,13.0
2017-05-05 13:00:00+00:00,64.59,64.68,64.308,64.485,162193.0,64.5406,1155.0
2017-05-05 14:00:00+00:00,64.5,64.95,64.4,64.9346,464884.0,64.7705,3966.0
2017-05-05 15:00:00+00:00,64.94,65.31,64.93,65.19,408655.0,65.1468,3644.0
2017-05-05 16:00:00+00:00,65.21,65.24,64.975,65.09,376689.0,65.0737,2584.0
2017-05-05 17:00:00+00:00,65.1,65.24,65.075,65.22,209747.0,65.1477,1997.0
2017-05-05 18:00:00+00:00,65.21,65.35,65.15,65.24,390280.0,65.2586,3550.0
2017-05-05 19:00:00+00:00,65.245,65.52,65.22,65.36,1023624.0,65.3628,7803.0
2017-05-05 20:00:00+00:00,65.34,65.35,65.31,65.31,339640.0,65.3362,22.0
2017-05-05 22:00:00+00:00,65.35,65.35,65.35,65.35,500.0,65.35,4.0
2017-05-08 13:00:00+00:00,65.14,65.82,65.14,65.73,172728.0,65.5189,1170.0
2017-05-08 14:00:00+00:00,65.72,66.03,65.69,65.89,341469.0,65.8643,2631.0
2017-05-08 15:00:00+00:00,65.885,65.92,65.65,65.89,300569.0,65.7794,2212.0
2017-05-08 16:00:00+00:00,65.91,66.15,65.9,66.11,346098.0,66.0096,2408.0
2017-05-08 17:00:00+00:00,66.11,66.18,66.02,66.1387,202287.0,66.1277,1886.0
2017-05-08 18:00:00+00:00,66.12,66.15,66.02,66.15,252846.0,66.0879,2148.0
2017-05-08 19:00:00+00:00,66.15,66.2661,66.05,66.11,878602.0,66.1544,6991.0
2017-05-08 20:00:00+00:00,66.11,66.11,66.11,66.11,25957.0,66.11,12.0
2017-05-09 13:00:00+00:00,66.31,67.03,66.17,67.0,510700.0,66.763,2938.0
2017-05-09 14:00:00+00:00,67.01,67.16,66.5,66.51,541277.0,66.7881,4843.0
2017-05-09 15:00:00+00:00,66.53,66.58,66.34,66.35,307234.0,66.4673,2870.0
2017-05-09 16:00:00+00:00,66.345,66.43,66.2,66.2962,384527.0,66.2724,2666.0
2017-05-09 17:00:00+00:00,66.3,66.86,66.3,66.81,415131.0,66.5745,3045.0
2017-05-09 18:00:00+00:00,66.82,66.85,66.64,66.7101,326868.0,66.7199,3030.0
2017-05-09 19:00:00+00:00,66.72,66.87,66.52,66.64,949787.0,66.6973,8232.0
2017-05-09 20:00:00+00:00,66.63,66.63,66.63,66.63,12714.0,66.63,20.0
2017-05-09 22:00:00+00:00,66.63,66.63,66.63,66.63,100.0,66.63,1.0
2017-05-10 13:00:00+00:00,66.72,66.75,66.23,66.5,300281.0,66.3995,1791.0
2017-05-10 14:00:00+00:00,66.5,67.03,65.91,66.16,983799.0,66.2781,7106.0
2017-05-10 15:00:00+00:00,66.15,66.86,66.125,66.81,462190.0,66.5559,3518.0
2017-05-10 16:00:00+00:00,66.81,66.86,66.59,66.62,241689.0,66.717,2379.0
2017-05-10 17:00:00+00:00,66.6294,66.78,66.61,66.78,168715.0,66.6832,1850.0
2017-05-10 18:00:00+00:00,66.78,66.81,66.57,66.795,415044.0,66.7173,3311.0
2017-05-10 19:00:00+00:00,66.79,66.79,66.61,66.66,587359.0,66.6725,5715.0
2017-05-10 20:00:00+00:00,66.68,66.68,66.68,66.68,24549.0,66.68,20.0
2017-05-11 13:00:00+00:00,66.87,66.93,66.19,66.37,227903.0,66.643,1525.0
2017-05-11 14:00:00+00:00,66.35,66.74,66.115,66.53,343775.0,66.4025,3004.0
2017-05-11 15:00:00+00:00,66.54,66.73,66.305,66.45,287189.0,66.5278,2779.0
2017-05-11 16:00:00+00:00,66.46,66.53,66.32,66.47,238868.0,66.4478,2415.0
2017-05-11 17:00:00+00:00,66.48,66.83,66.42,66.59,237772.0,66.5271,2412.0
2017-05-11 18:00:00+00:00,66.59,66.69,66.5,66.54,328750.0,66.57,2896.0
2017-05-11 19:00:00+00:00,66.5415,66.66,66.275,66.35,691177.0,66.4196,6324.0
2017-05-11 20:00:00+00:00,66.35,66.35,66.35,66.35,33529.0,66.35,14.0
2017-05-11 23:00:00+00:00,66.25,66.25,66.25,66.25,200.0,66.25,1.0
2017-05-12 13:00:00+00:00,66.47,66.54,66.16,66.44,232994.0,66.3719,1424.0
2017-05-12 14:00:00+00:00,66.45,66.76,66.36,66.525,325521.0,66.5033,2258.0
2017-05-12 15:00:00+00:00,66.52,66.64,66.42,66.54,318084.0,66.5369,2386.0
2017-05-12 16:00:00+00:00,66.55,66.66,66.23,66.27,538313.0,66.4148,2867.0
2017-05-12 17:00:00+00:00,66.29,66.39,66.26,66.302,257386.0,66.3088,2202.0
2017-05-12 18:00:00+00:00,66.3104,66.44,66.29,66.34,282454.0,66.3453,2129.0
2017-05-12 19:00:00+00:00,66.3305,66.42,66.225,66.41,1067936.0,66.3323,6862.0
2017-05-12 20:00:00+00:00,66.42,66.42,66.42,66.42,36197.0,66.42,16.0
2017-05-15 09:00:00+00:00,66.21,66.21,66.21,66.21,200.0,66.21,2.0
2017-05-15 12:00:00+00:00,65.85,66.42,65.85,66.42,1175.0,65.9349,2.0
2017-05-15 13:00:00+00:00,65.87,66.15,65.58,65.75,423469.0,65.8119,2479.0
2017-05-15 14:00:00+00:00,65.7544,66.02,65.74,65.9,363693.0,65.8843,2837.0
2017-05-15 15:00:00+00:00,65.905,66.0465,65.87,66.01,321924.0,65.9389,2517.0
2017-05-15 16:00:00+00:00,65.99,66.04,65.78,65.785,183053.0,65.8952,1615.0
2017-05-15 17:00:00+00:00,65.78,65.91,65.67,65.77,288150.0,65.7966,2204.0
2017-05-15 18:00:00+00:00,65.75,65.77,65.16,65.2069,374151.0,65.4508,3082.0
2017-05-15 19:00:00+00:00,65.2,65.73,65.19,65.545,759798.0,65.5178,6258.0
2017-05-15 20:00:00+00:00,65.55,65.55,65.55,65.55,262257.0,65.61,12.0
2017-05-15 22:00:00+00:00,65.55,65.55,65.55,65.55,500.0,65.55,1.0
2017-05-16 12:00:00+00:00,65.15,65.35,65.05,65.15,4104.0,65.2017,16.0
2017-05-16 13:00:00+00:00,64.96,65.35,64.36,64.56,905350.0,64.7865,4865.0
2017-05-16 14:00:00+00:00,64.54,64.65,64.11,64.23,977046.0,64.3492,7050.0
2017-05-16 15:00:00+00:00,64.23,64.47,64.04,64.09,800908.0,64.3011,5581.0
2017-05-16 16:00:00+00:00,64.08,64.3,63.96,64.108,798462.0,64.1174,4241.0
2017-05-16 17:00:00+00:00,64.11,64.31,64.05,64.213,497104.0,64.2043,4203.0
2017-05-16 18:00:00+00:00,64.215,64.47,64.16,64.2254,595100.0,64.2964,4747.0
2017-05-16 19:00:00+00:00,64.225,64.64,64.22,64.53,1359585.0,64.5051,10290.0
2017-05-16 20:00:00+00:00,64.54,64.54,64.5,64.5,102592.0,64.4732,29.0
2017-05-16 23:00:00+00:00,64.4,64.4,64.4,64.4,250.0,64.4,1.0
2017-05-17 13:00:00+00:00,64.27,64.79,64.13,64.19,770894.0,64.4101,1932.0
2017-05-17 14:00:00+00:00,64.19,64.49,63.85,63.87,474325.0,64.1514,3369.0
2017-05-17 15:00:00+00:00,63.85,63.96,63.76,63.83,710066.0,63.857,4759.0
2017-05-17 16:00:00+00:00,63.83,63.91,63.65,63.9,398985.0,63.7885,3569.0
2017-05-17 17:00:00+00:00,63.9,63.91,63.7,63.84,335180.0,63.8252,3366.0
2017-05-17 18:00:00+00:00,63.83,63.92,63.48,63.735,487856.0,63.6566,4437.0
2017-05-17 19:00:00+00:00,63.73,63.97,63.72,63.82,1011816.0,63.8303,8975.0
2017-05-17 20:00:00+00:00,63.8,63.8,63.8,63.8,13901.0,63.8,19.0
2017-05-18 13:00:00+00:00,63.8,64.07,63.22,63.2328,260254.0,63.6058,1587.0
2017-05-18 14:00:00+00:00,63.23,63.59,63.03,63.54,730805.0,63.3146,5131.0
2017-05-18 15:00:00+00:00,63.52,63.77,63.41,63.48,355307.0,63.545,3086.0
2017-05-18 16:00:00+00:00,63.49,63.71,63.37,63.63,217423.0,63.5345,2373.0
2017-05-18 17:00:00+00:00,63.64,63.66,63.314,63.44,247909.0,63.498,2365.0
2017-05-18 18:00:00+00:00,63.4222,63.6789,63.4222,63.6,431257.0,63.5625,4014.0
2017-05-18 19:00:00+00:00,63.6,63.74,63.54,63.56,865065.0,63.6453,7839.0
2017-05-18 20:00:00+00:00,63.54,63.54,63.54,63.54,40119.0,63.54,22.0
2017-05-19 13:00:00+00:00,63.69,64.11,63.17,63.92,533130.0,63.7037,2585.0
2017-05-19 14:00:00+00:00,63.915,64.05,63.8,63.8908,332246.0,63.9069,2984.0
2017-05-19 15:00:00+00:00,63.9,63.91,63.52,63.56,345450.0,63.6808,3056.0
2017-05-19 16:00:00+00:00,63.57,63.96,63.56,63.845,337022.0,63.8467,2637.0
2017-05-19 17:00:00+00:00,63.85,63.94,63.76,63.83,216805.0,63.8316,1920.0
2017-05-19 18:00:00+00:00,63.83,64.163,63.83,64.06,441584.0,63.9674,2840.0
2017-05-19 19:00:00+00:00,64.06,64.09,63.81,63.87,632395.0,63.9103,6018.0
2017-05-19 20:00:00+00:00,63.9,63.9,63.87,63.87,69910.0,63.8794,17.0
2017-05-22 12:00:00+00:00,63.98,63.98,63.98,63.98,100.0,63.98,1.0
2017-05-22 13:00:00+00:00,64.26,64.29,63.87,64.11,227053.0,64.0821,1559.0
2017-05-22 14:00:00+00:00,64.09,64.1006,63.65,63.65,453277.0,63.7699,3248.0
2017-05-22 15:00:00+00:00,63.65,63.79,63.56,63.74,242854.0,63.6559,2211.0
2017-05-22 16:00:00+00:00,63.75,64.0,63.722,63.9062,186275.0,63.8977,1903.0
2017-05-22 17:00:00+00:00,63.92,64.074,63.8,63.91,189658.0,63.9569,1843.0
2017-05-22 18:00:00+00:00,63.89,63.94,63.83,63.9,185623.0,63.8758,1830.0
2017-05-22 19:00:00+00:00,63.895,64.005,63.83,63.84,641559.0,63.9264,5733.0
2017-05-22 20:00:00+00:00,63.84,63.84,63.84,63.84,225468.0,63.84,20.0
2017-05-22 23:00:00+00:00,63.88,63.88,63.88,63.88,100.0,63.88,1.0
2017-05-23 13:00:00+00:00,63.71,63.78,63.42,63.44,285549.0,63.6017,1792.0
2017-05-23 14:00:00+00:00,63.46,63.805,63.29,63.795,495583.0,63.5277,4034.0
2017-05-23 15:00:00+00:00,63.795,64.25,63.67,64.035,552994.0,64.0215,3951.0
2017-05-23 16:00:00+00:00,64.0,64.187,63.905,64.06,268281.0,64.0722,2481.0
2017-05-23 17:00:00+00:00,64.06,64.36,64.05,64.14,353084.0,64.2179,2531.0
2017-05-23 18:00:00+00:00,64.1461,64.16,63.9444,64.11,220708.0,64.0547,2029.0
2017-05-23 19:00:00+00:00,64.11,64.205,64.1,64.13,506096.0,64.1336,4667.0
2017-05-23 20:00:00+00:00,64.12,64.12,64.12,64.12,71649.0,64.12,20.0
2017-05-24 12:00:00+00:00,64.12,64.12,64.12,64.12,100.0,64.12,1.0
2017-05-24 13:00:00+00:00,64.17,64.5,64.05,64.46,192971.0,64.269,1133.0
2017-05-24 14:00:00+00:00,64.46,64.61,64.07,64.15,389963.0,64.3559,3459.0
2017-05-24 15:00:00+00:00,64.165,64.21,63.84,63.89,394667.0,63.9922,3122.0
2017-05-24 16:00:00+00:00,63.875,63.95,63.72,63.73,283342.0,63.8283,2797.0
2017-05-24 17:00:00+00:00,63.74,63.75,63.55,63.565,377515.0,63.6332,2963.0
2017-05-24 18:00:00+00:00,63.56,63.8958,63.51,63.875,350716.0,63.691,3599.0
2017-05-24 19:00:00+00:00,63.875,63.89,63.67,63.81,757120.0,63.7541,6433.0
2017-05-24 20:00:00+00:00,63.81,63.84,63.5,63.75,57099.0,63.8062,25.0
2017-05-25 13:00:00+00:00,63.63,64.19,63.46,64.12,369291.0,63.8704,2637.0
2017-05-25 14:00:00+00:00,64.12,64.19,63.655,63.655,534174.0,63.898,4041.0
2017-05-25 15:00:00+00:00,63.65,64.04,63.65,63.69,587671.0,63.852,5080.0
2017-05-25 16:00:00+00:00,63.7,63.85,63.58,63.6,314456.0,63.6894,3503.0
2017-05-25 17:00:00+00:00,63.59,63.63,63.15,63.2533,467865.0,63.37,4088.0
2017-05-25 18:00:00+00:00,63.26,63.39,63.05,63.0987,370926.0,63.2053,3511.0
2017-05-25 19:00:00+00:00,63.1,63.315,63.05,63.18,920703.0,63.1942,7559.0
2017-05-25 20:00:00+00:00,63.19,63.19,63.19,63.19,13140.0,63.19,12.0
2017-05-26 12:00:00+00:00,63.6,63.6,63.6,63.6,100.0,63.6,1.0
2017-05-26 13:00:00+00:00,63.19,63.5,62.95,62.98,299454.0,63.1672,2184.0
2017-05-26 14:00:00+00:00,62.98,63.0373,62.48,62.58,482761.0,62.6756,4065.0
2017-05-26 15:00:00+00:00,62.58,62.675,62.33,62.39,625616.0,62.4802,4616.0
2017-05-26 16:00:00+00:00,62.4,62.55,62.16,62.1906,454494.0,62.3754,3626.0
2017-05-26 17:00:00+00:00,62.191,62.3,62.13,62.205,318075.0,62.2182,2794.0
2017-05-26 18:00:00+00:00,62.2,62.445,62.15,62.15,361622.0,62.2937,3132.0
2017-05-26 19:00:00+00:00,62.155,62.47,62.15,62.45,935163.0,62.3612,7307.0
2017-05-26 20:00:00+00:00,62.45,62.55,62.45,62.45,51453.0,62.4519,11.0
2017-05-30 09:00:00+00:00,62.0,62.0,62.0,62.0,200.0,62.0,1.0
2017-05-30 12:00:00+00:00,62.17,62.17,62.15,62.17,4979.0,62.1685,11.0
2017-05-30 13:00:00+00:00,62.1,62.1,60.69,61.27,969795.0,61.2552,5709.0
2017-05-30 14:00:00+00:00,61.28,61.78,61.23,61.71,1451014.0,61.5693,9436.0
2017-05-30 15:00:00+00:00,61.72,62.22,61.69,62.22,901995.0,61.967,6122.0
2017-05-30 16:00:00+00:00,62.2201,62.76,62.1925,62.63,907286.0,62.5332,6253.0
2017-05-30 17:00:00+00:00,62.62,62.79,62.58,62.68,526967.0,62.691,3334.0
2017-05-30 18:00:00+00:00,62.68,62.75,62.39,62.42,455443.0,62.5601,3556.0
2017-05-30 19:00:00+00:00,62.42,62.45,62.015,62.09,963602.0,62.1855,7833.0
2017-05-30 20:00:00+00:00,62.09,62.2259,62.09,62.2259,94357.0,62.0958,24.0
2017-05-31 12:00:00+00:00,62.0,62.0,62.0,62.0,350.0,62.0,2.0
2017-05-31 13:00:00+00:00,62.29,62.29,61.3,61.36,334957.0,61.7025,2391.0
2017-05-31 14:00:00+00:00,61.37,61.54,61.05,61.32,589110.0,61.2838,5291.0
2017-05-31 15:00:00+00:00,61.31,61.37,60.91,61.17,436352.0,61.1194,4087.0
2017-05-31 16:00:00+00:00,61.1765,61.34,61.103,61.13,309645.0,61.2377,3278.0
2017-05-31 17:00:00+00:00,61.1254,61.4,61.065,61.1054,362899.0,61.21,3346.0
2017-05-31 18:00:00+00:00,61.11,61.35,61.015,61.16,379421.0,61.1732,3908.0
2017-05-31 19:00:00+00:00,61.1599,61.49,61.04,61.45,1138837.0,61.3015,9367.0
2017-05-31 20:00:00+00:00,61.475,61.51,61.1876,61.51,117340.0,61.46,44.0
2017-05-31 21:00:00+00:00,61.51,61.65,61.5,61.65,1031.0,61.5194,4.0
2017-06-01 12:00:00+00:00,61.47,61.47,61.47,61.47,11260.0,61.47,2.0
2017-06-01 13:00:00+00:00,61.48,61.65,61.07,61.47,231123.0,61.3621,1555.0
2017-06-01 14:00:00+00:00,61.49,61.83,61.459,61.66,360829.0,61.6216,3657.0
2017-06-01 15:00:00+00:00,61.69,61.92,61.61,61.8533,511103.0,61.7408,5180.0
2017-06-01 16:00:00+00:00,61.8476,62.26,61.815,62.19,539422.0,62.0134,4132.0
2017-06-01 17:00:00+00:00,62.19,62.44,62.165,62.31,420238.0,62.3091,4057.0
2017-06-01 18:00:00+00:00,62.315,62.37,61.895,62.05,374342.0,62.141,3862.0
2017-06-01 19:00:00+00:00,62.06,62.14,61.925,62.14,733451.0,62.0523,7183.0
2017-06-01 20:00:00+00:00,62.12,62.12,62.0312,62.12,41483.0,62.1122,27.0
2017-06-02 12:00:00+00:00,62.25,62.25,62.25,62.25,500.0,62.25,1.0
2017-06-02 13:00:00+00:00,62.4,62.72,62.02,62.19,312834.0,62.3446,2395.0
2017-06-02 14:00:00+00:00,62.2,62.33,62.05,62.19,329291.0,62.2081,2922.0
2017-06-02 15:00:00+00:00,62.2,62.4319,62.1,62.395,347197.0,62.2137,3254.0
2017-06-02 16:00:00+00:00,62.38,62.595,62.315,62.44,233170.0,62.4733,2408.0
2017-06-02 17:00:00+00:00,62.44,62.46,62.2804,62.35,241987.0,62.3537,2549.0
2017-06-02 18:00:00+00:00,62.355,62.396,62.26,62.38,259318.0,62.3211,2724.0
2017-06-02 19:00:00+00:00,62.38,62.38,62.0,62.08,663433.0,62.1164,6327.0
2017-06-02 20:00:00+00:00,62.1,62.1,62.1,62.1,40559.0,62.1,12.0
2017-06-02 22:00:00+00:00,62.0,62.0,62.0,62.0,200.0,62.0,2.0
2017-06-05 12:00:00+00:00,62.0,62.0,62.0,62.0,100.0,62.0,1.0
2017-06-05 13:00:00+00:00,61.91,62.18,61.81,62.0475,227230.0,61.9927,1677.0
2017-06-05 14:00:00+00:00,62.04,62.53,62.01,62.24,428330.0,62.2892,3431.0
2017-06-05 15:00:00+00:00,62.24,62.44,62.17,62.4,299037.0,62.3157,2854.0
2017-06-05 16:00:00+00:00,62.39,62.5,62.33,62.44,308022.0,62.4137,2774.0
2017-06-05 17:00:00+00:00,62.45,62.67,62.45,62.49,407978.0,62.5263,3287.0
2017-06-05 18:00:00+00:00,62.49,62.51,62.31,62.31,531795.0,62.4227,3983.0
2017-06-05 19:00:00+00:00,62.32,62.42,62.22,62.4,1263639.0,62.3195,9782.0
2017-06-05 20:00:00+00:00,62.4,62.4,62.4,62.4,54618.0,62.4,6.0
2017-06-06 13:00:00+00:00,62.14,62.24,61.86,62.215,225041.0,62.0848,1730.0
2017-06-06 14:00:00+00:00,62.21,62.21,61.94,62.0,334910.0,62.0274,3412.0
2017-06-06 15:00:00+00:00,62.01,62.14,61.906,62.02,253552.0,62.012,2709.0
2017-06-06 16:00:00+00:00,62.01,62.53,62.0,62.43,216563.0,62.2945,2368.0
2017-06-06 17:00:00+00:00,62.44,62.56,62.32,62.36,167503.0,62.4464,2099.0
2017-06-06 18:00:00+00:00,62.35,62.55,62.33,62.38,373466.0,62.4473,3499.0
2017-06-06 19:00:00+00:00,62.38,62.4,62.155,62.29,728061.0,62.2624,7594.0
2017-06-06 20:00:00+00:00,62.29,62.3,62.29,62.29,23226.0,62.2901,17.0
2017-06-07 13:00:00+00:00,61.84,62.48,61.78,62.3,305371.0,62.1007,1831.0
2017-06-07 14:00:00+00:00,62.3,62.33,61.76,62.12,733407.0,62.0543,5397.0
2017-06-07 15:00:00+00:00,62.11,62.3,61.6,61.635,619494.0,62.0248,4589.0
2017-06-07 16:00:00+00:00,61.63,61.86,61.59,61.75,415087.0,61.7338,3846.0
2017-06-07 17:00:00+00:00,61.75,61.99,61.7,61.9499,326097.0,61.8714,3142.0
2017-06-07 18:00:00+00:00,61.96,62.2158,61.91,62.065,301729.0,62.0686,3118.0
2017-06-07 19:00:00+00:00,62.06,62.46,62.0,62.3,1007618.0,62.3296,9083.0
2017-06-07 20:00:00+00:00,62.3,62.3,62.3,62.3,25411.0,62.3,15.0
2017-06-08 13:00:00+00:00,62.17,62.92,62.17,62.798,218655.0,62.5604,1587.0
2017-06-08 14:00:00+00:00,62.8055,63.4,62.72,63.14,708460.0,63.1083,4834.0
2017-06-08 15:00:00+00:00,63.12,63.225,62.89,63.21,437415.0,63.0794,3468.0
2017-06-08 16:00:00+00:00,63.22,64.12,63.15,64.115,788842.0,63.6687,5332.0
2017-06-08 17:00:00+00:00,64.12,64.15,63.58,63.735,537160.0,63.8186,4699.0
2017-06-08 18:00:00+00:00,63.735,63.78,63.44,63.52,448782.0,63.5875,4477.0
2017-06-08 19:00:00+00:00,63.525,63.59,63.14,63.19,1132424.0,63.3236,9470.0
2017-06-08 20:00:00+00:00,63.18,63.18,63.18,63.18,65856.0,63.18,18.0
2017-06-08 22:00:00+00:00,63.25,63.25,63.25,63.25,100.0,63.25,1.0
2017-06-09 13:00:00+00:00,63.3,63.4,62.885,63.29,254334.0,63.1005,1614.0
2017-06-09 14:00:00+00:00,63.28,64.365,63.15,64.3,651226.0,63.7485,5168.0
2017-06-09 15:00:00+00:00,64.29,64.85,64.26,64.8171,741720.0,64.5173,5676.0
2017-06-09 16:00:00+00:00,64.8186,65.25,64.81,65.24,1056192.0,65.0604,7053.0
2017-06-09 17:00:00+00:00,65.24,65.43,65.12,65.39,558941.0,65.2925,4501.0
2017-06-09 18:00:00+00:00,65.4,65.76,65.02,65.1,816001.0,65.4007,6446.0
2017-06-09 19:00:00+00:00,65.105,65.46,65.07,65.26,1348455.0,65.2519,12027.0
2017-06-09 20:00:00+00:00,65.26,65.26,64.9,65.26,159704.0,65.2582,17.0
2017-06-09 23:00:00+00:00,65.31,65.31,65.31,65.31,1550.0,65.31,1.0
2017-06-12 12:00:00+00:00,65.0,65.0,65.0,65.0,100.0,65.0,1.0
2017-06-12 13:00:00+00:00,65.55,66.42,65.55,66.27,718977.0,66.1068,5356.0
2017-06-12 14:00:00+00:00,66.29,66.83,66.21,66.35,1341681.0,66.5798,10633.0
2017-06-12 15:00:00+00:00,66.35,66.58,65.63,65.65,706340.0,66.0495,6314.0
2017-06-12 16:00:00+00:00,65.65,66.06,65.58,65.94,515267.0,65.8136,4542.0
2017-06-12 17:00:00+00:00,65.96,66.41,65.94,66.335,436347.0,66.2625,3681.0
2017-06-12 18:00:00+00:00,66.34,66.48,65.98,66.045,622512.0,66.1981,4898.0
2017-06-12 19:00:00+00:00,66.05,66.145,65.79,65.93,1200593.0,65.9295,10188.0
2017-06-12 20:00:00+00:00,65.92,65.92,65.92,65.92,300324.0,65.92,15.0
2017-06-13 13:00:00+00:00,65.83,66.4,65.54,66.109,350812.0,65.983,2213.0
2017-06-13 14:00:00+00:00,66.09,66.98,65.99,66.75,773168.0,66.6101,5445.0
2017-06-13 15:00:00+00:00,66.75,66.83,66.42,66.42,491165.0,66.6206,4559.0
2017-06-13 16:00:00+00:00,66.43,66.51,66.33,66.44,303005.0,66.4272,2983.0
2017-06-13 17:00:00+00:00,66.44,66.61,66.41,66.59,259047.0,66.5055,2770.0
2017-06-13 18:00:00+00:00,66.58,66.705,66.4974,66.52,367058.0,66.6001,3561.0
2017-06-13 19:00:00+00:00,66.51,66.76,66.46,66.53,1118408.0,66.5718,9601.0
2017-06-13 20:00:00+00:00,66.53,66.53,66.53,66.53,133435.0,66.53,18.0
2017-06-14 12:00:00+00:00,66.53,66.53,66.53,66.53,297.0,66.53,1.0
2017-06-14 13:00:00+00:00,66.42,66.53,65.7413,65.82,398463.0,66.0441,2476.0
2017-06-14 14:00:00+00:00,65.85,66.13,64.9,64.99,1066640.0,65.4536,8316.0
2017-06-14 15:00:00+00:00,64.9801,65.11,64.12,64.64,1110688.0,64.5462,9397.0
2017-06-14 16:00:00+00:00,64.64,64.93,64.5,64.515,620271.0,64.7365,5987.0
2017-06-14 17:00:00+00:00,64.52,64.66,64.41,64.51,442430.0,64.5225,4334.0
2017-06-14 18:00:00+00:00,64.49,64.86,64.31,64.48,562822.0,64.5432,5204.0
2017-06-14 19:00:00+00:00,64.46,64.76,64.38,64.74,1361330.0,64.6495,11431.0
2017-06-14 20:00:00+00:00,64.75,64.75,64.73,64.75,199142.0,64.7532,28.0
2017-06-14 23:00:00+00:00,64.75,64.75,64.7,64.7,600.0,64.7083,3.0
2017-06-15 12:00:00+00:00,64.27,64.27,64.27,64.27,200.0,64.27,1.0
2017-06-15 13:00:00+00:00,64.46,65.0,64.3082,64.91,217852.0,64.5558,1691.0
2017-06-15 14:00:00+00:00,64.92,64.92,64.15,64.49,441426.0,64.4535,4066.0
2017-06-15 15:00:00+00:00,64.51,64.74,64.17,64.29,694928.0,64.4694,5182.0
2017-06-15 16:00:00+00:00,64.3,64.745,64.28,64.69,323513.0,64.5341,3311.0
2017-06-15 17:00:00+00:00,64.6936,64.81,64.51,64.62,311817.0,64.6607,2958.0
2017-06-15 18:00:00+00:00,64.6,64.79,64.54,64.625,419398.0,64.6774,4007.0
2017-06-15 19:00:00+00:00,64.625,64.71,64.41,64.69,1120985.0,64.5936,9276.0
2017-06-15 20:00:00+00:00,64.69,64.69,64.69,64.69,27790.0,64.69,20.0
2017-06-16 13:00:00+00:00,65.0,65.21,64.64,64.99,595876.0,64.9629,1726.0
2017-06-16 14:00:00+00:00,64.97,65.95,64.955,65.84,1008582.0,65.5545,6120.0
2017-06-16 15:00:00+00:00,65.87,66.04,65.79,65.941,553075.0,65.9223,4338.0
2017-06-16 16:00:00+00:00,65.94,66.01,65.42,65.51,390971.0,65.7509,3514.0
2017-06-16 17:00:00+00:00,65.52,65.52,65.01,65.16,418630.0,65.2892,3998.0
2017-06-16 18:00:00+00:00,65.16,65.38,65.15,65.285,347968.0,65.2661,3867.0
2017-06-16 19:00:00+00:00,65.295,65.87,65.23,65.79,1236004.0,65.6762,10571.0
2017-06-16 20:00:00+00:00,65.79,65.809,65.79,65.8,472705.0,65.8004,43.0
2017-06-16 21:00:00+00:00,65.9,65.9,65.85,65.85,1500.0,65.8667,3.0
2017-06-19 12:00:00+00:00,65.75,65.75,65.75,65.75,1000.0,65.75,5.0
2017-06-19 13:00:00+00:00,65.76,66.14,65.745,66.08,210257.0,65.9438,1417.0
2017-06-19 14:00:00+00:00,66.02,66.9,65.95,66.7,1043095.0,66.5904,6595.0
2017-06-19 15:00:00+00:00,66.69,66.87,66.64,66.8043,342559.0,66.7375,2793.0
2017-06-19 16:00:00+00:00,66.81,66.87,66.59,66.82,261268.0,66.7529,2271.0
2017-06-19 17:00:00+00:00,66.83,66.86,66.61,66.81,308737.0,66.7502,2517.0
2017-06-19 18:00:00+00:00,66.8215,66.9,66.64,66.82,275947.0,66.7721,2851.0
2017-06-19 19:00:00+00:00,66.82,66.95,66.575,66.63,918147.0,66.7173,7337.0
2017-06-19 20:00:00+00:00,66.61,66.61,66.61,66.61,34898.0,66.61,17.0
2017-06-19 21:00:00+00:00,66.61,66.61,66.61,66.61,134730.0,66.61,2.0
2017-06-19 23:00:00+00:00,66.9,66.9,66.9,66.9,100.0,66.9,1.0
2017-06-20 12:00:00+00:00,65.76,65.76,65.75,65.75,710.0,65.7546,4.0
2017-06-20 13:00:00+00:00,65.95,66.37,65.45,65.45,384630.0,65.9257,2577.0
2017-06-20 14:00:00+00:00,65.45,65.82,65.35,65.51,597173.0,65.6029,5080.0
2017-06-20 15:00:00+00:00,65.525,65.66,65.35,65.35,406646.0,65.5292,3333.0
2017-06-20 16:00:00+00:00,65.35,65.51,65.15,65.51,317956.0,65.3188,2888.0
2017-06-20 17:00:00+00:00,65.5,65.7825,65.46,65.78,246840.0,65.6029,2604.0
2017-06-20 18:00:00+00:00,65.78,65.95,65.68,65.74,337932.0,65.8372,3397.0
2017-06-20 19:00:00+00:00,65.74,65.81,65.49,65.64,803815.0,65.6146,7435.0
2017-06-20 20:00:00+00:00,65.65,65.65,65.35,65.35,189973.0,65.6497,16.0
2017-06-21 13:00:00+00:00,65.36,65.65,64.85,64.91,662732.0,65.1686,3135.0
2017-06-21 14:00:00+00:00,64.9,65.36,64.29,64.36,1427220.0,64.8548,8916.0
2017-06-21 15:00:00+00:00,64.3668,64.65,64.1,64.54,608119.0,64.3005,5108.0
2017-06-21 16:00:00+00:00,64.53,64.59,64.02,64.08,424676.0,64.2648,3490.0
2017-06-21 17:00:00+00:00,64.07,64.265,63.77,64.01,462508.0,64.0267,4052.0
2017-06-21 18:00:00+00:00,64.0,64.65,63.98,64.6055,487952.0,64.3646,4384.0
2017-06-21 19:00:00+00:00,64.62,64.73,64.47,64.69,1022242.0,64.6159,7638.0
2017-06-21 20:00:00+00:00,64.68,64.68,64.68,64.68,67215.0,64.68,22.0
2017-06-22 12:00:00+00:00,65.05,65.25,65.05,65.25,700.0,65.1643,3.0
2017-06-22 13:00:00+00:00,65.38,65.66,64.89,65.34,498692.0,65.3263,2759.0
2017-06-22 14:00:00+00:00,65.35,65.4,64.79,65.115,601085.0,65.0474,5458.0
2017-06-22 15:00:00+00:00,65.13,65.18,64.78,64.87,375391.0,64.9551,3752.0
2017-06-22 16:00:00+00:00,64.8756,64.95,64.78,64.88,247151.0,64.87,2473.0
2017-06-22 17:00:00+00:00,64.885,64.96,64.77,64.935,257236.0,64.8543,2721.0
2017-06-22 18:00:00+00:00,64.935,65.02,64.905,64.98,456201.0,64.9639,4089.0
2017-06-22 19:00:00+00:00,64.985,65.2,64.82,64.83,973088.0,64.9476,7732.0
2017-06-22 20:00:00+00:00,64.82,64.82,64.82,64.82,14857.0,64.82,13.0
2017-06-22 23:00:00+00:00,64.71,64.71,64.71,64.71,501.0,64.71,2.0
2017-06-23 13:00:00+00:00,64.72,65.22,64.58,65.22,300831.0,64.808,1327.0
2017-06-23 14:00:00+00:00,65.22,65.5,64.72,65.25,492809.0,65.2553,3687.0
2017-06-23 15:00:00+00:00,65.29,65.415,65.18,65.31,237496.0,65.3082,2225.0
2017-06-23 16:00:00+00:00,65.31,65.39,65.19,65.27,247448.0,65.2919,2182.0
2017-06-23 17:00:00+00:00,65.27,65.59,65.1772,65.46,253023.0,65.4049,2355.0
2017-06-23 18:00:00+00:00,65.48,65.58,65.34,65.48,242746.0,65.4617,2183.0
2017-06-23 19:00:00+00:00,65.49,66.08,65.42,65.98,1522598.0,65.8614,9627.0
2017-06-23 20:00:00+00:00,65.98,65.9965,65.3,65.57,207717.0,65.9819,31.0
2017-06-23 21:00:00+00:00,65.98,65.98,65.98,65.98,32330.0,65.98,1.0
2017-06-23 22:00:00+00:00,65.93,65.95,65.7,65.95,1100.0,65.9218,6.0
2017-06-26 13:00:00+00:00,66.18,66.3,65.97,66.255,195939.0,66.1658,1344.0
2017-06-26 14:00:00+00:00,66.245,66.48,65.76,66.02,341681.0,66.0719,3159.0
2017-06-26 15:00:00+00:00,66.02,66.37,65.91,66.32,287807.0,66.1456,2665.0
2017-06-26 16:00:00+00:00,66.32,66.38,66.14,66.28,176431.0,66.2879,1508.0
2017-06-26 17:00:00+00:00,66.28,66.48,66.23,66.34,892453.0,66.343,3878.0
2017-06-26 18:00:00+00:00,66.34,66.45,66.23,66.45,244577.0,66.3162,2186.0
2017-06-26 19:00:00+00:00,66.45,66.465,65.95,66.0401,796236.0,66.1844,6753.0
2017-06-26 20:00:00+00:00,66.1373,66.1373,66.04,66.04,52505.0,66.0622,31.0
2017-06-26 22:00:00+00:00,66.04,66.04,66.04,66.04,8182.0,66.04,3.0
2017-06-27 13:00:00+00:00,66.1,66.75,65.965,66.655,241142.0,66.3516,1487.0
2017-06-27 14:00:00+00:00,66.655,67.66,66.4568,67.36,858639.0,67.1756,5623.0
2017-06-27 15:00:00+00:00,67.33,67.84,67.315,67.7702,807027.0,67.6491,5300.0
2017-06-27 16:00:00+00:00,67.775,67.775,67.39,67.6485,411082.0,67.5912,3844.0
2017-06-27 17:00:00+00:00,67.64,67.71,67.18,67.32,390580.0,67.4155,3772.0
2017-06-27 18:00:00+00:00,67.33,67.35,66.81,66.914,515964.0,67.0694,4806.0
2017-06-27 19:00:00+00:00,66.91,67.25,66.42,66.82,1810354.0,66.8493,12372.0
2017-06-27 20:00:00+00:00,66.81,66.81,66.81,66.81,21367.0,66.81,10.0
2017-06-27 22:00:00+00:00,66.81,66.81,66.81,66.81,300.0,66.808,2.0
2017-06-27 23:00:00+00:00,66.81,66.81,66.81,66.81,300.0,66.81,1.0
2017-06-28 13:00:00+00:00,67.14,67.66,66.97,67.48,206534.0,67.3722,1586.0
2017-06-28 14:00:00+00:00,67.48,67.81,67.1,67.69,464154.0,67.5338,4658.0
2017-06-28 15:00:00+00:00,67.69,67.85,67.47,67.82,305203.0,67.6822,2953.0
2017-06-28 16:00:00+00:00,67.82,68.01,67.81,67.94,302197.0,67.918,2644.0
2017-06-28 17:00:00+00:00,67.95,68.13,67.89,67.95,267739.0,68.0086,2599.0
2017-06-28 18:00:00+00:00,67.9651,68.14,67.85,67.85,449936.0,67.9841,3352.0
2017-06-28 19:00:00+00:00,67.84,67.85,67.36,67.48,937567.0,67.5517,8208.0
2017-06-28 20:00:00+00:00,67.915,67.915,67.47,67.47,56159.0,67.6887,19.0
2017-06-28 21:00:00+00:00,67.47,67.47,67.47,67.47,73438.0,67.47,1.0
2017-06-29 13:00:00+00:00,67.79,68.39,67.525,67.55,381667.0,68.001,2287.0
2017-06-29 14:00:00+00:00,67.55,67.79,67.37,67.6,507285.0,67.5495,4068.0
2017-06-29 15:00:00+00:00,67.58,67.8,67.24,67.25,364207.0,67.4817,3481.0
2017-06-29 16:00:00+00:00,67.24,67.28,67.0277,67.11,254511.0,67.1734,2460.0
2017-06-29 17:00:00+00:00,67.15,67.24,66.77,67.22,358815.0,67.0524,3298.0
2017-06-29 18:00:00+00:00,67.2256,67.4,67.14,67.31,263283.0,67.2754,2885.0
2017-06-29 19:00:00+00:00,67.33,67.377,66.99,67.1,666652.0,67.1642,6476.0
2017-06-29 20:00:00+00:00,67.09,67.09,67.09,67.09,61405.0,67.09,18.0
2017-06-29 21:00:00+00:00,67.09,67.09,67.09,67.09,195.0,67.09,1.0
2017-06-30 13:00:00+00:00,67.55,67.55,66.9,66.99,131565.0,67.2041,1078.0
2017-06-30 14:00:00+00:00,66.98,67.22,66.87,67.195,203638.0,67.0609,2109.0
2017-06-30 15:00:00+00:00,67.2,67.4207,67.16,67.4207,215187.0,67.271,2301.0
2017-06-30 16:00:00+00:00,67.4,67.4282,67.25,67.42,158875.0,67.3431,1581.0
2017-06-30 17:00:00+00:00,67.41,67.77,67.4,67.4599,236061.0,67.5971,2202.0
2017-06-30 18:00:00+00:00,67.45,67.7,67.41,67.63,264879.0,67.5491,2133.0
2017-06-30 19:00:00+00:00,67.65,67.72,67.48,67.49,838996.0,67.5916,7101.0
2017-06-30 20:00:00+00:00,67.46,67.46,67.46,67.46,294892.0,67.46,37.0
2017-07-03 12:00:00+00:00,67.46,67.46,67.46,67.46,3612.0,67.46,1.0
2017-07-03 13:00:00+00:00,67.81,68.2,67.66,67.96,228412.0,67.954,1679.0
2017-07-03 14:00:00+00:00,67.98,68.39,67.95,68.37,326015.0,68.1941,3163.0
2017-07-03 15:00:00+00:00,68.38,68.44,68.3,68.43,631893.0,68.3983,5115.0
2017-07-03 16:00:00+00:00,68.43,68.44,68.0,68.01,645033.0,68.2648,5630.0
2017-07-03 17:00:00+00:00,68.02,68.02,68.02,68.02,202355.0,68.02,1.0
2017-07-05 13:00:00+00:00,67.9,68.25,67.66,67.76,316370.0,67.9,2528.0
2017-07-05 14:00:00+00:00,67.75,67.79,67.33,67.62,304556.0,67.5397,3355.0
2017-07-05 15:00:00+00:00,67.63,68.1,67.17,67.22,632455.0,67.5454,5178.0
2017-07-05 16:00:00+00:00,67.21,67.38,67.11,67.2313,449346.0,67.2278,3295.0
2017-07-05 17:00:00+00:00,67.24,67.33,67.15,67.17,297982.0,67.2251,2576.0
2017-07-05 18:00:00+00:00,67.2,67.48,67.11,67.1301,385024.0,67.3024,3483.0
2017-07-05 19:00:00+00:00,67.13,67.345,66.96,67.06,1017585.0,67.1368,9061.0
2017-07-05 20:00:00+00:00,67.07,67.4,67.07,67.4,121641.0,67.0705,32.0
2017-07-05 23:00:00+00:00,67.07,67.07,67.07,67.07,150.0,67.07,1.0
2017-07-06 12:00:00+00:00,67.1,67.1,67.1,67.1,1900.0,67.1,10.0
2017-07-06 13:00:00+00:00,67.1,67.2,66.43,66.47,291190.0,66.8969,2066.0
2017-07-06 14:00:00+00:00,66.47,66.63,66.18,66.31,498884.0,66.4069,4283.0
2017-07-06 15:00:00+00:00,66.32,66.88,66.32,66.68,530029.0,66.6117,4717.0
2017-07-06 16:00:00+00:00,66.673,66.75,66.53,66.54,298485.0,66.6601,2876.0
2017-07-06 17:00:00+00:00,66.54,66.7,66.19,66.37,376047.0,66.4217,3517.0
2017-07-06 18:00:00+00:00,66.36,66.43,66.25,66.31,334212.0,66.3362,3389.0
2017-07-06 19:00:00+00:00,66.32,66.48,66.28,66.45,719565.0,66.3854,7106.0
2017-07-06 20:00:00+00:00,66.46,66.46,66.46,66.46,22664.0,66.46,17.0
2017-07-07 13:00:00+00:00,66.44,66.92,66.25,66.86,211572.0,66.567,1636.0
2017-07-07 14:00:00+00:00,66.88,67.12,66.61,67.01,552318.0,66.9295,4486.0
2017-07-07 15:00:00+00:00,67.01,67.86,67.0,67.85,657254.0,67.4933,4990.0
2017-07-07 16:00:00+00:00,67.84,68.19,67.84,68.01,535987.0,68.0639,4608.0
2017-07-07 17:00:00+00:00,68.01,68.17,67.93,68.1585,305402.0,68.0739,2944.0
2017-07-07 18:00:00+00:00,68.16,68.28,68.05,68.18,468731.0,68.1556,4081.0
2017-07-07 19:00:00+00:00,68.19,68.42,68.08,68.19,1305234.0,68.2467,9878.0
2017-07-07 20:00:00+00:00,68.18,68.18,68.1,68.1,357448.0,68.1797,28.0
2017-07-07 21:00:00+00:00,68.18,68.25,68.18,68.25,1400.0,68.215,7.0
2017-07-10 12:00:00+00:00,68.2,68.2,68.2,68.2,1000.0,68.2,1.0
2017-07-10 13:00:00+00:00,68.05,68.49,67.98,68.245,353993.0,68.2778,2179.0
2017-07-10 14:00:00+00:00,68.23,68.46,68.23,68.4,435504.0,68.3827,3562.0
2017-07-10 15:00:00+00:00,68.4,68.48,68.27,68.385,502992.0,68.3827,3884.0
2017-07-10 16:00:00+00:00,68.38,68.445,68.32,68.4,266717.0,68.3937,2716.0
2017-07-10 17:00:00+00:00,68.39,68.43,68.275,68.31,475472.0,68.3423,3793.0
2017-07-10 18:00:00+00:00,68.3,68.445,68.25,68.25,285914.0,68.3704,2608.0
2017-07-10 19:00:00+00:00,68.26,68.35,68.05,68.09,952453.0,68.2001,7599.0
2017-07-10 20:00:00+00:00,68.09,68.09,68.09,68.09,22552.0,68.09,20.0
2017-07-11 13:00:00+00:00,68.03,68.32,67.73,68.06,323005.0,68.0024,2221.0
2017-07-11 14:00:00+00:00,68.0404,68.41,67.94,68.39,334595.0,68.1434,2836.0
2017-07-11 15:00:00+00:00,68.38,68.445,68.09,68.427,188059.0,68.2958,2064.0
2017-07-11 16:00:00+00:00,68.43,68.45,68.1,68.16,217957.0,68.2958,1478.0
2017-07-11 17:00:00+00:00,68.17,68.2,67.98,68.13,208109.0,68.0648,1596.0
2017-07-11 18:00:00+00:00,68.13,68.18,67.95,67.965,182433.0,68.0886,1610.0
2017-07-11 19:00:00+00:00,67.96,68.03,67.86,67.94,500586.0,67.9266,4595.0
2017-07-11 20:00:00+00:00,67.93,67.93,67.93,67.93,58002.0,67.93,23.0
2017-07-11 21:00:00+00:00,68.1,68.11,68.1,68.11,550.0,68.1082,2.0
2017-07-12 13:00:00+00:00,68.48,68.55,67.99,68.105,269432.0,68.3493,1658.0
2017-07-12 14:00:00+00:00,68.08,68.45,67.45,67.4799,634782.0,68.0105,4858.0
2017-07-12 15:00:00+00:00,67.47,67.76,67.44,67.67,441851.0,67.5934,3412.0
2017-07-12 16:00:00+00:00,67.66,68.06,67.62,68.02,164997.0,67.8505,1895.0
2017-07-12 17:00:00+00:00,68.01,68.08,67.79,67.847,196102.0,67.9579,2060.0
2017-07-12 18:00:00+00:00,67.8366,67.94,67.65,67.9,229645.0,67.8352,2487.0
2017-07-12 19:00:00+00:00,67.9199,68.16,67.79,68.06,1175728.0,68.0317,9762.0
2017-07-12 20:00:00+00:00,68.0,68.03,67.95,68.03,448910.0,68.0299,20.0
2017-07-12 21:00:00+00:00,67.99,67.99,67.99,67.99,358.0,67.9984,3.0
2017-07-13 13:00:00+00:00,67.87,68.38,67.37,67.4,304512.0,67.8681,2146.0
2017-07-13 14:00:00+00:00,67.41,67.52,67.04,67.29,427821.0,67.2637,3046.0
2017-07-13 15:00:00+00:00,67.2991,67.42,67.21,67.3199,267294.0,67.3002,2581.0
2017-07-13 16:00:00+00:00,67.31,67.43,67.22,67.4,163360.0,67.3177,1665.0
2017-07-13 17:00:00+00:00,67.39,67.43,67.23,67.28,174076.0,67.3135,1897.0
2017-07-13 18:00:00+00:00,67.28,67.5699,67.28,67.55,247191.0,67.4348,2582.0
2017-07-13 19:00:00+00:00,67.54,67.82,67.36,67.775,823010.0,67.6261,6341.0
2017-07-13 20:00:00+00:00,67.79,67.79,67.78,67.78,44062.0,67.78,15.0
2017-07-13 22:00:00+00:00,67.65,67.65,67.65,67.65,100.0,67.65,1.0
2017-07-14 13:00:00+00:00,67.84,68.23,67.41,68.166,215999.0,67.8668,1629.0
2017-07-14 14:00:00+00:00,68.14,68.33,67.83,67.91,283946.0,68.1017,2707.0
2017-07-14 15:00:00+00:00,67.9,68.04,67.76,67.92,203771.0,67.8894,2245.0
2017-07-14 16:00:00+00:00,67.93,67.94,67.81,67.93,173316.0,67.874,1852.0
2017-07-14 17:00:00+00:00,67.93,68.02,67.89,68.02,188905.0,67.9316,2029.0
2017-07-14 18:00:00+00:00,68.02,68.14,67.9344,67.98,379437.0,68.0406,2663.0
2017-07-14 19:00:00+00:00,67.99,68.14,67.91,68.02,450472.0,68.0556,4322.0
2017-07-14 20:00:00+00:00,68.04,68.04,68.04,68.04,57743.0,68.04,16.0
2017-07-17 12:00:00+00:00,68.0,68.0,68.0,68.0,200.0,68.0,1.0
2017-07-17 13:00:00+00:00,67.82,68.0,67.665,67.71,114138.0,67.8368,736.0
2017-07-17 14:00:00+00:00,67.72,67.9,67.37,67.89,448511.0,67.5962,3561.0
2017-07-17 15:00:00+00:00,67.89,67.92,67.57,67.7,262098.0,67.7293,2658.0
2017-07-17 16:00:00+00:00,67.7,67.92,67.68,67.73,223804.0,67.8168,2121.0
2017-07-17 17:00:00+00:00,67.72,67.77,67.64,67.7083,183579.0,67.7094,1894.0
2017-07-17 18:00:00+00:00,67.71,67.8,67.63,67.7,361598.0,67.7121,3101.0
2017-07-17 19:00:00+00:00,67.71,67.73,67.32,67.4,881939.0,67.4361,7805.0
2017-07-17 20:00:00+00:00,67.43,67.43,67.43,67.43,92573.0,67.43,13.0
2017-07-18 13:00:00+00:00,67.72,67.76,67.2,67.46,258685.0,67.5277,1767.0
2017-07-18 14:00:00+00:00,67.45,67.76,67.305,67.7,453308.0,67.5377,4191.0
2017-07-18 15:00:00+00:00,67.71,67.75,67.5,67.53,255737.0,67.6046,2683.0
2017-07-18 16:00:00+00:00,67.54,67.66,67.465,67.49,198988.0,67.5344,2092.0
2017-07-18 17:00:00+00:00,67.48,67.59,67.371,67.59,253762.0,67.4763,2126.0
2017-07-18 18:00:00+00:00,67.58,67.6,67.36,67.395,262889.0,67.4764,2571.0
2017-07-18 19:00:00+00:00,67.395,67.59,67.395,67.5,920567.0,67.4903,7068.0
2017-07-18 20:00:00+00:00,67.51,67.51,67.51,67.51,42080.0,67.51,22.0
2017-07-18 21:00:00+00:00,67.55,67.55,67.55,67.55,1300.0,67.55,3.0
2017-07-18 23:00:00+00:00,67.6,67.62,67.6,67.6,1000.0,67.602,4.0
2017-07-19 12:00:00+00:00,67.51,67.51,67.51,67.51,500.0,67.51,1.0
2017-07-19 13:00:00+00:00,67.57,68.295,67.54,68.27,510996.0,67.8781,2682.0
2017-07-19 14:00:00+00:00,68.29,68.69,67.97,67.99,897641.0,68.3432,6759.0
2017-07-19 15:00:00+00:00,68.02,68.07,67.58,67.8605,532508.0,67.8017,5041.0
2017-07-19 16:00:00+00:00,67.89,67.9,67.74,67.79,144481.0,67.8283,1717.0
2017-07-19 17:00:00+00:00,67.8,68.07,67.74,68.0,212338.0,67.8833,2313.0
2017-07-19 18:00:00+00:00,68.01,68.12,67.895,67.945,215246.0,67.9998,2164.0
2017-07-19 19:00:00+00:00,67.945,68.14,67.9438,68.03,614042.0,68.0408,5258.0
2017-07-19 20:00:00+00:00,68.03,68.03,68.03,68.03,75320.0,68.03,21.0
2017-07-19 21:00:00+00:00,68.03,68.03,68.03,68.03,176.0,68.03,1.0
2017-07-20 13:00:00+00:00,68.44,68.44,67.85,68.08,331914.0,68.1493,1932.0
2017-07-20 14:00:00+00:00,68.035,68.0508,67.42,67.7,303216.0,67.7513,2680.0
2017-07-20 15:00:00+00:00,67.69,67.8,67.3,67.58,254748.0,67.4891,2468.0
2017-07-20 16:00:00+00:00,67.57,67.78,67.51,67.78,119263.0,67.6692,1421.0
2017-07-20 17:00:00+00:00,67.79,67.86,67.75,67.77,154500.0,67.8074,1823.0
2017-07-20 18:00:00+00:00,67.75,67.895,67.71,67.825,235640.0,67.812,2511.0
2017-07-20 19:00:00+00:00,67.8,67.83,67.46,67.58,791597.0,67.6128,6517.0
2017-07-20 20:00:00+00:00,67.52,67.52,67.25,67.25,81900.0,67.5197,15.0
2017-07-21 13:00:00+00:00,67.52,67.87,67.31,67.32,351975.0,67.4816,1712.0
2017-07-21 14:00:00+00:00,67.31,67.39,67.01,67.31,341065.0,67.2124,3213.0
2017-07-21 15:00:00+00:00,67.31,67.715,67.27,67.62,250655.0,67.5489,2627.0
2017-07-21 16:00:00+00:00,67.63,67.705,67.49,67.52,248834.0,67.5956,2326.0
2017-07-21 17:00:00+00:00,67.51,67.77,67.51,67.6102,167144.0,67.6568,1845.0
2017-07-21 18:00:00+00:00,67.615,67.66,67.49,67.62,224093.0,67.5951,2233.0
2017-07-21 19:00:00+00:00,67.615,67.83,67.54,67.76,805383.0,67.6822,5933.0
2017-07-21 20:00:00+00:00,67.78,67.78,67.78,67.78,21956.0,67.78,16.0
2017-07-24 12:00:00+00:00,67.8,67.84,67.8,67.84,350.0,67.8286,4.0
2017-07-24 13:00:00+00:00,67.63,67.91,67.54,67.64,258041.0,67.6782,1289.0
2017-07-24 14:00:00+00:00,67.65,68.08,67.64,67.86,264109.0,67.8953,2645.0
2017-07-24 15:00:00+00:00,67.86,67.91,67.66,67.86,190527.0,67.8215,1946.0
2017-07-24 16:00:00+00:00,67.86,68.02,67.86,67.95,118193.0,67.9644,1270.0
2017-07-24 17:00:00+00:00,67.95,68.08,67.92,68.06,121911.0,67.9897,1259.0
2017-07-24 18:00:00+00:00,68.07,68.09,67.91,67.91,229025.0,68.0347,2011.0
2017-07-24 19:00:00+00:00,67.9243,67.94,67.56,67.69,618476.0,67.6995,5569.0
2017-07-24 20:00:00+00:00,67.678,67.68,67.678,67.68,229598.0,67.68,18.0
2017-07-25 12:00:00+00:00,68.48,68.48,68.48,68.48,175.0,68.48,1.0
2017-07-25 13:00:00+00:00,68.04,68.44,67.9,68.31,270863.0,68.2454,1662.0
2017-07-25 14:00:00+00:00,68.32,68.49,68.06,68.35,361200.0,68.248,3181.0
2017-07-25 15:00:00+00:00,68.36,68.4868,68.26,68.47,322596.0,68.381,2952.0
2017-07-25 16:00:00+00:00,68.47,68.71,68.43,68.48,550399.0,68.5661,4056.0
2017-07-25 17:00:00+00:00,68.48,68.72,68.4388,68.58,277973.0,68.6002,2589.0
2017-07-25 18:00:00+00:00,68.59,68.71,68.51,68.56,296844.0,68.5992,2468.0
2017-07-25 19:00:00+00:00,68.56,68.6683,68.43,68.44,617078.0,68.5568,5539.0
2017-07-25 20:00:00+00:00,68.44,68.44,68.0,68.35,27437.0,68.4313,34.0
2017-07-25 21:00:00+00:00,68.5,68.5,68.5,68.5,300.0,68.5,1.0
2017-07-26 11:00:00+00:00,68.45,68.45,68.45,68.45,100.0,68.45,1.0
2017-07-26 13:00:00+00:00,68.55,68.55,67.8,67.98,244104.0,68.1037,1611.0
2017-07-26 14:00:00+00:00,67.98,68.33,67.85,68.15,353279.0,68.1107,3726.0
2017-07-26 15:00:00+00:00,68.17,68.36,67.85,68.35,308449.0,68.0541,2819.0
2017-07-26 16:00:00+00:00,68.3541,68.52,68.14,68.16,398506.0,68.3462,2753.0
2017-07-26 17:00:00+00:00,68.15,68.17,67.86,67.93,234730.0,67.9866,2656.0
2017-07-26 18:00:00+00:00,67.95,68.18,67.95,68.03,323778.0,68.0817,3460.0
2017-07-26 19:00:00+00:00,68.03,68.22,67.8,68.03,1211398.0,68.0058,10172.0
2017-07-26 20:00:00+00:00,67.99,67.99,67.99,67.99,33698.0,67.99,14.0
2017-07-26 21:00:00+00:00,68.45,68.45,68.45,68.45,200.0,68.45,1.0
2017-07-27 12:00:00+00:00,68.45,68.45,68.45,68.45,500.0,68.45,1.0
2017-07-27 13:00:00+00:00,68.45,68.45,66.61,67.59,497906.0,67.3373,3678.0
2017-07-27 14:00:00+00:00,67.64,68.829,67.5801,68.434,680222.0,68.3713,5701.0
2017-07-27 15:00:00+00:00,68.45,68.68,68.05,68.19,652830.0,68.3366,4414.0
2017-07-27 16:00:00+00:00,68.2,68.3,67.98,68.08,395615.0,68.0789,3091.0
2017-07-27 17:00:00+00:00,68.09,68.33,67.77,67.77,283099.0,68.0466,2455.0
2017-07-27 18:00:00+00:00,67.8,67.85,67.48,67.535,379663.0,67.6452,3105.0
2017-07-27 19:00:00+00:00,67.535,67.67,67.41,67.55,1194433.0,67.5318,8878.0
2017-07-27 20:00:00+00:00,67.59,67.59,67.59,67.59,20470.0,67.59,19.0
2017-07-28 13:00:00+00:00,67.47,67.58,67.03,67.24,399412.0,67.3406,2815.0
2017-07-28 14:00:00+00:00,67.24,67.32,66.82,66.8487,829365.0,67.1358,6125.0
2017-07-28 15:00:00+00:00,66.84,66.86,65.95,66.1899,1386507.0,66.2953,8250.0
2017-07-28 16:00:00+00:00,66.16,66.68,66.16,66.37,509001.0,66.4109,4142.0
2017-07-28 17:00:00+00:00,66.36,66.44,66.09,66.09,348663.0,66.274,3085.0
2017-07-28 18:00:00+00:00,66.0901,66.78,66.06,66.75,593564.0,66.2188,4893.0
2017-07-28 19:00:00+00:00,66.75,67.06,66.64,66.69,2209846.0,66.7836,11323.0
2017-07-28 20:00:00+00:00,66.69,66.83,66.53,66.69,105745.0,66.69,21.0
2017-07-28 22:00:00+00:00,66.75,66.75,66.75,66.75,600.0,66.75,2.0
2017-07-31 13:00:00+00:00,67.1,67.69,66.88,67.65,388720.0,67.3614,2471.0
2017-07-31 14:00:00+00:00,67.66,68.93,67.66,68.77,1327139.0,68.5401,8138.0
2017-07-31 15:00:00+00:00,68.78,68.92,68.59,68.74,737867.0,68.7764,5576.0
2017-07-31 16:00:00+00:00,68.74,69.14,68.71,68.97,423544.0,68.9806,3643.0
2017-07-31 17:00:00+00:00,68.98,69.16,68.85,69.13,797251.0,68.9674,3683.0
2017-07-31 18:00:00+00:00,69.125,69.38,68.9901,69.3501,661129.0,69.1977,5242.0
2017-07-31 19:00:00+00:00,69.365,69.44,68.97,68.97,1647963.0,69.2377,11644.0
2017-07-31 20:00:00+00:00,68.97,69.02,68.97,68.97,251360.0,68.9701,29.0
2017-07-31 21:00:00+00:00,69.0,69.1,69.0,69.1,200.0,69.05,2.0
2017-08-01 12:00:00+00:00,68.97,68.97,68.97,68.97,2418.0,68.97,1.0
2017-08-01 13:00:00+00:00,69.25,69.66,68.73,69.23,458206.0,69.0833,3289.0
2017-08-01 14:00:00+00:00,69.18,69.69,69.18,69.56,663114.0,69.5161,5181.0
2017-08-01 15:00:00+00:00,69.57,69.75,69.09,69.27,555441.0,69.3877,4855.0
2017-08-01 16:00:00+00:00,69.26,69.43,69.1,69.155,508560.0,69.3028,4192.0
2017-08-01 17:00:00+00:00,69.16,69.21,68.88,69.1,561259.0,69.01,3427.0
2017-08-01 18:00:00+00:00,69.085,69.22,69.02,69.03,638237.0,69.0943,3566.0
2017-08-01 19:00:00+00:00,69.02,69.07,68.775,68.82,1655930.0,68.8845,8850.0
2017-08-01 20:00:00+00:00,69.34,69.34,68.82,68.82,36252.0,68.8745,28.0
2017-08-02 13:00:00+00:00,69.33,69.33,68.301,68.9808,312862.0,68.8633,2187.0
2017-08-02 14:00:00+00:00,69.0,69.05,68.47,68.52,434867.0,68.797,4133.0
2017-08-02 15:00:00+00:00,68.52,68.91,68.5,68.84,465127.0,68.6828,4151.0
2017-08-02 16:00:00+00:00,68.84,68.89,68.47,68.64,288925.0,68.646,2981.0
2017-08-02 17:00:00+00:00,68.635,68.95,68.62,68.81,311715.0,68.7992,3256.0
2017-08-02 18:00:00+00:00,68.8088,68.84,68.58,68.775,458586.0,68.7476,3886.0
2017-08-02 19:00:00+00:00,68.775,68.8,68.46,68.49,1042284.0,68.5667,9575.0
2017-08-02 20:00:00+00:00,68.5,68.5,68.5,68.5,47741.0,68.5,16.0
2017-08-03 13:00:00+00:00,68.22,68.53,68.0617,68.53,385539.0,68.2837,1971.0
2017-08-03 14:00:00+00:00,68.58,68.64,68.25,68.465,425030.0,68.4719,3823.0
2017-08-03 15:00:00+00:00,68.47,68.52,68.19,68.21,275475.0,68.3635,2369.0
2017-08-03 16:00:00+00:00,68.225,68.53,68.19,68.48,362303.0,68.3688,2802.0
2017-08-03 17:00:00+00:00,68.47,68.6,68.415,68.46,296373.0,68.5201,2737.0
2017-08-03 18:00:00+00:00,68.46,68.55,68.33,68.44,435907.0,68.4588,3303.0
2017-08-03 19:00:00+00:00,68.44,68.54,68.37,68.49,880717.0,68.4858,7523.0
2017-08-03 20:00:00+00:00,68.5,68.5,68.5,68.5,58885.0,68.5,18.0
2017-08-03 21:00:00+00:00,68.5,68.5,68.41,68.41,2100.0,68.4743,7.0
2017-08-03 23:00:00+00:00,68.6,68.6,68.6,68.6,300.0,68.6,3.0
2017-08-04 13:00:00+00:00,68.5,68.88,68.3001,68.88,334613.0,68.5775,1687.0
2017-08-04 14:00:00+00:00,68.85,68.88,68.52,68.63,363356.0,68.6826,3256.0
2017-08-04 15:00:00+00:00,68.63,68.7,68.48,68.595,286504.0,68.5755,2635.0
2017-08-04 16:00:00+00:00,68.6,68.68,68.51,68.66,232867.0,68.5895,2366.0
2017-08-04 17:00:00+00:00,68.67,68.93,68.65,68.745,256413.0,68.7575,2401.0
2017-08-04 18:00:00+00:00,68.755,68.82,68.47,68.7513,409298.0,68.6291,3126.0
2017-08-04 19:00:00+00:00,68.76,68.85,68.5,68.52,1073607.0,68.6648,7244.0
2017-08-04 20:00:00+00:00,68.53,68.6,68.53,68.6,31666.0,68.5344,17.0
2017-08-04 21:00:00+00:00,68.6,68.6,68.6,68.6,200.0,68.6,2.0
2017-08-04 23:00:00+00:00,68.6,68.6,68.6,68.6,491.0,68.6,2.0
2017-08-07 12:00:00+00:00,68.47,68.47,68.47,68.47,350.0,68.47,2.0
2017-08-07 13:00:00+00:00,67.95,68.449,67.75,68.38,306050.0,68.1761,2060.0
2017-08-07 14:00:00+00:00,68.38,68.3825,67.9,68.06,307031.0,68.0985,2633.0
2017-08-07 15:00:00+00:00,68.06,68.43,67.93,68.425,355704.0,68.1103,2827.0
2017-08-07 16:00:00+00:00,68.42,68.53,68.19,68.28,324201.0,68.3795,2401.0
2017-08-07 17:00:00+00:00,68.29,68.32,68.1,68.14,221921.0,68.1891,1843.0
2017-08-07 18:00:00+00:00,68.14,68.22,67.88,67.9887,283604.0,68.0935,2124.0
2017-08-07 19:00:00+00:00,67.99,68.0353,67.87,67.98,538796.0,67.9457,4835.0
2017-08-07 20:00:00+00:00,68.0,68.0,67.98,67.98,4437.0,67.9991,9.0
2017-08-08 13:00:00+00:00,67.67,67.94,67.37,67.44,173303.0,67.6195,1118.0
2017-08-08 14:00:00+00:00,67.44,67.635,67.35,67.55,440294.0,67.4752,3559.0
2017-08-08 15:00:00+00:00,67.54,67.8238,67.5,67.74,245421.0,67.6668,2367.0
2017-08-08 16:00:00+00:00,67.7359,67.85,67.55,67.57,249205.0,67.7432,2533.0
2017-08-08 17:00:00+00:00,67.571,67.74,67.43,67.7,280623.0,67.5864,2775.0
2017-08-08 18:00:00+00:00,67.695,67.89,67.69,67.775,341709.0,67.8045,3522.0
2017-08-08 19:00:00+00:00,67.78,67.84,67.59,67.78,984460.0,67.7357,8990.0
2017-08-08 20:00:00+00:00,67.79,67.79,67.79,67.79,85682.0,67.79,13.0
2017-08-09 12:00:00+00:00,67.33,67.33,67.33,67.33,103.0,67.33,2.0
2017-08-09 13:00:00+00:00,67.65,67.84,67.39,67.77,311553.0,67.6771,1702.0
2017-08-09 14:00:00+00:00,67.77,67.93,66.73,66.95,619333.0,67.3087,4952.0
2017-08-09 15:00:00+00:00,66.95,67.08,66.7,67.0,396821.0,66.9022,4100.0
2017-08-09 16:00:00+00:00,67.0,67.07,66.74,66.94,286111.0,66.9447,3423.0
2017-08-09 17:00:00+00:00,66.94,67.04,66.78,66.82,248279.0,66.9142,2823.0
2017-08-09 18:00:00+00:00,66.82,66.85,66.611,66.715,360600.0,66.7384,3840.0
2017-08-09 19:00:00+00:00,66.715,66.97,66.637,66.93,880879.0,66.8456,8392.0
2017-08-09 20:00:00+00:00,66.93,66.93,66.93,66.93,21230.0,66.93,8.0
2017-08-09 21:00:00+00:00,67.05,67.05,67.05,67.05,100.0,67.05,1.0
2017-08-10 13:00:00+00:00,66.8,66.985,66.33,66.47,213037.0,66.5555,1594.0
2017-08-10 14:00:00+00:00,66.41,66.51,66.03,66.04,401944.0,66.2484,3092.0
2017-08-10 15:00:00+00:00,66.03,66.07,65.75,65.895,330989.0,65.9446,2744.0
2017-08-10 16:00:00+00:00,65.885,66.02,65.803,65.92,246437.0,65.9062,2418.0
2017-08-10 17:00:00+00:00,65.92,66.175,65.91,66.09,333707.0,66.0568,3286.0
2017-08-10 18:00:00+00:00,66.09,66.295,65.99,66.23,300524.0,66.164,2854.0
2017-08-10 19:00:00+00:00,66.2294,66.28,65.98,66.2,1084832.0,66.1113,9143.0
2017-08-10 20:00:00+00:00,66.2,66.2,66.2,66.2,110887.0,66.2,14.0
2017-08-10 21:00:00+00:00,65.75,66.15,65.75,66.15,8700.0,65.846,21.0
2017-08-10 23:00:00+00:00,66.12,66.12,66.12,66.12,1100.0,66.12,3.0
2017-08-11 13:00:00+00:00,65.95,66.24,65.85,66.085,254154.0,66.0542,1854.0
2017-08-11 14:00:00+00:00,66.085,66.4,66.0165,66.0203,317904.0,66.2092,3071.0
2017-08-11 15:00:00+00:00,66.02,66.06,65.88,65.985,212159.0,65.9749,2098.0
2017-08-11 16:00:00+00:00,65.985,66.3,65.985,66.275,248413.0,66.1734,1908.0
2017-08-11 17:00:00+00:00,66.2735,66.36,66.08,66.08,195757.0,66.2354,1972.0
2017-08-11 18:00:00+00:00,66.09,66.16,65.95,65.97,215954.0,66.0598,2343.0
2017-08-11 19:00:00+00:00,66.0,66.27,65.97,66.14,696789.0,66.1384,6737.0
2017-08-11 20:00:00+00:00,66.15,66.15,66.15,66.15,38335.0,66.15,15.0
2017-08-14 13:00:00+00:00,66.52,67.0,66.39,66.86,166050.0,66.6747,1057.0
2017-08-14 14:00:00+00:00,66.88,67.01,66.69,66.98,214289.0,66.8432,1998.0
2017-08-14 15:00:00+00:00,66.9806,66.9806,66.74,66.84,192288.0,66.863,1963.0
2017-08-14 16:00:00+00:00,66.84,67.0,66.65,66.7,175452.0,66.768,1539.0
2017-08-14 17:00:00+00:00,66.71,66.9,66.71,66.78,134852.0,66.8118,1540.0
2017-08-14 18:00:00+00:00,66.8,66.86,66.6904,66.7,189200.0,66.7741,1970.0
2017-08-14 19:00:00+00:00,66.71,66.88,66.64,66.77,635279.0,66.7537,5533.0
2017-08-14 20:00:00+00:00,66.79,66.79,66.79,66.79,526812.0,66.79,15.0
2017-08-14 22:00:00+00:00,66.95,66.95,66.95,66.95,300.0,66.95,1.0
2017-08-15 12:00:00+00:00,66.0,66.0,66.0,66.0,100.0,66.0,1.0
2017-08-15 13:00:00+00:00,66.66,66.93,66.61,66.71,129065.0,66.7287,783.0
2017-08-15 14:00:00+00:00,66.72,67.2706,66.72,67.16,271455.0,67.0235,2784.0
2017-08-15 15:00:00+00:00,67.17,67.32,67.11,67.25,303663.0,67.2022,2638.0
2017-08-15 16:00:00+00:00,67.25,67.28,67.14,67.185,224811.0,67.205,2301.0
2017-08-15 17:00:00+00:00,67.185,67.26,67.12,67.15,204698.0,67.2014,2164.0
2017-08-15 18:00:00+00:00,67.145,67.285,67.09,67.115,277358.0,67.1903,2623.0
2017-08-15 19:00:00+00:00,67.1175,67.32,67.11,67.18,868319.0,67.2149,7133.0
2017-08-15 20:00:00+00:00,67.15,67.15,66.99,67.15,37061.0,67.1398,20.0
2017-08-16 13:00:00+00:00,67.26,67.5,66.89,67.14,239992.0,67.1756,2392.0
2017-08-16 14:00:00+00:00,67.11,67.11,66.45,66.61,316258.0,66.6952,5053.0
2017-08-16 15:00:00+00:00,66.62,66.87,66.52,66.71,190173.0,66.7112,3687.0
2017-08-16 16:00:00+00:00,66.694,66.91,66.59,66.62,174332.0,66.7447,3235.0
2017-08-16 17:00:00+00:00,66.62,66.65,66.42,66.49,220098.0,66.5021,4096.0
2017-08-16 18:00:00+00:00,66.49,66.66,66.07,66.17,471215.0,66.2624,6944.0
2017-08-16 19:00:00+00:00,66.16,66.23,65.86,65.97,885641.0,65.9668,10428.0
2017-08-16 20:00:00+00:00,66.5861,66.5861,65.99,65.99,19294.0,66.0546,19.0
2017-08-17 12:00:00+00:00,65.95,65.95,65.95,65.95,975.0,65.95,3.0
2017-08-17 13:00:00+00:00,65.67,65.71,65.08,65.33,311757.0,65.4,2068.0
2017-08-17 14:00:00+00:00,65.31,65.41,65.07,65.27,419012.0,65.2245,2955.0
2017-08-17 15:00:00+00:00,65.2704,65.58,65.1056,65.12,307606.0,65.3448,3039.0
2017-08-17 16:00:00+00:00,65.11,65.2,64.88,64.98,386236.0,65.0533,2856.0
2017-08-17 17:00:00+00:00,64.98,65.01,64.8766,64.99,240568.0,64.9482,2189.0
2017-08-17 18:00:00+00:00,64.99,65.01,64.72,64.83,308174.0,64.8594,2964.0
2017-08-17 19:00:00+00:00,64.82,64.82,64.47,64.53,1015995.0,64.5924,9323.0
2017-08-17 20:00:00+00:00,64.55,65.0269,64.55,64.55,35694.0,64.5804,23.0
2017-08-17 21:00:00+00:00,64.55,64.55,64.53,64.53,300.0,64.5433,2.0
2017-08-17 23:00:00+00:00,64.55,64.55,64.55,64.55,100.0,64.55,1.0
2017-08-18 13:00:00+00:00,64.45,64.8625,64.2201,64.63,416619.0,64.5187,1637.0
2017-08-18 14:00:00+00:00,64.63,64.84,64.45,64.71,387381.0,64.6711,3118.0
2017-08-18 15:00:00+00:00,64.71,65.24,64.651,65.22,352992.0,64.9339,3190.0
2017-08-18 16:00:00+00:00,65.23,65.46,65.14,65.29,398852.0,65.3151,3332.0
2017-08-18 17:00:00+00:00,65.29,65.36,64.84,64.95,332779.0,65.1542,2659.0
2017-08-18 18:00:00+00:00,64.96,65.09,64.93,64.96,243515.0,65.002,2325.0
2017-08-18 19:00:00+00:00,64.96,64.99,64.72,64.75,681561.0,64.8513,6218.0
2017-08-18 20:00:00+00:00,64.75,64.75,64.75,64.75,25279.0,64.75,12.0
2017-08-21 13:00:00+00:00,64.66,64.95,64.66,64.735,184406.0,64.718,777.0
2017-08-21 14:00:00+00:00,64.77,64.79,64.52,64.64,273048.0,64.6377,2554.0
2017-08-21 15:00:00+00:00,64.63,64.89,64.6,64.65,233216.0,64.7512,2363.0
2017-08-21 16:00:00+00:00,64.6536,64.8,64.45,64.69,182697.0,64.6369,1963.0
2017-08-21 17:00:00+00:00,64.7,64.75,64.62,64.65,127607.0,64.6848,1614.0
2017-08-21 18:00:00+00:00,64.65,64.79,64.64,64.7,185560.0,64.7099,2214.0
2017-08-21 19:00:00+00:00,64.69,64.88,64.66,64.71,434385.0,64.7564,4581.0
2017-08-21 20:00:00+00:00,64.7,64.7,64.7,64.7,116744.0,64.7,13.0
2017-08-21 22:00:00+00:00,64.7,64.7,64.7,64.7,13064.0,64.7,1.0
2017-08-22 13:00:00+00:00,64.9,65.04,64.61,64.71,174868.0,64.8029,1231.0
2017-08-22 14:00:00+00:00,64.72,64.9452,64.691,64.858,198165.0,64.8239,2039.0
2017-08-22 15:00:00+00:00,64.86,64.88,64.495,64.74,326612.0,64.6887,2541.0
2017-08-22 16:00:00+00:00,64.73,65.14,64.7,65.08,227762.0,64.8625,2193.0
2017-08-22 17:00:00+00:00,65.09,65.33,65.08,65.21,226540.0,65.2148,2231.0
2017-08-22 18:00:00+00:00,65.21,65.595,65.14,65.595,370714.0,65.3572,3407.0
2017-08-22 19:00:00+00:00,65.59,65.715,65.48,65.59,850331.0,65.6159,7764.0
2017-08-22 20:00:00+00:00,65.58,65.58,65.58,65.58,163047.0,65.58,20.0
2017-08-22 23:00:00+00:00,65.5,65.5,65.5,65.5,600.0,65.5,2.0
2017-08-23 11:00:00+00:00,65.49,65.49,65.49,65.49,100.0,65.49,1.0
2017-08-23 13:00:00+00:00,65.36,65.53,65.1,65.35,282442.0,65.4147,2034.0
2017-08-23 14:00:00+00:00,65.36,65.78,65.17,65.56,469764.0,65.4976,3981.0
2017-08-23 15:00:00+00:00,65.57,65.71,65.5,65.69,200049.0,65.596,1986.0
2017-08-23 16:00:00+00:00,65.69,65.76,65.54,65.61,153748.0,65.6502,1870.0
2017-08-23 17:00:00+00:00,65.59,65.88,65.59,65.87,248842.0,65.776,2541.0
2017-08-23 18:00:00+00:00,65.87,65.97,65.76,65.96,216444.0,65.857,2385.0
2017-08-23 19:00:00+00:00,65.965,66.0,65.66,65.68,784337.0,65.8199,8559.0
2017-08-23 20:00:00+00:00,65.71,65.71,65.69,65.71,153224.0,65.7099,20.0
2017-08-23 21:00:00+00:00,65.75,65.75,65.75,65.75,1000.0,65.75,3.0
2017-08-24 13:00:00+00:00,65.7,66.91,65.7,66.83,369653.0,66.4532,2668.0
2017-08-24 14:00:00+00:00,66.82,67.29,66.65,66.83,567581.0,66.9087,4630.0
2017-08-24 15:00:00+00:00,66.83,67.17,66.73,67.17,416112.0,66.899,3435.0
2017-08-24 16:00:00+00:00,67.18,67.53,67.15,67.43,514393.0,67.3031,4115.0
2017-08-24 17:00:00+00:00,67.435,67.66,67.4,67.4,442780.0,67.5082,3908.0
2017-08-24 18:00:00+00:00,67.41,67.78,67.37,67.75,1118464.0,67.57,5085.0
2017-08-24 19:00:00+00:00,67.76,67.999,67.41,67.45,1480204.0,67.6977,10968.0
2017-08-24 20:00:00+00:00,67.44,67.5,67.3,67.3,13808.0,67.4385,22.0
2017-08-24 23:00:00+00:00,67.55,67.55,67.55,67.55,200.0,67.55,1.0
2017-08-25 12:00:00+00:00,67.66,68.0,67.66,68.0,600.0,67.8567,6.0
2017-08-25 13:00:00+00:00,68.0,68.81,67.781,68.77,712531.0,68.4754,3686.0
2017-08-25 14:00:00+00:00,68.7432,68.81,67.72,67.84,785409.0,68.1748,6097.0
2017-08-25 15:00:00+00:00,67.855,67.92,67.555,67.8,513282.0,67.7384,4100.0
2017-08-25 16:00:00+00:00,67.805,68.03,67.8,67.85,365960.0,67.9159,3247.0
2017-08-25 17:00:00+00:00,67.86,67.94,67.71,67.74,205392.0,67.8439,1975.0
2017-08-25 18:00:00+00:00,67.75,67.94,67.63,67.92,356038.0,67.794,2658.0
2017-08-25 19:00:00+00:00,67.915,67.92,67.63,67.68,768259.0,67.7471,6639.0
2017-08-25 20:00:00+00:00,67.79,67.79,67.67,67.67,14964.0,67.6708,18.0
2017-08-25 21:00:00+00:00,67.5,67.8,67.5,67.75,700.0,67.6571,5.0
2017-08-25 22:00:00+00:00,67.75,67.75,67.75,67.75,400.0,67.75,2.0
2017-08-25 23:00:00+00:00,67.8,67.8,67.8,67.8,200.0,67.8,2.0
2017-08-28 10:00:00+00:00,68.04,68.04,68.04,68.04,100.0,68.04,1.0
2017-08-28 11:00:00+00:00,68.1,68.1,68.1,68.1,230.0,68.1,2.0
2017-08-28 12:00:00+00:00,68.38,68.74,68.38,68.4,9331.0,68.5033,45.0
2017-08-28 13:00:00+00:00,68.5,69.79,68.48,69.46,1433574.0,69.3784,7505.0
2017-08-28 14:00:00+00:00,69.46,69.51,68.24,68.99,1559017.0,68.9129,10937.0
2017-08-28 15:00:00+00:00,68.99,69.07,68.7,68.8,479684.0,68.875,4764.0
2017-08-28 16:00:00+00:00,68.8,68.855,68.58,68.655,511869.0,68.7401,3937.0
2017-08-28 17:00:00+00:00,68.655,68.66,68.32,68.42,513278.0,68.4779,3937.0
2017-08-28 18:00:00+00:00,68.41,68.6825,68.36,68.575,549685.0,68.5232,4686.0
2017-08-28 19:00:00+00:00,68.58,68.61,68.34,68.42,970032.0,68.4869,7821.0
2017-08-28 20:00:00+00:00,68.42,68.47,68.42,68.45,107295.0,68.4204,20.0
2017-08-28 21:00:00+00:00,68.45,68.7,68.45,68.45,4022.0,68.5922,27.0
2017-08-28 22:00:00+00:00,68.3,68.79,68.3,68.79,3254.0,68.4748,16.0
2017-08-28 23:00:00+00:00,68.81,68.81,68.5,68.78,1200.0,68.5725,4.0
2017-08-29 12:00:00+00:00,68.5,68.5,68.45,68.45,600.0,68.4917,6.0
2017-08-29 13:00:00+00:00,68.05,68.95,68.04,68.3,272585.0,68.4733,1737.0
2017-08-29 14:00:00+00:00,68.29,68.5414,68.12,68.43,515591.0,68.371,3302.0
2017-08-29 15:00:00+00:00,68.43,68.47,67.91,67.92,368422.0,68.1372,3383.0
2017-08-29 16:00:00+00:00,67.92,68.05,67.78,67.96,436892.0,67.9012,3312.0
2017-08-29 17:00:00+00:00,67.97,68.06,67.81,67.91,341039.0,67.9504,2769.0
2017-08-29 18:00:00+00:00,67.9125,68.14,67.86,68.13,479442.0,68.0043,3289.0
2017-08-29 19:00:00+00:00,68.13,68.14,67.905,67.92,781557.0,67.9788,6596.0
2017-08-29 20:00:00+00:00,67.92,68.0,67.92,68.0,20091.0,67.9223,16.0
2017-08-29 21:00:00+00:00,68.0,68.3,68.0,68.29,8115.0,68.1617,38.0
2017-08-29 22:00:00+00:00,68.3,68.3,68.15,68.15,400.0,68.2375,3.0
2017-08-30 12:00:00+00:00,68.02,68.25,68.02,68.25,645.0,68.1554,5.0
2017-08-30 13:00:00+00:00,68.35,68.62,68.08,68.35,428503.0,68.3832,2483.0
2017-08-30 14:00:00+00:00,68.37,68.58,68.22,68.58,448498.0,68.4197,3414.0
2017-08-30 15:00:00+00:00,68.59,68.77,68.44,68.71,354171.0,68.6014,2981.0
2017-08-30 16:00:00+00:00,68.7,68.8699,68.49,68.66,291636.0,68.6812,2641.0
2017-08-30 17:00:00+00:00,68.67,68.68,68.3501,68.42,243521.0,68.455,2472.0
2017-08-30 18:00:00+00:00,68.42,68.75,68.42,68.73,298141.0,68.5938,2696.0
2017-08-30 19:00:00+00:00,68.73,68.75,68.37,68.41,702890.0,68.4809,6568.0
2017-08-30 20:00:00+00:00,68.41,68.56,68.41,68.56,112519.0,68.4143,16.0
2017-08-30 23:00:00+00:00,68.37,68.37,68.37,68.37,100.0,68.37,1.0
2017-08-31 13:00:00+00:00,69.03,69.03,67.39,67.4,483581.0,68.0103,2847.0
2017-08-31 14:00:00+00:00,67.4,68.09,67.31,67.92,625194.0,67.7879,4759.0
2017-08-31 15:00:00+00:00,67.93,68.0,67.86,67.9538,308122.0,67.9244,2955.0
2017-08-31 16:00:00+00:00,67.96,68.03,67.76,67.8896,296500.0,67.9068,2486.0
2017-08-31 17:00:00+00:00,67.9,67.991,67.68,67.7,171002.0,67.8937,1830.0
2017-08-31 18:00:00+00:00,67.705,67.97,67.68,67.89,382379.0,67.8704,3022.0
2017-08-31 19:00:00+00:00,67.9,68.21,67.72,68.1,1529393.0,68.0129,9046.0
2017-08-31 20:00:00+00:00,68.0983,68.1065,68.0935,68.1,112714.0,68.0999,33.0
2017-08-31 22:00:00+00:00,68.01,68.01,68.01,68.01,600.0,68.01,1.0
2017-08-31 23:00:00+00:00,68.08,68.08,68.08,68.08,300.0,68.08,2.0
2017-09-01 12:00:00+00:00,68.02,68.1,68.0,68.1,4720.0,68.0874,5.0
2017-09-01 13:00:00+00:00,68.11,68.43,67.82,68.41,307682.0,68.0817,2241.0
2017-09-01 14:00:00+00:00,68.45,68.9,68.33,68.765,513567.0,68.6405,4714.0
2017-09-01 15:00:00+00:00,68.7659,69.28,68.51,69.25,612606.0,68.9438,3930.0
2017-09-01 16:00:00+00:00,69.26,69.41,68.93,69.39,543054.0,69.1539,3545.0
2017-09-01 17:00:00+00:00,69.4,69.51,69.3662,69.4148,337705.0,69.4338,2806.0
2017-09-01 18:00:00+00:00,69.42,69.44,69.22,69.35,258474.0,69.3402,2713.0
2017-09-01 19:00:00+00:00,69.34,69.37,69.16,69.18,818605.0,69.2657,7657.0
2017-09-01 20:00:00+00:00,69.2,69.2,69.2,69.2,181137.0,69.2,17.0
2017-09-05 12:00:00+00:00,69.5,69.5,69.0,69.0,700.0,69.3571,4.0
2017-09-05 13:00:00+00:00,69.0,69.0,67.54,67.91,533141.0,67.9938,3413.0
2017-09-05 14:00:00+00:00,67.925,68.05,67.53,67.68,553061.0,67.7699,4753.0
2017-09-05 15:00:00+00:00,67.68,67.79,67.41,67.5,465360.0,67.5863,3750.0
2017-09-05 16:00:00+00:00,67.49,67.59,67.35,67.41,344741.0,67.4516,3573.0
2017-09-05 17:00:00+00:00,67.39,67.72,67.24,67.72,405069.0,67.3931,3567.0
2017-09-05 18:00:00+00:00,67.72,67.75,67.4,67.55,437941.0,67.5874,3933.0
2017-09-05 19:00:00+00:00,67.55,67.98,67.41,67.91,1205459.0,67.7776,9717.0
2017-09-05 20:00:00+00:00,67.91,67.91,67.9,67.9,130851.0,67.9099,19.0
2017-09-05 22:00:00+00:00,67.91,67.91,67.8,67.8,320.0,67.8756,3.0
2017-09-06 13:00:00+00:00,68.23,68.415,67.71,68.29,335607.0,68.1581,2603.0
2017-09-06 14:00:00+00:00,68.27,68.77,68.13,68.19,624753.0,68.3482,5097.0
2017-09-06 15:00:00+00:00,68.195,68.4,68.19,68.33,404456.0,68.2869,3974.0
2017-09-06 16:00:00+00:00,68.33,68.3878,68.15,68.3,278146.0,68.2701,2754.0
2017-09-06 17:00:00+00:00,68.29,68.33,67.85,67.95,605610.0,68.0892,4540.0
2017-09-06 18:00:00+00:00,67.95,68.205,67.94,68.0,403421.0,68.0209,3907.0
2017-09-06 19:00:00+00:00,68.0,68.26,67.98,68.1,1111943.0,68.1506,9757.0
2017-09-06 20:00:00+00:00,68.11,68.11,67.51,67.51,220844.0,68.1065,28.0
2017-09-06 21:00:00+00:00,68.09,68.09,68.09,68.09,200.0,68.09,1.0
2017-09-06 23:00:00+00:00,67.87,67.87,67.75,67.75,3100.0,67.8197,4.0
2017-09-07 13:00:00+00:00,68.33,68.85,68.11,68.25,399093.0,68.4214,2647.0
2017-09-07 14:00:00+00:00,68.26,68.83,68.19,68.73,416786.0,68.5479,3565.0
2017-09-07 15:00:00+00:00,68.73,68.86,68.42,68.4901,459532.0,68.6152,3369.0
2017-09-07 16:00:00+00:00,68.51,68.855,68.4992,68.8191,210355.0,68.7309,2276.0
2017-09-07 17:00:00+00:00,68.83,69.1,68.8,68.92,355511.0,68.9525,2772.0
2017-09-07 18:00:00+00:00,68.935,69.1,68.81,69.035,256136.0,68.9801,2904.0
2017-09-07 19:00:00+00:00,69.0212,69.09,68.81,68.87,838180.0,68.9291,7275.0
2017-09-07 20:00:00+00:00,68.86,68.86,68.86,68.86,41934.0,68.86,23.0
2017-09-07 21:00:00+00:00,68.8,68.8,68.8,68.8,100.0,68.8,1.0
2017-09-07 23:00:00+00:00,69.15,69.15,69.15,69.15,1500.0,69.1483,4.0
2017-09-08 13:00:00+00:00,68.86,69.48,68.73,69.36,253226.0,69.21,1701.0
2017-09-08 14:00:00+00:00,69.37,69.5701,69.16,69.37,349764.0,69.3671,3102.0
2017-09-08 15:00:00+00:00,69.36,69.83,69.28,69.77,406313.0,69.6401,3394.0
2017-09-08 16:00:00+00:00,69.75,69.89,69.55,69.77,240615.0,69.7194,2369.0
2017-09-08 17:00:00+00:00,69.77,69.95,69.7,69.95,297379.0,69.7891,2586.0
2017-09-08 18:00:00+00:00,69.94,70.28,69.68,69.69,669677.0,70.0068,4707.0
2017-09-08 19:00:00+00:00,69.69,69.76,69.441,69.55,924482.0,69.5536,7868.0
2017-09-08 20:00:00+00:00,69.54,69.54,69.54,69.54,219772.0,69.54,21.0
2017-09-08 21:00:00+00:00,69.31,69.54,69.31,69.54,815.0,69.4101,6.0
2017-09-08 23:00:00+00:00,69.5,69.5,69.5,69.5,500.0,69.5,1.0
2017-09-11 12:00:00+00:00,69.5,69.5,69.5,69.5,193.0,69.5,1.0
2017-09-11 13:00:00+00:00,69.77,69.79,69.03,69.13,375212.0,69.3855,2703.0
2017-09-11 14:00:00+00:00,69.13,69.21,68.8,68.9285,530120.0,69.0072,4261.0
2017-09-11 15:00:00+00:00,68.93,69.47,68.86,69.39,287416.0,69.1073,2710.0
2017-09-11 16:00:00+00:00,69.375,69.58,69.18,69.48,285375.0,69.3937,2595.0
2017-09-11 17:00:00+00:00,69.49,69.815,69.42,69.64,354773.0,69.6412,2926.0
2017-09-11 18:00:00+00:00,69.65,69.85,69.53,69.76,293501.0,69.6838,2709.0
2017-09-11 19:00:00+00:00,69.75,69.97,69.67,69.81,851883.0,69.8115,7472.0
2017-09-11 20:00:00+00:00,69.81,69.81,69.8,69.8,62165.0,69.7887,17.0
2017-09-11 21:00:00+00:00,69.81,69.81,69.81,69.81,25220.0,69.81,1.0
2017-09-12 13:00:00+00:00,70.0,70.55,69.9,70.41,256320.0,70.2532,1641.0
2017-09-12 14:00:00+00:00,70.42,70.66,69.98,70.02,388320.0,70.3276,2915.0
2017-09-12 15:00:00+00:00,70.03,70.32,69.82,70.28,310778.0,70.0833,2920.0
2017-09-12 16:00:00+00:00,70.28,70.405,70.19,70.3,266811.0,70.3082,2757.0
2017-09-12 17:00:00+00:00,70.3,70.43,70.26,70.29,211985.0,70.3586,2144.0
2017-09-12 18:00:00+00:00,70.29,70.53,70.26,70.435,243685.0,70.4051,2427.0
2017-09-12 19:00:00+00:00,70.43,70.475,70.12,70.22,643354.0,70.2419,5919.0
2017-09-12 20:00:00+00:00,70.21,70.21,70.21,70.21,53594.0,70.21,14.0
2017-09-12 21:00:00+00:00,70.21,70.21,70.21,70.21,100.0,70.21,1.0
2017-09-12 22:00:00+00:00,70.5,70.5,70.5,70.5,700.0,70.5,1.0
2017-09-12 23:00:00+00:00,70.42,70.5,70.42,70.5,1400.0,70.4486,5.0
2017-09-13 13:00:00+00:00,70.55,70.785,70.25,70.54,365693.0,70.4736,1636.0
2017-09-13 14:00:00+00:00,70.5,70.87,70.3,70.5299,705554.0,70.5567,5319.0
2017-09-13 15:00:00+00:00,70.51,71.0199,70.49,70.986,587990.0,70.6927,4145.0
2017-09-13 16:00:00+00:00,71.02,71.1,70.82,70.95,272233.0,70.95,2458.0
2017-09-13 17:00:00+00:00,70.93,71.09,70.82,71.04,329619.0,70.9883,2639.0
2017-09-13 18:00:00+00:00,71.045,71.105,70.96,71.06,478224.0,71.0336,3816.0
2017-09-13 19:00:00+00:00,71.065,71.17,70.97,70.99,1045624.0,71.0613,8747.0
2017-09-13 20:00:00+00:00,71.0,71.2,71.0,71.2,26009.0,71.0008,18.0
2017-09-13 21:00:00+00:00,71.19,71.19,71.19,71.19,169.0,71.19,1.0
2017-09-13 22:00:00+00:00,71.0,71.0,71.0,71.0,100.0,71.0,1.0
2017-09-14 12:00:00+00:00,71.35,71.35,71.0,71.0,629.0,71.1526,6.0
2017-09-14 13:00:00+00:00,70.9,71.059,70.39,70.49,317744.0,70.7526,2162.0
2017-09-14 14:00:00+00:00,70.49,70.915,70.17,70.19,703451.0,70.5035,5285.0
2017-09-14 15:00:00+00:00,70.21,70.21,69.65,69.73,613653.0,69.8527,5007.0
2017-09-14 16:00:00+00:00,69.73,70.08,69.72,70.0291,342430.0,69.8757,3330.0
2017-09-14 17:00:00+00:00,70.02,70.06,69.92,69.98,301943.0,69.9995,2887.0
2017-09-14 18:00:00+00:00,69.99,70.05,69.8484,69.925,332716.0,69.9357,3265.0
2017-09-14 19:00:00+00:00,69.93,69.97,69.53,69.94,1274847.0,69.7926,9778.0
2017-09-14 20:00:00+00:00,69.94,69.97,69.94,69.97,105373.0,69.9401,11.0
2017-09-14 22:00:00+00:00,69.97,69.97,69.97,69.97,1300.0,69.97,7.0
2017-09-14 23:00:00+00:00,69.97,69.97,69.26,69.26,1093.0,69.8959,8.0
2017-09-15 13:00:00+00:00,69.98,70.86,69.98,70.43,732491.0,70.2667,2719.0
2017-09-15 14:00:00+00:00,70.43,70.78,70.36,70.46,456199.0,70.5357,3714.0
2017-09-15 15:00:00+00:00,70.45,70.99,70.44,70.92,549250.0,70.7469,3698.0
2017-09-15 16:00:00+00:00,70.94,71.235,70.905,71.17,385152.0,71.0459,3439.0
2017-09-15 17:00:00+00:00,71.17,71.51,71.1,71.42,548927.0,71.2752,4061.0
2017-09-15 18:00:00+00:00,71.42,71.51,71.29,71.42,479232.0,71.3983,4632.0
2017-09-15 19:00:00+00:00,71.42,71.44,70.98,71.13,1351192.0,71.154,10934.0
2017-09-15 20:00:00+00:00,71.13,71.14,70.9961,71.14,306709.0,71.1327,49.0
2017-09-18 12:00:00+00:00,71.11,71.11,71.11,71.11,100.0,71.11,1.0
2017-09-18 13:00:00+00:00,71.23,71.89,71.14,71.64,295281.0,71.5283,1974.0
2017-09-18 14:00:00+00:00,71.61,71.99,71.57,71.933,443697.0,71.7785,3978.0
2017-09-18 15:00:00+00:00,71.9308,72.13,71.68,71.98,610018.0,71.9725,4039.0
2017-09-18 16:00:00+00:00,71.99,72.1,71.88,72.035,254467.0,72.0119,2434.0
2017-09-18 17:00:00+00:00,72.04,72.16,71.99,72.15,231076.0,72.0752,2241.0
2017-09-18 18:00:00+00:00,72.155,72.33,72.03,72.31,588704.0,72.1357,3769.0
2017-09-18 19:00:00+00:00,72.31,72.44,72.16,72.21,926744.0,72.2925,7957.0
2017-09-18 20:00:00+00:00,72.2,72.2,72.2,72.2,72657.0,72.2,13.0
2017-09-19 12:00:00+00:00,72.3,72.3,72.3,72.3,200.0,72.3,1.0
2017-09-19 13:00:00+00:00,72.2,72.58,71.56,72.52,353024.0,72.0583,2074.0
2017-09-19 14:00:00+00:00,72.5,72.66,72.12,72.56,467980.0,72.3974,3178.0
2017-09-19 15:00:00+00:00,72.55,72.86,72.49,72.83,425565.0,72.6763,3214.0
2017-09-19 16:00:00+00:00,72.82,73.11,72.72,73.09,397360.0,72.9178,3148.0
2017-09-19 17:00:00+00:00,73.08,73.2,72.6391,72.75,518838.0,72.9561,3605.0
2017-09-19 18:00:00+00:00,72.74,72.86,72.61,72.74,514101.0,72.726,3033.0
2017-09-19 19:00:00+00:00,72.75,72.91,72.71,72.72,703099.0,72.7888,6191.0
2017-09-19 20:00:00+00:00,72.71,72.71,72.02,72.52,73266.0,72.7061,33.0
2017-09-19 21:00:00+00:00,72.71,72.71,72.71,72.71,36594.0,72.71,1.0
2017-09-20 13:00:00+00:00,73.03,73.38,72.51,73.18,366816.0,73.086,1974.0
2017-09-20 14:00:00+00:00,73.16,73.185,72.51,72.86,558620.0,72.9325,4293.0
2017-09-20 15:00:00+00:00,72.89,73.26,72.84,73.055,433445.0,73.0244,3398.0
2017-09-20 16:00:00+00:00,73.07,73.12,72.95,73.04,215212.0,73.0314,2176.0
2017-09-20 17:00:00+00:00,73.04,73.13,72.96,73.04,198166.0,73.0562,2022.0
2017-09-20 18:00:00+00:00,73.04,73.27,73.01,73.19,399490.0,73.1292,3588.0
2017-09-20 19:00:00+00:00,73.19,73.27,73.09,73.19,571049.0,73.1884,5650.0
2017-09-20 20:00:00+00:00,73.18,73.18,73.18,73.18,61080.0,73.18,20.0
2017-09-20 21:00:00+00:00,73.19,73.19,73.19,73.19,200.0,73.19,2.0
2017-09-21 13:00:00+00:00,73.09,73.42,72.84,73.26,204031.0,73.1369,1584.0
2017-09-21 14:00:00+00:00,73.24,73.6,73.15,73.55,434590.0,73.4048,3683.0
2017-09-21 15:00:00+00:00,73.5536,73.64,73.44,73.53,304377.0,73.5611,2736.0
2017-09-21 16:00:00+00:00,73.54,73.85,73.52,73.69,278167.0,73.7227,2753.0
2017-09-21 17:00:00+00:00,73.7,73.87,73.685,73.75,245582.0,73.7929,2431.0
2017-09-21 18:00:00+00:00,73.765,73.85,73.58,73.65,277091.0,73.7089,2661.0
2017-09-21 19:00:00+00:00,73.65,73.68,73.28,73.36,688054.0,73.4678,5947.0
2017-09-21 20:00:00+00:00,73.36,73.36,73.36,73.36,94457.0,73.36,22.0
2017-09-22 13:00:00+00:00,73.25,73.79,73.15,73.61,215024.0,73.4635,1398.0
2017-09-22 14:00:00+00:00,73.6154,74.15,73.6,74.045,376690.0,73.8733,2875.0
2017-09-22 15:00:00+00:00,74.045,74.18,73.96,73.989,213120.0,74.0593,1771.0
2017-09-22 16:00:00+00:00,73.99,74.15,73.82,73.89,271108.0,74.0533,1819.0
2017-09-22 17:00:00+00:00,73.88,74.03,73.7937,74.0,213370.0,73.9078,1970.0
2017-09-22 18:00:00+00:00,73.99,74.2,73.9301,74.15,309459.0,74.1069,2390.0
2017-09-22 19:00:00+00:00,74.16,74.36,74.137,74.26,901692.0,74.2705,7273.0
2017-09-22 20:00:00+00:00,74.29,74.29,74.29,74.29,131688.0,74.29,17.0
2017-09-22 22:00:00+00:00,74.57,74.57,74.57,74.57,135.0,74.57,1.0
2017-09-25 11:00:00+00:00,74.2,74.2,74.2,74.2,200.0,74.2,1.0
2017-09-25 12:00:00+00:00,74.3,74.5,74.3,74.5,689.0,74.466,6.0
2017-09-25 13:00:00+00:00,74.63,74.89,74.35,74.88,361494.0,74.6651,2804.0
2017-09-25 14:00:00+00:00,74.89,75.11,74.72,74.85,468703.0,74.9505,4372.0
2017-09-25 15:00:00+00:00,74.83,75.02,74.56,74.99,340876.0,74.7851,3683.0
2017-09-25 16:00:00+00:00,75.0,75.18,74.88,75.075,277974.0,75.0427,2778.0
2017-09-25 17:00:00+00:00,75.07,75.26,75.06,75.15,271455.0,75.1703,2658.0
2017-09-25 18:00:00+00:00,75.14,75.1938,74.9,75.03,303519.0,75.0749,3169.0
2017-09-25 19:00:00+00:00,75.01,75.2,74.98,75.11,781627.0,75.1171,7604.0
2017-09-25 20:00:00+00:00,75.12,75.12,75.12,75.12,179080.0,75.0984,22.0
2017-09-25 23:00:00+00:00,75.14,75.14,75.12,75.12,295.0,75.1295,2.0
2017-09-26 13:00:00+00:00,74.97,75.35,74.81,75.26,346600.0,75.0716,2571.0
2017-09-26 14:00:00+00:00,75.26,75.74,75.18,75.66,564871.0,75.3643,4231.0
2017-09-26 15:00:00+00:00,75.65,75.75,75.34,75.45,388258.0,75.5117,3669.0
2017-09-26 16:00:00+00:00,75.4546,75.63,75.38,75.48,215157.0,75.5124,2471.0
2017-09-26 17:00:00+00:00,75.48,75.5,75.21,75.29,219294.0,75.3387,2362.0
2017-09-26 18:00:00+00:00,75.29,75.29,75.06,75.08,267935.0,75.1283,2833.0
2017-09-26 19:00:00+00:00,75.09,75.19,74.91,74.97,666084.0,75.0566,6400.0
2017-09-26 20:00:00+00:00,74.96,74.96,74.96,74.96,37532.0,74.96,20.0
2017-09-26 21:00:00+00:00,74.96,74.96,74.96,74.96,30000.0,74.96,1.0
2017-09-27 09:00:00+00:00,74.96,74.96,74.96,74.96,133.0,74.96,1.0
2017-09-27 11:00:00+00:00,74.96,74.96,74.96,74.96,463.0,74.96,3.0
2017-09-27 13:00:00+00:00,74.89,75.22,74.73,75.04,475035.0,74.9522,2256.0
2017-09-27 14:00:00+00:00,75.06,75.39,74.41,74.61,897355.0,74.8955,6712.0
2017-09-27 15:00:00+00:00,74.615,74.87,74.49,74.55,526214.0,74.6139,4633.0
2017-09-27 16:00:00+00:00,74.5617,74.84,74.46,74.8,260361.0,74.6437,2308.0
2017-09-27 17:00:00+00:00,74.81,75.33,74.81,75.28,330022.0,75.0086,2625.0
2017-09-27 18:00:00+00:00,75.27,75.53,75.17,75.53,475682.0,75.3203,3603.0
2017-09-27 19:00:00+00:00,75.51,75.88,75.33,75.58,1157597.0,75.541,9613.0
2017-09-27 20:00:00+00:00,75.47,75.47,75.47,75.47,28586.0,75.4362,24.0
2017-09-27 21:00:00+00:00,75.42,75.7,75.42,75.7,1240.0,75.4898,5.0
2017-09-27 22:00:00+00:00,75.47,75.47,75.47,75.47,500.0,75.47,1.0
2017-09-28 12:00:00+00:00,75.67,76.49,75.67,76.49,1003.0,76.0789,3.0
2017-09-28 13:00:00+00:00,75.67,76.26,75.55,76.01,443545.0,75.9945,2831.0
2017-09-28 14:00:00+00:00,76.02,76.19,75.83,75.96,620476.0,75.999,4890.0
2017-09-28 15:00:00+00:00,75.975,76.59,75.87,76.34,601912.0,76.3206,5796.0
2017-09-28 16:00:00+00:00,76.33,76.49,76.09,76.42,704218.0,76.3203,5401.0
2017-09-28 17:00:00+00:00,76.42,76.73,76.36,76.56,523511.0,76.57,4536.0
2017-09-28 18:00:00+00:00,76.56,76.77,76.53,76.66,579295.0,76.6421,5012.0
2017-09-28 19:00:00+00:00,76.67,76.92,76.6,76.76,1070403.0,76.7527,9208.0
2017-09-28 20:00:00+00:00,76.74,76.74,76.74,76.74,136057.0,76.74,28.0
2017-09-28 22:00:00+00:00,76.75,76.75,76.75,76.75,200.0,76.75,1.0
2017-09-29 11:00:00+00:00,76.98,76.98,76.98,76.98,100.0,76.98,1.0
2017-09-29 12:00:00+00:00,77.0,77.0,77.0,77.0,410.0,77.0,6.0
2017-09-29 13:00:00+00:00,77.07,77.45,76.62,77.145,463979.0,77.0817,3104.0
2017-09-29 14:00:00+00:00,77.18,77.57,77.1,77.55,432082.0,77.3837,4829.0
2017-09-29 15:00:00+00:00,77.55,77.7714,77.26,77.3081,496683.0,77.4978,3955.0
2017-09-29 16:00:00+00:00,77.335,77.41,77.03,77.1,518260.0,77.2189,4099.0
2017-09-29 17:00:00+00:00,77.105,77.105,76.79,76.93,393698.0,76.9708,3155.0
2017-09-29 18:00:00+00:00,76.925,77.06,76.71,76.96,372741.0,76.8739,3994.0
2017-09-29 19:00:00+00:00,76.95,76.97,76.75,76.94,975218.0,76.895,9230.0
2017-09-29 20:00:00+00:00,76.93,77.0,76.93,77.0,146599.0,76.9302,17.0
2017-09-29 21:00:00+00:00,76.93,76.93,76.93,76.93,4919.0,76.93,1.0
2017-09-29 22:00:00+00:00,76.93,76.93,76.93,76.93,20000.0,76.93,1.0
2017-09-29 23:00:00+00:00,77.0,77.0,77.0,77.0,200.0,77.0,2.0
2017-10-02 11:00:00+00:00,76.63,76.63,76.62,76.62,200.0,76.625,2.0
2017-10-02 13:00:00+00:00,76.75,77.12,76.41,76.85,294945.0,76.8129,1799.0
2017-10-02 14:00:00+00:00,76.89,77.4,76.87,77.01,446490.0,77.1742,3773.0
2017-10-02 15:00:00+00:00,77.02,77.04,76.56,76.86,540036.0,76.8585,2985.0
2017-10-02 16:00:00+00:00,76.84,77.1265,76.79,77.1103,233264.0,76.9814,2228.0
2017-10-02 17:00:00+00:00,77.1199,77.31,77.05,77.22,237859.0,77.1333,2178.0
2017-10-02 18:00:00+00:00,77.24,77.34,77.13,77.18,342892.0,77.2151,2543.0
2017-10-02 19:00:00+00:00,77.18,77.18,76.95,77.01,671242.0,77.023,5959.0
2017-10-02 20:00:00+00:00,77.05,77.05,76.9876,77.01,74855.0,77.0493,23.0
2017-10-02 21:00:00+00:00,77.01,77.01,77.01,77.01,100.0,77.01,1.0
2017-10-02 22:00:00+00:00,77.05,77.05,77.05,77.05,15925.0,77.0499,3.0
2017-10-03 13:00:00+00:00,76.88,77.38,76.761,76.94,339347.0,77.0566,2050.0
2017-10-03 14:00:00+00:00,76.93,77.195,76.81,77.08,500005.0,76.9896,3913.0
2017-10-03 15:00:00+00:00,77.08,77.35,77.0,77.18,363896.0,77.1663,3376.0
2017-10-03 16:00:00+00:00,77.18,77.52,77.13,77.45,302356.0,77.3374,2392.0
2017-10-03 17:00:00+00:00,77.44,77.64,77.42,77.635,241310.0,77.544,1849.0
2017-10-03 18:00:00+00:00,77.6325,77.66,77.4698,77.4701,211512.0,77.5858,2045.0
2017-10-03 19:00:00+00:00,77.47,77.58,77.4,77.54,699351.0,77.5168,5740.0
2017-10-03 20:00:00+00:00,77.57,77.57,77.2633,77.2633,105376.0,77.5688,24.0
2017-10-03 22:00:00+00:00,77.46,77.46,77.46,77.46,100.0,77.46,1.0
2017-10-03 23:00:00+00:00,77.57,77.57,77.57,77.57,200.0,77.57,1.0
2017-10-04 12:00:00+00:00,77.75,77.75,77.57,77.57,552.0,77.6352,3.0
2017-10-04 13:00:00+00:00,77.39,77.75,76.94,77.07,273902.0,77.3182,1838.0
2017-10-04 14:00:00+00:00,77.04,77.47,76.96,77.46,392853.0,77.1964,3249.0
2017-10-04 15:00:00+00:00,77.5,77.82,77.42,77.7,653880.0,77.5938,2632.0
2017-10-04 16:00:00+00:00,77.69,77.75,77.48,77.55,250053.0,77.6261,2250.0
2017-10-04 17:00:00+00:00,77.56,77.62,77.47,77.575,189948.0,77.5419,1800.0
2017-10-04 18:00:00+00:00,77.58,77.665,77.52,77.58,199811.0,77.5894,2172.0
2017-10-04 19:00:00+00:00,77.59,77.715,77.57,77.69,427873.0,77.6458,4184.0
2017-10-04 20:00:00+00:00,77.69,77.69,77.4551,77.4551,11479.0,77.6816,21.0
2017-10-05 13:00:00+00:00,77.9,78.64,77.9,78.37,287336.0,78.2688,1608.0
2017-10-05 14:00:00+00:00,78.37,78.4699,77.95,78.23,542935.0,78.2449,4255.0
2017-10-05 15:00:00+00:00,78.24,78.44,78.13,78.39,296177.0,78.2613,2791.0
2017-10-05 16:00:00+00:00,78.39,78.39,78.06,78.11,277557.0,78.2184,2344.0
2017-10-05 17:00:00+00:00,78.1099,78.165,76.49,77.54,1092292.0,77.2624,7521.0
2017-10-05 18:00:00+00:00,77.54,77.56,76.89,77.3035,709895.0,77.1507,5019.0
2017-10-05 19:00:00+00:00,77.31,77.3912,77.14,77.22,988935.0,77.232,7771.0
2017-10-05 20:00:00+00:00,77.27,77.5268,77.27,77.5,189169.0,77.2708,28.0
2017-10-05 21:00:00+00:00,77.01,77.07,76.85,76.85,3300.0,77.0015,13.0
2017-10-06 12:00:00+00:00,76.33,76.33,75.85,76.15,5992.0,76.123,21.0
2017-10-06 13:00:00+00:00,76.11,76.9,76.07,76.77,683832.0,76.6124,4138.0
2017-10-06 14:00:00+00:00,76.7644,76.96,76.43,76.795,549944.0,76.7376,4956.0
2017-10-06 15:00:00+00:00,76.795,76.98,76.62,76.77,494636.0,76.8235,4129.0
2017-10-06 16:00:00+00:00,76.77,76.961,76.71,76.92,432819.0,76.8259,3563.0
2017-10-06 17:00:00+00:00,76.926,77.11,76.87,77.07,297767.0,76.9878,2861.0
2017-10-06 18:00:00+00:00,77.08,77.08,76.89,77.005,337425.0,76.9892,3240.0
2017-10-06 19:00:00+00:00,77.015,77.23,76.955,77.2,1026569.0,77.1063,8330.0
2017-10-06 20:00:00+00:00,77.23,77.23,76.8503,77.18,83009.0,77.205,24.0
2017-10-09 11:00:00+00:00,77.0,77.0,77.0,77.0,100.0,77.0,1.0
2017-10-09 13:00:00+00:00,77.27,77.44,76.79,76.79,260297.0,77.1768,1181.0
2017-10-09 14:00:00+00:00,76.81,77.15,76.77,76.88,339616.0,76.9907,2477.0
2017-10-09 15:00:00+00:00,76.88,77.0709,76.85,76.95,309817.0,76.9498,2891.0
2017-10-09 16:00:00+00:00,76.96,76.97,76.84,76.89,248622.0,76.8992,2255.0
2017-10-09 17:00:00+00:00,76.89,77.12,76.89,77.12,256094.0,76.9588,2357.0
2017-10-09 18:00:00+00:00,77.1234,77.22,77.025,77.05,324185.0,77.1142,2866.0
2017-10-09 19:00:00+00:00,77.05,77.13,76.93,77.1,694567.0,77.0403,5474.0
2017-10-09 20:00:00+00:00,77.13,77.13,77.1,77.1,91542.0,77.1299,16.0
2017-10-09 23:00:00+00:00,77.15,77.15,77.15,77.15,435.0,77.15,1.0
2017-10-10 12:00:00+00:00,77.5,77.5,77.5,77.5,1000.0,77.5,1.0
2017-10-10 13:00:00+00:00,77.53,77.5919,77.24,77.52,266378.0,77.477,1894.0
2017-10-10 14:00:00+00:00,77.52,77.6099,77.0,77.18,397064.0,77.2243,3386.0
2017-10-10 15:00:00+00:00,77.17,77.31,77.16,77.26,236342.0,77.2409,2337.0
2017-10-10 16:00:00+00:00,77.26,77.29,77.05,77.22,222948.0,77.1492,2117.0
2017-10-10 17:00:00+00:00,77.2258,77.28,77.19,77.22,215605.0,77.2347,2144.0
2017-10-10 18:00:00+00:00,77.23,77.3,77.18,77.26,304247.0,77.2353,2894.0
2017-10-10 19:00:00+00:00,77.2566,77.38,77.125,77.36,617643.0,77.2399,5379.0
2017-10-10 20:00:00+00:00,77.38,77.38,77.37,77.37,128128.0,77.37,25.0
2017-10-11 13:00:00+00:00,77.53,77.59,77.1,77.24,177792.0,77.3771,886.0
2017-10-11 14:00:00+00:00,77.225,77.64,77.091,77.6,188152.0,77.4142,1704.0
2017-10-11 15:00:00+00:00,77.59,77.86,77.48,77.65,291183.0,77.6698,2484.0
2017-10-11 16:00:00+00:00,77.65,77.825,77.52,77.68,159565.0,77.6845,1669.0
2017-10-11 17:00:00+00:00,77.685,77.7399,77.5,77.51,124875.0,77.5924,1294.0
2017-10-11 18:00:00+00:00,77.53,77.6599,77.51,77.64,131552.0,77.5796,1424.0
2017-10-11 19:00:00+00:00,77.64,77.92,77.63,77.91,673351.0,77.8078,5728.0
2017-10-11 20:00:00+00:00,77.92,78.0,77.595,77.92,175566.0,77.9199,20.0
2017-10-11 21:00:00+00:00,77.81,77.81,77.81,77.81,500.0,77.81,1.0
2017-10-12 13:00:00+00:00,77.4,77.74,77.4,77.55,169011.0,77.5537,1135.0
2017-10-12 14:00:00+00:00,77.54,78.05,77.54,78.0,257518.0,77.8838,2460.0
2017-10-12 15:00:00+00:00,78.01,78.05,77.1,77.56,629142.0,77.4585,5148.0
2017-10-12 16:00:00+00:00,77.57,77.63,77.483,77.58,150603.0,77.5668,1712.0
2017-10-12 17:00:00+00:00,77.58,77.76,77.55,77.68,158307.0,77.6638,1643.0
2017-10-12 18:00:00+00:00,77.6701,77.85,77.67,77.83,252098.0,77.763,2463.0
2017-10-12 19:00:00+00:00,77.83,77.91,77.75,77.9,536131.0,77.8371,5316.0
2017-10-12 20:00:00+00:00,77.91,77.91,77.91,77.91,50353.0,77.91,14.0
2017-10-13 13:00:00+00:00,78.3,78.3,77.67,77.95,158477.0,77.9509,912.0
2017-10-13 14:00:00+00:00,77.975,78.2,77.93,78.15,250816.0,78.085,1974.0
2017-10-13 15:00:00+00:00,78.15,78.27,78.07,78.125,236000.0,78.1633,2187.0
2017-10-13 16:00:00+00:00,78.1169,78.31,78.09,78.22,160013.0,78.2179,1581.0
2017-10-13 17:00:00+00:00,78.22,78.275,78.08,78.19,181506.0,78.1954,1809.0
2017-10-13 18:00:00+00:00,78.1961,78.255,78.08,78.125,165517.0,78.1627,1775.0
2017-10-13 19:00:00+00:00,78.125,78.15,77.91,78.05,575464.0,78.0447,5294.0
2017-10-13 20:00:00+00:00,78.08,78.08,78.08,78.08,23800.0,78.08,15.0
2017-10-13 21:00:00+00:00,78.08,78.08,78.08,78.08,190.0,78.08,1.0
2017-10-16 08:00:00+00:00,77.67,77.67,77.67,77.67,100.0,77.67,1.0
2017-10-16 11:00:00+00:00,77.56,77.79,77.56,77.79,1200.0,77.5883,4.0
2017-10-16 13:00:00+00:00,77.14,77.8,77.14,77.78,246486.0,77.649,1758.0
2017-10-16 14:00:00+00:00,77.79,77.83,77.33,77.37,378520.0,77.5785,2470.0
2017-10-16 15:00:00+00:00,77.37,77.6,77.31,77.3684,276229.0,77.4296,2611.0
2017-10-16 16:00:00+00:00,77.3708,77.4711,77.29,77.33,180770.0,77.3677,1983.0
2017-10-16 17:00:00+00:00,77.32,77.43,77.23,77.32,159989.0,77.3444,1779.0
2017-10-16 18:00:00+00:00,77.34,77.47,77.25,77.44,230779.0,77.3881,2307.0
2017-10-16 19:00:00+00:00,77.4458,77.5,77.32,77.45,531915.0,77.428,5070.0
2017-10-16 20:00:00+00:00,77.42,77.42,77.42,77.42,22063.0,77.42,13.0
2017-10-17 13:00:00+00:00,77.59,77.86,77.3,77.6348,306903.0,77.5349,1582.0
2017-10-17 14:00:00+00:00,77.59,77.77,77.27,77.47,309128.0,77.531,2817.0
2017-10-17 15:00:00+00:00,77.48,77.7,77.48,77.61,200687.0,77.6075,2080.0
2017-10-17 16:00:00+00:00,77.62,77.67,77.52,77.5753,167006.0,77.6058,1700.0
2017-10-17 17:00:00+00:00,77.5753,77.6,77.32,77.33,155439.0,77.4794,1726.0
2017-10-17 18:00:00+00:00,77.34,77.49,77.3,77.42,223233.0,77.3884,2494.0
2017-10-17 19:00:00+00:00,77.43,77.6475,77.41,77.63,555896.0,77.5281,5584.0
2017-10-17 20:00:00+00:00,77.62,77.62,77.62,77.62,113748.0,77.62,13.0
2017-10-18 13:00:00+00:00,77.6,77.92,77.55,77.813,160213.0,77.7243,1034.0
2017-10-18 14:00:00+00:00,77.82,77.85,76.98,77.42,400818.0,77.4434,3444.0
2017-10-18 15:00:00+00:00,77.44,77.56,77.28,77.55,227505.0,77.4002,2297.0
2017-10-18 16:00:00+00:00,77.55,77.55,77.41,77.47,164634.0,77.47,1804.0
2017-10-18 17:00:00+00:00,77.465,77.69,77.455,77.68,229146.0,77.5687,2444.0
2017-10-18 18:00:00+00:00,77.68,77.875,77.52,77.5869,344136.0,77.7377,3303.0
2017-10-18 19:00:00+00:00,77.59,77.68,77.54,77.61,546348.0,77.5914,5616.0
2017-10-18 20:00:00+00:00,77.62,77.62,77.62,77.62,16455.0,77.62,15.0
2017-10-18 22:00:00+00:00,77.5,77.5,77.5,77.5,100.0,77.5,1.0
2017-10-19 13:00:00+00:00,77.21,77.54,76.631,77.3303,222216.0,77.2178,1489.0
2017-10-19 14:00:00+00:00,77.34,77.89,77.18,77.88,376066.0,77.526,3044.0
2017-10-19 15:00:00+00:00,77.875,77.89,77.63,77.68,202870.0,77.7766,2111.0
2017-10-19 16:00:00+00:00,77.69,77.75,77.35,77.64,344106.0,77.6,2325.0
2017-10-19 17:00:00+00:00,77.64,77.79,77.6,77.68,120020.0,77.6832,1363.0
2017-10-19 18:00:00+00:00,77.69,77.71,77.61,77.64,188081.0,77.6541,1882.0
2017-10-19 19:00:00+00:00,77.65,77.68,77.56,77.64,561097.0,77.6171,4727.0
2017-10-19 20:00:00+00:00,77.63,77.63,77.63,77.63,53643.0,77.63,16.0
2017-10-19 21:00:00+00:00,77.63,77.63,77.63,77.63,1201.0,77.63,1.0
2017-10-20 13:00:00+00:00,78.44,78.44,77.5,77.57,290346.0,77.8037,1608.0
2017-10-20 14:00:00+00:00,77.57,77.7225,77.48,77.57,396927.0,77.5946,3091.0
2017-10-20 15:00:00+00:00,77.57,77.7,77.39,77.63,431103.0,77.5303,3178.0
2017-10-20 16:00:00+00:00,77.628,77.75,77.57,77.58,188456.0,77.643,2004.0
2017-10-20 17:00:00+00:00,77.59,77.74,77.57,77.57,247303.0,77.6418,2182.0
2017-10-20 18:00:00+00:00,77.58,77.86,77.57,77.67,510526.0,77.6797,4005.0
2017-10-20 19:00:00+00:00,77.68,77.69,77.41,77.54,964965.0,77.5337,8159.0
2017-10-20 20:00:00+00:00,77.54,77.54,77.54,77.54,86645.0,77.5399,17.0
2017-10-20 22:00:00+00:00,77.3,77.3,77.3,77.3,100.0,77.3,1.0
2017-10-23 13:00:00+00:00,77.85,77.85,77.4,77.5,146488.0,77.5547,1159.0
2017-10-23 14:00:00+00:00,77.47,77.62,77.43,77.56,273456.0,77.5445,2575.0
2017-10-23 15:00:00+00:00,77.56,77.74,77.49,77.64,994679.0,77.584,4046.0
2017-10-23 16:00:00+00:00,77.63,77.71,77.52,77.62,943091.0,77.6226,4426.0
2017-10-23 17:00:00+00:00,77.62,77.9,77.5942,77.705,498459.0,77.6971,3128.0
2017-10-23 18:00:00+00:00,77.7,77.72,77.52,77.565,370761.0,77.6406,3296.0
2017-10-23 19:00:00+00:00,77.57,77.57,77.37,77.41,1023774.0,77.4569,6882.0
2017-10-23 20:00:00+00:00,77.4,77.4,77.0,77.0,155013.0,77.3979,25.0
2017-10-24 12:00:00+00:00,77.4,77.4,77.4,77.4,650.0,77.4,1.0
2017-10-24 13:00:00+00:00,77.4,78.1,77.15,77.645,428614.0,77.6767,2516.0
2017-10-24 14:00:00+00:00,77.65,77.76,77.42,77.485,509792.0,77.614,3292.0
2017-10-24 15:00:00+00:00,77.47,77.49,77.26,77.36,313528.0,77.3936,2802.0
2017-10-24 16:00:00+00:00,77.36,77.69,77.35,77.64,204835.0,77.5203,2341.0
2017-10-24 17:00:00+00:00,77.63,77.765,77.53,77.69,258837.0,77.6821,2303.0
2017-10-24 18:00:00+00:00,77.68,77.73,77.62,77.7101,313123.0,77.6935,2868.0
2017-10-24 19:00:00+00:00,77.705,77.72,77.57,77.69,641282.0,77.6556,5213.0
2017-10-24 20:00:00+00:00,77.69,77.69,77.6132,77.69,379422.0,77.69,22.0
2017-10-24 22:00:00+00:00,77.69,77.69,77.69,77.69,8505.0,77.69,1.0
2017-10-25 13:00:00+00:00,77.69,77.87,77.46,77.69,538029.0,77.7408,1649.0
2017-10-25 14:00:00+00:00,77.69,77.72,77.26,77.54,740098.0,77.4558,4439.0
2017-10-25 15:00:00+00:00,77.545,77.64,77.15,77.2,555279.0,77.4636,3842.0
2017-10-25 16:00:00+00:00,77.19,77.22,76.95,77.12,274882.0,77.0811,2831.0
2017-10-25 17:00:00+00:00,77.13,77.48,77.0301,77.42,422485.0,77.2959,3490.0
2017-10-25 18:00:00+00:00,77.42,77.6,77.31,77.4834,550639.0,77.4548,3357.0
2017-10-25 19:00:00+00:00,77.49,77.78,77.27,77.68,1336321.0,77.5161,9762.0
2017-10-25 20:00:00+00:00,77.68,77.68,77.0,77.6,168589.0,77.6783,29.0
2017-10-25 21:00:00+00:00,77.75,77.9,77.65,77.9,800.0,77.8,4.0
2017-10-25 22:00:00+00:00,78.0,78.0,78.0,78.0,200.0,78.005,3.0
2017-10-25 23:00:00+00:00,78.0,78.0,78.0,78.0,200.0,78.0,1.0
2017-10-26 11:00:00+00:00,78.5,78.5,78.0,78.0,400.0,78.25,2.0
2017-10-26 12:00:00+00:00,78.0,78.0,78.0,78.0,100.0,78.0,1.0
2017-10-26 13:00:00+00:00,77.38,77.66,76.02,77.08,668375.0,76.8119,4188.0
2017-10-26 14:00:00+00:00,77.12,77.3,76.07,76.1162,953644.0,76.7235,6154.0
2017-10-26 15:00:00+00:00,76.0901,76.31,75.8375,76.04,673039.0,76.0975,4298.0
2017-10-26 16:00:00+00:00,76.04,76.39,76.02,76.32,414705.0,76.2291,3229.0
2017-10-26 17:00:00+00:00,76.3,76.61,76.3,76.58,271258.0,76.4676,2473.0
2017-10-26 18:00:00+00:00,76.5754,76.61,76.27,76.33,378638.0,76.4302,3369.0
2017-10-26 19:00:00+00:00,76.35,76.46,76.09,76.3,964901.0,76.3465,8386.0
2017-10-26 20:00:00+00:00,76.29,76.31,76.29,76.29,438881.0,76.29,24.0
2017-10-26 22:00:00+00:00,76.29,76.29,76.29,76.29,500.0,76.29,1.0
2017-10-26 23:00:00+00:00,76.11,76.11,76.11,76.11,143.0,76.11,1.0
2017-10-27 13:00:00+00:00,76.15,76.79,75.95,76.36,370331.0,76.4397,2441.0
2017-10-27 14:00:00+00:00,76.36,76.77,76.36,76.75,594979.0,76.6346,4796.0
2017-10-27 15:00:00+00:00,76.75,77.385,76.5,77.17,2384693.0,76.6943,5896.0
2017-10-27 16:00:00+00:00,77.18,77.29,77.06,77.29,337741.0,77.1782,3050.0
2017-10-27 17:00:00+00:00,77.29,77.39,77.175,77.28,319591.0,77.2537,2960.0
2017-10-27 18:00:00+00:00,77.29,77.46,77.17,77.22,346112.0,77.2959,3170.0
2017-10-27 19:00:00+00:00,77.22,77.82,77.22,77.75,1101649.0,77.5971,8791.0
2017-10-27 20:00:00+00:00,77.75,77.75,77.75,77.75,164222.0,77.75,18.0
2017-10-30 12:00:00+00:00,77.99,77.99,77.99,77.99,100.0,77.99,1.0
2017-10-30 13:00:00+00:00,77.72,78.14,77.72,77.94,237448.0,77.8741,1619.0
2017-10-30 14:00:00+00:00,77.94,78.39,77.94,78.18,404115.0,78.1562,3869.0
2017-10-30 15:00:00+00:00,78.17,78.34,78.08,78.29,394843.0,78.2159,3615.0
2017-10-30 16:00:00+00:00,78.28,78.28,77.88,78.036,455109.0,78.0169,3662.0
2017-10-30 17:00:00+00:00,78.0375,78.495,78.01,78.47,493940.0,78.2889,4038.0
2017-10-30 18:00:00+00:00,78.46,78.5,78.29,78.39,565906.0,78.4242,4772.0
2017-10-30 19:00:00+00:00,78.385,78.58,78.305,78.38,963266.0,78.4286,8221.0
2017-10-30 20:00:00+00:00,78.4,78.4,78.4,78.4,284248.0,78.4,14.0
2017-10-30 21:00:00+00:00,78.1,78.1,78.1,78.1,400.0,78.1087,2.0
2017-10-31 13:00:00+00:00,78.3,78.7128,77.78,77.95,212621.0,78.1794,1497.0
2017-10-31 14:00:00+00:00,77.97,78.44,77.91,78.39,413863.0,78.1948,3674.0
2017-10-31 15:00:00+00:00,78.41,78.94,78.41,78.83,273366.0,78.7358,2794.0
2017-10-31 16:00:00+00:00,78.84,78.89,78.72,78.77,232359.0,78.8192,2604.0
2017-10-31 17:00:00+00:00,78.79,78.98,78.75,78.97,240585.0,78.8708,2601.0
2017-10-31 18:00:00+00:00,78.95,79.005,78.72,78.91,409907.0,78.8679,4065.0
2017-10-31 19:00:00+00:00,78.905,79.135,78.805,78.891,934343.0,78.9462,10047.0
2017-10-31 20:00:00+00:00,78.89,78.94,78.89,78.94,126739.0,78.8902,30.0
2017-11-01 13:00:00+00:00,79.32,80.54,79.07,80.26,510250.0,80.0547,2883.0
2017-11-01 14:00:00+00:00,80.26,80.855,80.06,80.73,998618.0,80.5128,6966.0
2017-11-01 15:00:00+00:00,80.72,80.805,80.39,80.46,357506.0,80.5882,3672.0
2017-11-01 16:00:00+00:00,80.47,80.63,80.37,80.49,308818.0,80.5044,3079.0
2017-11-01 17:00:00+00:00,80.49,80.605,80.11,80.2,265991.0,80.336,2747.0
2017-11-01 18:00:00+00:00,80.2066,80.68,80.19,80.56,364636.0,80.49,3642.0
2017-11-01 19:00:00+00:00,80.565,80.93,80.565,80.73,808822.0,80.7237,7658.0
2017-11-01 20:00:00+00:00,80.71,80.71,80.71,80.71,100568.0,80.71,13.0
2017-11-02 13:00:00+00:00,80.74,81.55,80.74,81.39,357408.0,81.1334,2004.0
2017-11-02 14:00:00+00:00,81.4,81.47,81.12,81.29,423390.0,81.272,4046.0
2017-11-02 15:00:00+00:00,81.29,82.06,81.288,82.04,644525.0,81.5298,5975.0
2017-11-02 16:00:00+00:00,82.04,82.19,81.7,81.705,529757.0,81.9692,5120.0
2017-11-02 17:00:00+00:00,81.71,81.71,81.29,81.42,400880.0,81.5198,3799.0
2017-11-02 18:00:00+00:00,81.43,81.84,81.17,81.495,677797.0,81.5208,6288.0
2017-11-02 19:00:00+00:00,81.5,81.695,81.35,81.579,1023454.0,81.5332,9056.0
2017-11-02 20:00:00+00:00,81.1647,81.59,81.1647,81.59,143672.0,81.5027,18.0
2017-11-02 22:00:00+00:00,81.59,81.59,81.59,81.59,21122.0,81.59,1.0
2017-11-03 13:00:00+00:00,81.1,81.75,80.99,81.3348,261780.0,81.3389,1792.0
2017-11-03 14:00:00+00:00,81.34,81.61,81.31,81.4,351964.0,81.454,2983.0
2017-11-03 15:00:00+00:00,81.4,81.47,80.99,81.03,369846.0,81.1904,3609.0
2017-11-03 16:00:00+00:00,81.025,81.11,80.78,81.0,392838.0,80.9519,3496.0
2017-11-03 17:00:00+00:00,81.02,81.07,80.9,80.99,271785.0,80.994,2477.0
2017-11-03 18:00:00+00:00,80.98,81.07,80.71,80.7575,468812.0,80.9031,4113.0
2017-11-03 19:00:00+00:00,80.755,80.87,80.625,80.87,832113.0,80.7728,7107.0
2017-11-03 20:00:00+00:00,80.88,81.03,80.88,80.88,74625.0,80.882,16.0
2017-11-06 14:00:00+00:00,80.9,81.07,80.271,80.905,230507.0,80.8498,1232.0
2017-11-06 15:00:00+00:00,80.91,81.24,80.79,81.18,449975.0,80.9712,2756.0
2017-11-06 16:00:00+00:00,81.1804,81.77,81.15,81.59,302101.0,81.4765,2645.0
2017-11-06 17:00:00+00:00,81.59,81.62,81.47,81.6,166536.0,81.558,1601.0
2017-11-06 18:00:00+00:00,81.58,81.79,81.55,81.62,275973.0,81.6333,1954.0
2017-11-06 19:00:00+00:00,81.61,81.65,81.49,81.6,223432.0,81.5799,2657.0
2017-11-06 20:00:00+00:00,81.62,81.71,81.35,81.469,741320.0,81.5166,7206.0
2017-11-06 21:00:00+00:00,81.45,81.45,81.45,81.45,137650.0,81.45,21.0
2017-11-06 22:00:00+00:00,81.55,81.55,81.55,81.55,100.0,81.55,1.0
2017-11-06 23:00:00+00:00,81.1,81.13,81.1,81.13,300.0,81.1133,3.0
2017-11-07 13:00:00+00:00,81.54,81.54,81.54,81.54,120.0,81.54,2.0
2017-11-07 14:00:00+00:00,81.53,81.88,81.31,81.75,235376.0,81.6274,1505.0
2017-11-07 15:00:00+00:00,81.78,81.86,81.4,81.5201,299006.0,81.5668,2727.0
2017-11-07 16:00:00+00:00,81.54,81.783,81.37,81.37,291143.0,81.6242,2434.0
2017-11-07 17:00:00+00:00,81.38,81.65,81.32,81.62,185623.0,81.4454,1778.0
2017-11-07 18:00:00+00:00,81.62,81.73,81.57,81.65,148918.0,81.654,1676.0
2017-11-07 19:00:00+00:00,81.66,81.88,81.65,81.73,210504.0,81.7446,2257.0
2017-11-07 20:00:00+00:00,81.74,81.87,81.65,81.825,542405.0,81.7419,5565.0
2017-11-07 21:00:00+00:00,81.83,81.83,81.6998,81.6998,115402.0,81.7737,25.0
2017-11-07 23:00:00+00:00,81.5,81.7,81.5,81.7,1689.0,81.6782,5.0
2017-11-08 14:00:00+00:00,81.61,81.665,80.63,81.0196,334298.0,81.0536,1983.0
2017-11-08 15:00:00+00:00,80.97,81.65,80.95,81.545,362224.0,81.2523,2959.0
2017-11-08 16:00:00+00:00,81.545,81.65,81.35,81.573,240389.0,81.5563,1722.0
2017-11-08 17:00:00+00:00,81.575,81.65,81.4,81.44,155122.0,81.5352,1761.0
2017-11-08 18:00:00+00:00,81.44,81.56,81.24,81.27,240146.0,81.4108,2148.0
2017-11-08 19:00:00+00:00,81.3,81.65,81.19,81.61,210989.0,81.4224,2072.0
2017-11-08 20:00:00+00:00,81.6,81.69,81.38,81.66,482727.0,81.5304,4862.0
2017-11-08 21:00:00+00:00,81.67,81.67,81.67,81.67,395596.0,81.67,20.0
2017-11-09 13:00:00+00:00,81.0,81.0,81.0,81.0,1000.0,81.0,1.0
2017-11-09 14:00:00+00:00,81.0,81.27,80.03,80.13,424823.0,80.6251,3190.0
2017-11-09 15:00:00+00:00,80.13,80.49,80.03,80.49,480231.0,80.2212,4093.0
2017-11-09 16:00:00+00:00,80.48,80.54,80.13,80.23,362592.0,80.3495,3248.0
2017-11-09 17:00:00+00:00,80.23,80.63,80.07,80.56,399308.0,80.2933,3774.0
2017-11-09 18:00:00+00:00,80.56,80.8,80.43,80.795,356315.0,80.6428,2975.0
2017-11-09 19:00:00+00:00,80.79,81.26,80.74,81.16,437398.0,81.02,3843.0
2017-11-09 20:00:00+00:00,81.16,81.34,81.15,81.27,647613.0,81.2242,5527.0
2017-11-09 21:00:00+00:00,81.28,81.28,81.13,81.28,15911.0,81.2789,18.0
2017-11-10 13:00:00+00:00,81.27,81.27,81.27,81.27,100.0,81.27,1.0
2017-11-10 14:00:00+00:00,80.96,81.24,80.8,81.0,238052.0,80.9937,1544.0
2017-11-10 15:00:00+00:00,81.1,81.14,80.8,80.93,281600.0,80.9639,2772.0
2017-11-10 16:00:00+00:00,80.93,81.01,80.71,80.78,260080.0,80.8344,2485.0
2017-11-10 17:00:00+00:00,80.77,80.96,80.77,80.88,180340.0,80.8603,1745.0
2017-11-10 18:00:00+00:00,80.88,81.1301,80.82,81.11,203075.0,80.9614,1991.0
2017-11-10 19:00:00+00:00,81.13,81.3,81.06,81.2805,249295.0,81.1811,2370.0
2017-11-10 20:00:00+00:00,81.2766,81.45,81.2,81.36,613561.0,81.3255,5686.0
2017-11-10 21:00:00+00:00,81.37,81.37,81.37,81.37,21684.0,81.37,11.0
2017-11-13 14:00:00+00:00,81.24,81.5,81.0,81.43,240907.0,81.1825,1728.0
2017-11-13 15:00:00+00:00,81.42,81.52,80.94,81.09,447521.0,81.241,3375.0
2017-11-13 16:00:00+00:00,81.07,81.2,80.72,81.07,267326.0,80.9356,2490.0
2017-11-13 17:00:00+00:00,81.08,81.17,80.93,81.12,171298.0,81.0677,1680.0
2017-11-13 18:00:00+00:00,81.11,81.145,80.97,80.99,192865.0,81.0441,1923.0
2017-11-13 19:00:00+00:00,81.0,81.02,80.67,80.785,288768.0,80.8489,2591.0
2017-11-13 20:00:00+00:00,80.78,80.79,80.605,80.68,703950.0,80.6765,5950.0
2017-11-13 21:00:00+00:00,80.67,80.67,80.67,80.67,18773.0,80.67,11.0
2017-11-14 13:00:00+00:00,80.65,80.65,80.65,80.65,100.0,80.65,1.0
2017-11-14 14:00:00+00:00,80.55,81.17,80.49,80.99,418296.0,80.797,1759.0
2017-11-14 15:00:00+00:00,80.97,81.56,80.74,81.51,394362.0,81.1062,3647.0
2017-11-14 16:00:00+00:00,81.5,81.5943,81.17,81.47,293758.0,81.4005,3122.0
2017-11-14 17:00:00+00:00,81.48,81.5,81.25,81.45,287477.0,81.3962,2118.0
2017-11-14 18:00:00+00:00,81.43,81.56,81.37,81.52,143689.0,81.4797,1666.0
2017-11-14 19:00:00+00:00,81.54,81.54,81.18,81.2,358277.0,81.4088,3304.0
2017-11-14 20:00:00+00:00,81.22,81.38,81.14,81.36,554256.0,81.2776,5856.0
2017-11-14 21:00:00+00:00,81.37,81.46,81.1,81.37,58306.0,81.3674,27.0
2017-11-14 22:00:00+00:00,81.24,81.24,81.0,81.0,400.0,81.18,2.0
2017-11-14 23:00:00+00:00,81.0,81.0,81.0,81.0,500.0,81.0,1.0
2017-11-15 14:00:00+00:00,80.89,80.89,80.44,80.55,400103.0,80.6274,2476.0
2017-11-15 15:00:00+00:00,80.53,81.1,80.53,80.92,553325.0,80.8427,4317.0
2017-11-15 16:00:00+00:00,80.93,81.29,80.9,81.16,386134.0,81.1358,3416.0
2017-11-15 17:00:00+00:00,81.17,81.55,81.06,81.44,256800.0,81.3364,2395.0
2017-11-15 18:00:00+00:00,81.44,81.64,81.43,81.55,237624.0,81.5127,2380.0
2017-11-15 19:00:00+00:00,81.55,81.65,81.51,81.56,283163.0,81.5737,2673.0
2017-11-15 20:00:00+00:00,81.56,81.69,81.44,81.49,686616.0,81.5255,6145.0
2017-11-15 21:00:00+00:00,81.48,81.48,81.48,81.48,34994.0,81.48,18.0
2017-11-16 14:00:00+00:00,81.31,81.72,81.21,81.58,326119.0,81.4952,2299.0
2017-11-16 15:00:00+00:00,81.58,81.92,81.49,81.88,386825.0,81.7003,3672.0
2017-11-16 16:00:00+00:00,81.9,82.19,81.76,82.16,457029.0,81.9605,3703.0
2017-11-16 17:00:00+00:00,82.17,82.22,81.89,82.18,395135.0,82.0916,3509.0
2017-11-16 18:00:00+00:00,82.18,82.53,82.171,82.27,464856.0,82.3396,4199.0
2017-11-16 19:00:00+00:00,82.26,82.61,82.2,82.23,362648.0,82.4,3622.0
2017-11-16 20:00:00+00:00,82.23,82.25,81.98,82.12,1638993.0,82.0897,6365.0
2017-11-16 21:00:00+00:00,82.12,82.12,82.12,82.12,29573.0,82.12,24.0
2017-11-17 14:00:00+00:00,82.15,82.34,81.75,82.11,280057.0,81.9475,1893.0
2017-11-17 15:00:00+00:00,82.13,82.36,81.98,82.35,356732.0,82.1505,2956.0
2017-11-17 16:00:00+00:00,82.35,82.57,82.28,82.475,234097.0,82.4198,2407.0
2017-11-17 17:00:00+00:00,82.48,82.72,82.41,82.7,248243.0,82.5441,2073.0
2017-11-17 18:00:00+00:00,82.72,82.785,82.6,82.6,224931.0,82.7003,1885.0
2017-11-17 19:00:00+00:00,82.605,82.73,82.57,82.5921,238067.0,82.6399,2408.0
2017-11-17 20:00:00+00:00,82.59,82.92,82.55,82.87,738225.0,82.7518,6512.0
2017-11-17 21:00:00+00:00,82.88,82.88,82.88,82.88,242172.0,82.88,21.0
2017-11-20 14:00:00+00:00,82.26,82.26,81.52,81.7301,396594.0,81.9561,2418.0
2017-11-20 15:00:00+00:00,81.745,81.92,81.48,81.785,620833.0,81.7656,4493.0
2017-11-20 16:00:00+00:00,81.785,82.25,81.735,82.06,489491.0,82.0104,4150.0
2017-11-20 17:00:00+00:00,82.05,82.16,82.0,82.11,239048.0,82.0686,2449.0
2017-11-20 18:00:00+00:00,82.11,82.2532,82.02,82.15,418551.0,82.1134,3112.0
2017-11-20 19:00:00+00:00,82.14,82.2,81.92,81.955,284884.0,82.0262,2615.0
2017-11-20 20:00:00+00:00,81.95,82.13,81.815,82.09,562663.0,81.9672,4979.0
2017-11-20 21:00:00+00:00,82.09,82.09,82.02,82.02,49227.0,82.0893,23.0
2017-11-21 13:00:00+00:00,82.09,82.09,82.09,82.09,300.0,82.09,2.0
2017-11-21 14:00:00+00:00,82.24,83.065,82.15,83.0,323446.0,82.6931,1838.0
2017-11-21 15:00:00+00:00,82.995,83.32,82.84,83.15,457830.0,83.1106,3637.0
2017-11-21 16:00:00+00:00,83.13,83.3,82.97,83.2448,378855.0,83.1155,3425.0
2017-11-21 17:00:00+00:00,83.25,83.42,83.09,83.345,268326.0,83.2961,2629.0
2017-11-21 18:00:00+00:00,83.34,83.87,83.305,83.7636,352041.0,83.5975,3370.0
2017-11-21 19:00:00+00:00,83.76,83.85,83.68,83.845,387496.0,83.7827,3877.0
2017-11-21 20:00:00+00:00,83.84,84.0,83.77,83.81,1014778.0,83.8621,9162.0
2017-11-21 21:00:00+00:00,83.8,83.8,83.8,83.8,36225.0,83.8,23.0
2017-11-21 22:00:00+00:00,83.75,83.75,83.75,83.75,100.0,83.75,1.0
2017-11-22 14:00:00+00:00,83.91,83.91,82.59,83.01,329424.0,83.1028,2282.0
2017-11-22 15:00:00+00:00,83.015,83.02,82.52,82.68,386736.0,82.7477,3819.0
2017-11-22 16:00:00+00:00,82.69,82.69,82.37,82.43,394323.0,82.4852,3524.0
2017-11-22 17:00:00+00:00,82.44,82.74,82.425,82.67,406373.0,82.5605,2907.0
2017-11-22 18:00:00+00:00,82.67,82.71,82.55,82.565,239723.0,82.6307,2455.0
2017-11-22 19:00:00+00:00,82.565,82.72,82.5,82.555,390183.0,82.5859,3715.0
2017-11-22 20:00:00+00:00,82.555,82.555,82.31,82.36,827358.0,82.429,7054.0
2017-11-22 21:00:00+00:00,82.35,82.35,82.35,82.35,37527.0,82.35,18.0
2017-11-24 14:00:00+00:00,82.68,82.85,82.45,82.74,193077.0,82.7128,1532.0
2017-11-24 15:00:00+00:00,82.76,82.78,82.405,82.46,377147.0,82.5562,3696.0
2017-11-24 16:00:00+00:00,82.45,82.47,82.06,82.245,445666.0,82.2299,4389.0
2017-11-24 17:00:00+00:00,82.2401,82.32,82.14,82.23,474695.0,82.217,4915.0
2017-11-24 18:00:00+00:00,82.25,82.25,82.25,82.25,75200.0,82.25,2.0
2017-11-24 21:00:00+00:00,82.15,82.15,82.15,82.15,150.0,82.15,2.0
2017-11-27 14:00:00+00:00,82.25,82.35,81.82,81.89,278977.0,82.0596,2259.0
2017-11-27 15:00:00+00:00,81.9,81.95,81.59,81.89,337126.0,81.7994,3260.0
2017-11-27 16:00:00+00:00,81.89,82.01,81.6,81.79,328540.0,81.8394,3075.0
2017-11-27 17:00:00+00:00,81.8,81.84,81.74,81.745,281050.0,81.7945,2206.0
2017-11-27 18:00:00+00:00,81.745,81.85,81.7,81.775,200549.0,81.7698,1694.0
2017-11-27 19:00:00+00:00,81.78,81.84,81.74,81.8131,248317.0,81.798,2240.0
2017-11-27 20:00:00+00:00,81.81,82.16,81.69,82.11,751680.0,81.9235,6400.0
2017-11-27 21:00:00+00:00,82.12,82.12,82.1,82.1,132625.0,82.1199,12.0
2017-11-28 14:00:00+00:00,82.2,82.5,81.84,82.37,210485.0,82.1838,1859.0
2017-11-28 15:00:00+00:00,82.3545,82.72,82.28,82.505,254525.0,82.508,2362.0
2017-11-28 16:00:00+00:00,82.5,82.52,82.34,82.43,214565.0,82.4106,2203.0
2017-11-28 17:00:00+00:00,82.43,82.75,82.39,82.73,159267.0,82.5433,1803.0
2017-11-28 18:00:00+00:00,82.72,82.92,82.68,82.71,262638.0,82.8171,2254.0
2017-11-28 19:00:00+00:00,82.71,83.18,82.63,83.15,260844.0,82.9029,2560.0
2017-11-28 20:00:00+00:00,83.15,83.47,83.14,83.28,854823.0,83.3205,7317.0
2017-11-28 21:00:00+00:00,83.24,83.24,83.24,83.24,53340.0,83.24,14.0
2017-11-28 22:00:00+00:00,83.24,83.24,83.24,83.24,1295.0,83.24,1.0
2017-11-29 14:00:00+00:00,83.19,83.58,83.03,83.49,175265.0,83.3377,1517.0
2017-11-29 15:00:00+00:00,83.51,83.65,82.5,83.063,482181.0,83.2147,4215.0
2017-11-29 16:00:00+00:00,83.0714,83.2,82.94,82.99,310637.0,83.0657,3219.0
2017-11-29 17:00:00+00:00,82.99,83.12,82.745,83.09,199519.0,82.9205,2424.0
2017-11-29 18:00:00+00:00,83.11,83.18,82.8,83.09,221589.0,82.9485,2458.0
2017-11-29 19:00:00+00:00,83.09,83.27,83.01,83.2068,232902.0,83.1501,2780.0
2017-11-29 20:00:00+00:00,83.22,83.38,83.125,83.33,532664.0,83.2821,5662.0
2017-11-29 21:00:00+00:00,83.34,83.34,83.34,83.34,370390.0,83.34,25.0
2017-11-29 22:00:00+00:00,83.01,83.01,83.01,83.01,100.0,83.01,1.0
2017-11-30 14:00:00+00:00,83.83,84.45,83.56,84.12,300443.0,84.0411,2644.0
2017-11-30 15:00:00+00:00,84.14,84.19,83.36,83.86,436415.0,83.7392,4319.0
2017-11-30 16:00:00+00:00,83.85,84.33,83.82,84.15,434177.0,84.0512,4004.0
2017-11-30 17:00:00+00:00,84.15,85.32,84.13,85.12,593187.0,84.7234,5054.0
2017-11-30 18:00:00+00:00,85.09,85.82,85.04,85.13,577740.0,85.423,5436.0
2017-11-30 19:00:00+00:00,85.14,85.86,85.11,85.74,576599.0,85.509,5442.0
2017-11-30 20:00:00+00:00,85.73,85.84,85.445,85.62,1138009.0,85.6634,10784.0
2017-11-30 21:00:00+00:00,85.6212,85.6457,85.62,85.62,155618.0,85.6239,32.0
2017-11-30 22:00:00+00:00,85.62,85.62,85.62,85.62,1416.0,85.62,2.0
2017-12-01 00:00:00+00:00,85.9,85.9,85.9,85.9,1200.0,85.9,1.0
2017-12-01 14:00:00+00:00,85.37,85.7796,84.19,84.37,491678.0,84.9463,3258.0
2017-12-01 15:00:00+00:00,84.36,84.49,83.91,84.47,582774.0,84.2524,4435.0
2017-12-01 16:00:00+00:00,84.47,84.54,82.52,83.66,833928.0,83.657,7295.0
2017-12-01 17:00:00+00:00,83.66,84.06,83.52,83.9,321287.0,83.7747,3453.0
2017-12-01 18:00:00+00:00,83.88,84.19,83.87,84.14,266582.0,84.024,2653.0
2017-12-01 19:00:00+00:00,84.135,84.33,83.95,84.03,213818.0,84.1439,2545.0
2017-12-01 20:00:00+00:00,84.05,84.22,83.93,84.17,816983.0,84.0627,8238.0
2017-12-01 21:00:00+00:00,84.17,84.17,84.17,84.17,88598.0,84.17,26.0
2017-12-01 22:00:00+00:00,84.16,84.16,84.16,84.16,500.0,84.16,1.0
2017-12-04 14:00:00+00:00,84.56,85.1,84.32,84.61,268268.0,84.7283,2217.0
2017-12-04 15:00:00+00:00,84.62,84.98,84.567,84.63,311504.0,84.7658,3414.0
2017-12-04 16:00:00+00:00,84.62,85.31,84.6,85.29,372442.0,85.0152,3445.0
2017-12-04 17:00:00+00:00,85.3,85.43,84.72,84.75,238724.0,85.0585,2757.0
2017-12-04 18:00:00+00:00,84.74,84.86,84.57,84.64,369511.0,84.702,3536.0
2017-12-04 19:00:00+00:00,84.63,84.65,83.9301,84.06,446350.0,84.1943,4471.0
2017-12-04 20:00:00+00:00,84.06,84.25,83.5,83.61,1030707.0,83.7164,9459.0
2017-12-04 21:00:00+00:00,83.63,83.63,83.63,83.63,541882.0,83.6425,25.0
2017-12-05 14:00:00+00:00,83.91,85.09,83.91,85.08,388972.0,84.587,3076.0
2017-12-05 15:00:00+00:00,85.055,85.89,85.04,85.85,742834.0,85.5123,6623.0
2017-12-05 16:00:00+00:00,85.85,86.21,85.85,85.95,473752.0,86.0181,3954.0
2017-12-05 17:00:00+00:00,85.97,86.1785,85.87,86.1785,367802.0,86.0045,3208.0
2017-12-05 18:00:00+00:00,86.19,86.42,86.09,86.15,310376.0,86.2875,2746.0
2017-12-05 19:00:00+00:00,86.13,86.2,85.74,85.82,522274.0,85.9527,4321.0
2017-12-05 20:00:00+00:00,85.81,86.13,85.7,85.77,884907.0,85.8518,7671.0
2017-12-05 21:00:00+00:00,85.78,85.78,85.01,85.78,24614.0,85.7713,30.0
2017-12-06 13:00:00+00:00,85.25,85.25,85.25,85.25,100.0,85.25,1.0
2017-12-06 14:00:00+00:00,85.12,85.97,85.1,85.3,340979.0,85.4743,2279.0
2017-12-06 15:00:00+00:00,85.26,85.57,84.565,84.96,457862.0,85.0319,4038.0
2017-12-06 16:00:00+00:00,84.94,85.13,84.84,84.98,213779.0,84.972,2540.0
2017-12-06 17:00:00+00:00,84.98,85.21,84.79,85.13,144900.0,85.0008,1725.0
2017-12-06 18:00:00+00:00,85.13,85.18,85.0,85.05,165218.0,85.0871,1739.0
2017-12-06 19:00:00+00:00,85.04,85.11,84.9,84.9,176289.0,85.0208,2045.0
2017-12-06 20:00:00+00:00,84.9,85.05,84.79,84.97,529471.0,84.9037,5524.0
2017-12-06 21:00:00+00:00,84.97,84.97,84.97,84.97,24594.0,84.97,25.0
2017-12-07 14:00:00+00:00,84.79,85.43,84.65,85.23,158689.0,85.1186,1247.0
2017-12-07 15:00:00+00:00,85.255,85.37,84.99,85.18,212524.0,85.1406,1847.0
2017-12-07 16:00:00+00:00,85.18,85.59,85.09,85.54,148182.0,85.3527,1617.0
2017-12-07 17:00:00+00:00,85.54,85.68,85.41,85.49,228590.0,85.5205,1953.0
2017-12-07 18:00:00+00:00,85.47,85.6,85.36,85.53,194457.0,85.476,1941.0
2017-12-07 19:00:00+00:00,85.525,85.62,85.3,85.41,200189.0,85.4604,2067.0
2017-12-07 20:00:00+00:00,85.4,85.64,85.28,85.6,468058.0,85.515,4699.0
2017-12-07 21:00:00+00:00,85.59,85.59,85.4763,85.4763,30404.0,85.5415,15.0
2017-12-07 22:00:00+00:00,85.5,85.5,85.5,85.5,100.0,85.5,1.0
2017-12-08 14:00:00+00:00,86.0,86.86,85.96,86.75,459037.0,86.4378,3365.0
2017-12-08 15:00:00+00:00,86.75,86.81,86.28,86.69,378596.0,86.5396,3465.0
2017-12-08 16:00:00+00:00,86.69,87.39,86.6,87.26,449026.0,86.9811,3810.0
2017-12-08 17:00:00+00:00,87.23,87.56,87.14,87.51,317771.0,87.4393,3391.0
2017-12-08 18:00:00+00:00,87.5,87.69,87.431,87.59,327201.0,87.5757,2776.0
2017-12-08 19:00:00+00:00,87.575,87.7,87.46,87.58,353276.0,87.5728,3551.0
2017-12-08 20:00:00+00:00,87.57,87.73,87.4444,87.6,786145.0,87.6025,7403.0
2017-12-08 21:00:00+00:00,87.6,87.6,87.6,87.6,94451.0,87.6,21.0
2017-12-11 12:00:00+00:00,87.3,87.3,87.3,87.3,200.0,87.3,2.0
2017-12-11 14:00:00+00:00,87.6,87.98,87.09,87.76,201076.0,87.5468,1439.0
2017-12-11 15:00:00+00:00,87.8,88.115,87.33,87.89,245917.0,87.7008,2424.0
2017-12-11 16:00:00+00:00,87.87,87.9,87.34,87.39,287856.0,87.5611,2855.0
2017-12-11 17:00:00+00:00,87.39,87.56,87.35,87.4747,204661.0,87.4864,2245.0
2017-12-11 18:00:00+00:00,87.475,87.53,87.3,87.3269,253586.0,87.4023,2409.0
2017-12-11 19:00:00+00:00,87.33,87.42,87.23,87.23,242200.0,87.3086,2510.0
2017-12-11 20:00:00+00:00,87.22,87.32,86.87,87.2,779579.0,87.1409,6784.0
2017-12-11 21:00:00+00:00,87.2,87.2,87.2,87.2,37351.0,87.2,8.0
2017-12-12 14:00:00+00:00,87.4,87.47,86.85,87.17,279535.0,87.2614,2206.0
2017-12-12 15:00:00+00:00,87.19,87.695,87.17,87.22,263384.0,87.487,2758.0
2017-12-12 16:00:00+00:00,87.23,87.3,87.0,87.0,208649.0,87.1841,2368.0
2017-12-12 17:00:00+00:00,86.99,87.13,86.84,87.12,272259.0,86.9261,2478.0
2017-12-12 18:00:00+00:00,87.12,87.17,86.8,86.9,346762.0,86.9992,2864.0
2017-12-12 19:00:00+00:00,86.88,87.11,86.85,87.01,193459.0,86.9991,2032.0
2017-12-12 20:00:00+00:00,87.0,87.17,86.92,86.95,621295.0,87.029,5822.0
2017-12-12 21:00:00+00:00,86.94,86.945,86.94,86.94,31808.0,86.94,20.0
2017-12-13 14:00:00+00:00,87.73,87.73,86.6,87.12,231504.0,86.9234,1448.0
2017-12-13 15:00:00+00:00,87.11,87.37,86.73,87.18,354827.0,87.0822,3257.0
2017-12-13 16:00:00+00:00,87.15,88.1,87.14,87.56,490161.0,87.6224,3967.0
2017-12-13 17:00:00+00:00,87.56,87.73,87.46,87.475,226419.0,87.597,2274.0
2017-12-13 18:00:00+00:00,87.4643,87.75,87.43,87.7,223798.0,87.608,2323.0
2017-12-13 19:00:00+00:00,87.69,87.91,87.48,87.84,397571.0,87.7028,3535.0
2017-12-13 20:00:00+00:00,87.83,87.8337,87.35,87.46,641767.0,87.5311,6034.0
2017-12-13 21:00:00+00:00,87.45,87.45,87.45,87.45,70715.0,87.45,17.0
2017-12-14 14:00:00+00:00,87.55,88.43,87.46,88.3,307111.0,88.0692,2315.0
2017-12-14 15:00:00+00:00,88.32,88.42,87.73,88.05,453998.0,88.1089,4369.0
2017-12-14 16:00:00+00:00,88.02,88.22,87.89,88.13,252455.0,88.0614,2957.0
2017-12-14 17:00:00+00:00,88.13,88.13,87.76,87.84,226323.0,87.8715,2340.0
2017-12-14 18:00:00+00:00,87.8384,87.84,87.52,87.55,229385.0,87.7136,2513.0
2017-12-14 19:00:00+00:00,87.55,87.79,87.5,87.74,296603.0,87.6602,2969.0
2017-12-14 20:00:00+00:00,87.73,87.815,87.43,87.49,717290.0,87.6364,6206.0
2017-12-14 21:00:00+00:00,87.8717,87.8717,87.48,87.48,321913.0,87.4922,31.0
2017-12-15 13:00:00+00:00,87.48,87.48,87.48,87.48,156.0,87.48,1.0
2017-12-15 14:00:00+00:00,87.48,88.04,87.48,87.99,811300.0,87.6588,2043.0
2017-12-15 15:00:00+00:00,87.99,88.13,87.62,87.88,357184.0,87.8811,3225.0
2017-12-15 16:00:00+00:00,87.88,87.935,87.63,87.77,463442.0,87.819,4217.0
2017-12-15 17:00:00+00:00,87.77,87.88,87.7,87.77,280126.0,87.8072,2647.0
2017-12-15 18:00:00+00:00,87.76,87.82,87.55,87.74,282302.0,87.7006,2568.0
2017-12-15 19:00:00+00:00,87.75,87.88,87.69,87.8,429795.0,87.7978,3718.0
2017-12-15 20:00:00+00:00,87.8012,88.4,87.76,88.19,949438.0,88.1258,8184.0
2017-12-15 21:00:00+00:00,88.19,88.19,88.19,88.19,877545.0,88.1906,53.0
2017-12-18 14:00:00+00:00,88.57,89.1583,88.57,88.6083,262662.0,88.7638,1825.0
2017-12-18 15:00:00+00:00,88.57,88.74,88.21,88.645,498154.0,88.5004,3996.0
2017-12-18 16:00:00+00:00,88.65,88.94,88.59,88.76,262883.0,88.7606,2369.0
2017-12-18 17:00:00+00:00,88.75,88.89,88.45,88.6379,211663.0,88.7221,2032.0
2017-12-18 18:00:00+00:00,88.63,88.91,88.52,88.52,290641.0,88.6807,2581.0
2017-12-18 19:00:00+00:00,88.56,89.0,88.56,88.93,303558.0,88.8131,2720.0
2017-12-18 20:00:00+00:00,88.925,89.17,88.89,88.93,689346.0,89.0196,5994.0
2017-12-18 21:00:00+00:00,88.93,88.93,88.93,88.93,222393.0,88.93,18.0
2017-12-19 14:00:00+00:00,88.94,89.205,88.51,88.82,268590.0,88.7999,2014.0
2017-12-19 15:00:00+00:00,88.83,89.02,88.16,88.215,460062.0,88.4743,4370.0
2017-12-19 16:00:00+00:00,88.21,88.4,88.01,88.27,347191.0,88.1949,3317.0
2017-12-19 17:00:00+00:00,88.29,88.48,88.12,88.27,214110.0,88.268,2189.0
2017-12-19 18:00:00+00:00,88.26,88.5,88.1566,88.32,210872.0,88.3177,2051.0
2017-12-19 19:00:00+00:00,88.31,88.45,88.19,88.31,244356.0,88.3049,2635.0
2017-12-19 20:00:00+00:00,88.29,88.3,88.05,88.06,650232.0,88.1506,6403.0
2017-12-19 21:00:00+00:00,88.19,88.19,88.07,88.07,87958.0,88.0703,25.0
2017-12-20 14:00:00+00:00,88.69,89.35,88.55,88.82,322967.0,88.8882,2076.0
2017-12-20 15:00:00+00:00,88.82,88.91,88.28,88.3889,490470.0,88.5526,3481.0
2017-12-20 16:00:00+00:00,88.39,89.0,88.36,88.88,285854.0,88.8141,2794.0
2017-12-20 17:00:00+00:00,88.88,89.02,88.84,88.99,182404.0,88.9257,1937.0
2017-12-20 18:00:00+00:00,88.996,89.488,88.99,89.488,268791.0,89.2274,2431.0
2017-12-20 19:00:00+00:00,89.48,89.6953,89.455,89.69,351706.0,89.5853,3477.0
2017-12-20 20:00:00+00:00,89.6999,90.48,89.66,90.17,1178256.0,90.1542,9017.0
2017-12-20 21:00:00+00:00,90.16,90.5,90.16,90.16,26248.0,90.1627,25.0
2017-12-21 13:00:00+00:00,90.5,90.5,90.5,90.5,228.0,90.4046,3.0
2017-12-21 14:00:00+00:00,89.93,90.66,89.84,90.58,281631.0,90.2598,2187.0
2017-12-21 15:00:00+00:00,90.57,90.575,90.07,90.44,398426.0,90.3061,3757.0
2017-12-21 16:00:00+00:00,90.42,90.7938,90.34,90.62,405751.0,90.5575,3715.0
2017-12-21 17:00:00+00:00,90.62,90.79,90.48,90.7,275269.0,90.6868,2684.0
2017-12-21 18:00:00+00:00,90.71,91.0,90.6,90.88,277975.0,90.8551,2568.0
2017-12-21 19:00:00+00:00,90.88,91.11,90.85,91.03,283769.0,90.9782,2856.0
2017-12-21 20:00:00+00:00,91.03,91.12,90.65,90.7142,668099.0,90.8793,6272.0
2017-12-21 21:00:00+00:00,90.72,90.72,90.72,90.72,204749.0,90.72,37.0
2017-12-22 14:00:00+00:00,91.03,91.5,90.85,91.1699,232881.0,91.0842,1589.0
2017-12-22 15:00:00+00:00,91.12,91.47,90.8,90.9111,247582.0,91.1022,2270.0
2017-12-22 16:00:00+00:00,90.9,91.2,90.8,91.2,214525.0,91.0034,1940.0
2017-12-22 17:00:00+00:00,91.22,91.47,91.2,91.38,187113.0,91.3539,1692.0
2017-12-22 18:00:00+00:00,91.4,91.41,91.21,91.3,141217.0,91.3145,1531.0
2017-12-22 19:00:00+00:00,91.29,91.34,91.18,91.2501,162019.0,91.2575,1765.0
2017-12-22 20:00:00+00:00,91.27,91.28,91.085,91.14,378722.0,91.157,3647.0
2017-12-22 21:00:00+00:00,91.13,91.13,91.13,91.13,44615.0,91.13,13.0
2017-12-26 14:00:00+00:00,91.25,91.57,91.24,91.38,124932.0,91.3802,799.0
2017-12-26 15:00:00+00:00,91.43,91.72,91.381,91.45,139018.0,91.5299,1502.0
2017-12-26 16:00:00+00:00,91.4632,92.0,91.38,91.88,184921.0,91.7263,1706.0
2017-12-26 17:00:00+00:00,91.87,91.92,91.77,91.83,141548.0,91.8507,1333.0
2017-12-26 18:00:00+00:00,91.84,91.97,91.82,91.86,140587.0,91.9085,1445.0
2017-12-26 19:00:00+00:00,91.85,91.92,91.81,91.89,184719.0,91.8678,1709.0
2017-12-26 20:00:00+00:00,91.905,92.05,91.83,91.87,402775.0,91.9072,3465.0
2017-12-26 21:00:00+00:00,91.86,91.87,91.86,91.86,17608.0,91.8602,9.0
2017-12-27 00:00:00+00:00,91.95,91.95,91.95,91.95,100.0,91.95,1.0
2017-12-27 13:00:00+00:00,93.5,93.5,93.5,93.5,1000.0,93.5,2.0
2017-12-27 14:00:00+00:00,93.3,93.3,91.57,91.77,170973.0,91.7322,1133.0
2017-12-27 15:00:00+00:00,91.84,92.18,91.8001,92.16,401195.0,91.925,2624.0
2017-12-27 16:00:00+00:00,92.17,92.49,92.16,92.26,337177.0,92.3466,2436.0
2017-12-27 17:00:00+00:00,92.2705,92.3199,92.0745,92.115,106667.0,92.1808,1233.0
2017-12-27 18:00:00+00:00,92.11,92.32,92.02,92.2,161693.0,92.1597,1375.0
2017-12-27 19:00:00+00:00,92.2119,92.26,92.15,92.18,131947.0,92.187,1609.0
2017-12-27 20:00:00+00:00,92.18,92.22,92.0,92.13,464138.0,92.1135,3828.0
2017-12-27 21:00:00+00:00,92.12,92.14,92.1,92.1,98031.0,92.1399,9.0
2017-12-28 14:00:00+00:00,92.39,92.58,91.76,91.9,141602.0,92.2136,1049.0
2017-12-28 15:00:00+00:00,91.93,92.1694,91.75,92.01,214639.0,91.9278,2222.0
2017-12-28 16:00:00+00:00,92.03,92.16,91.79,91.91,328724.0,91.9853,2702.0
2017-12-28 17:00:00+00:00,91.9,91.98,91.86,91.92,144173.0,91.9343,1630.0
2017-12-28 18:00:00+00:00,91.93,92.17,91.91,92.08,117630.0,92.0541,1389.0
2017-12-28 19:00:00+00:00,92.0741,92.205,92.06,92.18,165825.0,92.1618,1801.0
2017-12-28 20:00:00+00:00,92.18,92.43,92.16,92.31,452969.0,92.3423,4317.0
2017-12-28 21:00:00+00:00,92.3,92.3,92.3,92.3,45515.0,92.3,23.0
2017-12-29 14:00:00+00:00,92.69,93.18,92.65,92.67,162209.0,92.9296,1252.0
2017-12-29 15:00:00+00:00,92.7,92.82,92.45,92.6503,169897.0,92.6349,1868.0
2017-12-29 16:00:00+00:00,92.64,92.74,92.46,92.605,203492.0,92.5977,2106.0
2017-12-29 17:00:00+00:00,92.59,92.62,92.47,92.6107,142773.0,92.5718,1503.0
2017-12-29 18:00:00+00:00,92.5901,92.61,92.34,92.34,170686.0,92.5223,1603.0
2017-12-29 19:00:00+00:00,92.34,92.38,92.22,92.24,199791.0,92.3067,2079.0
2017-12-29 20:00:00+00:00,92.24,92.31,91.91,91.92,630990.0,92.0936,6223.0
2017-12-29 21:00:00+00:00,91.91,92.06,91.91,91.93,201658.0,91.9105,25.0
2017-12-29 23:00:00+00:00,91.51,91.51,91.51,91.51,400.0,91.51,1.0
2018-01-02 13:00:00+00:00,91.91,91.91,91.91,91.91,2978.0,91.91,1.0
2018-01-02 14:00:00+00:00,91.91,92.78,91.71,92.681,234065.0,92.3579,1644.0
2018-01-02 15:00:00+00:00,92.73,92.94,92.5831,92.67,351112.0,92.7225,3125.0
2018-01-02 16:00:00+00:00,92.6768,93.14,92.4699,92.82,434916.0,92.8177,3578.0
2018-01-02 17:00:00+00:00,92.8202,92.89,92.63,92.75,255543.0,92.7745,2385.0
2018-01-02 18:00:00+00:00,92.745,92.81,92.69,92.7001,256535.0,92.7579,2450.0
2018-01-02 19:00:00+00:00,92.71,92.835,92.59,92.795,257733.0,92.6999,2885.0
2018-01-02 20:00:00+00:00,92.7975,92.91,92.7,92.8,589037.0,92.7922,5677.0
2018-01-02 21:00:00+00:00,92.8,92.8,92.8,92.8,27342.0,92.8,22.0
2018-01-02 22:00:00+00:00,92.85,92.85,92.8,92.8,1265.0,92.8079,3.0
2018-01-03 14:00:00+00:00,92.78,93.45,92.51,93.19,267378.0,93.1216,2024.0
2018-01-03 15:00:00+00:00,93.17,93.279,92.75,92.93,370036.0,92.9903,3538.0
2018-01-03 16:00:00+00:00,92.93,93.15,92.68,92.68,258315.0,92.9105,2721.0
2018-01-03 17:00:00+00:00,92.68,93.1425,92.5,93.06,288353.0,92.7911,2922.0
2018-01-03 18:00:00+00:00,93.07,93.2,92.95,93.0311,299017.0,93.0981,2755.0
2018-01-03 19:00:00+00:00,93.06,93.43,93.04,93.42,229802.0,93.2977,2765.0
2018-01-03 20:00:00+00:00,93.41,93.47,93.18,93.23,930945.0,93.3081,7801.0
2018-01-03 21:00:00+00:00,93.29,93.29,93.29,93.29,182870.0,93.29,16.0
2018-01-03 23:00:00+00:00,93.59,93.59,93.59,93.59,204.0,93.59,1.0
2018-01-04 00:00:00+00:00,93.59,93.59,93.59,93.59,500.0,93.59,1.0
2018-01-04 13:00:00+00:00,93.29,93.29,93.29,93.29,200.0,93.29,1.0
2018-01-04 14:00:00+00:00,93.75,93.89,92.69,93.03,245061.0,93.1398,1832.0
2018-01-04 15:00:00+00:00,93.03,93.365,92.99,93.15,393077.0,93.2055,3220.0
2018-01-04 16:00:00+00:00,93.0972,93.27,92.64,93.25,414912.0,92.9469,4021.0
2018-01-04 17:00:00+00:00,93.26,93.43,93.18,93.37,261354.0,93.2945,2580.0
2018-01-04 18:00:00+00:00,93.3493,93.355,93.1,93.26,175469.0,93.2053,2084.0
2018-01-04 19:00:00+00:00,93.26,93.58,93.25,93.45,273807.0,93.3798,2717.0
2018-01-04 20:00:00+00:00,93.44,93.62,93.34,93.58,743729.0,93.4663,5525.0
2018-01-04 21:00:00+00:00,93.59,93.59,93.59,93.59,104282.0,93.59,12.0
2018-01-05 14:00:00+00:00,93.6,94.145,93.43,93.85,257326.0,93.7451,2039.0
2018-01-05 15:00:00+00:00,93.84,94.26,93.64,94.15,579433.0,93.9327,4660.0
2018-01-05 16:00:00+00:00,94.13,94.13,93.83,94.0,295433.0,93.934,2752.0
2018-01-05 17:00:00+00:00,93.99,94.18,93.89,94.015,233461.0,94.0392,2797.0
2018-01-05 18:00:00+00:00,94.01,94.19,93.965,94.16,218228.0,94.0803,2096.0
2018-01-05 19:00:00+00:00,94.155,94.3,94.03,94.165,279246.0,94.1819,2530.0
2018-01-05 20:00:00+00:00,94.16,94.27,94.0,94.03,714207.0,94.1457,5972.0
2018-01-05 21:00:00+00:00,94.03,94.03,93.94,93.94,71536.0,94.0297,31.0
2018-01-08 13:00:00+00:00,94.1,94.1,94.1,94.1,200.0,94.1,1.0
2018-01-08 14:00:00+00:00,94.13,94.13,93.4,93.86,247550.0,93.7948,1970.0
2018-01-08 15:00:00+00:00,93.86,93.97,93.4301,93.65,286561.0,93.6405,2933.0
2018-01-08 16:00:00+00:00,93.62,93.86,93.55,93.65,221248.0,93.6799,2468.0
2018-01-08 17:00:00+00:00,93.65,93.84,93.63,93.81,169837.0,93.7634,2109.0
2018-01-08 18:00:00+00:00,93.81,94.3,93.79,94.15,284657.0,94.0689,2634.0
2018-01-08 19:00:00+00:00,94.14,94.19,94.08,94.13,212548.0,94.1364,2463.0
2018-01-08 20:00:00+00:00,94.13,94.37,94.09,94.23,503865.0,94.2348,4996.0
2018-01-08 21:00:00+00:00,94.22,94.22,94.22,94.22,156256.0,94.22,24.0
2018-01-08 22:00:00+00:00,94.49,94.49,94.49,94.49,122.0,94.49,1.0
2018-01-09 14:00:00+00:00,94.6,94.96,94.09,94.1,274711.0,94.6222,2293.0
2018-01-09 15:00:00+00:00,94.1305,94.5123,94.07,94.5,221972.0,94.3173,2556.0
2018-01-09 16:00:00+00:00,94.49,94.86,94.46,94.66,264703.0,94.691,2760.0
2018-01-09 17:00:00+00:00,94.68,94.69,94.44,94.58,250027.0,94.5911,2849.0
2018-01-09 18:00:00+00:00,94.58,94.61,94.46,94.55,248238.0,94.5527,2893.0
2018-01-09 19:00:00+00:00,94.54,94.54,94.23,94.31,365120.0,94.3577,3936.0
2018-01-09 20:00:00+00:00,94.31,94.485,94.0,94.13,855257.0,94.2635,8396.0
2018-01-09 21:00:00+00:00,94.1,94.1,94.0,94.0,435846.0,94.0999,38.0
2018-01-09 22:00:00+00:00,94.0,94.1,94.0,94.1,93526.0,94.0998,2.0
2018-01-10 14:00:00+00:00,93.9,94.5,93.56,94.49,208102.0,93.9879,1832.0
2018-01-10 15:00:00+00:00,94.47,94.65,94.15,94.2701,369210.0,94.4057,3304.0
2018-01-10 16:00:00+00:00,94.31,94.46,94.22,94.2574,248686.0,94.3659,2482.0
2018-01-10 17:00:00+00:00,94.23,94.36,94.2,94.28,167792.0,94.2799,1898.0
2018-01-10 18:00:00+00:00,94.29,94.34,94.05,94.31,242223.0,94.1949,2581.0
2018-01-10 19:00:00+00:00,94.2779,94.3,94.09,94.2,272497.0,94.1819,2829.0
2018-01-10 20:00:00+00:00,94.21,94.3,94.14,94.15,528204.0,94.2024,5679.0
2018-01-10 21:00:00+00:00,94.15,94.15,94.15,94.15,61269.0,94.15,28.0
2018-01-11 12:00:00+00:00,95.92,95.92,95.92,95.92,600.0,95.885,3.0
2018-01-11 13:00:00+00:00,94.5,94.5,94.0,94.0,1200.0,94.0417,3.0
2018-01-11 14:00:00+00:00,94.86,94.86,93.62,93.96,301623.0,94.1019,2215.0
2018-01-11 15:00:00+00:00,93.96,94.24,93.61,94.24,390533.0,93.8597,3962.0
2018-01-11 16:00:00+00:00,94.22,94.25,93.75,93.82,296212.0,94.0141,3296.0
2018-01-11 17:00:00+00:00,93.8,94.41,93.8,94.33,304289.0,94.1397,2874.0
2018-01-11 18:00:00+00:00,94.34,94.47,94.3,94.4,184760.0,94.3951,1937.0
2018-01-11 19:00:00+00:00,94.4,94.51,94.3,94.41,207994.0,94.3843,2376.0
2018-01-11 20:00:00+00:00,94.4084,94.61,94.37,94.54,522191.0,94.4761,5293.0
2018-01-11 21:00:00+00:00,94.55,94.55,94.55,94.55,71218.0,94.55,19.0
2018-01-11 23:00:00+00:00,94.65,94.65,94.65,94.65,100.0,94.65,1.0
2018-01-12 12:00:00+00:00,94.65,94.65,94.65,94.65,100.0,94.65,1.0
2018-01-12 13:00:00+00:00,94.65,95.55,94.65,95.55,600.0,95.4,2.0
2018-01-12 14:00:00+00:00,94.91,95.53,94.71,95.48,174475.0,95.2051,1425.0
2018-01-12 15:00:00+00:00,95.46,95.92,95.29,95.905,286106.0,95.5791,2597.0
2018-01-12 16:00:00+00:00,95.91,96.54,95.905,96.54,434737.0,96.2518,3949.0
2018-01-12 17:00:00+00:00,96.55,96.75,96.385,96.7,289597.0,96.6218,2762.0
2018-01-12 18:00:00+00:00,96.6995,96.94,96.63,96.85,239149.0,96.7541,2341.0
2018-01-12 19:00:00+00:00,96.86,96.95,96.7,96.84,353660.0,96.8435,3116.0
2018-01-12 20:00:00+00:00,96.845,97.0,96.64,96.75,698759.0,96.8286,7090.0
2018-01-12 21:00:00+00:00,96.75,96.75,96.62,96.62,42587.0,96.7489,24.0
2018-01-16 14:00:00+00:00,97.0,97.2622,96.61,97.16,261290.0,96.8973,2280.0
2018-01-16 15:00:00+00:00,97.14,97.55,96.95,96.9628,384622.0,97.235,3543.0
2018-01-16 16:00:00+00:00,96.97,97.2499,96.8301,97.05,305097.0,97.0497,2916.0
2018-01-16 17:00:00+00:00,97.018,97.04,96.71,96.94,216703.0,96.9264,2314.0
2018-01-16 18:00:00+00:00,96.92,97.12,96.62,96.7,145960.0,96.9135,1872.0
2018-01-16 19:00:00+00:00,96.72,96.74,95.66,95.9,359883.0,96.1621,3281.0
2018-01-16 20:00:00+00:00,95.912,96.37,95.912,96.13,666486.0,96.1705,6487.0
2018-01-16 21:00:00+00:00,96.955,96.955,96.15,96.15,208983.0,96.1529,42.0
2018-01-17 12:00:00+00:00,96.15,96.15,96.15,96.15,200.0,96.15,1.0
2018-01-17 14:00:00+00:00,96.46,96.91,96.29,96.645,254391.0,96.6122,2038.0
2018-01-17 15:00:00+00:00,96.72,97.13,96.58,96.915,346231.0,96.9025,3600.0
2018-01-17 16:00:00+00:00,96.9299,97.3,96.84,97.273,225394.0,97.1136,2434.0
2018-01-17 17:00:00+00:00,97.29,97.67,97.245,97.645,235145.0,97.4374,2325.0
2018-01-17 18:00:00+00:00,97.66,97.76,97.47,97.53,251601.0,97.5828,2354.0
2018-01-17 19:00:00+00:00,97.5155,98.11,97.5,97.93,285786.0,97.8221,2878.0
2018-01-17 20:00:00+00:00,97.91,98.079,97.48,97.57,662252.0,97.7676,6454.0
2018-01-17 21:00:00+00:00,97.56,97.81,96.15,96.15,171583.0,97.5553,25.0
2018-01-18 14:00:00+00:00,97.11,97.23,96.46,96.595,239200.0,96.7949,1589.0
2018-01-18 15:00:00+00:00,96.61,96.79,95.98,96.05,359708.0,96.3553,3497.0
2018-01-18 16:00:00+00:00,96.11,96.89,96.09,96.83,267269.0,96.4948,2944.0
2018-01-18 17:00:00+00:00,96.82,96.92,96.54,96.7001,189027.0,96.7262,2307.0
2018-01-18 18:00:00+00:00,96.7,96.76,96.5701,96.72,243329.0,96.6561,2503.0
2018-01-18 19:00:00+00:00,96.71,96.83,96.56,96.575,206851.0,96.6758,2287.0
2018-01-18 20:00:00+00:00,96.56,96.6,96.23,96.45,544169.0,96.4006,5410.0
2018-01-18 21:00:00+00:00,96.73,96.73,96.46,96.46,36150.0,96.5018,28.0
2018-01-19 13:00:00+00:00,96.36,96.36,96.36,96.36,300.0,96.36,3.0
2018-01-19 14:00:00+00:00,96.35,96.83,96.25,96.5114,454395.0,96.6401,1864.0
2018-01-19 15:00:00+00:00,96.59,96.98,96.36,96.8201,297985.0,96.6445,2855.0
2018-01-19 16:00:00+00:00,96.8,96.87,96.53,96.82,221733.0,96.6842,2238.0
2018-01-19 17:00:00+00:00,96.83,96.98,96.77,96.98,149636.0,96.8639,1564.0
2018-01-19 18:00:00+00:00,96.99,97.05,96.83,97.03,171199.0,96.9418,1801.0
2018-01-19 19:00:00+00:00,97.04,97.29,97.04,97.17,218382.0,97.1558,2277.0
2018-01-19 20:00:00+00:00,97.16,97.2652,97.08,97.25,459058.0,97.187,4530.0
2018-01-19 21:00:00+00:00,97.26,97.27,97.26,97.26,23570.0,97.2602,23.0
2018-01-22 13:00:00+00:00,97.42,97.42,97.42,97.42,200.0,97.42,2.0
2018-01-22 14:00:00+00:00,97.62,97.89,97.43,97.69,194841.0,97.6335,1637.0
2018-01-22 15:00:00+00:00,97.65,98.62,97.635,98.52,372542.0,98.1272,3880.0
2018-01-22 16:00:00+00:00,98.52,98.98,98.51,98.9274,288007.0,98.7684,2965.0
2018-01-22 17:00:00+00:00,98.91,99.08,98.8,98.96,193271.0,98.9701,2160.0
2018-01-22 18:00:00+00:00,98.97,99.0912,98.88,99.0355,171126.0,98.9825,1913.0
2018-01-22 19:00:00+00:00,99.05,99.1,98.84,98.84,242929.0,99.0072,2389.0
2018-01-22 20:00:00+00:00,98.84,99.01,98.68,98.97,610972.0,98.8755,5695.0
2018-01-22 21:00:00+00:00,98.95,98.95,98.95,98.95,51899.0,98.95,14.0
2018-01-22 23:00:00+00:00,99.1,99.1,99.1,99.1,100.0,99.1,1.0
2018-01-23 11:00:00+00:00,99.23,99.23,99.23,99.23,100.0,99.23,1.0
2018-01-23 12:00:00+00:00,99.45,99.45,99.45,99.45,200.0,99.45,2.0
2018-01-23 13:00:00+00:00,99.25,99.25,99.25,99.25,650.0,99.25,3.0
2018-01-23 14:00:00+00:00,99.31,99.31,98.5,98.66,203565.0,98.8776,1645.0
2018-01-23 15:00:00+00:00,98.62,98.69,98.06,98.6099,230492.0,98.337,2767.0
2018-01-23 16:00:00+00:00,98.62,98.71,98.38,98.45,181000.0,98.5418,2195.0
2018-01-23 17:00:00+00:00,98.47,98.63,98.38,98.55,126168.0,98.5063,1637.0
2018-01-23 18:00:00+00:00,98.56,98.83,98.56,98.77,131095.0,98.7046,1755.0
2018-01-23 19:00:00+00:00,98.76,98.79,98.49,98.68,231928.0,98.6334,2282.0
2018-01-23 20:00:00+00:00,98.69,98.9,98.615,98.67,491028.0,98.7595,5470.0
2018-01-23 21:00:00+00:00,98.649,99.89,98.649,99.7,194989.0,98.6855,32.0
2018-01-23 22:00:00+00:00,99.69,99.69,99.5,99.5,1442.0,99.6636,6.0
2018-01-23 23:00:00+00:00,99.6,99.6,99.6,99.6,200.0,99.6,2.0
2018-01-24 00:00:00+00:00,99.84,99.94,99.84,99.94,200.0,99.89,2.0
2018-01-24 13:00:00+00:00,100.11,100.11,100.0,100.0,2236.0,100.042,6.0
2018-01-24 14:00:00+00:00,100.0,100.0,98.22,98.54,513889.0,98.9998,3909.0
2018-01-24 15:00:00+00:00,98.61,99.18,98.56,98.97,375300.0,98.8335,3669.0
2018-01-24 16:00:00+00:00,98.96,99.01,98.0,98.1,296004.0,98.4403,3052.0
2018-01-24 17:00:00+00:00,98.0701,98.36,97.37,97.55,326065.0,97.8831,3220.0
2018-01-24 18:00:00+00:00,97.55,98.17,96.98,97.995,298564.0,97.505,3323.0
2018-01-24 19:00:00+00:00,97.99,98.12,97.725,97.86,301643.0,97.9295,3033.0
2018-01-24 20:00:00+00:00,97.85,97.97,97.54,97.69,582055.0,97.735,5804.0
2018-01-24 21:00:00+00:00,97.66,97.66,97.57,97.66,85392.0,97.7849,26.0
2018-01-25 00:00:00+00:00,97.66,97.66,97.66,97.66,270.0,97.6652,3.0
2018-01-25 13:00:00+00:00,99.75,99.75,97.7,97.7,3750.0,98.2694,15.0
2018-01-25 14:00:00+00:00,98.13,98.19,97.3265,97.84,248855.0,97.8584,1926.0
2018-01-25 15:00:00+00:00,97.84,97.95,97.27,97.47,352631.0,97.6422,3411.0
2018-01-25 16:00:00+00:00,97.47,97.89,97.32,97.775,311668.0,97.6059,2955.0
2018-01-25 17:00:00+00:00,97.76,97.84,97.3,97.39,262335.0,97.5364,2365.0
2018-01-25 18:00:00+00:00,97.36,97.495,97.1,97.4775,233124.0,97.2768,2292.0
2018-01-25 19:00:00+00:00,97.4781,97.5,96.881,97.11,251658.0,97.2068,2787.0
2018-01-25 20:00:00+00:00,97.12,97.35,97.05,97.18,457814.0,97.2041,4997.0
2018-01-25 21:00:00+00:00,97.18,97.18,97.18,97.18,194335.0,97.18,24.0
2018-01-26 13:00:00+00:00,97.51,97.51,97.51,97.51,100.0,97.51,1.0
2018-01-26 14:00:00+00:00,97.56,97.83,97.43,97.59,133029.0,97.6433,1194.0
2018-01-26 15:00:00+00:00,97.58,98.12,97.39,97.9,193044.0,97.7766,2210.0
2018-01-26 16:00:00+00:00,97.92,98.28,97.9,98.13,247069.0,98.1504,2317.0
2018-01-26 17:00:00+00:00,98.145,98.53,98.07,98.4866,210809.0,98.3113,2193.0
2018-01-26 18:00:00+00:00,98.5,98.55,98.275,98.36,130046.0,98.4337,1390.0
2018-01-26 19:00:00+00:00,98.35,98.75,98.35,98.46,299031.0,98.4779,2841.0
2018-01-26 20:00:00+00:00,98.46,98.69,98.33,98.67,542596.0,98.544,5043.0
2018-01-26 21:00:00+00:00,98.69,98.75,98.69,98.75,86904.0,98.6901,20.0
2018-01-26 22:00:00+00:00,98.8,98.8,98.69,98.69,8293.0,98.6913,2.0
2018-01-29 13:00:00+00:00,99.08,99.08,99.08,99.08,100.0,99.08,1.0
2018-01-29 14:00:00+00:00,98.45,98.63,97.88,97.9,198527.0,98.1569,1483.0
2018-01-29 15:00:00+00:00,97.9032,98.03,97.29,97.4,349664.0,97.6733,3401.0
2018-01-29 16:00:00+00:00,97.38,97.4,96.7201,96.87,298888.0,96.9955,3081.0
2018-01-29 17:00:00+00:00,96.87,97.22,96.78,97.16,165910.0,97.0396,1941.0
2018-01-29 18:00:00+00:00,97.16,97.28,97.05,97.1,200770.0,97.169,1970.0
2018-01-29 19:00:00+00:00,97.11,97.225,96.76,97.205,348655.0,97.0104,3042.0
2018-01-29 20:00:00+00:00,97.19,97.2903,96.19,96.4,762080.0,96.5502,7327.0
2018-01-29 21:00:00+00:00,96.4,96.4,96.39,96.39,70810.0,96.39,20.0
2018-01-29 23:00:00+00:00,96.3,96.3,96.3,96.3,500.0,96.3,1.0
2018-01-30 00:00:00+00:00,96.41,96.41,96.41,96.41,200.0,96.41,1.0
2018-01-30 12:00:00+00:00,96.3,96.3,96.3,96.3,100.0,96.3,1.0
2018-01-30 13:00:00+00:00,96.0,96.0,96.0,96.0,1875.0,96.0,10.0
2018-01-30 14:00:00+00:00,95.82,96.02,92.11,95.1,625013.0,94.8084,5071.0
2018-01-30 15:00:00+00:00,95.08,95.36,94.17,94.84,845553.0,94.7347,6261.0
2018-01-30 16:00:00+00:00,94.87,95.0308,94.57,94.61,459176.0,94.8113,5260.0
2018-01-30 17:00:00+00:00,94.6,94.85,94.16,94.3,385587.0,94.5696,3669.0
2018-01-30 18:00:00+00:00,94.3,94.91,94.24,94.691,293848.0,94.544,3289.0
2018-01-30 19:00:00+00:00,94.71,94.77,94.17,94.36,466254.0,94.437,4359.0
2018-01-30 20:00:00+00:00,94.377,94.565,94.175,94.33,843208.0,94.3742,8086.0
2018-01-30 21:00:00+00:00,94.34,94.34,94.34,94.34,40451.0,94.34,20.0
2018-01-30 22:00:00+00:00,94.27,94.34,94.27,94.34,10840.0,94.3361,2.0
2018-01-30 23:00:00+00:00,94.01,94.01,94.01,94.01,140.0,94.01,1.0
2018-01-31 00:00:00+00:00,94.5,94.5,94.5,94.5,400.0,94.5,2.0
2018-01-31 13:00:00+00:00,95.87,96.0,95.87,96.0,600.0,95.9783,2.0
2018-01-31 14:00:00+00:00,94.55,95.36,94.46,94.72,243326.0,94.8871,1967.0
2018-01-31 15:00:00+00:00,94.74,95.36,94.5,94.98,510346.0,94.9409,4470.0
2018-01-31 16:00:00+00:00,94.97,95.66,94.94,95.45,355829.0,95.3065,3390.0
2018-01-31 17:00:00+00:00,95.43,95.81,95.2,95.81,403587.0,95.5358,3379.0
2018-01-31 18:00:00+00:00,95.8,95.97,95.54,95.92,276645.0,95.7727,3289.0
2018-01-31 19:00:00+00:00,95.92,96.13,95.69,96.01,504844.0,95.8549,5650.0
2018-01-31 20:00:00+00:00,95.99,96.43,95.77,96.0,1178167.0,96.1351,11447.0
2018-01-31 21:00:00+00:00,95.97,95.97,95.97,95.97,669976.0,95.97,51.0
2018-01-31 22:00:00+00:00,97.7,97.7,97.7,97.7,200.0,97.7,1.0
2018-02-01 00:00:00+00:00,96.16,96.16,96.16,96.16,200.0,96.16,1.0
2018-02-01 12:00:00+00:00,97.49,97.7,97.49,97.7,735.0,97.5823,4.0
2018-02-01 13:00:00+00:00,97.66,98.2,97.35,97.5,2305.0,97.7508,17.0
2018-02-01 14:00:00+00:00,98.0,98.25,94.01,94.05,551750.0,95.2173,4602.0
2018-02-01 15:00:00+00:00,94.11,94.15,93.07,93.32,1231984.0,93.542,9149.0
2018-02-01 16:00:00+00:00,93.32,93.67,92.6964,93.433,944453.0,93.194,6393.0
2018-02-01 17:00:00+00:00,93.46,94.43,93.2792,94.142,417371.0,93.7724,4344.0
2018-02-01 18:00:00+00:00,94.17,94.4,93.86,94.4,328678.0,94.0988,3264.0
2018-02-01 19:00:00+00:00,94.39,94.76,94.23,94.755,435918.0,94.4834,4134.0
2018-02-01 20:00:00+00:00,94.75,94.79,94.1,94.69,833355.0,94.4978,8290.0
2018-02-01 21:00:00+00:00,94.69,94.69,94.68,94.68,29770.0,94.6899,22.0
2018-02-02 12:00:00+00:00,94.4,94.4,94.4,94.4,100.0,94.4,1.0
2018-02-02 13:00:00+00:00,94.8,94.8,94.8,94.8,250.0,94.68,4.0
2018-02-02 14:00:00+00:00,94.19,95.85,94.13,94.59,632924.0,95.0166,4850.0
2018-02-02 15:00:00+00:00,94.58,94.62,94.02,94.305,607412.0,94.3038,5792.0
2018-02-02 16:00:00+00:00,94.31,94.63,93.98,94.05,492770.0,94.2802,4712.0
2018-02-02 17:00:00+00:00,94.01,94.37,93.73,93.85,476623.0,94.0244,4661.0
2018-02-02 18:00:00+00:00,93.86,94.05,93.35,93.99,362206.0,93.7161,3835.0
2018-02-02 19:00:00+00:00,93.99,94.13,93.03,93.095,447210.0,93.5026,4321.0
2018-02-02 20:00:00+00:00,93.09,93.38,92.74,93.16,1195982.0,93.0758,10885.0
2018-02-02 21:00:00+00:00,93.19,93.39,92.51,92.51,38999.0,93.1863,38.0
2018-02-03 00:00:00+00:00,92.8,92.8,92.8,92.8,100.0,92.8,1.0
2018-02-05 12:00:00+00:00,92.5,93.0,92.25,92.25,695.0,92.5018,4.0
2018-02-05 13:00:00+00:00,92.25,92.25,89.0,89.0,3582.0,91.6695,17.0
2018-02-05 14:00:00+00:00,91.0,92.61,90.42,92.43,522472.0,91.8386,3590.0
2018-02-05 15:00:00+00:00,92.46,93.635,92.41,93.54,661812.0,93.2394,5730.0
2018-02-05 16:00:00+00:00,93.5,93.66,92.25,92.35,473297.0,92.8685,4628.0
2018-02-05 17:00:00+00:00,92.35,92.38,91.61,91.74,498106.0,91.9424,4653.0
2018-02-05 18:00:00+00:00,91.73,91.73,90.52,91.4,634425.0,91.089,6200.0
2018-02-05 19:00:00+00:00,91.45,91.54,89.345,89.38,917788.0,90.4549,8346.0
2018-02-05 20:00:00+00:00,89.37,90.1,82.9,89.7,2691221.0,88.4427,24744.0
2018-02-05 21:00:00+00:00,89.77,89.77,89.7113,89.7113,107137.0,89.7465,8.0
2018-02-05 22:00:00+00:00,88.0,88.0,87.9,87.9,250.0,87.96,4.0
2018-02-06 12:00:00+00:00,87.7,87.7,87.7,87.7,257.0,87.6945,3.0
2018-02-06 13:00:00+00:00,87.7,87.7,85.13,87.7,1115.0,86.7783,7.0
2018-02-06 14:00:00+00:00,87.7,91.07,86.75,90.7,704433.0,88.7866,5703.0
2018-02-06 15:00:00+00:00,90.53,91.12,88.7,89.11,1192059.0,89.3851,10475.0
2018-02-06 16:00:00+00:00,89.14,89.65,88.1,89.36,672752.0,88.8975,7310.0
2018-02-06 17:00:00+00:00,89.36,90.23,89.21,89.47,552279.0,89.6779,6255.0
2018-02-06 18:00:00+00:00,89.42,89.47,88.21,88.5,648986.0,88.7707,7211.0
2018-02-06 19:00:00+00:00,88.49,89.83,88.37,89.76,809883.0,88.8447,8324.0
2018-02-06 20:00:00+00:00,89.77,90.74,89.72,90.48,1261985.0,90.3037,12944.0
2018-02-06 21:00:00+00:00,90.46,90.46,90.46,90.46,11077.0,90.46,9.0
2018-02-06 23:00:00+00:00,90.46,90.46,90.46,90.46,239.0,90.46,2.0
2018-02-07 13:00:00+00:00,90.48,90.5,90.0,90.0,630.0,90.2667,6.0
2018-02-07 14:00:00+00:00,90.0,92.27,90.0,92.04,510597.0,91.4262,3518.0
2018-02-07 15:00:00+00:00,92.04,92.55,91.21,91.73,865966.0,91.7692,6548.0
2018-02-07 16:00:00+00:00,91.75,92.13,90.85,91.3002,446860.0,91.4476,5195.0
2018-02-07 17:00:00+00:00,91.26,91.44,90.7,90.72,310278.0,91.1062,3826.0
2018-02-07 18:00:00+00:00,90.76,91.16,90.09,90.59,357330.0,90.5643,4475.0
2018-02-07 19:00:00+00:00,90.54,90.88,89.97,90.57,422315.0,90.4786,4534.0
2018-02-07 20:00:00+00:00,90.58,90.96,89.84,89.85,883367.0,90.3986,8850.0
2018-02-07 21:00:00+00:00,89.75,89.84,89.75,89.75,52948.0,89.8395,37.0
2018-02-07 22:00:00+00:00,89.5,89.5,89.5,89.5,400.0,89.5,1.0
2018-02-07 23:00:00+00:00,89.84,89.84,89.84,89.84,1125.0,89.84,2.0
2018-02-08 12:00:00+00:00,89.86,89.86,89.86,89.86,1000.0,89.86,6.0
2018-02-08 13:00:00+00:00,90.0,90.0,90.0,90.0,200.0,90.0,2.0
2018-02-08 14:00:00+00:00,89.82,90.37,89.3,90.07,265768.0,89.7417,2216.0
2018-02-08 15:00:00+00:00,90.08,90.16,89.15,89.32,407818.0,89.6418,3631.0
2018-02-08 16:00:00+00:00,89.34,89.55,88.65,88.96,467252.0,89.076,4507.0
2018-02-08 17:00:00+00:00,88.9438,89.07,87.66,87.96,391374.0,88.3612,4546.0
2018-02-08 18:00:00+00:00,87.96,89.02,87.79,88.72,316051.0,88.3563,3838.0
2018-02-08 19:00:00+00:00,88.67,88.91,87.8,87.96,332842.0,88.3614,3614.0
2018-02-08 20:00:00+00:00,87.98,88.2871,86.75,86.76,1162894.0,87.2457,11290.0
2018-02-08 21:00:00+00:00,86.77,86.77,86.77,86.77,113501.0,86.77,25.0
2018-02-09 13:00:00+00:00,88.0,88.0,85.01,86.3,1600.0,87.2256,11.0
2018-02-09 14:00:00+00:00,87.63,89.37,87.5,88.9,465959.0,88.2907,3832.0
2018-02-09 15:00:00+00:00,88.9,88.9,86.83,87.545,717096.0,88.0202,5975.0
2018-02-09 16:00:00+00:00,87.52,87.84,86.56,86.61,546370.0,87.1704,4619.0
2018-02-09 17:00:00+00:00,86.5682,86.94,85.6702,86.8,585201.0,86.174,5677.0
2018-02-09 18:00:00+00:00,86.71,86.71,85.26,86.24,396660.0,85.9858,4126.0
2018-02-09 19:00:00+00:00,86.31,88.16,86.22,87.0,513194.0,87.3381,4763.0
2018-02-09 20:00:00+00:00,86.98,89.16,86.33,88.2,1197011.0,88.0333,11242.0
2018-02-09 21:00:00+00:00,88.22,88.22,88.2,88.22,363765.0,88.22,23.0
2018-02-09 22:00:00+00:00,88.22,88.23,88.22,88.23,4884.0,88.2227,9.0
2018-02-09 23:00:00+00:00,88.23,88.23,88.23,88.23,500.0,88.23,3.0
2018-02-10 00:00:00+00:00,88.23,88.23,88.22,88.23,2558.0,88.2286,12.0
2018-02-12 12:00:00+00:00,88.7,88.7,88.5,88.5,400.0,88.6,2.0
2018-02-12 13:00:00+00:00,90.0,90.0,88.22,88.22,4346.0,88.355,8.0
2018-02-12 14:00:00+00:00,87.6,89.69,87.48,88.54,438893.0,88.8365,3344.0
2018-02-12 15:00:00+00:00,88.56,89.1,88.2,88.89,589718.0,88.6942,5524.0
2018-02-12 16:00:00+00:00,88.89,88.89,88.13,88.831,326951.0,88.467,3844.0
2018-02-12 17:00:00+00:00,88.85,89.28,88.76,88.92,241948.0,89.0273,2651.0
2018-02-12 18:00:00+00:00,88.93,89.52,88.63,89.52,360332.0,88.9704,3163.0
2018-02-12 19:00:00+00:00,89.54,89.57,89.0,89.08,311802.0,89.2862,3254.0
2018-02-12 20:00:00+00:00,89.1,89.53,88.67,88.85,921957.0,89.0225,9207.0
2018-02-12 21:00:00+00:00,88.84,88.84,88.84,88.84,74221.0,88.84,26.0
2018-02-12 22:00:00+00:00,89.0,89.0,89.0,89.0,1700.0,88.9995,9.0
2018-02-12 23:00:00+00:00,89.0,89.19,89.0,89.19,300.0,89.0633,4.0
2018-02-13 14:00:00+00:00,88.33,89.35,88.16,89.23,229799.0,88.8884,1948.0
2018-02-13 15:00:00+00:00,89.2317,89.45,88.86,89.19,284199.0,89.205,3116.0
2018-02-13 16:00:00+00:00,89.2,89.47,88.97,89.4501,258050.0,89.193,3004.0
2018-02-13 17:00:00+00:00,89.46,89.46,89.13,89.16,185264.0,89.2973,2181.0
2018-02-13 18:00:00+00:00,89.1552,89.61,89.131,89.4072,175609.0,89.4034,2066.0
2018-02-13 19:00:00+00:00,89.41,89.77,89.3,89.7,253676.0,89.531,2825.0
2018-02-13 20:00:00+00:00,89.719,89.8,89.35,89.48,860779.0,89.6137,8416.0
2018-02-13 21:00:00+00:00,89.48,89.48,89.48,89.48,588360.0,89.48,32.0
2018-02-14 12:00:00+00:00,90.0,90.0,90.0,90.0,200.0,90.0,1.0
2018-02-14 13:00:00+00:00,90.5,90.5,90.5,90.5,100.0,90.5,1.0
2018-02-14 14:00:00+00:00,88.86,90.0,88.7801,89.81,340291.0,89.3502,3175.0
2018-02-14 15:00:00+00:00,89.8085,91.53,89.72,91.21,746997.0,90.7752,7726.0
2018-02-14 16:00:00+00:00,91.21,91.71,91.02,91.45,425698.0,91.3937,4711.0
2018-02-14 17:00:00+00:00,91.44,91.81,91.28,91.8,283820.0,91.5361,3224.0
2018-02-14 18:00:00+00:00,91.8,92.75,91.7565,92.67,439668.0,92.3653,4642.0
2018-02-14 19:00:00+00:00,92.65,93.035,92.44,92.82,499389.0,92.7847,5481.0
2018-02-14 20:00:00+00:00,92.8597,93.04,92.25,92.64,1211640.0,92.7153,11346.0
2018-02-14 21:00:00+00:00,92.63,92.65,92.63,92.64,56690.0,92.6302,25.0
2018-02-15 13:00:00+00:00,93.0,93.0,93.0,93.0,272.0,93.0,2.0
2018-02-15 14:00:00+00:00,93.7,94.22,93.02,93.73,376481.0,93.7233,3184.0
2018-02-15 15:00:00+00:00,93.74,93.76,91.9,91.9,527435.0,92.8129,5166.0
2018-02-15 16:00:00+00:00,91.89,92.96,91.581,92.92,484832.0,92.2897,3767.0
2018-02-15 17:00:00+00:00,92.915,93.03,92.06,92.24,250983.0,92.4507,2791.0
2018-02-15 18:00:00+00:00,92.26,92.5,92.05,92.28,252201.0,92.2738,2921.0
2018-02-15 19:00:00+00:00,92.28,92.91,92.22,92.64,265236.0,92.6063,3093.0
2018-02-15 20:00:00+00:00,92.65,93.01,92.53,93.01,739299.0,92.8565,7747.0
2018-02-15 21:00:00+00:00,92.491,93.0,92.491,93.0,360032.0,92.9442,30.0
2018-02-16 14:00:00+00:00,93.01,93.62,92.6,92.68,297830.0,93.0824,1805.0
2018-02-16 15:00:00+00:00,92.69,93.38,92.41,93.14,324816.0,92.8513,3691.0
2018-02-16 16:00:00+00:00,93.11,94.41,93.11,94.11,335254.0,93.9229,3475.0
2018-02-16 17:00:00+00:00,94.12,94.22,93.38,93.572,193412.0,93.8206,2319.0
2018-02-16 18:00:00+00:00,93.57,93.67,93.13,93.32,175879.0,93.378,2201.0
2018-02-16 19:00:00+00:00,93.35,93.44,92.93,93.4,217583.0,93.1242,2537.0
2018-02-16 20:00:00+00:00,93.41,93.89,93.26,93.28,622629.0,93.548,6039.0
2018-02-16 21:00:00+00:00,93.27,93.27,93.27,93.27,52844.0,93.27,25.0
2018-02-20 12:00:00+00:00,93.27,93.27,93.27,93.27,381.0,93.2717,4.0
2018-02-20 14:00:00+00:00,93.11,93.89,92.51,92.71,302790.0,93.0279,2734.0
2018-02-20 15:00:00+00:00,92.73,93.15,92.4,92.44,295477.0,92.8224,3409.0
2018-02-20 16:00:00+00:00,92.44,92.6577,92.11,92.31,328710.0,92.3821,3514.0
2018-02-20 17:00:00+00:00,92.36,92.54,92.21,92.44,168266.0,92.3467,2077.0
2018-02-20 18:00:00+00:00,92.43,92.53,91.76,92.07,233637.0,91.9956,2656.0
2018-02-20 19:00:00+00:00,92.07,92.14,91.4,91.44,259496.0,91.6926,3094.0
2018-02-20 20:00:00+00:00,91.45,91.73,91.05,91.59,691010.0,91.4502,7602.0
2018-02-20 21:00:00+00:00,91.59,91.64,91.58,91.64,258297.0,91.5802,37.0
2018-02-20 22:00:00+00:00,91.64,91.64,91.64,91.64,100.0,91.64,1.0
2018-02-21 14:00:00+00:00,91.5,92.61,91.5,92.2655,154289.0,92.1191,1453.0
2018-02-21 15:00:00+00:00,92.285,92.75,92.285,92.47,259008.0,92.5265,3271.0
2018-02-21 16:00:00+00:00,92.5,92.5,91.86,91.86,133121.0,92.2421,1897.0
2018-02-21 17:00:00+00:00,91.83,92.13,91.81,92.11,160377.0,91.9754,2139.0
2018-02-21 18:00:00+00:00,92.11,92.14,91.78,91.83,137682.0,91.9761,1663.0
2018-02-21 19:00:00+00:00,91.81,92.52,91.62,91.87,202530.0,92.1022,3062.0
2018-02-21 20:00:00+00:00,91.9,91.9,90.81,90.84,635595.0,91.277,7148.0
2018-02-21 21:00:00+00:00,90.84,90.86,90.83,90.83,32068.0,90.8301,21.0
2018-02-22 14:00:00+00:00,90.99,92.47,90.99,92.44,270741.0,91.9173,2437.0
2018-02-22 15:00:00+00:00,92.46,92.67,91.98,92.27,354971.0,92.3604,4289.0
2018-02-22 16:00:00+00:00,92.27,93.24,92.27,92.78,377634.0,92.7986,4472.0
2018-02-22 17:00:00+00:00,92.8,93.07,92.3752,92.55,340289.0,92.8117,3413.0
2018-02-22 18:00:00+00:00,92.58,92.75,92.26,92.41,226772.0,92.5384,3192.0
2018-02-22 19:00:00+00:00,92.43,92.87,92.33,92.48,255462.0,92.5864,3336.0
2018-02-22 20:00:00+00:00,92.46,92.7199,91.85,92.05,745408.0,92.3129,8512.0
2018-02-22 21:00:00+00:00,92.05,92.4622,92.05,92.4622,45055.0,92.1248,31.0
2018-02-23 14:00:00+00:00,92.68,92.9,92.1866,92.39,166465.0,92.5586,1503.0
2018-02-23 15:00:00+00:00,92.4348,92.4348,91.66,91.79,274915.0,91.939,3347.0
2018-02-23 16:00:00+00:00,91.85,92.4,91.81,92.27,181390.0,92.0188,2039.0
2018-02-23 17:00:00+00:00,92.3,92.319,91.76,91.76,126913.0,92.0095,1706.0
2018-02-23 18:00:00+00:00,91.73,92.1,91.72,92.08,179934.0,91.8774,2111.0
2018-02-23 19:00:00+00:00,92.08,92.51,91.84,92.31,216646.0,92.0872,2651.0
2018-02-23 20:00:00+00:00,92.31,92.52,92.22,92.47,649068.0,92.3587,6790.0
2018-02-23 21:00:00+00:00,92.46,94.39,92.46,92.5,13426.0,92.524,45.0
2018-02-24 00:00:00+00:00,92.6,92.9,92.6,92.9,300.0,92.8,3.0
2018-02-26 12:00:00+00:00,93.45,93.5,93.45,93.5,300.0,93.4667,2.0
2018-02-26 14:00:00+00:00,93.11,93.1999,92.66,93.019,246369.0,92.9092,1934.0
2018-02-26 15:00:00+00:00,92.93,93.77,92.8198,93.43,298559.0,93.408,3406.0
2018-02-26 16:00:00+00:00,93.44,93.65,92.89,93.05,226489.0,93.2173,2572.0
2018-02-26 17:00:00+00:00,93.08,93.7,93.07,93.64,170670.0,93.4097,2021.0
2018-02-26 18:00:00+00:00,93.65,93.675,93.375,93.52,216372.0,93.5146,2093.0
2018-02-26 19:00:00+00:00,93.5,93.565,93.23,93.38,292850.0,93.3985,2972.0
2018-02-26 20:00:00+00:00,93.39,93.8126,93.28,93.31,813767.0,93.472,6333.0
2018-02-26 21:00:00+00:00,93.31,93.31,93.31,93.31,23267.0,93.31,16.0
2018-02-26 22:00:00+00:00,93.4,93.4,93.4,93.4,200.0,93.4,1.0
2018-02-27 14:00:00+00:00,93.36,94.37,93.36,94.24,244202.0,93.9744,2294.0
2018-02-27 15:00:00+00:00,94.25,95.25,93.88,94.03,410806.0,94.597,3932.0
2018-02-27 16:00:00+00:00,94.02,94.56,93.84,94.21,275352.0,94.2186,2711.0
2018-02-27 17:00:00+00:00,94.2048,94.751,93.97,94.74,309625.0,94.251,2975.0
2018-02-27 18:00:00+00:00,94.73,94.73,93.69,93.77,422085.0,94.2357,3718.0
2018-02-27 19:00:00+00:00,93.78,93.835,93.235,93.36,191526.0,93.4673,2345.0
2018-02-27 20:00:00+00:00,93.35,93.43,92.73,92.73,572542.0,92.9954,6482.0
2018-02-27 21:00:00+00:00,92.77,93.0,92.52,92.77,204446.0,92.7693,33.0
2018-02-27 22:00:00+00:00,92.8,92.8,92.8,92.8,100.0,92.8,1.0
2018-02-28 00:00:00+00:00,93.0,93.0,93.0,93.0,200.0,93.0,1.0
2018-02-28 12:00:00+00:00,92.65,92.65,92.65,92.65,300.0,92.65,1.0
2018-02-28 14:00:00+00:00,93.0,93.28,92.73,93.25,130418.0,93.0138,1614.0
2018-02-28 15:00:00+00:00,93.2436,93.47,92.31,92.45,227316.0,92.8423,2799.0
2018-02-28 16:00:00+00:00,92.46,92.68,92.03,92.41,221572.0,92.3494,2593.0
2018-02-28 17:00:00+00:00,92.4343,92.65,92.1,92.33,126690.0,92.3954,1634.0
2018-02-28 18:00:00+00:00,92.33,92.35,91.91,92.295,175133.0,92.1751,1731.0
2018-02-28 19:00:00+00:00,92.3,92.49,91.37,91.5,277485.0,91.8227,3263.0
2018-02-28 20:00:00+00:00,91.52,91.57,90.4,90.4,767003.0,90.8535,8774.0
2018-02-28 21:00:00+00:00,90.4,92.425,90.37,91.09,111614.0,90.4239,56.0
2018-02-28 22:00:00+00:00,90.79,90.79,90.79,90.79,100.0,90.79,1.0
2018-03-01 14:00:00+00:00,90.53,91.52,90.4701,91.105,176077.0,91.0627,1719.0
2018-03-01 15:00:00+00:00,91.04,92.36,90.985,91.705,350976.0,91.7475,4320.0
2018-03-01 16:00:00+00:00,91.68,92.42,91.4,92.24,231618.0,91.7608,2812.0
2018-03-01 17:00:00+00:00,92.22,92.25,90.95,91.12,329024.0,91.4744,3181.0
2018-03-01 18:00:00+00:00,91.07,91.07,90.33,90.39,226857.0,90.6829,2882.0
2018-03-01 19:00:00+00:00,90.3492,90.64,89.79,90.34,367400.0,90.3174,4063.0
2018-03-01 20:00:00+00:00,90.3,91.19,90.12,90.82,754378.0,90.8962,8342.0
2018-03-01 21:00:00+00:00,90.82,91.1,90.82,91.1,38791.0,90.8216,30.0
2018-03-01 22:00:00+00:00,90.82,90.9,90.82,90.9,142400.0,90.8202,3.0
2018-03-01 23:00:00+00:00,90.85,90.85,90.85,90.85,200.0,90.85,2.0
2018-03-02 12:00:00+00:00,90.6,91.0,89.95,89.95,300.0,90.5167,3.0
2018-03-02 13:00:00+00:00,89.5,89.74,89.5,89.74,300.0,89.58,2.0
2018-03-02 14:00:00+00:00,90.06,90.72,89.57,90.39,242627.0,90.1015,2046.0
2018-03-02 15:00:00+00:00,90.38,90.62,89.86,90.42,456275.0,90.236,3840.0
2018-03-02 16:00:00+00:00,90.38,91.33,90.35,91.24,267367.0,90.7869,2848.0
2018-03-02 17:00:00+00:00,91.17,91.9,91.04,91.82,243767.0,91.3681,2783.0
2018-03-02 18:00:00+00:00,91.79,91.95,91.32,91.69,308401.0,91.664,3166.0
2018-03-02 19:00:00+00:00,91.74,92.37,91.71,92.3,340944.0,92.0985,4151.0
2018-03-02 20:00:00+00:00,92.29,92.62,91.855,92.2,729270.0,92.2977,7652.0
2018-03-02 21:00:00+00:00,92.2,92.2,92.2,92.2,241419.0,92.1996,25.0
2018-03-02 22:00:00+00:00,92.21,92.21,92.21,92.21,300.0,92.21,1.0
2018-03-05 14:00:00+00:00,91.52,91.63,90.51,90.95,380701.0,91.0343,3367.0
2018-03-05 15:00:00+00:00,90.98,91.04,90.08,90.77,448840.0,90.5244,4367.0
2018-03-05 16:00:00+00:00,90.79,91.7,90.4698,91.42,442987.0,91.2139,4595.0
2018-03-05 17:00:00+00:00,91.4,91.51,91.22,91.45,358672.0,91.3941,3587.0
2018-03-05 18:00:00+00:00,91.45,91.64,91.27,91.57,307996.0,91.4395,3448.0
2018-03-05 19:00:00+00:00,91.57,92.18,91.41,92.125,477178.0,91.7054,5263.0
2018-03-05 20:00:00+00:00,92.125,92.35,91.45,91.58,1193324.0,91.7606,11563.0
2018-03-05 21:00:00+00:00,91.56,91.56,90.0,90.0,392565.0,91.5596,27.0
2018-03-05 22:00:00+00:00,91.56,91.56,91.56,91.56,248100.0,91.56,1.0
2018-03-06 14:00:00+00:00,91.88,92.0,91.0,91.64,280969.0,91.7061,1944.0
2018-03-06 15:00:00+00:00,91.66,92.605,91.48,92.15,528374.0,92.1201,4904.0
2018-03-06 16:00:00+00:00,92.18,92.515,91.73,92.35,318988.0,92.1189,3544.0
2018-03-06 17:00:00+00:00,92.35,92.48,92.06,92.43,223457.0,92.2776,2370.0
2018-03-06 18:00:00+00:00,92.4734,92.765,92.38,92.525,188416.0,92.5669,2184.0
2018-03-06 19:00:00+00:00,92.54,92.6299,92.19,92.285,211773.0,92.3623,2486.0
2018-03-06 20:00:00+00:00,92.28,92.335,91.53,91.72,638668.0,91.8013,6615.0
2018-03-06 21:00:00+00:00,91.72,91.72,91.72,91.72,13087.0,91.72,14.0
2018-03-06 22:00:00+00:00,91.37,91.37,91.0,91.0,800.0,91.2675,4.0
2018-03-06 23:00:00+00:00,90.0,90.0,90.0,90.0,1850.0,90.0016,4.0
2018-03-07 00:00:00+00:00,91.01,91.01,91.01,91.01,300.0,91.01,2.0
2018-03-07 14:00:00+00:00,90.4,92.11,90.37,91.65,198684.0,91.4782,1681.0
2018-03-07 15:00:00+00:00,91.63,92.85,91.56,92.35,404382.0,92.3583,4493.0
2018-03-07 16:00:00+00:00,92.34,92.34,91.33,91.5,199508.0,91.7883,2422.0
2018-03-07 17:00:00+00:00,91.48,91.599,91.17,91.42,216229.0,91.3887,2375.0
2018-03-07 18:00:00+00:00,91.41,91.63,91.04,91.6199,169266.0,91.3232,2079.0
2018-03-07 19:00:00+00:00,91.6,91.76,91.51,91.6,144058.0,91.6375,1865.0
2018-03-07 20:00:00+00:00,91.58,92.14,91.54,92.03,440656.0,91.9114,4655.0
2018-03-07 21:00:00+00:00,92.04,92.04,92.04,92.04,77987.0,92.04,15.0
2018-03-07 22:00:00+00:00,92.04,92.04,92.04,92.04,430000.0,92.04,1.0
2018-03-08 14:00:00+00:00,92.1,92.25,91.77,91.86,159058.0,92.0115,1212.0
2018-03-08 15:00:00+00:00,91.8827,91.89,91.11,91.46,310402.0,91.5403,2791.0
2018-03-08 16:00:00+00:00,91.43,91.95,91.1,91.68,496459.0,91.5933,4918.0
2018-03-08 17:00:00+00:00,91.67,92.9498,91.62,92.85,371061.0,92.3188,3350.0
2018-03-08 18:00:00+00:00,92.84,92.95,92.23,92.33,246422.0,92.5929,2630.0
2018-03-08 19:00:00+00:00,92.33,93.35,92.28,93.18,420621.0,92.895,4785.0
2018-03-08 20:00:00+00:00,93.18,93.46,93.06,93.28,719770.0,93.2572,7171.0
2018-03-08 21:00:00+00:00,93.31,93.31,93.31,93.31,51759.0,93.31,30.0
2018-03-09 13:00:00+00:00,93.35,93.36,93.35,93.36,700.0,93.3543,3.0
2018-03-09 14:00:00+00:00,93.98,95.4,93.85,95.14,471638.0,94.7259,3404.0
2018-03-09 15:00:00+00:00,95.14,95.35,94.67,94.985,527307.0,94.9738,5172.0
2018-03-09 16:00:00+00:00,94.99,95.18,94.57,94.62,329176.0,94.9194,3534.0
2018-03-09 17:00:00+00:00,94.65,94.97,94.4,94.49,252939.0,94.7356,2460.0
2018-03-09 18:00:00+00:00,94.47,94.55,94.11,94.12,190633.0,94.3161,2100.0
2018-03-09 19:00:00+00:00,94.14,94.32,94.05,94.24,234254.0,94.1774,2837.0
2018-03-09 20:00:00+00:00,94.24,94.33,94.04,94.29,620224.0,94.2011,6259.0
2018-03-09 21:00:00+00:00,94.32,94.32,94.32,94.32,479310.0,94.32,23.0
2018-03-09 23:00:00+00:00,94.3,94.3,94.3,94.3,200.0,94.3,2.0
2018-03-12 11:00:00+00:00,94.32,94.32,94.32,94.32,100.0,94.32,1.0
2018-03-12 13:00:00+00:00,94.01,94.48,93.7,93.81,212308.0,93.967,2079.0
2018-03-12 14:00:00+00:00,93.795,94.225,92.93,92.96,272989.0,93.7065,3201.0
2018-03-12 15:00:00+00:00,92.98,93.17,92.53,92.9,308222.0,92.8626,3117.0
2018-03-12 16:00:00+00:00,92.92,93.27,92.84,92.8865,262729.0,93.0515,2834.0
2018-03-12 17:00:00+00:00,92.871,93.18,92.81,93.02,266532.0,92.9588,2954.0
2018-03-12 18:00:00+00:00,93.03,93.12,92.63,92.73,294987.0,92.8213,3318.0
2018-03-12 19:00:00+00:00,92.72,92.97,92.68,92.7,844516.0,92.7984,8488.0
2018-03-12 20:00:00+00:00,92.69,92.69,92.69,92.69,58671.0,92.69,22.0
2018-03-12 21:00:00+00:00,92.69,92.69,92.69,92.69,200.0,92.69,1.0
2018-03-12 22:00:00+00:00,92.69,92.69,92.69,92.69,225000.0,92.69,1.0
2018-03-13 13:00:00+00:00,93.02,94.95,92.8,94.48,604247.0,94.149,5050.0
2018-03-13 14:00:00+00:00,94.44,94.83,93.34,93.34,617241.0,94.221,5968.0
2018-03-13 15:00:00+00:00,93.38,93.97,93.265,93.95,410115.0,93.5484,4227.0
2018-03-13 16:00:00+00:00,93.97,94.35,93.61,94.29,334648.0,94.0036,3762.0
2018-03-13 17:00:00+00:00,94.32,94.5399,93.53,93.555,241625.0,94.1192,2742.0
2018-03-13 18:00:00+00:00,93.55,93.75,93.42,93.46,268359.0,93.5877,3119.0
2018-03-13 19:00:00+00:00,93.46,93.62,93.16,93.47,763655.0,93.3605,7625.0
2018-03-13 20:00:00+00:00,93.49,93.49,93.49,93.49,414007.0,93.49,23.0
2018-03-13 21:00:00+00:00,93.3,93.5,93.3,93.49,8953.0,93.4848,6.0
2018-03-13 22:00:00+00:00,93.3,93.3,93.3,93.3,250.0,93.3,1.0
2018-03-14 11:00:00+00:00,93.6,93.6,93.6,93.6,140.0,93.6,2.0
2018-03-14 13:00:00+00:00,93.67,93.775,92.81,93.31,266629.0,93.3229,2123.0
2018-03-14 14:00:00+00:00,93.37,94.1,93.13,93.54,563270.0,93.6443,4866.0
2018-03-14 15:00:00+00:00,93.55,93.655,92.79,92.83,352313.0,93.2522,3604.0
2018-03-14 16:00:00+00:00,92.83,93.07,92.62,92.9187,199838.0,92.8484,2422.0
2018-03-14 17:00:00+00:00,92.92,93.3314,92.73,93.16,220256.0,92.9645,2640.0
2018-03-14 18:00:00+00:00,93.15,93.24,92.61,92.9187,219162.0,92.9314,2724.0
2018-03-14 19:00:00+00:00,92.92,92.95,92.49,92.68,551759.0,92.6503,6388.0
2018-03-14 20:00:00+00:00,92.66,92.69,92.66,92.69,38396.0,92.6602,24.0
2018-03-15 13:00:00+00:00,93.1,93.39,92.63,92.81,194389.0,92.9585,1661.0
2018-03-15 14:00:00+00:00,92.83,92.83,91.645,91.93,430670.0,92.0712,4576.0
2018-03-15 15:00:00+00:00,91.96,92.31,90.52,91.11,509502.0,91.3514,5172.0
2018-03-15 16:00:00+00:00,91.12,92.0,91.08,91.9,340405.0,91.6645,4297.0
2018-03-15 17:00:00+00:00,91.88,92.18,91.69,91.715,229481.0,91.9983,3088.0
2018-03-15 18:00:00+00:00,91.67,92.13,91.66,92.13,201194.0,91.8748,2479.0
2018-03-15 19:00:00+00:00,92.14,92.52,92.11,92.32,440768.0,92.3607,4920.0
2018-03-15 20:00:00+00:00,92.33,92.33,92.33,92.33,22975.0,92.33,21.0
2018-03-16 13:00:00+00:00,92.39,93.33,92.39,92.65,474059.0,92.609,1575.0
2018-03-16 14:00:00+00:00,92.75,93.22,92.62,93.2,278597.0,92.9038,2733.0
2018-03-16 15:00:00+00:00,93.17,93.46,92.71,93.05,203976.0,93.1334,2216.0
2018-03-16 16:00:00+00:00,93.08,93.43,92.9101,93.39,200377.0,93.1555,1956.0
2018-03-16 17:00:00+00:00,93.39,93.5,93.21,93.3,162502.0,93.3822,2018.0
2018-03-16 18:00:00+00:00,93.32,93.59,93.2,93.57,145564.0,93.377,1632.0
2018-03-16 19:00:00+00:00,93.56,94.04,93.43,93.76,744077.0,93.8282,7355.0
2018-03-16 20:00:00+00:00,93.79,93.792,93.5,93.79,209414.0,93.7924,49.0
2018-03-19 12:00:00+00:00,93.83,93.83,93.83,93.83,100.0,93.83,1.0
2018-03-19 13:00:00+00:00,93.6,93.6,92.19,92.34,253791.0,92.9123,1853.0
2018-03-19 14:00:00+00:00,92.38,93.07,92.18,92.7,297818.0,92.6476,2994.0
2018-03-19 15:00:00+00:00,92.69,93.085,92.495,92.83,215975.0,92.7257,2436.0
2018-03-19 16:00:00+00:00,92.83,92.93,92.4,92.54,156165.0,92.6663,1940.0
2018-03-19 17:00:00+00:00,92.55,92.74,92.166,92.701,197067.0,92.3772,2312.0
2018-03-19 18:00:00+00:00,92.74,92.86,92.2,92.4,256941.0,92.5575,2876.0
2018-03-19 19:00:00+00:00,92.39,93.04,92.19,92.92,625986.0,92.7101,6750.0
2018-03-19 20:00:00+00:00,92.94,93.02,92.9,92.9,22750.0,92.9419,17.0
2018-03-20 12:00:00+00:00,92.8,92.8,92.8,92.8,200.0,92.8,2.0
2018-03-20 13:00:00+00:00,93.54,95.04,93.47,94.81,285025.0,94.3582,2766.0
2018-03-20 14:00:00+00:00,94.8073,95.6,94.72,95.415,608981.0,95.1258,5313.0
2018-03-20 15:00:00+00:00,95.43,95.86,95.36,95.85,294340.0,95.6346,2909.0
2018-03-20 16:00:00+00:00,95.86,95.87,94.81,94.99,382960.0,95.4234,3622.0
2018-03-20 17:00:00+00:00,94.985,95.17,94.45,94.64,300884.0,94.8592,2458.0
2018-03-20 18:00:00+00:00,94.6431,95.18,94.56,94.83,269053.0,94.9277,3098.0
2018-03-20 19:00:00+00:00,94.84,95.05,94.36,94.48,788730.0,94.6582,7619.0
2018-03-20 20:00:00+00:00,94.47,94.952,94.47,94.952,42916.0,94.7225,25.0
2018-03-21 13:00:00+00:00,94.71,95.28,94.49,95.25,252099.0,94.9254,2186.0
2018-03-21 14:00:00+00:00,95.255,96.305,95.11,95.94,370172.0,95.7645,3344.0
2018-03-21 15:00:00+00:00,95.93,96.0,95.4871,95.82,260043.0,95.7941,2687.0
2018-03-21 16:00:00+00:00,95.78,96.39,95.75,96.29,267049.0,96.1721,2688.0
2018-03-21 17:00:00+00:00,96.295,96.33,95.67,96.045,242618.0,95.9704,2386.0
2018-03-21 18:00:00+00:00,96.04,96.39,95.53,95.97,393769.0,95.8886,3262.0
2018-03-21 19:00:00+00:00,95.92,96.41,95.42,95.455,787504.0,95.8341,7888.0
2018-03-21 20:00:00+00:00,95.45,95.76,95.45,95.45,174924.0,95.5999,30.0
2018-03-21 23:00:00+00:00,95.58,95.58,95.58,95.58,500.0,95.58,1.0
2018-03-22 13:00:00+00:00,94.39,95.11,94.09,94.21,233127.0,94.4387,1726.0
2018-03-22 14:00:00+00:00,94.21,94.675,93.92,93.98,335317.0,94.269,2996.0
2018-03-22 15:00:00+00:00,93.96,94.17,93.02,93.38,359853.0,93.625,3327.0
2018-03-22 16:00:00+00:00,93.37,94.1,93.27,93.97,248012.0,93.7815,2853.0
2018-03-22 17:00:00+00:00,93.97,94.47,93.71,94.11,199318.0,94.0654,2372.0
2018-03-22 18:00:00+00:00,94.12,94.27,93.79,93.85,326031.0,94.0042,3453.0
2018-03-22 19:00:00+00:00,93.83,93.91,92.95,93.05,980626.0,93.2539,9551.0
2018-03-22 20:00:00+00:00,93.14,93.14,93.04,93.04,21084.0,93.0409,26.0
2018-03-22 21:00:00+00:00,92.85,92.85,92.85,92.85,600.0,92.8493,5.0
2018-03-23 11:00:00+00:00,93.04,93.04,93.04,93.04,100.0,93.04,1.0
2018-03-23 12:00:00+00:00,93.25,93.25,93.25,93.25,210.0,93.25,1.0
2018-03-23 13:00:00+00:00,93.79,94.14,93.35,93.81,183332.0,93.7732,1564.0
2018-03-23 14:00:00+00:00,93.81,94.505,93.72,94.2009,335878.0,94.1175,3602.0
2018-03-23 15:00:00+00:00,94.21,94.32,92.81,92.95,324882.0,93.5405,3779.0
2018-03-23 16:00:00+00:00,92.97,93.36,92.43,92.46,338963.0,92.9332,4012.0
2018-03-23 17:00:00+00:00,92.44,93.265,92.4,93.2,242834.0,92.8784,2836.0
2018-03-23 18:00:00+00:00,93.21,93.3136,91.825,91.825,280708.0,92.6925,3292.0
2018-03-23 19:00:00+00:00,91.85,91.939,91.11,91.22,868645.0,91.4639,9412.0
2018-03-23 20:00:00+00:00,91.22,93.57,91.22,91.22,172415.0,91.2214,29.0
2018-03-26 13:00:00+00:00,92.38,93.795,92.34,93.7,276472.0,93.0908,2246.0
2018-03-26 14:00:00+00:00,93.66,93.73,92.99,93.16,470289.0,93.3481,3518.0
2018-03-26 15:00:00+00:00,93.175,93.54,92.86,93.52,325375.0,93.2263,2870.0
2018-03-26 16:00:00+00:00,93.54,94.015,93.35,93.74,331803.0,93.7136,2181.0
2018-03-26 17:00:00+00:00,93.73,93.9,93.49,93.67,199982.0,93.67,2026.0
2018-03-26 18:00:00+00:00,93.7,94.05,93.6105,93.75,343464.0,93.8148,2652.0
2018-03-26 19:00:00+00:00,93.7599,94.47,93.74,94.25,752717.0,94.2597,7346.0
2018-03-26 20:00:00+00:00,94.25,94.25,93.75,94.25,22937.0,94.165,21.0
2018-03-27 13:00:00+00:00,94.3,94.66,93.56,94.27,281008.0,94.2226,2455.0
2018-03-27 14:00:00+00:00,94.3,94.36,92.99,93.199,446755.0,93.5582,4393.0
2018-03-27 15:00:00+00:00,93.14,93.85,92.94,93.8,258110.0,93.3104,2767.0
2018-03-27 16:00:00+00:00,93.79,93.88,93.6,93.65,360709.0,93.7152,2646.0
2018-03-27 17:00:00+00:00,93.68,93.88,92.75,93.0,274693.0,93.2204,2824.0
2018-03-27 18:00:00+00:00,92.98,93.13,92.4,92.46,616052.0,92.7076,4699.0
2018-03-27 19:00:00+00:00,92.49,92.54,91.11,92.27,1103518.0,91.9162,11151.0
2018-03-27 20:00:00+00:00,92.27,92.3,92.25,92.25,18752.0,92.2702,28.0
2018-03-27 21:00:00+00:00,92.09,92.25,92.09,92.25,1100.0,92.1627,6.0
2018-03-27 23:00:00+00:00,92.25,92.25,92.25,92.25,500.0,92.25,2.0
2018-03-28 13:00:00+00:00,92.28,92.95,91.33,91.88,257949.0,92.0704,2232.0
2018-03-28 14:00:00+00:00,91.92,92.41,91.289,91.43,435636.0,91.9462,4118.0
2018-03-28 15:00:00+00:00,91.48,92.07,91.33,91.53,390977.0,91.647,3606.0
2018-03-28 16:00:00+00:00,91.58,92.24,91.35,91.359,233490.0,91.777,2398.0
2018-03-28 17:00:00+00:00,91.36,91.64,91.21,91.38,329612.0,91.3841,3412.0
2018-03-28 18:00:00+00:00,91.385,91.49,90.94,90.96,321369.0,91.2106,3624.0
2018-03-28 19:00:00+00:00,90.95,90.975,90.22,90.28,1056382.0,90.5159,9374.0
2018-03-28 20:00:00+00:00,90.28,90.28,89.96,90.24,125669.0,90.2737,57.0
2018-03-28 21:00:00+00:00,90.23,90.3,90.23,90.3,569.0,90.2588,3.0
2018-03-28 22:00:00+00:00,90.3,90.3,90.3,90.3,100.0,90.3,1.0
2018-03-29 13:00:00+00:00,91.22,91.91,91.12,91.46,167807.0,91.4598,1481.0
2018-03-29 14:00:00+00:00,91.485,92.11,91.39,92.11,236871.0,91.7311,2621.0
2018-03-29 15:00:00+00:00,92.16,92.3,91.91,92.13,237943.0,92.1091,2637.0
2018-03-29 16:00:00+00:00,92.14,92.2,91.76,91.795,189082.0,91.9869,1880.0
2018-03-29 17:00:00+00:00,91.81,92.2,91.62,91.94,151571.0,91.9215,1983.0
2018-03-29 18:00:00+00:00,91.96,92.6699,91.92,92.54,214077.0,92.3173,2601.0
2018-03-29 19:00:00+00:00,92.52,92.89,92.43,92.76,889516.0,92.6815,9031.0
2018-03-29 20:00:00+00:00,92.77,92.77,92.77,92.77,739265.0,92.77,36.0
2018-03-29 21:00:00+00:00,92.5,92.5,92.5,92.5,700.0,92.5,2.0
2018-04-02 12:00:00+00:00,93.0,93.0,93.0,93.0,100.0,93.0,1.0
2018-04-02 13:00:00+00:00,92.25,92.73,91.79,92.245,158907.0,92.3419,1382.0
2018-04-02 14:00:00+00:00,92.27,92.27,91.46,91.53,232945.0,91.8552,2522.0
2018-04-02 15:00:00+00:00,91.5,91.6,90.69,91.06,274209.0,91.2736,2932.0
2018-04-02 16:00:00+00:00,91.025,91.17,90.64,90.8531,201541.0,90.912,2431.0
2018-04-02 17:00:00+00:00,90.92,90.9452,89.935,89.94,285425.0,90.3025,2873.0
2018-04-02 18:00:00+00:00,89.92,90.76,89.75,90.75,363587.0,90.1542,3775.0
2018-04-02 19:00:00+00:00,90.78,91.655,90.57,91.48,801385.0,91.1994,8761.0
2018-04-02 20:00:00+00:00,91.56,92.4415,91.56,92.4415,89519.0,92.0401,13.0
2018-04-03 12:00:00+00:00,91.56,91.56,91.56,91.56,4384.0,91.56,1.0
2018-04-03 13:00:00+00:00,92.2,92.5,92.09,92.445,237616.0,92.2912,1791.0
2018-04-03 14:00:00+00:00,92.45,92.46,91.34,91.99,296302.0,91.7794,3427.0
2018-04-03 15:00:00+00:00,91.99,92.16,91.54,91.9,204899.0,91.9271,2598.0
2018-04-03 16:00:00+00:00,91.9,92.06,91.48,91.58,263483.0,91.8423,3062.0
2018-04-03 17:00:00+00:00,91.58,92.04,91.5499,91.76,228673.0,91.7787,2729.0
2018-04-03 18:00:00+00:00,91.77,92.14,91.37,92.07,270905.0,91.6939,3044.0
2018-04-03 19:00:00+00:00,92.055,92.76,92.05,92.7,696811.0,92.4738,7355.0
2018-04-03 20:00:00+00:00,92.7,92.7,92.7,92.7,45506.0,92.7,23.0
2018-04-04 13:00:00+00:00,91.09,91.36,89.97,90.7,341611.0,90.652,2793.0
2018-04-04 14:00:00+00:00,90.68,91.48,90.39,91.43,453975.0,90.8728,4656.0
2018-04-04 15:00:00+00:00,91.44,91.88,91.12,91.85,330932.0,91.4227,3514.0
2018-04-04 16:00:00+00:00,91.855,92.07,91.595,91.9676,219596.0,91.8915,2199.0
2018-04-04 17:00:00+00:00,91.97,91.98,91.54,91.67,125604.0,91.7181,1681.0
2018-04-04 18:00:00+00:00,91.69,92.94,91.66,92.86,212990.0,92.4533,2551.0
2018-04-04 19:00:00+00:00,92.84,93.62,92.7,93.37,696155.0,93.3001,7458.0
2018-04-04 20:00:00+00:00,92.7,93.35,92.7,93.35,620823.0,93.3493,32.0
2018-04-04 22:00:00+00:00,93.25,93.25,93.25,93.25,100.0,93.25,1.0
2018-04-05 12:00:00+00:00,93.37,93.95,93.37,93.95,5000.0,93.9118,12.0
2018-04-05 13:00:00+00:00,93.83,94.74,93.71,94.71,334220.0,94.3293,2482.0
2018-04-05 14:00:00+00:00,94.72,95.23,94.63,94.95,401067.0,94.917,3995.0
2018-04-05 15:00:00+00:00,94.96,95.89,94.96,95.86,342142.0,95.4836,3212.0
2018-04-05 16:00:00+00:00,95.86,96.08,95.4677,96.03,335837.0,95.795,3060.0
2018-04-05 17:00:00+00:00,96.03,96.18,95.24,95.44,292360.0,95.6798,3174.0
2018-04-05 18:00:00+00:00,95.46,96.13,95.2424,96.0425,403528.0,95.7168,4168.0
2018-04-05 19:00:00+00:00,96.04,96.22,95.8599,95.86,859314.0,96.0352,8450.0
2018-04-05 20:00:00+00:00,95.86,95.86,95.86,95.86,32801.0,95.86,21.0
2018-04-05 22:00:00+00:00,95.65,95.65,95.65,95.65,147.0,95.65,2.0
2018-04-05 23:00:00+00:00,95.65,95.65,95.65,95.65,100.0,95.65,1.0
2018-04-06 13:00:00+00:00,95.06,95.71,95.0,95.71,228272.0,95.3671,2097.0
2018-04-06 14:00:00+00:00,95.74,95.86,95.24,95.37,378248.0,95.5322,3912.0
2018-04-06 15:00:00+00:00,95.375,95.86,95.14,95.85,362108.0,95.4973,3597.0
2018-04-06 16:00:00+00:00,95.85,96.0,95.32,95.68,272362.0,95.6855,2679.0
2018-04-06 17:00:00+00:00,95.67,95.67,94.67,94.7275,218046.0,95.2609,2547.0
2018-04-06 18:00:00+00:00,94.7,94.79,93.841,93.9825,355749.0,94.4076,3765.0
2018-04-06 19:00:00+00:00,94.0,95.525,93.77,95.15,1085753.0,94.8118,10889.0
2018-04-06 20:00:00+00:00,95.18,95.18,95.18,95.18,43197.0,95.18,18.0
2018-04-06 23:00:00+00:00,95.01,95.01,95.01,95.01,200.0,95.01,1.0
2018-04-09 11:00:00+00:00,95.5,95.5,95.5,95.5,400.0,95.5,1.0
2018-04-09 13:00:00+00:00,95.7,96.47,95.56,95.97,302448.0,96.006,2568.0
2018-04-09 14:00:00+00:00,95.97,96.61,95.77,96.5,371765.0,96.2186,4019.0
2018-04-09 15:00:00+00:00,96.53,96.73,96.3,96.46,294104.0,96.5124,3100.0
2018-04-09 16:00:00+00:00,96.49,96.77,96.27,96.685,289555.0,96.5025,2746.0
2018-04-09 17:00:00+00:00,96.7,97.2,96.6,97.13,285786.0,96.9577,3160.0
2018-04-09 18:00:00+00:00,97.145,97.145,96.54,96.84,465422.0,96.851,4843.0
2018-04-09 19:00:00+00:00,96.84,96.92,95.96,96.01,1118291.0,96.4606,11426.0
2018-04-09 20:00:00+00:00,96.355,96.355,95.91,95.91,74674.0,96.1925,32.0
2018-04-09 22:00:00+00:00,96.2,96.2,96.2,96.2,150.0,96.2,1.0
2018-04-10 11:00:00+00:00,97.27,97.27,97.27,97.27,100.0,97.27,1.0
2018-04-10 12:00:00+00:00,96.7,96.7,96.7,96.7,100.0,96.7,1.0
2018-04-10 13:00:00+00:00,97.22,97.85,97.09,97.17,349304.0,97.4879,2522.0
2018-04-10 14:00:00+00:00,97.28,98.27,97.07,98.17,518369.0,97.7998,4474.0
2018-04-10 15:00:00+00:00,98.19,98.772,97.93,98.67,333672.0,98.351,3266.0
2018-04-10 16:00:00+00:00,98.6976,98.81,98.18,98.52,253583.0,98.5367,2718.0
2018-04-10 17:00:00+00:00,98.53,99.02,98.45,99.0,229846.0,98.8031,2600.0
2018-04-10 18:00:00+00:00,99.03,99.06,98.71,98.98,368806.0,98.9086,3915.0
2018-04-10 19:00:00+00:00,98.98,99.22,98.72,98.89,893045.0,98.9624,8880.0
2018-04-10 20:00:00+00:00,98.89,98.89,98.5222,98.89,80833.0,98.8505,25.0
2018-04-10 23:00:00+00:00,98.89,98.89,98.76,98.76,349.0,98.8331,5.0
2018-04-11 11:00:00+00:00,98.0,98.0,98.0,98.0,100.0,98.0,1.0
2018-04-11 12:00:00+00:00,98.0,98.0,98.0,98.0,1300.0,97.9883,6.0
2018-04-11 13:00:00+00:00,98.0,99.3,97.7,99.29,345971.0,98.8459,2657.0
2018-04-11 14:00:00+00:00,99.33,99.67,99.01,99.41,479582.0,99.3842,4279.0
2018-04-11 15:00:00+00:00,99.43,100.49,99.26,100.36,511291.0,99.9845,4499.0
2018-04-11 16:00:00+00:00,100.3772,100.67,100.29,100.49,314898.0,100.4861,3105.0
2018-04-11 17:00:00+00:00,100.5,100.91,100.49,100.789,259639.0,100.7091,2827.0
2018-04-11 18:00:00+00:00,100.79,100.85,100.32,100.69,320985.0,100.5727,3683.0
2018-04-11 19:00:00+00:00,100.71,100.865,100.18,100.32,901657.0,100.4111,8775.0
2018-04-11 20:00:00+00:00,100.31,100.6006,100.31,100.31,39102.0,100.3289,23.0
2018-04-11 21:00:00+00:00,100.6,100.6,100.6,100.6,250.0,100.6,1.0
2018-04-12 11:00:00+00:00,100.6,100.6,100.6,100.6,200.0,100.6,1.0
2018-04-12 12:00:00+00:00,100.8,100.8,100.75,100.75,5375.0,100.7521,5.0
2018-04-12 13:00:00+00:00,100.65,101.16,99.9,101.09,329255.0,100.6293,2367.0
2018-04-12 14:00:00+00:00,101.12,101.28,100.12,100.28,407009.0,100.6839,3673.0
2018-04-12 15:00:00+00:00,100.26,100.89,100.07,100.59,462817.0,100.5658,4345.0
2018-04-12 16:00:00+00:00,100.58,100.83,100.47,100.5,242133.0,100.639,2567.0
2018-04-12 17:00:00+00:00,100.5,100.53,99.65,100.15,346947.0,100.1481,3460.0
2018-04-12 18:00:00+00:00,100.165,100.97,100.1001,100.905,327240.0,100.7442,2646.0
2018-04-12 19:00:00+00:00,100.91,101.135,100.42,100.54,559866.0,100.7585,6011.0
2018-04-12 20:00:00+00:00,100.53,100.53,100.53,100.53,196879.0,100.53,23.0
2018-04-12 22:00:00+00:00,100.55,100.55,100.53,100.53,600.0,100.5333,2.0
2018-04-12 23:00:00+00:00,100.53,100.53,100.53,100.53,104.0,100.531,3.0
2018-04-13 11:00:00+00:00,100.6,100.6,100.6,100.6,100.0,100.6,1.0
2018-04-13 13:00:00+00:00,101.35,101.5533,100.46,100.81,186705.0,100.9629,1401.0
2018-04-13 14:00:00+00:00,100.81,101.14,100.66,100.75,241316.0,100.877,2363.0
2018-04-13 15:00:00+00:00,100.73,101.86,100.58,101.53,335444.0,101.3527,3412.0
2018-04-13 16:00:00+00:00,101.54,101.82,101.41,101.6,152367.0,101.5788,1715.0
2018-04-13 17:00:00+00:00,101.62,102.09,101.6188,102.05,178429.0,101.8866,2085.0
2018-04-13 18:00:00+00:00,102.05,102.23,101.9,102.0024,262661.0,102.0319,2702.0
2018-04-13 19:00:00+00:00,101.99,102.06,101.51,101.82,739722.0,101.7851,7236.0
2018-04-13 20:00:00+00:00,101.83,101.83,101.83,101.83,20301.0,101.83,10.0
2018-04-13 21:00:00+00:00,101.83,101.83,101.83,101.83,259669.0,101.83,1.0
2018-04-13 22:00:00+00:00,101.9,101.9,101.9,101.9,200.0,101.9,1.0
2018-04-13 23:00:00+00:00,101.9,101.9,101.9,101.9,2500.0,101.9,2.0
2018-04-16 12:00:00+00:00,102.0,102.0,102.0,102.0,100.0,102.0,1.0
2018-04-16 13:00:00+00:00,102.2,103.8,102.13,103.8,456814.0,103.0093,3219.0
2018-04-16 14:00:00+00:00,103.785,104.57,103.65,104.55,552468.0,104.1807,4275.0
2018-04-16 15:00:00+00:00,104.57,104.61,104.32,104.36,321586.0,104.4548,3419.0
2018-04-16 16:00:00+00:00,104.37,105.68,104.37,105.56,391167.0,104.9992,3743.0
2018-04-16 17:00:00+00:00,105.56,105.69,105.11,105.27,647062.0,105.4226,4205.0
2018-04-16 18:00:00+00:00,105.2784,106.3499,105.2,106.09,754063.0,105.8443,5974.0
2018-04-16 19:00:00+00:00,106.08,106.19,105.2842,105.48,1676520.0,105.6381,10366.0
2018-04-16 20:00:00+00:00,105.49,105.49,105.48,105.48,16100.0,105.4899,20.0
2018-04-16 21:00:00+00:00,105.48,105.48,105.48,105.48,100.0,105.48,1.0
2018-04-16 23:00:00+00:00,105.73,105.73,105.73,105.73,250.0,105.7092,2.0
2018-04-17 11:00:00+00:00,105.73,105.73,105.73,105.73,100.0,105.73,1.0
2018-04-17 12:00:00+00:00,105.8,106.0,105.75,105.75,700.0,105.89,5.0
2018-04-17 13:00:00+00:00,105.99,105.99,104.085,104.67,503851.0,104.8753,3591.0
2018-04-17 14:00:00+00:00,104.66,105.53,104.53,105.45,602360.0,104.9375,5268.0
2018-04-17 15:00:00+00:00,105.45,106.26,105.44,105.69,545858.0,105.8434,5569.0
2018-04-17 16:00:00+00:00,105.7,106.04,105.59,106.0,232682.0,105.7819,2708.0
2018-04-17 17:00:00+00:00,105.97,106.39,105.93,106.16,268651.0,106.1595,2629.0
2018-04-17 18:00:00+00:00,106.16,106.41,106.05,106.37,273557.0,106.2268,3133.0
2018-04-17 19:00:00+00:00,106.37,106.94,106.37,106.7,837646.0,106.7589,7277.0
2018-04-17 20:00:00+00:00,106.72,106.72,106.65,106.7,55570.0,106.6905,30.0
2018-04-18 11:00:00+00:00,106.96,106.96,106.96,106.96,100.0,106.96,1.0
2018-04-18 12:00:00+00:00,107.0,107.3,107.0,107.3,1050.0,107.2429,4.0
2018-04-18 13:00:00+00:00,107.3,107.4585,106.7511,107.15,298913.0,107.1489,2219.0
2018-04-18 14:00:00+00:00,107.15,108.66,106.7,108.29,616628.0,107.7003,5829.0
2018-04-18 15:00:00+00:00,108.29,108.37,107.5,107.75,612936.0,107.8608,5850.0
2018-04-18 16:00:00+00:00,107.77,108.2103,107.715,107.98,232153.0,107.9195,2677.0
2018-04-18 17:00:00+00:00,107.96,108.5,107.89,108.39,198035.0,108.2964,2344.0
2018-04-18 18:00:00+00:00,108.38,108.83,108.2408,108.67,292872.0,108.6278,3133.0
2018-04-18 19:00:00+00:00,108.67,108.71,107.45,107.54,790647.0,107.9257,8228.0
2018-04-18 20:00:00+00:00,107.54,107.54,107.54,107.54,139084.0,107.54,24.0
2018-04-18 21:00:00+00:00,107.54,107.54,107.54,107.54,359687.0,107.54,2.0
2018-04-19 12:00:00+00:00,108.0,108.0,108.0,108.0,355.0,108.0,3.0
2018-04-19 13:00:00+00:00,107.54,107.81,106.33,106.665,361811.0,107.0038,2936.0
2018-04-19 14:00:00+00:00,106.69,107.96,106.51,107.73,552122.0,107.4519,5068.0
2018-04-19 15:00:00+00:00,107.71,108.29,107.45,107.78,526891.0,107.8701,4536.0
2018-04-19 16:00:00+00:00,107.8,107.9,107.46,107.58,267099.0,107.6586,2516.0
2018-04-19 17:00:00+00:00,107.55,107.77,107.25,107.76,299996.0,107.4156,2785.0
2018-04-19 18:00:00+00:00,107.75,107.95,107.56,107.9,236828.0,107.7485,2782.0
2018-04-19 19:00:00+00:00,107.89,108.59,107.82,108.18,705284.0,108.2916,7348.0
2018-04-19 20:00:00+00:00,108.2,108.2,108.2,108.2,29718.0,108.2,17.0
2018-04-19 22:00:00+00:00,108.0,108.2,107.41,107.41,3000.0,107.8103,16.0
2018-04-19 23:00:00+00:00,108.0,108.2,107.75,107.75,580.0,107.9828,5.0
2018-04-20 12:00:00+00:00,108.2,108.2,108.2,108.2,750.0,108.2,4.0
2018-04-20 13:00:00+00:00,107.31,108.2,107.31,108.07,364079.0,107.7804,1749.0
2018-04-20 14:00:00+00:00,108.11,108.4815,107.883,107.99,249066.0,108.1968,2800.0
2018-04-20 15:00:00+00:00,107.99,108.2698,107.7232,108.07,311250.0,108.0347,2843.0
2018-04-20 16:00:00+00:00,108.0652,108.0652,107.79,108.0,176903.0,107.9271,1998.0
2018-04-20 17:00:00+00:00,107.99,108.61,107.92,108.32,186347.0,108.2572,2094.0
2018-04-20 18:00:00+00:00,108.291,108.465,108.2,108.34,179361.0,108.3185,2249.0
2018-04-20 19:00:00+00:00,108.33,108.56,107.92,108.54,562769.0,108.3046,6118.0
2018-04-20 20:00:00+00:00,108.55,108.55,107.8,107.8,401921.0,108.5495,28.0
2018-04-20 23:00:00+00:00,108.45,108.45,108.45,108.45,250.0,108.45,1.0
2018-04-23 12:00:00+00:00,108.51,108.51,108.5,108.5,633.0,108.5062,5.0
2018-04-23 13:00:00+00:00,108.03,109.0,107.83,108.26,275713.0,108.396,2061.0
2018-04-23 14:00:00+00:00,108.27,108.33,107.48,108.25,352465.0,107.8903,3470.0
2018-04-23 15:00:00+00:00,108.29,108.99,108.21,108.69,264465.0,108.6717,2523.0
2018-04-23 16:00:00+00:00,108.68,108.73,108.32,108.53,155419.0,108.5073,1840.0
2018-04-23 17:00:00+00:00,108.52,108.71,108.4241,108.67,133699.0,108.5918,1625.0
2018-04-23 18:00:00+00:00,108.67,108.74,108.23,108.445,182108.0,108.4286,2100.0
2018-04-23 19:00:00+00:00,108.44,109.27,108.4132,109.25,496377.0,108.9632,5330.0
2018-04-23 20:00:00+00:00,109.26,109.26,109.26,109.26,27325.0,109.26,18.0
2018-04-24 11:00:00+00:00,109.56,109.56,109.56,109.56,101.0,109.5644,2.0
2018-04-24 13:00:00+00:00,109.26,110.28,108.87,110.125,512523.0,109.5699,2860.0
2018-04-24 14:00:00+00:00,110.1,110.95,110.0,110.3,517051.0,110.421,4605.0
2018-04-24 15:00:00+00:00,110.27,110.49,109.69,109.74,291754.0,110.0958,3085.0
2018-04-24 16:00:00+00:00,109.76,109.88,109.05,109.05,282346.0,109.3898,2830.0
2018-04-24 17:00:00+00:00,109.05,109.2,107.78,107.9,424731.0,108.4967,4004.0
2018-04-24 18:00:00+00:00,107.87,108.7,107.71,108.36,379199.0,108.2618,4199.0
2018-04-24 19:00:00+00:00,108.37,108.6503,107.66,108.3,645824.0,108.1692,7120.0
2018-04-24 20:00:00+00:00,108.29,108.9703,108.29,108.9703,32180.0,108.5967,25.0
2018-04-25 13:00:00+00:00,107.78,107.84,106.4,107.129,326038.0,107.0179,2776.0
2018-04-25 14:00:00+00:00,107.08,107.19,106.27,107.19,618789.0,106.6563,5604.0
2018-04-25 15:00:00+00:00,107.18,108.1,107.055,107.8866,454616.0,107.5128,4505.0
2018-04-25 16:00:00+00:00,107.86,108.43,107.62,108.26,427761.0,108.0329,4162.0
2018-04-25 17:00:00+00:00,108.27,108.89,108.22,108.77,378547.0,108.4875,4300.0
2018-04-25 18:00:00+00:00,108.75,109.21,108.46,109.07,435631.0,108.8268,4968.0
2018-04-25 19:00:00+00:00,109.07,109.1,108.37,108.69,796013.0,108.735,8359.0
2018-04-25 20:00:00+00:00,108.68,111.0,108.68,111.0,142245.0,108.6987,35.0
2018-04-25 22:00:00+00:00,108.68,108.68,108.68,108.68,600.0,108.6753,3.0
2018-04-25 23:00:00+00:00,108.68,108.68,108.68,108.68,300.0,108.68,3.0
2018-04-26 12:00:00+00:00,110.48,110.48,110.48,110.48,238.0,110.3894,4.0
2018-04-26 13:00:00+00:00,109.79,109.79,106.95,109.765,514492.0,108.893,3872.0
2018-04-26 14:00:00+00:00,109.7659,109.88,108.56,109.16,830488.0,109.1399,6575.0
2018-04-26 15:00:00+00:00,109.18,110.22,109.02,110.1346,646061.0,109.4792,5723.0
2018-04-26 16:00:00+00:00,110.17,110.91,110.13,110.71,545971.0,110.5822,5626.0
2018-04-26 17:00:00+00:00,110.72,111.0,110.49,110.7,421137.0,110.7299,4565.0
2018-04-26 18:00:00+00:00,110.71,111.65,110.69,111.4,539549.0,111.2968,5240.0
2018-04-26 19:00:00+00:00,111.41,111.82,111.33,111.56,1023325.0,111.5562,10020.0
2018-04-26 20:00:00+00:00,111.54,112.0,111.54,112.0,51055.0,111.5409,26.0
2018-04-26 21:00:00+00:00,111.54,111.75,111.5,111.5,5645.0,111.5467,4.0
2018-04-27 12:00:00+00:00,111.6,111.6,111.6,111.6,100.0,111.6,1.0
2018-04-27 13:00:00+00:00,111.04,112.3,110.71,110.96,424360.0,111.3113,3602.0
2018-04-27 14:00:00+00:00,110.99,111.3,109.895,110.005,490351.0,110.6623,5034.0
2018-04-27 15:00:00+00:00,110.02,110.3,109.32,109.47,403157.0,109.8044,3625.0
2018-04-27 16:00:00+00:00,109.48,110.14,109.45,110.05,235271.0,109.6943,2479.0
2018-04-27 17:00:00+00:00,110.07,110.139,109.71,109.72,195297.0,109.937,2367.0
2018-04-27 18:00:00+00:00,109.73,110.3,109.63,110.3,230705.0,109.9471,2522.0
2018-04-27 19:00:00+00:00,110.3,110.39,109.61,109.785,491278.0,109.8634,5537.0
2018-04-27 20:00:00+00:00,109.78,109.78,109.78,109.78,25364.0,109.78,19.0
2018-04-30 13:00:00+00:00,110.08,112.42,109.86,112.33,533818.0,111.353,3577.0
2018-04-30 14:00:00+00:00,112.34,113.32,112.27,113.24,820461.0,112.8111,6609.0
2018-04-30 15:00:00+00:00,113.25,113.27,112.08,112.34,802841.0,112.6431,6870.0
2018-04-30 16:00:00+00:00,112.335,112.39,111.66,111.83,361388.0,112.0377,3746.0
2018-04-30 17:00:00+00:00,111.86,112.73,111.77,112.4,398509.0,112.351,4054.0
2018-04-30 18:00:00+00:00,112.4,112.41,111.08,111.11,449185.0,111.789,4555.0
2018-04-30 19:00:00+00:00,111.13,111.55,110.651,110.93,804188.0,111.1936,8344.0
2018-04-30 20:00:00+00:00,110.93,110.93,110.93,110.93,587311.0,110.93,32.0
2018-04-30 21:00:00+00:00,113.0,113.0,113.0,113.0,100.0,113.0,1.0
2018-05-01 12:00:00+00:00,110.85,110.85,110.85,110.85,100.0,110.85,1.0
2018-05-01 13:00:00+00:00,110.26,111.06,110.04,110.32,278416.0,110.5507,2310.0
2018-05-01 14:00:00+00:00,110.32,110.42,109.64,109.84,665215.0,110.1483,5774.0
2018-05-01 15:00:00+00:00,109.83,110.66,109.69,110.17,363191.0,110.2855,3884.0
2018-05-01 16:00:00+00:00,110.19,110.41,109.48,109.51,402213.0,110.0452,3333.0
2018-05-01 17:00:00+00:00,109.5,109.66,108.77,109.55,449830.0,109.2555,4703.0
2018-05-01 18:00:00+00:00,109.54,110.23,109.42,109.85,349328.0,109.7932,4476.0
2018-05-01 19:00:00+00:00,109.86,110.75,109.7,110.71,853826.0,110.2304,8840.0
2018-05-01 20:00:00+00:00,110.72,110.72,109.9895,110.7,43460.0,110.678,30.0
2018-05-02 13:00:00+00:00,110.55,112.12,110.55,112.025,297279.0,111.2893,2329.0
2018-05-02 14:00:00+00:00,112.03,113.47,112.0,112.76,753259.0,112.678,6945.0
2018-05-02 15:00:00+00:00,112.761,113.0,112.0714,112.36,682115.0,112.4798,5458.0
2018-05-02 16:00:00+00:00,112.38,112.53,111.62,111.66,694372.0,111.9549,4573.0
2018-05-02 17:00:00+00:00,111.67,112.28,111.63,111.98,559287.0,111.9745,4699.0
2018-05-02 18:00:00+00:00,111.95,113.02,111.9498,112.5,686951.0,112.6038,6862.0
2018-05-02 19:00:00+00:00,112.5,112.8,111.86,112.21,1274236.0,112.2106,10900.0
2018-05-02 20:00:00+00:00,112.2,112.25,111.95,112.25,147877.0,112.2489,47.0
2018-05-03 13:00:00+00:00,112.4,112.4,110.96,111.6634,169488.0,111.4637,1467.0
2018-05-03 14:00:00+00:00,111.72,112.21,111.23,111.91,646261.0,111.5805,5609.0
2018-05-03 15:00:00+00:00,111.91,112.569,111.475,112.56,478287.0,111.8888,4240.0
2018-05-03 16:00:00+00:00,112.535,113.46,112.495,113.46,356412.0,112.9263,3306.0
2018-05-03 17:00:00+00:00,113.46,113.58,112.7582,113.3,353535.0,113.1317,3332.0
2018-05-03 18:00:00+00:00,113.31,113.89,112.94,112.99,600611.0,113.3466,4616.0
2018-05-03 19:00:00+00:00,113.02,113.52,112.82,113.34,687785.0,113.2222,7445.0
2018-05-03 20:00:00+00:00,113.37,113.37,113.37,113.37,67211.0,113.37,19.0
2018-05-03 22:00:00+00:00,113.4,113.4,113.4,113.4,350.0,113.4,2.0
2018-05-04 13:00:00+00:00,113.0,113.92,111.93,111.98,282685.0,112.4352,2087.0
2018-05-04 14:00:00+00:00,111.9459,113.175,111.93,112.98,468244.0,112.7201,4235.0
2018-05-04 15:00:00+00:00,112.99,113.38,112.81,113.225,433624.0,113.1107,3785.0
2018-05-04 16:00:00+00:00,113.26,113.85,113.11,113.14,336449.0,113.51,3171.0
2018-05-04 17:00:00+00:00,113.19,113.54,113.03,113.51,198697.0,113.2801,2130.0
2018-05-04 18:00:00+00:00,113.49,113.72,113.3,113.34,244930.0,113.5112,2645.0
2018-05-04 19:00:00+00:00,113.35,113.7,113.22,113.4,540203.0,113.4463,5789.0
2018-05-04 20:00:00+00:00,113.39,113.39,113.39,113.39,185052.0,113.39,21.0
2018-05-07 12:00:00+00:00,114.0,114.996,114.0,114.9,1815.0,114.4549,14.0
2018-05-07 13:00:00+00:00,114.16,115.23,113.75,114.9258,325132.0,114.4887,2302.0
2018-05-07 14:00:00+00:00,114.98,115.48,114.56,115.3,406114.0,115.0241,3870.0
2018-05-07 15:00:00+00:00,115.29,115.38,115.06,115.21,306861.0,115.229,3038.0
2018-05-07 16:00:00+00:00,115.22,115.38,114.88,115.17,300734.0,115.1196,2890.0
2018-05-07 17:00:00+00:00,115.1737,115.2,114.53,114.86,294322.0,114.8631,2661.0
2018-05-07 18:00:00+00:00,114.86,114.86,113.64,113.76,357895.0,114.3125,3626.0
2018-05-07 19:00:00+00:00,113.76,113.89,113.34,113.64,620005.0,113.6118,6819.0
2018-05-07 20:00:00+00:00,113.67,115.0,113.67,115.0,621038.0,113.6702,25.0
2018-05-07 21:00:00+00:00,113.68,113.68,113.68,113.68,278.0,113.6931,6.0
2018-05-08 11:00:00+00:00,114.43,114.43,114.43,114.43,100.0,114.43,1.0
2018-05-08 12:00:00+00:00,113.01,113.01,113.01,113.01,260.0,113.0354,2.0
2018-05-08 13:00:00+00:00,114.25,114.25,111.034,111.74,545648.0,111.7831,3963.0
2018-05-08 14:00:00+00:00,111.7365,112.95,111.7365,112.435,574668.0,112.3828,4631.0
2018-05-08 15:00:00+00:00,112.435,113.1,111.19,112.95,593728.0,112.2954,5561.0
2018-05-08 16:00:00+00:00,112.9204,113.08,112.17,112.48,1662323.0,112.4522,5152.0
2018-05-08 17:00:00+00:00,112.53,112.53,111.65,111.7,371210.0,111.9454,3558.0
2018-05-08 18:00:00+00:00,111.69,112.93,111.52,112.25,590496.0,112.1879,5805.0
2018-05-08 19:00:00+00:00,112.2645,113.25,112.25,113.19,971239.0,112.9067,8580.0
2018-05-08 20:00:00+00:00,113.19,113.2,113.1488,113.2,364109.0,113.1804,25.0
2018-05-09 12:00:00+00:00,114.0,114.0,114.0,114.0,100.0,114.0,1.0
2018-05-09 13:00:00+00:00,113.95,114.87,113.52,114.72,355049.0,114.1777,2649.0
2018-05-09 14:00:00+00:00,114.65,115.73,114.53,114.69,650417.0,115.1377,5797.0
2018-05-09 15:00:00+00:00,114.71,115.19,114.53,114.58,487075.0,114.9127,4545.0
2018-05-09 16:00:00+00:00,114.59,115.36,114.4679,114.97,303572.0,114.8947,3041.0
2018-05-09 17:00:00+00:00,115.0,115.329,114.86,115.14,205637.0,115.1253,2434.0
2018-05-09 18:00:00+00:00,115.12,115.5399,114.83,115.49,331038.0,115.153,2977.0
2018-05-09 19:00:00+00:00,115.48,115.84,114.68,114.82,783099.0,115.131,7267.0
2018-05-09 20:00:00+00:00,114.82,114.97,114.82,114.82,117121.0,114.8206,30.0
2018-05-09 22:00:00+00:00,115.19,115.19,115.19,115.19,100.0,115.19,1.0
2018-05-10 11:00:00+00:00,114.5,114.5,114.5,114.5,400.0,114.5,1.0
2018-05-10 12:00:00+00:00,115.01,115.01,115.0,115.0,300.0,115.0067,2.0
2018-05-10 13:00:00+00:00,115.54,115.989,114.5,114.5,225496.0,115.097,1723.0
2018-05-10 14:00:00+00:00,114.42,114.9,114.2,114.41,371580.0,114.5438,3692.0
2018-05-10 15:00:00+00:00,114.4,114.57,113.98,114.49,533862.0,114.2,3744.0
2018-05-10 16:00:00+00:00,114.51,114.559,114.17,114.2701,273409.0,114.3906,2636.0
2018-05-10 17:00:00+00:00,114.2701,114.41,114.12,114.28,246271.0,114.2396,2242.0
2018-05-10 18:00:00+00:00,114.3,114.87,114.215,114.77,328165.0,114.4366,3010.0
2018-05-10 19:00:00+00:00,114.76,114.84,114.33,114.47,805727.0,114.4987,7518.0
2018-05-10 20:00:00+00:00,114.49,114.5,114.42,114.5,1369547.0,114.49,25.0
2018-05-10 21:00:00+00:00,114.5,114.5,114.5,114.5,300.0,114.5,2.0
2018-05-10 23:00:00+00:00,114.5,114.5,114.5,114.5,100.0,114.5,1.0
2018-05-11 12:00:00+00:00,115.0,115.0,115.0,115.0,2000.0,115.0,3.0
2018-05-11 13:00:00+00:00,114.5,115.135,114.25,114.965,170977.0,114.8177,1435.0
2018-05-11 14:00:00+00:00,114.93,115.14,114.15,114.58,327766.0,114.551,3733.0
2018-05-11 15:00:00+00:00,114.59,114.83,114.39,114.79,406362.0,114.6174,2940.0
2018-05-11 16:00:00+00:00,114.8,115.01,114.53,114.9,277953.0,114.8439,2849.0
2018-05-11 17:00:00+00:00,114.91,114.94,114.6,114.86,226127.0,114.7872,2570.0
2018-05-11 18:00:00+00:00,114.87,114.9,114.24,114.51,259440.0,114.5408,3029.0
2018-05-11 19:00:00+00:00,114.51,114.66,114.2,114.63,675864.0,114.3991,6619.0
2018-05-11 20:00:00+00:00,114.63,114.85,114.63,114.85,21854.0,114.6375,27.0
2018-05-14 12:00:00+00:00,114.85,114.85,114.85,114.85,100.0,114.85,1.0
2018-05-14 13:00:00+00:00,115.0,116.2,115.0,116.12,344992.0,115.8257,2623.0
2018-05-14 14:00:00+00:00,116.11,116.139,114.99,115.3,412505.0,115.4023,3480.0
2018-05-14 15:00:00+00:00,115.28,115.98,115.0,115.82,394939.0,115.6257,3498.0
2018-05-14 16:00:00+00:00,115.82,115.91,115.53,115.53,233294.0,115.6775,2581.0
2018-05-14 17:00:00+00:00,115.54,115.6,115.23,115.36,239366.0,115.4102,2538.0
2018-05-14 18:00:00+00:00,115.36,115.7249,115.21,115.6,194306.0,115.4904,2311.0
2018-05-14 19:00:00+00:00,115.58,115.88,115.58,115.86,529930.0,115.713,5542.0
2018-05-14 20:00:00+00:00,115.94,115.94,115.87,115.87,738149.0,115.87,39.0
2018-05-14 21:00:00+00:00,115.87,115.87,115.87,115.87,227167.0,115.87,3.0
2018-05-15 11:00:00+00:00,115.87,115.87,115.87,115.87,125.0,115.87,2.0
2018-05-15 12:00:00+00:00,116.0,116.0,116.0,116.0,172.0,116.0,2.0
2018-05-15 13:00:00+00:00,115.4,116.43,114.82,115.45,300960.0,115.6009,2531.0
2018-05-15 14:00:00+00:00,115.5,115.53,114.86,115.47,352380.0,115.1702,3548.0
2018-05-15 15:00:00+00:00,115.465,116.12,115.4,115.9,297568.0,115.7153,2616.0
2018-05-15 16:00:00+00:00,115.92,116.26,115.75,116.05,239174.0,116.0331,2346.0
2018-05-15 17:00:00+00:00,116.05,116.19,115.835,115.97,325826.0,115.986,2657.0
2018-05-15 18:00:00+00:00,115.97,116.3,115.72,115.75,302951.0,116.0418,2830.0
2018-05-15 19:00:00+00:00,115.77,116.01,115.52,115.9,491977.0,115.7441,4965.0
2018-05-15 20:00:00+00:00,115.9,115.9,115.9,115.9,437164.0,115.9006,23.0
2018-05-16 12:00:00+00:00,115.1,115.1,115.1,115.1,2700.0,115.1,3.0
2018-05-16 13:00:00+00:00,114.9,115.15,113.87,114.055,256148.0,114.4438,2141.0
2018-05-16 14:00:00+00:00,114.04,115.26,113.9479,114.9701,367825.0,114.8013,3682.0
2018-05-16 15:00:00+00:00,114.96,114.96,114.32,114.62,230893.0,114.5333,2447.0
2018-05-16 16:00:00+00:00,114.64,115.2,114.61,115.04,203134.0,114.9831,2262.0
2018-05-16 17:00:00+00:00,115.04,115.26,114.73,114.73,184324.0,115.0227,2145.0
2018-05-16 18:00:00+00:00,114.71,114.89,114.62,114.835,282736.0,114.7547,2692.0
2018-05-16 19:00:00+00:00,114.8,115.02,114.6,114.98,464403.0,114.8101,5006.0
2018-05-16 20:00:00+00:00,114.99,114.99,114.99,114.99,477108.0,114.99,17.0
2018-05-16 21:00:00+00:00,115.3,115.3,115.3,115.3,2645.0,115.3,13.0
2018-05-16 23:00:00+00:00,115.45,116.0,115.45,116.0,2700.0,115.9174,9.0
2018-05-17 12:00:00+00:00,116.49,116.5,116.49,116.49,2460.0,116.4986,16.0
2018-05-17 13:00:00+00:00,116.2,119.95,116.2,119.6615,1053121.0,118.7745,7151.0
2018-05-17 14:00:00+00:00,119.695,120.99,119.64,120.36,1004936.0,120.4328,8339.0
2018-05-17 15:00:00+00:00,120.35,121.04,120.16,120.69,737283.0,120.5363,5121.0
2018-05-17 16:00:00+00:00,120.71,120.8,120.07,120.11,335606.0,120.4255,3421.0
2018-05-17 17:00:00+00:00,120.095,120.21,119.53,119.6,674670.0,119.8269,5642.0
2018-05-17 18:00:00+00:00,119.6,120.14,119.25,120.1,455687.0,119.62,4672.0
2018-05-17 19:00:00+00:00,120.12,120.2,119.66,119.73,871470.0,119.8603,8926.0
2018-05-17 20:00:00+00:00,119.71,120.0724,119.0,119.71,228379.0,119.7337,38.0
2018-05-17 22:00:00+00:00,119.67,119.8,119.64,119.8,1400.0,119.7168,11.0
2018-05-18 12:00:00+00:00,121.0,121.2,120.05,120.11,3991.0,120.821,13.0
2018-05-18 13:00:00+00:00,120.12,120.88,119.04,120.75,707275.0,119.9347,4372.0
2018-05-18 14:00:00+00:00,120.75,120.76,119.02,119.76,553903.0,119.8176,5215.0
2018-05-18 15:00:00+00:00,119.82,120.44,119.77,120.28,378968.0,120.1046,3769.0
2018-05-18 16:00:00+00:00,120.27,120.33,119.905,120.06,392177.0,120.0634,3624.0
2018-05-18 17:00:00+00:00,120.055,120.42,119.95,120.41,299880.0,120.1351,3182.0
2018-05-18 18:00:00+00:00,120.42,120.83,120.17,120.44,474155.0,120.4974,4357.0
2018-05-18 19:00:00+00:00,120.43,120.7192,120.2,120.55,764989.0,120.5196,7607.0
2018-05-18 20:00:00+00:00,120.56,120.56,120.56,120.56,51231.0,120.56,20.0
2018-05-21 11:00:00+00:00,120.66,120.66,120.66,120.66,100.0,120.66,1.0
2018-05-21 12:00:00+00:00,121.0,121.0,121.0,121.0,700.0,121.0,1.0
2018-05-21 13:00:00+00:00,121.5,122.19,120.86,120.86,301789.0,121.5293,2535.0
2018-05-21 14:00:00+00:00,120.91,121.24,120.23,121.2,394601.0,120.7382,4461.0
2018-05-21 15:00:00+00:00,121.22,121.48,121.07,121.24,255836.0,121.2401,2594.0
2018-05-21 16:00:00+00:00,121.23,121.62,121.16,121.56,223434.0,121.3801,2315.0
2018-05-21 17:00:00+00:00,121.56,122.09,121.44,121.99,331582.0,121.7605,2966.0
2018-05-21 18:00:00+00:00,121.99,122.07,121.71,122.0661,260989.0,121.8824,2791.0
2018-05-21 19:00:00+00:00,122.075,122.38,122.02,122.05,619853.0,122.1602,6051.0
2018-05-21 20:00:00+00:00,122.06,122.06,121.6804,122.04,57442.0,121.8598,22.0
2018-05-21 21:00:00+00:00,122.0,122.0,122.0,122.0,500.0,122.0,1.0
2018-05-22 12:00:00+00:00,122.7,122.7,122.5,122.51,463.0,122.5886,3.0
2018-05-22 13:00:00+00:00,122.51,122.52,120.79,121.39,273789.0,121.4182,2081.0
2018-05-22 14:00:00+00:00,121.41,122.55,120.945,122.305,572683.0,121.6729,4860.0
2018-05-22 15:00:00+00:00,122.29,122.68,122.1542,122.5199,336724.0,122.3993,3599.0
2018-05-22 16:00:00+00:00,122.54,122.54,121.89,121.96,226294.0,122.1384,2386.0
2018-05-22 17:00:00+00:00,121.95,121.99,121.61,121.79,207091.0,121.8236,2108.0
2018-05-22 18:00:00+00:00,121.77,121.88,120.54,120.58,353908.0,121.3293,3402.0
2018-05-22 19:00:00+00:00,120.6,120.76,119.66,120.2,972697.0,120.1231,8639.0
2018-05-22 20:00:00+00:00,120.15,120.5,120.15,120.5,32976.0,120.1513,19.0
2018-05-22 22:00:00+00:00,120.49,120.49,120.49,120.49,125.0,120.49,1.0
2018-05-22 23:00:00+00:00,120.04,120.04,120.04,120.04,159.0,120.0877,3.0
2018-05-23 13:00:00+00:00,119.83,120.43,118.53,119.925,480237.0,119.5445,3891.0
2018-05-23 14:00:00+00:00,119.935,120.78,119.27,119.49,621301.0,119.9509,5979.0
2018-05-23 15:00:00+00:00,119.48,121.12,119.32,120.94,436533.0,120.2611,4118.0
2018-05-23 16:00:00+00:00,120.94,121.46,120.76,121.2,407541.0,121.078,4133.0
2018-05-23 17:00:00+00:00,121.18,121.3,120.86,121.15,234161.0,121.1041,2909.0
2018-05-23 18:00:00+00:00,121.15,121.74,121.01,121.28,296123.0,121.358,3404.0
2018-05-23 19:00:00+00:00,121.27,121.45,120.96,121.05,470568.0,121.1082,5651.0
2018-05-23 20:00:00+00:00,121.05,121.25,121.05,121.25,81056.0,121.0535,26.0
2018-05-23 21:00:00+00:00,121.05,121.05,121.05,121.05,37313.0,121.05,1.0
2018-05-24 12:00:00+00:00,121.05,121.05,121.05,121.05,106.0,121.05,2.0
2018-05-24 13:00:00+00:00,120.05,120.88,119.565,120.74,262826.0,120.1251,2137.0
2018-05-24 14:00:00+00:00,120.72,121.24,120.03,120.2,319985.0,120.6783,3377.0
2018-05-24 15:00:00+00:00,120.18,121.29,120.06,121.29,368140.0,120.5259,3282.0
2018-05-24 16:00:00+00:00,121.27,122.15,121.257,122.14,329962.0,121.5564,3036.0
2018-05-24 17:00:00+00:00,122.15,122.94,122.1,122.24,412834.0,122.4568,4065.0
2018-05-24 18:00:00+00:00,122.26,122.39,122.04,122.3445,268357.0,122.2197,2830.0
2018-05-24 19:00:00+00:00,122.34,122.48,121.86,121.88,617555.0,122.1576,6339.0
2018-05-24 20:00:00+00:00,121.88,121.88,121.88,121.88,135662.0,121.88,28.0
2018-05-25 12:00:00+00:00,120.47,120.47,120.47,120.47,400.0,120.5619,4.0
2018-05-25 13:00:00+00:00,120.4001,121.0,118.41,118.7025,552926.0,119.3173,4770.0
2018-05-25 14:00:00+00:00,118.7199,118.93,117.65,118.64,719569.0,118.3755,6442.0
2018-05-25 15:00:00+00:00,118.62,118.73,117.8,118.26,382908.0,118.3046,3791.0
2018-05-25 16:00:00+00:00,118.24,118.41,117.87,118.03,333365.0,118.1651,3498.0
2018-05-25 17:00:00+00:00,118.0492,118.66,118.0492,118.5475,240117.0,118.4468,2490.0
2018-05-25 18:00:00+00:00,118.54,118.82,118.04,118.04,330244.0,118.4293,3343.0
2018-05-25 19:00:00+00:00,118.04,118.94,117.97,118.71,714594.0,118.5873,6930.0
2018-05-25 20:00:00+00:00,118.73,118.73,118.5,118.5,42959.0,118.7295,28.0
2018-05-25 22:00:00+00:00,118.8,118.8,118.8,118.8,200.0,118.8,2.0
2018-05-29 11:00:00+00:00,118.69,118.69,118.69,118.69,250.0,118.552,3.0
2018-05-29 12:00:00+00:00,118.67,118.73,118.0,118.73,1091.0,118.3486,7.0
2018-05-29 13:00:00+00:00,118.29,121.05,118.21,120.93,411486.0,119.5848,3487.0
2018-05-29 14:00:00+00:00,120.89,121.46,119.91,120.35,537059.0,120.6641,5741.0
2018-05-29 15:00:00+00:00,120.35,120.5,119.2,119.285,356416.0,119.8608,3944.0
2018-05-29 16:00:00+00:00,119.28,119.59,118.73,119.5,193786.0,119.2012,2649.0
2018-05-29 17:00:00+00:00,119.49,119.58,119.0901,119.23,169995.0,119.3667,2323.0
2018-05-29 18:00:00+00:00,119.21,119.33,118.9,118.94,246516.0,119.1058,2957.0
2018-05-29 19:00:00+00:00,118.91,119.7,118.87,119.49,532903.0,119.3942,5882.0
2018-05-29 20:00:00+00:00,119.47,119.47,119.47,119.47,177283.0,119.47,31.0
2018-05-29 23:00:00+00:00,119.47,119.47,119.47,119.47,100.0,119.47,1.0
2018-05-30 12:00:00+00:00,119.0329,119.0329,119.0329,119.0329,900.0,119.0329,1.0
2018-05-30 13:00:00+00:00,120.7,121.71,120.06,121.71,389495.0,120.8737,3278.0
2018-05-30 14:00:00+00:00,121.56,122.475,121.55,122.4662,438727.0,121.9342,4611.0
2018-05-30 15:00:00+00:00,122.5,123.03,122.46,122.6,469039.0,122.7087,5326.0
2018-05-30 16:00:00+00:00,122.61,122.78,122.261,122.73,249949.0,122.5432,3134.0
2018-05-30 17:00:00+00:00,122.705,122.75,122.4,122.43,222433.0,122.5682,2672.0
2018-05-30 18:00:00+00:00,122.44,122.73,122.29,122.68,248666.0,122.5277,3022.0
2018-05-30 19:00:00+00:00,122.6604,122.74,121.97,122.22,504736.0,122.2583,6122.0
2018-05-30 20:00:00+00:00,122.21,122.21,122.2,122.2,71732.0,122.2099,39.0
2018-05-30 22:00:00+00:00,122.0,122.0,122.0,122.0,100.0,122.0,1.0
2018-05-31 13:00:00+00:00,123.7,124.29,121.6,123.56,435568.0,123.1461,3807.0
2018-05-31 14:00:00+00:00,123.56,124.63,123.28,124.1675,565898.0,123.96,5548.0
2018-05-31 15:00:00+00:00,124.16,124.77,121.59,121.79,567914.0,123.0147,5681.0
2018-05-31 16:00:00+00:00,121.81,122.26,121.41,122.01,384424.0,121.8705,3966.0
2018-05-31 17:00:00+00:00,122.03,122.5,121.2,121.26,333452.0,121.9002,3515.0
2018-05-31 18:00:00+00:00,121.28,121.55,120.911,121.48,331894.0,121.2461,4239.0
2018-05-31 19:00:00+00:00,121.48,121.86,121.0601,121.12,942104.0,121.4487,9047.0
2018-05-31 20:00:00+00:00,121.2,121.2,121.2,121.2,351060.0,121.1995,56.0
2018-05-31 23:00:00+00:00,121.5,121.5,121.5,121.5,100.0,121.5,1.0
2018-06-01 12:00:00+00:00,122.2899,122.2899,122.2899,122.2899,150.0,122.2899,1.0
2018-06-01 13:00:00+00:00,121.3,123.31,121.3,122.955,320116.0,122.5182,2805.0
2018-06-01 14:00:00+00:00,122.85,123.35,122.52,123.285,406076.0,123.0045,4399.0
2018-06-01 15:00:00+00:00,123.3,124.74,123.2848,123.96,413645.0,124.0599,4221.0
2018-06-01 16:00:00+00:00,123.9463,124.14,123.68,123.8,355292.0,123.9617,3422.0
2018-06-01 17:00:00+00:00,123.775,124.48,123.775,124.18,273818.0,124.1621,3319.0
2018-06-01 18:00:00+00:00,124.18,124.2,123.52,123.87,341471.0,123.762,3723.0
2018-06-01 19:00:00+00:00,123.845,124.24,123.7,123.81,574628.0,123.8917,6184.0
2018-06-01 20:00:00+00:00,123.78,123.78,123.41,123.78,20074.0,123.7763,26.0
2018-06-01 23:00:00+00:00,124.0,124.0,124.0,124.0,150.0,124.0,1.0
2018-06-04 12:00:00+00:00,124.72,124.72,124.72,124.72,210.0,124.6662,3.0
2018-06-04 13:00:00+00:00,124.73,126.97,124.51,126.805,438037.0,125.7647,3836.0
2018-06-04 14:00:00+00:00,126.86,126.98,125.71,125.76,656851.0,126.399,7006.0
2018-06-04 15:00:00+00:00,125.75,126.33,125.23,126.12,410127.0,125.8069,4380.0
2018-06-04 16:00:00+00:00,126.1,126.14,124.66,124.83,319710.0,125.2684,3310.0
2018-06-04 17:00:00+00:00,124.8151,125.44,124.66,125.26,346847.0,125.0898,3726.0
2018-06-04 18:00:00+00:00,125.265,125.34,124.46,124.74,321779.0,124.8112,3926.0
2018-06-04 19:00:00+00:00,124.77,125.04,124.25,124.47,873241.0,124.6414,9355.0
2018-06-04 20:00:00+00:00,124.44,124.44,124.44,124.44,86437.0,124.44,18.0
2018-06-04 23:00:00+00:00,124.74,124.74,124.74,124.74,200.0,124.74,1.0
2018-06-05 12:00:00+00:00,124.5,124.5,124.19,124.4,1235.0,124.3078,10.0
2018-06-05 13:00:00+00:00,124.44,124.44,123.3201,124.1,402537.0,123.9563,2932.0
2018-06-05 14:00:00+00:00,124.1,124.36,122.74,123.19,539766.0,123.6667,5973.0
2018-06-05 15:00:00+00:00,123.25,123.85,122.86,123.83,390156.0,123.4056,4604.0
2018-06-05 16:00:00+00:00,123.85,124.24,123.56,124.06,324457.0,123.8385,3456.0
2018-06-05 17:00:00+00:00,124.05,124.43,123.98,124.105,277636.0,124.158,3231.0
2018-06-05 18:00:00+00:00,124.12,124.12,123.58,123.7176,273593.0,123.798,3638.0
2018-06-05 19:00:00+00:00,123.72,123.72,122.97,123.34,670661.0,123.3342,7304.0
2018-06-05 20:00:00+00:00,123.33,123.33,123.33,123.33,118995.0,123.33,30.0
2018-06-05 21:00:00+00:00,123.42,123.42,123.42,123.42,100.0,123.42,1.0
2018-06-05 23:00:00+00:00,123.35,123.35,123.35,123.35,100.0,123.35,1.0
2018-06-06 12:00:00+00:00,123.4,123.4,123.04,123.04,822.0,123.1543,7.0
2018-06-06 13:00:00+00:00,123.11,123.5,122.431,122.612,261247.0,122.9118,2353.0
2018-06-06 14:00:00+00:00,122.63,123.2713,120.68,121.95,673424.0,121.8275,6631.0
2018-06-06 15:00:00+00:00,121.97,122.15,121.13,121.35,367554.0,121.7074,4164.0
2018-06-06 16:00:00+00:00,121.33,121.33,120.17,120.25,470886.0,120.6164,4721.0
2018-06-06 17:00:00+00:00,120.23,121.1287,119.94,121.12,431695.0,120.5218,4558.0
2018-06-06 18:00:00+00:00,121.09,121.5,120.8,121.14,342152.0,121.2295,4036.0
2018-06-06 19:00:00+00:00,121.12,121.24,120.83,121.21,657461.0,121.0777,7492.0
2018-06-06 20:00:00+00:00,121.26,121.26,121.1927,121.2,64748.0,121.1988,41.0
2018-06-06 23:00:00+00:00,121.5,121.5,121.5,121.5,100.0,121.5,1.0
2018-06-07 12:00:00+00:00,122.25,122.25,122.25,122.25,4500.0,122.25,10.0
2018-06-07 13:00:00+00:00,122.21,122.59,120.985,121.28,246021.0,121.7201,2043.0
2018-06-07 14:00:00+00:00,121.32,122.02,121.27,122.02,253421.0,121.6223,3133.0
2018-06-07 15:00:00+00:00,122.01,122.55,121.9028,122.41,306237.0,122.2989,3217.0
2018-06-07 16:00:00+00:00,122.4,122.62,121.61,121.76,182405.0,122.1442,2260.0
2018-06-07 17:00:00+00:00,121.76,121.76,120.8,120.82,227204.0,121.2516,2703.0
2018-06-07 18:00:00+00:00,120.85,121.44,120.8,121.33,239487.0,121.1672,2666.0
2018-06-07 19:00:00+00:00,121.35,122.02,121.34,121.49,417220.0,121.6698,5447.0
2018-06-07 20:00:00+00:00,121.49,121.49,121.49,121.49,85745.0,121.49,21.0
2018-06-07 22:00:00+00:00,121.25,121.25,121.25,121.25,150.0,121.25,1.0
2018-06-08 13:00:00+00:00,121.52,121.65,120.41,120.97,212735.0,121.0742,2072.0
2018-06-08 14:00:00+00:00,120.97,121.65,120.45,120.48,271034.0,121.136,3233.0
2018-06-08 15:00:00+00:00,120.52,120.7,119.71,120.04,464204.0,120.1518,4966.0
2018-06-08 16:00:00+00:00,120.06,120.14,119.79,119.96,253534.0,119.9767,2899.0
2018-06-08 17:00:00+00:00,119.96,119.98,119.21,119.35,370435.0,119.5846,3946.0
2018-06-08 18:00:00+00:00,119.35,119.93,119.25,119.74,623609.0,119.554,4937.0
2018-06-08 19:00:00+00:00,119.755,119.89,119.33,119.72,1021628.0,119.6541,9535.0
2018-06-08 20:00:00+00:00,119.72,120.385,119.51,119.72,117771.0,119.7208,26.0
2018-06-08 21:00:00+00:00,119.8,119.8,119.8,119.8,100.0,119.8,1.0
2018-06-11 11:00:00+00:00,119.8,119.8,119.8,119.8,100.0,119.8,1.0
2018-06-11 12:00:00+00:00,120.0,120.0,119.78,120.0,1000.0,119.9726,7.0
2018-06-11 13:00:00+00:00,119.7,120.0,119.26,119.93,245468.0,119.6822,2448.0
2018-06-11 14:00:00+00:00,119.93,120.52,118.48,118.73,526870.0,119.555,5367.0
2018-06-11 15:00:00+00:00,118.68,120.41,118.65,120.2,359240.0,119.7089,4499.0
2018-06-11 16:00:00+00:00,120.21,120.61,119.9898,120.49,270141.0,120.3628,3762.0
2018-06-11 17:00:00+00:00,120.52,120.98,120.44,120.9,213342.0,120.7679,3227.0
2018-06-11 18:00:00+00:00,120.91,121.07,120.67,120.96,254834.0,120.8651,4001.0
2018-06-11 19:00:00+00:00,120.98,121.03,120.56,120.62,587323.0,120.8147,7261.0
2018-06-11 20:00:00+00:00,120.57,120.9206,120.57,120.57,190934.0,120.5806,29.0
2018-06-12 13:00:00+00:00,120.67,121.48,118.8,119.1152,345388.0,119.8552,3441.0
2018-06-12 14:00:00+00:00,119.14,119.574,118.88,119.38,501743.0,119.1274,4967.0
2018-06-12 15:00:00+00:00,119.38,119.85,119.23,119.3,427768.0,119.5271,5157.0
2018-06-12 16:00:00+00:00,119.32,119.38,119.06,119.21,231247.0,119.1761,2832.0
2018-06-12 17:00:00+00:00,119.21,119.28,118.5,118.58,534509.0,118.8658,4172.0
2018-06-12 18:00:00+00:00,118.58,118.87,118.35,118.37,436031.0,118.6463,4814.0
2018-06-12 19:00:00+00:00,118.4,118.55,117.58,117.95,1139826.0,118.0675,11624.0
2018-06-12 20:00:00+00:00,118.02,118.02,118.0,118.02,236080.0,118.2751,32.0
2018-06-12 21:00:00+00:00,118.0,118.0,117.49,117.49,7518.0,117.8116,28.0
2018-06-12 22:00:00+00:00,117.48,117.48,117.47,117.48,1286.0,117.4763,9.0
2018-06-13 13:00:00+00:00,117.94,118.18,116.36,116.36,420946.0,117.4635,4250.0
2018-06-13 14:00:00+00:00,116.39,117.97,115.6,117.82,1463202.0,116.708,11316.0
2018-06-13 15:00:00+00:00,117.85,118.39,117.42,117.57,572914.0,117.8599,5331.0
2018-06-13 16:00:00+00:00,117.585,118.12,117.2757,117.57,356579.0,117.7063,3861.0
2018-06-13 17:00:00+00:00,117.545,118.08,117.51,118.04,244352.0,117.8405,3085.0
2018-06-13 18:00:00+00:00,118.01,118.63,117.63,118.53,548274.0,118.3186,5531.0
2018-06-13 19:00:00+00:00,118.54,118.66,117.86,117.94,819926.0,118.2064,9130.0
2018-06-13 20:00:00+00:00,117.88,117.88,117.88,117.88,194308.0,117.88,18.0
2018-06-13 21:00:00+00:00,117.88,117.88,117.88,117.88,5803.0,117.88,1.0
2018-06-13 23:00:00+00:00,117.88,117.88,117.88,117.88,100.0,117.88,1.0
2018-06-14 12:00:00+00:00,117.6,117.6,117.6,117.6,100.0,117.6,1.0
2018-06-14 13:00:00+00:00,118.7,119.19,118.02,118.54,195558.0,118.5168,1884.0
2018-06-14 14:00:00+00:00,118.49,118.74,117.475,118.12,338162.0,118.0308,3443.0
2018-06-14 15:00:00+00:00,118.13,118.45,117.8101,117.95,259429.0,118.1413,2763.0
2018-06-14 16:00:00+00:00,117.98,118.24,117.52,117.81,233332.0,117.9571,2399.0
2018-06-14 17:00:00+00:00,117.805,118.01,117.6238,117.6238,158185.0,117.8068,1771.0
2018-06-14 18:00:00+00:00,117.66,117.73,116.8,116.87,240991.0,117.3047,2867.0
2018-06-14 19:00:00+00:00,116.8852,117.05,116.69,116.83,619552.0,116.8108,6619.0
2018-06-14 20:00:00+00:00,116.82,116.82,116.7,116.7,71310.0,116.8198,22.0
2018-06-15 11:00:00+00:00,116.7,116.7,116.7,116.7,100.0,116.7,1.0
2018-06-15 12:00:00+00:00,116.5,116.5,116.5,116.5,250.0,116.508,3.0
2018-06-15 13:00:00+00:00,116.25,117.11,115.95,116.3501,826848.0,116.4196,2143.0
2018-06-15 14:00:00+00:00,116.44,116.55,115.65,115.94,331715.0,116.0039,3637.0
2018-06-15 15:00:00+00:00,115.92,116.15,115.59,116.03,303319.0,115.8856,2983.0
2018-06-15 16:00:00+00:00,116.04,116.12,115.71,115.8,176874.0,115.9098,1898.0
2018-06-15 17:00:00+00:00,115.79,116.18,115.6,115.7587,216778.0,115.8441,2221.0
2018-06-15 18:00:00+00:00,115.79,116.22,115.69,116.16,268374.0,115.9839,2700.0
2018-06-15 19:00:00+00:00,116.13,116.13,115.01,115.23,1157997.0,115.34,10361.0
2018-06-15 20:00:00+00:00,115.18,115.71,115.18,115.22,252318.0,115.185,86.0
2018-06-15 21:00:00+00:00,115.21,115.21,115.21,115.21,500.0,115.21,1.0
2018-06-15 23:00:00+00:00,115.22,115.22,115.22,115.22,100.0,115.22,1.0
2018-06-18 11:00:00+00:00,115.0,115.0,115.0,115.0,100.0,115.0,1.0
2018-06-18 13:00:00+00:00,114.7,118.09,114.7,117.72,465252.0,116.7075,4039.0
2018-06-18 14:00:00+00:00,117.71,117.96,117.0544,117.32,540298.0,117.4685,5605.0
2018-06-18 15:00:00+00:00,117.25,117.7,117.06,117.08,338328.0,117.4797,4059.0
2018-06-18 16:00:00+00:00,117.07,117.28,116.93,117.15,347901.0,117.1208,3896.0
2018-06-18 17:00:00+00:00,117.165,117.229,116.995,117.02,223158.0,117.1194,2751.0
2018-06-18 18:00:00+00:00,116.99,117.09,116.3204,116.33,238625.0,116.7126,3020.0
2018-06-18 19:00:00+00:00,116.32,116.63,116.2,116.53,553181.0,116.4086,6861.0
2018-06-18 20:00:00+00:00,116.54,116.54,116.54,116.54,24687.0,116.54,28.0
2018-06-18 21:00:00+00:00,116.99,116.99,116.99,116.99,100.0,116.99,1.0
2018-06-19 13:00:00+00:00,115.33,115.94,115.2,115.81,210360.0,115.5221,2027.0
2018-06-19 14:00:00+00:00,115.77,116.23,115.03,115.965,323061.0,115.5427,3425.0
2018-06-19 15:00:00+00:00,115.93,117.02,115.91,116.4,232009.0,116.5324,2785.0
2018-06-19 16:00:00+00:00,116.41,116.91,116.1,116.565,235106.0,116.5245,2437.0
2018-06-19 17:00:00+00:00,116.55,116.72,116.14,116.61,192426.0,116.4696,2511.0
2018-06-19 18:00:00+00:00,116.625,117.03,116.59,116.8,217556.0,116.8404,2597.0
2018-06-19 19:00:00+00:00,116.82,116.83,116.55,116.61,450950.0,116.6625,5019.0
2018-06-19 20:00:00+00:00,116.62,116.68,116.62,116.62,32543.0,116.6194,27.0
2018-06-19 21:00:00+00:00,116.62,116.62,116.1,116.1,305.0,116.441,4.0
2018-06-20 12:00:00+00:00,117.47,117.47,117.47,117.47,715.0,117.3333,2.0
2018-06-20 13:00:00+00:00,117.2,117.4,116.1,116.39,214957.0,116.7344,1994.0
2018-06-20 14:00:00+00:00,116.38,116.92,115.34,115.63,634007.0,115.982,5481.0
2018-06-20 15:00:00+00:00,115.62,116.4,115.58,116.28,540221.0,116.1415,5045.0
2018-06-20 16:00:00+00:00,116.26,116.32,115.31,115.44,293422.0,115.7469,3281.0
2018-06-20 17:00:00+00:00,115.46,115.9648,115.415,115.9626,239379.0,115.6797,2874.0
2018-06-20 18:00:00+00:00,115.9718,116.01,115.51,115.63,277156.0,115.7961,3320.0
2018-06-20 19:00:00+00:00,115.61,115.95,115.43,115.74,623168.0,115.7393,6505.0
2018-06-20 20:00:00+00:00,115.73,115.73,115.73,115.73,28586.0,115.73,21.0
2018-06-20 23:00:00+00:00,115.6,115.6,115.6,115.6,100.0,115.6,1.0
2018-06-21 12:00:00+00:00,115.73,115.73,115.73,115.73,8586.0,115.73,1.0
2018-06-21 13:00:00+00:00,115.99,115.99,112.59,113.09,666745.0,113.7422,4968.0
2018-06-21 14:00:00+00:00,113.09,113.605,112.58,113.095,838571.0,113.0682,7158.0
2018-06-21 15:00:00+00:00,113.12,113.12,112.25,112.63,459972.0,112.5138,4826.0
2018-06-21 16:00:00+00:00,112.64,112.71,111.785,112.02,297097.0,112.207,3733.0
2018-06-21 17:00:00+00:00,112.03,112.41,111.961,112.06,331037.0,112.1767,3510.0
2018-06-21 18:00:00+00:00,112.06,112.14,111.32,111.365,401437.0,111.7711,4034.0
2018-06-21 19:00:00+00:00,111.36,111.6647,111.04,111.22,1028425.0,111.3152,10541.0
2018-06-21 20:00:00+00:00,111.22,111.23,110.81,111.22,58644.0,111.2094,24.0
2018-06-21 21:00:00+00:00,111.5,111.5,111.5,111.5,1000.0,111.5,2.0
2018-06-22 11:00:00+00:00,112.0,112.0,112.0,112.0,215.0,112.0,2.0
2018-06-22 13:00:00+00:00,112.99,113.57,111.71,113.01,510232.0,112.7861,3723.0
2018-06-22 14:00:00+00:00,113.03,113.23,112.4,112.47,577443.0,112.7461,6056.0
2018-06-22 15:00:00+00:00,112.46,112.7692,111.97,112.53,348171.0,112.3567,4160.0
2018-06-22 16:00:00+00:00,112.53,112.66,112.15,112.53,373944.0,112.3817,3946.0
2018-06-22 17:00:00+00:00,112.52,112.81,112.39,112.64,432634.0,112.5849,4553.0
2018-06-22 18:00:00+00:00,112.65,112.75,112.13,112.68,465362.0,112.5274,5160.0
2018-06-22 19:00:00+00:00,112.67,112.77,112.09,112.22,1180270.0,112.3269,10879.0
2018-06-22 20:00:00+00:00,112.24,112.24,112.2299,112.23,64979.0,112.2398,16.0
2018-06-22 23:00:00+00:00,112.44,112.44,112.44,112.44,100.0,112.44,1.0
2018-06-25 11:00:00+00:00,112.02,112.02,112.02,112.02,400.0,112.02,2.0
2018-06-25 13:00:00+00:00,111.89,111.89,109.02,109.25,463712.0,110.0092,3831.0
2018-06-25 14:00:00+00:00,109.12,110.0,109.0,109.78,784703.0,109.6581,5360.0
2018-06-25 15:00:00+00:00,109.805,109.805,108.8536,109.11,373713.0,109.2446,4008.0
2018-06-25 16:00:00+00:00,109.12,109.24,108.61,109.225,400119.0,108.8561,3768.0
2018-06-25 17:00:00+00:00,109.24,109.84,109.07,109.67,356358.0,109.4486,3400.0
2018-06-25 18:00:00+00:00,109.66,109.71,108.58,108.72,697379.0,109.0925,5898.0
2018-06-25 19:00:00+00:00,108.73,109.645,108.72,109.26,1040637.0,109.1224,9661.0
2018-06-25 20:00:00+00:00,109.26,109.43,109.0,109.1333,93163.0,109.2527,32.0
2018-06-26 12:00:00+00:00,109.3,109.3,109.3,109.3,150.0,109.3,2.0
2018-06-26 13:00:00+00:00,110.0,110.92,109.51,110.37,403717.0,110.3425,3179.0
2018-06-26 14:00:00+00:00,110.33,110.3804,109.48,109.59,569055.0,109.9159,3727.0
2018-06-26 15:00:00+00:00,109.555,110.36,109.54,110.12,449360.0,110.0565,4311.0
2018-06-26 16:00:00+00:00,110.12,110.33,109.665,110.32,392738.0,109.9468,4212.0
2018-06-26 17:00:00+00:00,110.32,111.1,110.24,110.99,389540.0,110.7866,3632.0
2018-06-26 18:00:00+00:00,110.99,110.99,110.575,110.76,253748.0,110.7508,3014.0
2018-06-26 19:00:00+00:00,110.73,110.81,110.17,110.27,633103.0,110.4186,6386.0
2018-06-26 20:00:00+00:00,110.25,110.33,110.25,110.2509,100923.0,110.2507,36.0
2018-06-27 11:00:00+00:00,110.99,110.99,110.99,110.99,200.0,110.99,2.0
2018-06-27 13:00:00+00:00,111.0,111.9254,110.48,110.55,331510.0,111.1904,2951.0
2018-06-27 14:00:00+00:00,110.52,111.87,110.25,110.95,502714.0,111.0635,5122.0
2018-06-27 15:00:00+00:00,110.98,111.05,110.3,110.36,390897.0,110.5657,4013.0
2018-06-27 16:00:00+00:00,110.39,110.85,110.2631,110.71,276503.0,110.5821,3012.0
2018-06-27 17:00:00+00:00,110.75,110.93,110.04,110.32,249405.0,110.4026,3113.0
2018-06-27 18:00:00+00:00,110.31,110.44,109.76,109.795,258503.0,110.1485,3062.0
2018-06-27 19:00:00+00:00,109.77,110.0999,109.33,109.52,860500.0,109.6034,9486.0
2018-06-27 20:00:00+00:00,109.52,110.4443,109.52,110.4443,32240.0,109.6421,15.0
2018-06-27 22:00:00+00:00,109.53,110.0,109.53,110.0,1225.0,109.7647,3.0
2018-06-28 13:00:00+00:00,109.13,109.62,107.68,108.24,372209.0,108.5161,3837.0
2018-06-28 14:00:00+00:00,108.27,109.59,108.24,109.45,549182.0,109.1357,5971.0
2018-06-28 15:00:00+00:00,109.49,109.56,108.43,108.62,320291.0,108.9054,4084.0
2018-06-28 16:00:00+00:00,108.66,109.02,108.59,108.93,187849.0,108.7657,2610.0
2018-06-28 17:00:00+00:00,108.92,109.31,108.9134,109.21,182596.0,109.1152,2704.0
2018-06-28 18:00:00+00:00,109.2099,109.61,109.06,109.55,236203.0,109.2504,3417.0
2018-06-28 19:00:00+00:00,109.57,109.63,108.99,109.12,464874.0,109.2391,5889.0
2018-06-28 20:00:00+00:00,109.11,109.11,109.11,109.11,46833.0,109.11,24.0
2018-06-28 21:00:00+00:00,107.8378,107.8378,107.8378,107.8378,3193.0,107.8378,1.0
2018-06-28 22:00:00+00:00,108.89,109.05,108.89,109.05,1131.0,108.9183,5.0
2018-06-28 23:00:00+00:00,109.11,109.11,109.11,109.11,200.0,109.11,1.0
2018-06-29 13:00:00+00:00,109.8,112.795,109.8,111.8,462186.0,111.7728,3960.0
2018-06-29 14:00:00+00:00,111.9,112.2,111.46,111.67,548364.0,111.8596,6162.0
2018-06-29 15:00:00+00:00,111.67,111.675,111.11,111.18,341058.0,111.3871,4162.0
2018-06-29 16:00:00+00:00,111.185,111.31,110.91,111.29,261126.0,111.1372,3104.0
2018-06-29 17:00:00+00:00,111.28,111.5,111.2001,111.39,192127.0,111.3684,2430.0
2018-06-29 18:00:00+00:00,111.38,111.67,111.28,111.44,243446.0,111.4725,3334.0
2018-06-29 19:00:00+00:00,111.46,111.55,110.76,110.84,649681.0,111.1399,7122.0
2018-06-29 20:00:00+00:00,110.83,110.83,106.73,106.73,43684.0,110.8206,30.0
2018-06-29 21:00:00+00:00,110.83,110.83,110.83,110.83,37313.0,110.83,1.0
2018-07-02 11:00:00+00:00,111.0,111.0,111.0,111.0,100.0,111.0,1.0
2018-07-02 13:00:00+00:00,109.9,110.22,109.0,109.56,292841.0,109.5557,2681.0
2018-07-02 14:00:00+00:00,109.51,109.88,108.98,109.84,391287.0,109.5294,4197.0
2018-07-02 15:00:00+00:00,109.84,110.02,109.25,109.65,520863.0,109.6821,3796.0
2018-07-02 16:00:00+00:00,109.68,109.74,109.28,109.36,292081.0,109.428,2863.0
2018-07-02 17:00:00+00:00,109.34,109.42,108.89,109.055,387197.0,109.158,3503.0
2018-07-02 18:00:00+00:00,109.07,109.08,108.41,108.88,725128.0,108.6834,6035.0
2018-07-02 19:00:00+00:00,108.89,109.26,108.715,109.17,732327.0,109.0556,8183.0
2018-07-02 20:00:00+00:00,109.23,110.0,108.2109,108.2109,43531.0,109.2171,22.0
2018-07-03 13:00:00+00:00,110.36,110.53,109.56,109.73,271164.0,109.9729,2627.0
2018-07-03 14:00:00+00:00,109.74,110.15,109.29,109.4,522530.0,109.651,5342.0
2018-07-03 15:00:00+00:00,109.41,109.52,108.57,108.75,387358.0,108.9969,4336.0
2018-07-03 16:00:00+00:00,108.73,108.73,107.8,108.19,638778.0,108.2102,6980.0
2018-07-03 17:00:00+00:00,108.17,108.17,108.17,108.17,172876.0,108.17,1.0
2018-07-03 20:00:00+00:00,108.17,108.17,108.17,108.17,469.0,108.17,1.0
2018-07-05 13:00:00+00:00,108.3501,109.47,106.2445,106.415,476632.0,107.4378,4290.0
2018-07-05 14:00:00+00:00,106.4,107.62,106.4,107.19,591425.0,107.2567,6203.0
2018-07-05 15:00:00+00:00,106.94,108.04,106.75,107.93,562389.0,107.4323,5740.0
2018-07-05 16:00:00+00:00,107.93,108.21,107.57,107.845,311810.0,107.8325,3882.0
2018-07-05 17:00:00+00:00,107.85,107.96,107.58,107.72,231899.0,107.8424,3134.0
2018-07-05 18:00:00+00:00,107.74,107.94,107.35,107.72,240716.0,107.7011,3247.0
2018-07-05 19:00:00+00:00,107.72,107.74,107.37,107.54,550254.0,107.5408,6088.0
2018-07-05 20:00:00+00:00,107.53,107.75,107.53,107.75,19709.0,107.5323,17.0
2018-07-05 21:00:00+00:00,107.3128,107.3128,107.3128,107.3128,745.0,107.3128,1.0
2018-07-05 22:00:00+00:00,107.31,107.31,107.31,107.31,101.0,107.31,2.0
2018-07-06 12:00:00+00:00,107.28,107.62,107.28,107.55,1150.0,107.5704,4.0
2018-07-06 13:00:00+00:00,107.55,107.79,105.95,107.72,347514.0,106.9872,2876.0
2018-07-06 14:00:00+00:00,107.66,108.25,107.39,108.12,340263.0,107.8393,3519.0
2018-07-06 15:00:00+00:00,108.07,108.57,107.93,108.1501,266549.0,108.2927,3171.0
2018-07-06 16:00:00+00:00,108.17,108.45,108.09,108.39,251823.0,108.2587,3027.0
2018-07-06 17:00:00+00:00,108.41,108.68,108.41,108.46,169817.0,108.5552,2311.0
2018-07-06 18:00:00+00:00,108.45,108.46,107.92,107.93,212151.0,108.1784,2860.0
2018-07-06 19:00:00+00:00,107.93,108.13,107.64,107.84,513468.0,107.864,6090.0
2018-07-06 20:00:00+00:00,107.83,108.15,107.83,107.83,14810.0,107.8322,18.0
2018-07-09 13:00:00+00:00,108.0,109.05,108.0,108.69,177398.0,108.5624,1852.0
2018-07-09 14:00:00+00:00,108.67,109.5854,108.2,109.48,348981.0,109.1014,3868.0
2018-07-09 15:00:00+00:00,109.47,109.6405,108.82,108.97,277047.0,109.2911,3213.0
2018-07-09 16:00:00+00:00,108.95,109.12,108.78,109.04,258300.0,108.9574,3484.0
2018-07-09 17:00:00+00:00,109.05,109.07,108.75,109.05,252228.0,108.8671,2992.0
2018-07-09 18:00:00+00:00,109.03,109.37,109.03,109.23,208330.0,109.2176,2670.0
2018-07-09 19:00:00+00:00,109.22,109.45,108.98,109.26,658345.0,109.1403,7241.0
2018-07-09 20:00:00+00:00,109.3,109.3,109.27,109.27,101315.0,109.2701,25.0
2018-07-09 23:00:00+00:00,109.57,109.57,109.57,109.57,317.0,109.5636,2.0
2018-07-10 11:00:00+00:00,109.3,109.3,109.3,109.3,250.0,109.3,2.0
2018-07-10 13:00:00+00:00,109.77,110.71,109.62,110.09,270942.0,110.1028,2282.0
2018-07-10 14:00:00+00:00,110.13,110.19,109.45,109.66,355268.0,109.8517,4325.0
2018-07-10 15:00:00+00:00,109.7,110.05,109.41,109.44,176963.0,109.6481,2708.0
2018-07-10 16:00:00+00:00,109.41,109.49,109.1,109.3004,182958.0,109.3003,2581.0
2018-07-10 17:00:00+00:00,109.31,109.34,108.74,108.83,221208.0,109.0081,3025.0
2018-07-10 18:00:00+00:00,108.84,108.88,108.54,108.6201,223007.0,108.7249,3131.0
2018-07-10 19:00:00+00:00,108.63,108.79,108.525,108.62,474385.0,108.6252,5609.0
2018-07-10 20:00:00+00:00,108.62,108.62,108.62,108.62,436081.0,108.62,40.0
2018-07-11 11:00:00+00:00,108.0,108.0,108.0,108.0,200.0,108.0,2.0
2018-07-11 12:00:00+00:00,107.5,107.5,107.5,107.5,200.0,107.5,1.0
2018-07-11 13:00:00+00:00,107.91,108.25,106.85,108.17,256352.0,107.6691,2373.0
2018-07-11 14:00:00+00:00,108.18,108.7,107.23,107.47,402583.0,108.1061,5010.0
2018-07-11 15:00:00+00:00,107.46,107.61,106.91,107.225,372805.0,107.2466,4020.0
2018-07-11 16:00:00+00:00,107.21,107.54,107.02,107.06,159229.0,107.3054,2284.0
2018-07-11 17:00:00+00:00,107.08,107.11,106.37,106.42,391017.0,106.7451,4399.0
2018-07-11 18:00:00+00:00,106.4,106.9,105.9,106.66,386236.0,106.4201,4603.0
2018-07-11 19:00:00+00:00,106.65,106.74,106.14,106.35,777446.0,106.3609,8217.0
2018-07-11 20:00:00+00:00,106.36,106.36,106.36,106.36,231576.0,106.36,17.0
2018-07-11 22:00:00+00:00,106.36,106.36,106.36,106.36,2112.0,106.36,1.0
2018-07-12 12:00:00+00:00,107.82,107.83,107.82,107.83,375.0,107.8247,3.0
2018-07-12 13:00:00+00:00,107.07,107.6,105.54,106.475,297751.0,106.6469,2696.0
2018-07-12 14:00:00+00:00,106.43,106.86,106.0,106.14,323241.0,106.4636,3641.0
2018-07-12 15:00:00+00:00,106.18,106.6,106.13,106.58,302693.0,106.3781,3694.0
2018-07-12 16:00:00+00:00,106.565,107.02,106.46,106.96,282487.0,106.6832,3173.0
2018-07-12 17:00:00+00:00,106.96,107.18,106.82,106.87,206883.0,107.0078,2317.0
2018-07-12 18:00:00+00:00,106.87,107.07,106.64,106.69,210717.0,106.8757,2785.0
2018-07-12 19:00:00+00:00,106.69,107.0,106.625,106.81,600606.0,106.8309,7112.0
2018-07-12 20:00:00+00:00,106.79,106.79,106.79,106.79,200756.0,106.79,23.0
2018-07-13 13:00:00+00:00,106.62,107.5,106.16,106.49,160869.0,106.6075,1494.0
2018-07-13 14:00:00+00:00,106.53,107.53,106.49,107.53,209314.0,107.0981,2159.0
2018-07-13 15:00:00+00:00,107.54,107.63,107.2,107.42,262238.0,107.4113,2591.0
2018-07-13 16:00:00+00:00,107.45,107.7,107.3,107.52,205993.0,107.4528,2202.0
2018-07-13 17:00:00+00:00,107.53,107.73,107.39,107.54,138331.0,107.5388,1737.0
2018-07-13 18:00:00+00:00,107.55,107.56,106.95,107.13,227748.0,107.1979,2844.0
2018-07-13 19:00:00+00:00,107.13,107.385,107.05,107.32,520554.0,107.2384,5452.0
2018-07-13 20:00:00+00:00,107.34,107.34,107.34,107.34,194075.0,107.34,18.0
2018-07-13 22:00:00+00:00,107.69,107.69,107.69,107.69,350.0,107.69,1.0
2018-07-16 12:00:00+00:00,106.99,107.0,106.99,107.0,500.0,107.0476,7.0
2018-07-16 13:00:00+00:00,107.1,108.15,106.5072,107.19,302199.0,107.1822,2349.0
2018-07-16 14:00:00+00:00,107.2,107.38,106.63,106.89,268084.0,107.0597,2949.0
2018-07-16 15:00:00+00:00,106.85,107.04,106.57,106.93,227312.0,106.8401,2632.0
2018-07-16 16:00:00+00:00,106.92,107.32,106.74,107.28,300725.0,106.9272,2753.0
2018-07-16 17:00:00+00:00,107.27,107.35,106.83,106.9,128944.0,107.0626,1678.0
2018-07-16 18:00:00+00:00,106.9,107.03,106.36,106.45,325989.0,106.6594,2970.0
2018-07-16 19:00:00+00:00,106.46,106.69,106.135,106.31,690891.0,106.3158,7125.0
2018-07-16 20:00:00+00:00,106.3,106.3,106.3,106.3,14436.0,106.3,19.0
2018-07-17 11:00:00+00:00,106.6,106.6,106.6,106.6,200.0,106.6,1.0
2018-07-17 12:00:00+00:00,106.0,106.0,106.0,106.0,200.0,106.0,1.0
2018-07-17 13:00:00+00:00,106.32,106.73,105.67,106.61,191953.0,106.1907,1494.0
2018-07-17 14:00:00+00:00,106.66,107.5,106.51,107.4,313492.0,106.9418,3221.0
2018-07-17 15:00:00+00:00,107.39,107.535,106.83,106.975,378791.0,107.1431,3612.0
2018-07-17 16:00:00+00:00,106.97,107.32,106.86,107.07,217736.0,107.0802,2618.0
2018-07-17 17:00:00+00:00,107.08,107.12,106.91,107.06,142227.0,107.0337,2044.0
2018-07-17 18:00:00+00:00,107.06,107.1,106.09,106.09,270103.0,106.6278,3009.0
2018-07-17 19:00:00+00:00,106.08,106.35,105.99,106.1,701481.0,106.1481,6853.0
2018-07-17 20:00:00+00:00,106.09,106.09,106.09,106.09,81366.0,106.09,17.0
2018-07-17 21:00:00+00:00,105.95,105.95,105.95,105.95,200.0,105.95,1.0
2018-07-18 11:00:00+00:00,106.05,106.05,106.05,106.05,300.0,106.05,3.0
2018-07-18 13:00:00+00:00,106.07,106.07,103.75,104.36,525604.0,104.5687,3721.0
2018-07-18 14:00:00+00:00,104.37,106.36,104.1201,106.21,564553.0,105.2135,5737.0
2018-07-18 15:00:00+00:00,106.2,107.13,106.12,106.95,455970.0,106.7404,4673.0
2018-07-18 16:00:00+00:00,106.98,107.44,106.7,106.89,323381.0,107.0914,3732.0
2018-07-18 17:00:00+00:00,106.9,107.08,106.43,106.72,255178.0,106.7039,2739.0
2018-07-18 18:00:00+00:00,106.71,106.86,106.29,106.72,241009.0,106.5861,3093.0
2018-07-18 19:00:00+00:00,106.73,106.8,106.5,106.65,421338.0,106.6554,5046.0
2018-07-18 20:00:00+00:00,106.65,106.7,106.2637,106.7,67519.0,106.6317,21.0
2018-07-18 22:00:00+00:00,106.65,106.65,106.65,106.65,20771.0,106.65,1.0
2018-07-19 12:00:00+00:00,106.33,106.33,106.29,106.33,400.0,106.32,4.0
2018-07-19 13:00:00+00:00,106.48,107.65,106.48,107.3497,335919.0,107.1374,2335.0
2018-07-19 14:00:00+00:00,107.325,107.51,106.92,107.1,295652.0,107.2084,3568.0
2018-07-19 15:00:00+00:00,107.08,107.2698,106.86,106.935,247798.0,107.0825,3196.0
2018-07-19 16:00:00+00:00,106.92,107.15,106.72,106.97,311038.0,107.0067,2891.0
2018-07-19 17:00:00+00:00,106.98,107.23,106.9,107.1572,177786.0,107.0811,2549.0
2018-07-19 18:00:00+00:00,107.17,107.34,106.96,106.99,214506.0,107.1796,2871.0
2018-07-19 19:00:00+00:00,107.0,107.2199,106.85,106.99,516574.0,107.0087,5844.0
2018-07-19 20:00:00+00:00,107.0,107.0,107.0,107.0,221490.0,106.9773,33.0
2018-07-20 13:00:00+00:00,106.68,107.34,106.02,107.26,229160.0,106.6949,1560.0
2018-07-20 14:00:00+00:00,107.21,107.215,106.22,106.26,197525.0,106.5809,2516.0
2018-07-20 15:00:00+00:00,106.24,106.29,105.82,105.89,330070.0,106.0017,3410.0
2018-07-20 16:00:00+00:00,105.9,106.34,105.8435,106.19,267820.0,106.0915,2584.0
2018-07-20 17:00:00+00:00,106.21,106.38,106.0,106.17,184068.0,106.2214,2145.0
2018-07-20 18:00:00+00:00,106.17,106.28,106.09,106.25,191515.0,106.1904,2196.0
2018-07-20 19:00:00+00:00,106.24,106.48,106.17,106.23,483959.0,106.2937,5226.0
2018-07-20 20:00:00+00:00,106.21,106.21,106.21,106.21,26695.0,106.21,24.0
2018-07-20 21:00:00+00:00,106.25,106.25,106.25,106.25,500.0,106.25,3.0
2018-07-20 22:00:00+00:00,106.02,106.02,106.02,106.02,375.0,106.02,1.0
2018-07-23 13:00:00+00:00,106.86,107.2059,106.53,106.98,156955.0,106.8809,1414.0
2018-07-23 14:00:00+00:00,106.96,107.02,105.76,105.94,415456.0,106.105,4643.0
2018-07-23 15:00:00+00:00,105.92,106.45,105.8,106.34,295848.0,106.1047,3255.0
2018-07-23 16:00:00+00:00,106.33,106.33,105.9,106.01,215515.0,106.0618,2649.0
2018-07-23 17:00:00+00:00,106.02,106.25,105.95,105.968,196960.0,106.1033,2356.0
2018-07-23 18:00:00+00:00,105.96,106.5,105.96,106.37,275686.0,106.2734,2958.0
2018-07-23 19:00:00+00:00,106.37,106.425,106.2,106.29,536422.0,106.3203,5387.0
2018-07-23 20:00:00+00:00,106.28,106.28,106.28,106.28,26409.0,106.28,7.0
2018-07-23 21:00:00+00:00,106.28,106.28,106.28,106.28,692.0,106.28,1.0
2018-07-24 11:00:00+00:00,106.3,106.3,106.3,106.3,330.0,106.3224,6.0
2018-07-24 12:00:00+00:00,106.52,106.52,106.52,106.52,120.0,106.5,2.0
2018-07-24 13:00:00+00:00,106.36,107.46,106.36,106.7,170741.0,106.8796,1527.0
2018-07-24 14:00:00+00:00,106.72,107.48,106.6701,107.12,342190.0,107.0577,3453.0
2018-07-24 15:00:00+00:00,107.15,107.17,106.5,107.17,224717.0,106.8488,2585.0
2018-07-24 16:00:00+00:00,107.16,107.37,106.82,107.005,348678.0,107.1221,2995.0
2018-07-24 17:00:00+00:00,106.99,107.2301,106.62,106.81,175226.0,106.8903,2299.0
2018-07-24 18:00:00+00:00,106.8,107.02,106.58,106.98,298454.0,106.8277,3127.0
2018-07-24 19:00:00+00:00,107.0,107.34,106.959,107.25,746344.0,107.1935,7337.0
2018-07-24 20:00:00+00:00,107.27,107.27,107.27,107.27,458054.0,107.27,24.0
2018-07-25 13:00:00+00:00,107.42,108.42,107.02,108.12,352987.0,107.8227,2383.0
2018-07-25 14:00:00+00:00,108.12,108.73,107.87,108.27,513599.0,108.1619,5856.0
2018-07-25 15:00:00+00:00,108.3,108.99,108.18,108.97,347079.0,108.5809,4343.0
2018-07-25 16:00:00+00:00,109.0,109.13,108.68,108.74,309574.0,108.9076,3828.0
2018-07-25 17:00:00+00:00,108.73,108.88,108.47,108.68,239289.0,108.6531,3074.0
2018-07-25 18:00:00+00:00,108.66,109.2,108.34,108.98,426036.0,108.7052,4729.0
2018-07-25 19:00:00+00:00,108.97,109.36,108.67,109.3,807286.0,109.0502,9209.0
2018-07-25 20:00:00+00:00,109.33,109.5,109.3,109.5,20681.0,109.355,20.0
2018-07-25 22:00:00+00:00,109.4,109.4,109.4,109.4,100.0,109.4,1.0
2018-07-25 23:00:00+00:00,109.4,109.79,109.4,109.79,769.0,109.7039,8.0
2018-07-26 11:00:00+00:00,109.33,109.33,109.33,109.33,375.0,109.33,4.0
2018-07-26 12:00:00+00:00,110.248,110.248,109.33,109.33,2656.0,109.618,15.0
2018-07-26 13:00:00+00:00,110.05,112.98,109.28,111.992,601321.0,111.2897,4800.0
2018-07-26 14:00:00+00:00,112.04,113.95,112.01,113.95,711102.0,113.0932,7124.0
2018-07-26 15:00:00+00:00,113.95,115.11,113.93,114.57,619407.0,114.5734,6280.0
2018-07-26 16:00:00+00:00,114.56,115.8338,114.1201,115.11,479319.0,114.9559,4989.0
2018-07-26 17:00:00+00:00,115.1,116.285,115.04,116.11,427455.0,115.8438,4533.0
2018-07-26 18:00:00+00:00,116.11,116.928,115.99,116.6641,567996.0,116.4966,5394.0
2018-07-26 19:00:00+00:00,116.65,117.34,116.2176,116.82,1476348.0,116.8235,13211.0
2018-07-26 20:00:00+00:00,116.83,117.3,116.82,117.0,47406.0,116.8351,30.0
2018-07-27 11:00:00+00:00,117.25,117.3,117.25,117.3,360.0,117.2639,3.0
2018-07-27 12:00:00+00:00,117.77,117.77,117.77,117.77,300.0,117.7115,2.0
2018-07-27 13:00:00+00:00,116.45,117.7,115.34,116.82,374459.0,116.7133,3565.0
2018-07-27 14:00:00+00:00,116.87,116.87,115.72,116.503,643580.0,116.2365,6065.0
2018-07-27 15:00:00+00:00,116.51,117.25,116.41,117.02,485139.0,116.8402,4793.0
2018-07-27 16:00:00+00:00,117.03,117.03,116.04,116.07,324145.0,116.5355,3559.0
2018-07-27 17:00:00+00:00,116.05,116.545,115.94,116.4255,293153.0,116.2439,3386.0
2018-07-27 18:00:00+00:00,116.42,116.565,115.76,115.82,268666.0,115.9965,3434.0
2018-07-27 19:00:00+00:00,115.83,116.4,115.82,116.36,696248.0,116.1522,7542.0
2018-07-27 20:00:00+00:00,116.35,116.36,116.35,116.36,23419.0,116.3501,24.0
2018-07-27 21:00:00+00:00,116.5,116.5,116.5,116.5,100.0,116.5,1.0
2018-07-30 13:00:00+00:00,117.01,117.5582,116.17,116.22,246994.0,116.982,2366.0
2018-07-30 14:00:00+00:00,116.24,118.06,116.22,117.92,563816.0,117.4503,7059.0
2018-07-30 15:00:00+00:00,117.9,117.93,117.42,117.81,419114.0,117.6974,5297.0
2018-07-30 16:00:00+00:00,117.8,117.94,117.3996,117.59,187953.0,117.6074,2782.0
2018-07-30 17:00:00+00:00,117.61,118.01,117.55,117.99,214093.0,117.8239,2684.0
2018-07-30 18:00:00+00:00,117.99,118.16,117.32,117.45,469218.0,117.8193,4113.0
2018-07-30 19:00:00+00:00,117.44,117.6,116.94,117.27,585213.0,117.2088,6735.0
2018-07-30 20:00:00+00:00,117.26,117.26,116.3301,116.82,38581.0,117.2376,22.0
2018-07-31 12:00:00+00:00,117.28,117.28,117.28,117.28,203.0,117.2823,3.0
2018-07-31 13:00:00+00:00,117.28,118.74,117.28,118.59,211582.0,118.3343,2077.0
2018-07-31 14:00:00+00:00,118.585,118.74,117.77,117.77,374094.0,118.1993,4328.0
2018-07-31 15:00:00+00:00,117.76,118.19,117.76,118.12,210216.0,117.982,2989.0
2018-07-31 16:00:00+00:00,118.12,118.44,118.12,118.23,213925.0,118.2792,2186.0
2018-07-31 17:00:00+00:00,118.2,118.23,117.95,118.09,202533.0,118.1114,2438.0
2018-07-31 18:00:00+00:00,118.11,118.12,117.58,117.6,277239.0,117.8741,3573.0
2018-07-31 19:00:00+00:00,117.58,118.59,117.52,118.33,1124944.0,118.2098,10918.0
2018-07-31 20:00:00+00:00,118.41,118.43,118.0,118.0,69246.0,118.3495,27.0
2018-08-01 11:00:00+00:00,118.32,118.32,118.32,118.32,100.0,118.32,1.0
2018-08-01 12:00:00+00:00,117.48,118.35,117.48,118.35,200.0,117.915,2.0
2018-08-01 13:00:00+00:00,117.5,117.88,116.32,117.66,404486.0,117.0806,2805.0
2018-08-01 14:00:00+00:00,117.64,118.19,117.14,117.56,470535.0,117.8024,5011.0
2018-08-01 15:00:00+00:00,117.57,117.62,115.52,115.56,579171.0,116.4796,6351.0
2018-08-01 16:00:00+00:00,115.58,116.44,115.52,116.4,287224.0,115.8261,3493.0
2018-08-01 17:00:00+00:00,116.43,116.49,116.03,116.13,208484.0,116.298,2870.0
2018-08-01 18:00:00+00:00,116.1063,116.74,116.02,116.74,262506.0,116.3493,3666.0
2018-08-01 19:00:00+00:00,116.74,117.14,116.64,116.78,581487.0,116.8738,6803.0
2018-08-01 20:00:00+00:00,116.92,117.07,116.78,117.07,259069.0,116.7808,35.0
2018-08-02 12:00:00+00:00,116.78,116.78,116.78,116.78,18262.0,116.78,1.0
2018-08-02 13:00:00+00:00,115.68,115.95,114.6,115.56,298045.0,115.2917,2992.0
2018-08-02 14:00:00+00:00,115.59,115.66,114.27,114.31,414424.0,114.9262,4633.0
2018-08-02 15:00:00+00:00,114.31,114.66,114.04,114.22,360189.0,114.3455,3719.0
2018-08-02 16:00:00+00:00,114.21,115.11,114.04,115.07,210079.0,114.649,2759.0
2018-08-02 17:00:00+00:00,115.08,115.16,114.755,114.84,166591.0,114.958,2075.0
2018-08-02 18:00:00+00:00,114.84,115.13,114.631,115.13,264169.0,114.893,3134.0
2018-08-02 19:00:00+00:00,115.11,115.63,115.09,115.33,550813.0,115.3897,6234.0
2018-08-02 20:00:00+00:00,115.33,115.33,115.33,115.33,29579.0,115.33,25.0
2018-08-02 21:00:00+00:00,115.33,115.33,115.33,115.33,41100.0,115.33,1.0
2018-08-03 11:00:00+00:00,115.0,115.0,115.0,115.0,250.0,115.0,2.0
2018-08-03 12:00:00+00:00,115.0,115.0,115.0,115.0,100.0,115.0,1.0
2018-08-03 13:00:00+00:00,115.32,116.33,114.77,115.05,195225.0,115.3409,1449.0
2018-08-03 14:00:00+00:00,115.11,115.16,113.67,113.81,411182.0,114.3897,4646.0
2018-08-03 15:00:00+00:00,113.79,114.375,113.53,113.74,387332.0,113.9549,4026.0
2018-08-03 16:00:00+00:00,113.776,114.285,113.75,114.268,207761.0,114.0807,2525.0
2018-08-03 17:00:00+00:00,114.25,114.779,114.24,114.7133,175002.0,114.5179,2172.0
2018-08-03 18:00:00+00:00,114.71,114.9654,114.71,114.92,251504.0,114.8399,3098.0
2018-08-03 19:00:00+00:00,114.93,115.44,114.93,115.34,631497.0,115.2106,7454.0
2018-08-03 20:00:00+00:00,115.38,115.38,115.37,115.37,57092.0,115.38,21.0
2018-08-06 13:00:00+00:00,115.06,115.06,113.82,114.86,329792.0,114.4657,2722.0
2018-08-06 14:00:00+00:00,114.85,115.1,114.255,114.48,363841.0,114.5864,4084.0
2018-08-06 15:00:00+00:00,114.49,114.76,114.43,114.47,288016.0,114.6113,3323.0
2018-08-06 16:00:00+00:00,114.47,115.17,114.45,114.885,278472.0,114.8526,2870.0
2018-08-06 17:00:00+00:00,114.9,114.98,114.45,114.48,176844.0,114.7346,2267.0
2018-08-06 18:00:00+00:00,114.47,114.99,114.43,114.85,233753.0,114.7416,2853.0
2018-08-06 19:00:00+00:00,114.84,115.0,114.78,114.9,455443.0,114.9217,5401.0
2018-08-06 20:00:00+00:00,114.89,115.15,113.52,113.52,13878.0,114.7663,19.0
2018-08-07 12:00:00+00:00,115.0,115.0,115.0,115.0,105.0,115.0,1.0
2018-08-07 13:00:00+00:00,115.25,116.56,115.1,115.89,286261.0,115.8866,2559.0
2018-08-07 14:00:00+00:00,115.91,116.314,115.81,115.9701,290644.0,116.0497,3357.0
2018-08-07 15:00:00+00:00,115.987,116.62,115.94,116.29,213393.0,116.3458,2774.0
2018-08-07 16:00:00+00:00,116.28,116.9,116.19,116.7089,165895.0,116.5453,2181.0
2018-08-07 17:00:00+00:00,116.705,117.45,116.68,117.45,239563.0,116.9985,2801.0
2018-08-07 18:00:00+00:00,117.45,117.78,117.28,117.54,409639.0,117.5261,3788.0
2018-08-07 19:00:00+00:00,117.55,117.59,116.64,116.7,695444.0,117.1435,6964.0
2018-08-07 20:00:00+00:00,116.71,116.75,116.71,116.75,11959.0,116.7117,14.0
2018-08-08 13:00:00+00:00,115.64,116.19,115.09,115.78,245171.0,115.6558,2158.0
2018-08-08 14:00:00+00:00,115.81,115.84,115.11,115.48,295190.0,115.4789,3521.0
2018-08-08 15:00:00+00:00,115.49,115.66,115.28,115.39,210514.0,115.4883,2588.0
2018-08-08 16:00:00+00:00,115.39,115.55,115.31,115.47,130154.0,115.4634,1969.0
2018-08-08 17:00:00+00:00,115.47,115.81,115.47,115.79,169752.0,115.645,2350.0
2018-08-08 18:00:00+00:00,115.77,116.05,115.55,116.045,177045.0,115.7653,2889.0
2018-08-08 19:00:00+00:00,116.04,116.22,115.87,115.92,423264.0,116.0447,5322.0
2018-08-08 20:00:00+00:00,115.9,115.9,115.8,115.8,73122.0,115.8997,22.0
2018-08-09 13:00:00+00:00,115.92,116.2999,115.55,115.57,190088.0,115.8305,1772.0
2018-08-09 14:00:00+00:00,115.55,115.68,115.23,115.37,198129.0,115.5025,2444.0
2018-08-09 15:00:00+00:00,115.37,115.54,115.0376,115.12,178770.0,115.2852,2272.0
2018-08-09 16:00:00+00:00,115.11,115.135,114.77,115.0,168405.0,114.9587,2175.0
2018-08-09 17:00:00+00:00,114.985,115.27,114.97,115.16,233648.0,115.1047,2394.0
2018-08-09 18:00:00+00:00,115.165,115.24,114.83,114.9502,146139.0,115.025,1964.0
2018-08-09 19:00:00+00:00,114.96,115.25,114.8997,115.13,427954.0,115.0767,4868.0
2018-08-09 20:00:00+00:00,115.14,115.14,115.14,115.14,335461.0,115.14,19.0
2018-08-10 12:00:00+00:00,114.61,114.61,114.61,114.61,187.0,114.8566,2.0
2018-08-10 13:00:00+00:00,114.61,115.33,114.45,115.0202,180602.0,114.9746,1594.0
2018-08-10 14:00:00+00:00,114.98,115.5,114.961,115.19,320438.0,115.1952,3458.0
2018-08-10 15:00:00+00:00,115.23,115.28,114.9,115.08,162196.0,115.1075,2296.0
2018-08-10 16:00:00+00:00,115.03,115.23,114.96,115.14,86843.0,115.1335,1418.0
2018-08-10 17:00:00+00:00,115.14,115.15,114.8,114.87,118809.0,115.0118,1784.0
2018-08-10 18:00:00+00:00,114.87,115.05,114.76,114.945,174966.0,114.9205,2419.0
2018-08-10 19:00:00+00:00,114.92,115.51,114.76,115.37,518606.0,115.2933,6147.0
2018-08-10 20:00:00+00:00,115.37,115.37,115.37,115.37,299761.0,115.37,28.0
2018-08-10 21:00:00+00:00,115.37,115.37,115.37,115.37,351.0,115.37,1.0
2018-08-13 13:00:00+00:00,115.8,116.9,115.77,116.26,135621.0,116.3533,1340.0
2018-08-13 14:00:00+00:00,116.24,116.829,116.0,116.51,247981.0,116.4771,2880.0
2018-08-13 15:00:00+00:00,116.52,116.69,116.3,116.39,187732.0,116.4531,2321.0
2018-08-13 16:00:00+00:00,116.37,116.4,115.58,115.7,188872.0,115.9583,2470.0
2018-08-13 17:00:00+00:00,115.68,115.82,115.41,115.53,118723.0,115.6057,1743.0
2018-08-13 18:00:00+00:00,115.54,115.7799,115.32,115.34,154687.0,115.5145,2208.0
2018-08-13 19:00:00+00:00,115.348,115.52,114.68,114.79,377353.0,115.0225,4713.0
2018-08-13 20:00:00+00:00,114.79,114.79,114.79,114.79,40457.0,114.79,12.0
2018-08-14 13:00:00+00:00,115.43,116.01,115.13,115.45,157101.0,115.5431,1804.0
2018-08-14 14:00:00+00:00,115.48,115.76,115.22,115.51,170779.0,115.4354,2381.0
2018-08-14 15:00:00+00:00,115.52,115.96,114.84,114.84,177123.0,115.2053,2230.0
2018-08-14 16:00:00+00:00,114.855,114.95,114.69,114.77,110347.0,114.8394,1599.0
2018-08-14 17:00:00+00:00,114.76,115.04,114.651,115.01,104554.0,114.8483,1627.0
2018-08-14 18:00:00+00:00,115.03,115.13,114.91,115.09,126353.0,115.005,1820.0
2018-08-14 19:00:00+00:00,115.095,115.24,115.01,115.05,342955.0,115.0942,4046.0
2018-08-14 20:00:00+00:00,115.2,115.2,115.05,115.05,17437.0,115.0586,16.0
2018-08-15 13:00:00+00:00,114.75,114.75,113.35,113.61,265944.0,114.265,3037.0
2018-08-15 14:00:00+00:00,113.57,113.63,112.11,112.28,560067.0,112.8316,5715.0
2018-08-15 15:00:00+00:00,112.3,112.7,111.82,111.9038,489556.0,112.4038,5616.0
2018-08-15 16:00:00+00:00,111.92,112.38,111.9054,112.1245,357391.0,112.1584,4012.0
2018-08-15 17:00:00+00:00,112.18,112.38,111.71,112.23,289788.0,112.0871,3709.0
2018-08-15 18:00:00+00:00,112.23,112.26,111.16,111.53,453234.0,111.5467,4815.0
2018-08-15 19:00:00+00:00,111.57,111.89,111.43,111.53,633525.0,111.6086,7510.0
2018-08-15 20:00:00+00:00,112.2569,112.2569,111.52,111.52,41319.0,111.5846,22.0
2018-08-15 23:00:00+00:00,111.52,111.52,111.45,111.45,600.0,111.5083,2.0
2018-08-16 13:00:00+00:00,111.8,112.3799,111.51,111.57,122163.0,111.8651,1264.0
2018-08-16 14:00:00+00:00,111.61,112.08,111.57,111.93,227158.0,111.8735,2958.0
2018-08-16 15:00:00+00:00,111.9,112.05,111.64,111.88,191803.0,111.8488,2584.0
2018-08-16 16:00:00+00:00,111.87,112.01,111.53,111.67,152226.0,111.8002,2147.0
2018-08-16 17:00:00+00:00,111.66,111.82,111.55,111.79,137710.0,111.703,1800.0
2018-08-16 18:00:00+00:00,111.77,111.82,111.46,111.55,190576.0,111.6365,2654.0
2018-08-16 19:00:00+00:00,111.56,111.68,111.2,111.32,511618.0,111.3483,5282.0
2018-08-16 20:00:00+00:00,111.34,111.34,111.32,111.32,132075.0,111.3202,27.0
2018-08-16 22:00:00+00:00,111.35,111.35,111.35,111.35,202.0,111.35,2.0
2018-08-16 23:00:00+00:00,111.6,111.6,111.6,111.6,900.0,111.6,1.0
2018-08-17 13:00:00+00:00,111.64,112.1516,111.14,111.21,160743.0,111.7819,993.0
2018-08-17 14:00:00+00:00,111.19,111.32,110.62,110.65,224339.0,110.9492,2720.0
2018-08-17 15:00:00+00:00,110.65,111.32,110.61,111.15,193275.0,111.0659,2069.0
2018-08-17 16:00:00+00:00,111.13,111.14,110.68,110.69,125685.0,110.8744,1783.0
2018-08-17 17:00:00+00:00,110.6844,110.85,110.615,110.81,161630.0,110.7281,1988.0
2018-08-17 18:00:00+00:00,110.78,111.04,110.75,110.95,303820.0,110.8813,3684.0
2018-08-17 19:00:00+00:00,110.95,111.19,110.91,110.99,377426.0,111.0439,4407.0
2018-08-17 20:00:00+00:00,111.0,111.0,111.0,111.0,41729.0,111.0,27.0
2018-08-20 11:00:00+00:00,111.1,111.1,111.1,111.1,100.0,111.1,1.0
2018-08-20 13:00:00+00:00,111.34,112.12,111.04,111.79,222841.0,111.5568,1087.0
2018-08-20 14:00:00+00:00,111.86,113.28,111.86,113.06,254169.0,112.8148,3079.0
2018-08-20 15:00:00+00:00,113.08,114.05,112.99,113.78,222046.0,113.5886,2996.0
2018-08-20 16:00:00+00:00,113.77,113.95,113.59,113.8,191821.0,113.7648,2006.0
2018-08-20 17:00:00+00:00,113.791,113.995,113.66,113.84,220610.0,113.7951,2661.0
2018-08-20 18:00:00+00:00,113.87,113.87,113.29,113.29,180405.0,113.5204,2502.0
2018-08-20 19:00:00+00:00,113.3,113.53,113.1868,113.4,440187.0,113.4068,5201.0
2018-08-20 20:00:00+00:00,113.41,113.41,113.4,113.4,59386.0,113.4,25.0
2018-08-20 21:00:00+00:00,113.4,113.4,113.4,113.4,693.0,113.4,1.0
2018-08-20 23:00:00+00:00,113.4,113.4,113.4,113.4,100.0,113.4,1.0
2018-08-21 13:00:00+00:00,113.9,115.21,113.81,115.131,170352.0,114.4069,1647.0
2018-08-21 14:00:00+00:00,115.07,115.38,114.79,114.98,254387.0,115.0461,3255.0
2018-08-21 15:00:00+00:00,114.99,115.26,114.61,115.25,272281.0,114.9382,3148.0
2018-08-21 16:00:00+00:00,115.24,115.26,114.76,114.91,163598.0,114.9705,2017.0
2018-08-21 17:00:00+00:00,114.91,115.06,114.64,114.79,184360.0,114.8807,2314.0
2018-08-21 18:00:00+00:00,114.79,114.809,114.3,114.44,159518.0,114.5855,2396.0
2018-08-21 19:00:00+00:00,114.43,114.53,113.95,114.15,457279.0,114.2389,5972.0
2018-08-21 20:00:00+00:00,114.14,114.1537,114.14,114.1537,20657.0,114.1418,18.0
2018-08-22 13:00:00+00:00,114.38,115.44,114.28,115.183,144399.0,114.9572,1536.0
2018-08-22 14:00:00+00:00,115.21,116.37,115.16,116.11,336495.0,115.932,3323.0
2018-08-22 15:00:00+00:00,116.1,116.32,116.03,116.28,168318.0,116.191,2136.0
2018-08-22 16:00:00+00:00,116.28,116.3,115.58,115.63,161405.0,115.9198,1819.0
2018-08-22 17:00:00+00:00,115.66,115.855,115.59,115.61,104564.0,115.7228,1592.0
2018-08-22 18:00:00+00:00,115.62,115.74,115.46,115.66,143946.0,115.6083,1943.0
2018-08-22 19:00:00+00:00,115.71,115.995,115.67,115.69,433300.0,115.833,5115.0
2018-08-22 20:00:00+00:00,115.68,115.68,115.68,115.68,32674.0,115.68,22.0
2018-08-23 13:00:00+00:00,115.46,116.325,115.15,116.08,170999.0,115.822,1674.0
2018-08-23 14:00:00+00:00,116.1,116.75,116.04,116.18,416580.0,116.4056,4323.0
2018-08-23 15:00:00+00:00,116.17,116.69,116.05,116.59,332712.0,116.2872,3049.0
2018-08-23 16:00:00+00:00,116.58,117.21,116.54,117.16,243782.0,116.9557,2708.0
2018-08-23 17:00:00+00:00,117.17,117.25,116.91,117.08,264357.0,117.0735,2781.0
2018-08-23 18:00:00+00:00,117.08,117.92,117.08,117.83,448311.0,117.5898,4349.0
2018-08-23 19:00:00+00:00,117.82,118.21,117.75,118.07,885354.0,117.9581,8243.0
2018-08-23 20:00:00+00:00,118.06,118.06,118.06,118.06,72228.0,118.06,25.0
2018-08-23 21:00:00+00:00,118.25,118.25,118.25,118.25,200.0,118.25,1.0
2018-08-24 13:00:00+00:00,118.49,119.58,118.41,119.4,267453.0,119.034,2283.0
2018-08-24 14:00:00+00:00,119.4,120.8,119.07,120.8,739676.0,119.8616,6991.0
2018-08-24 15:00:00+00:00,120.795,121.6,120.74,121.4292,502536.0,121.1487,5785.0
2018-08-24 16:00:00+00:00,121.43,121.44,120.82,120.87,298864.0,121.1691,3471.0
2018-08-24 17:00:00+00:00,120.89,120.98,120.45,120.8895,278709.0,120.7199,3446.0
2018-08-24 18:00:00+00:00,120.89,120.94,120.38,120.57,301223.0,120.6,3292.0
2018-08-24 19:00:00+00:00,120.56,120.6841,120.46,120.55,655046.0,120.5867,6728.0
2018-08-24 20:00:00+00:00,120.55,120.55,120.55,120.55,77406.0,120.55,22.0
2018-08-27 13:00:00+00:00,121.29,121.97,120.81,121.8,155469.0,121.5346,1520.0
2018-08-27 14:00:00+00:00,121.79,121.86,120.925,121.26,401908.0,121.4371,3924.0
2018-08-27 15:00:00+00:00,121.27,121.57,120.75,120.9598,274181.0,121.0909,2965.0
2018-08-27 16:00:00+00:00,120.94,121.05,120.83,120.9,189667.0,120.9383,2358.0
2018-08-27 17:00:00+00:00,120.95,121.4,120.9,121.27,170387.0,121.1132,2164.0
2018-08-27 18:00:00+00:00,121.24,121.46,121.1001,121.1346,200842.0,121.2754,2556.0
2018-08-27 19:00:00+00:00,121.12,121.26,120.92,121.14,472747.0,121.11,5211.0
2018-08-27 20:00:00+00:00,121.21,121.21,121.21,121.21,26910.0,121.21,29.0
2018-08-27 22:00:00+00:00,120.91,120.91,120.91,120.91,102.0,120.91,1.0
2018-08-28 13:00:00+00:00,121.4,122.42,121.16,121.56,244586.0,121.7965,2449.0
2018-08-28 14:00:00+00:00,121.56,121.7,121.0568,121.62,290928.0,121.3824,3434.0
2018-08-28 15:00:00+00:00,121.61,121.71,120.57,120.63,274432.0,121.1428,3369.0
2018-08-28 16:00:00+00:00,120.61,120.67,120.0,120.05,252178.0,120.2912,3038.0
2018-08-28 17:00:00+00:00,120.045,120.26,119.82,120.24,197946.0,120.0442,2327.0
2018-08-28 18:00:00+00:00,120.221,120.54,120.22,120.494,168042.0,120.3666,2002.0
2018-08-28 19:00:00+00:00,120.5,120.6459,120.2,120.39,404603.0,120.386,4953.0
2018-08-28 20:00:00+00:00,120.39,120.39,120.03,120.03,18121.0,120.3879,21.0
2018-08-29 13:00:00+00:00,120.39,120.47,119.5292,119.88,195322.0,119.914,2009.0
2018-08-29 14:00:00+00:00,119.94,121.07,119.56,120.94,380368.0,120.1769,4415.0
2018-08-29 15:00:00+00:00,120.92,121.4,120.71,121.35,209501.0,121.1313,2760.0
2018-08-29 16:00:00+00:00,121.37,121.6042,121.22,121.58,184641.0,121.4421,2396.0
2018-08-29 17:00:00+00:00,121.58,121.72,121.105,121.1197,203720.0,121.3855,2372.0
2018-08-29 18:00:00+00:00,121.14,121.32,120.96,121.02,245949.0,121.1271,2965.0
2018-08-29 19:00:00+00:00,121.02,121.31,120.6,120.61,652265.0,120.9615,6538.0
2018-08-29 20:00:00+00:00,120.61,120.61,120.61,120.61,77146.0,120.61,22.0
2018-08-30 12:00:00+00:00,120.61,120.61,120.61,120.61,116.0,120.61,2.0
2018-08-30 13:00:00+00:00,120.66,121.38,120.37,120.49,166917.0,120.8437,1874.0
2018-08-30 14:00:00+00:00,120.44,120.68,119.88,119.9641,291697.0,120.2602,3536.0
2018-08-30 15:00:00+00:00,119.98,120.1099,118.7,118.76,438709.0,119.2691,4783.0
2018-08-30 16:00:00+00:00,118.77,118.815,118.28,118.55,378876.0,118.6317,3881.0
2018-08-30 17:00:00+00:00,118.555,118.87,118.4,118.87,316818.0,118.6259,3402.0
2018-08-30 18:00:00+00:00,118.88,119.36,118.775,119.13,265676.0,119.0784,3145.0
2018-08-30 19:00:00+00:00,119.11,119.15,118.82,119.04,494534.0,118.9938,5845.0
2018-08-30 20:00:00+00:00,119.05,119.05,119.05,119.05,34732.0,119.05,33.0
2018-08-30 23:00:00+00:00,119.0499,119.0499,119.0499,119.0499,100.0,119.0499,1.0
2018-08-31 13:00:00+00:00,118.52,118.63,116.51,116.63,302355.0,117.3433,2837.0
2018-08-31 14:00:00+00:00,116.53,117.51,116.48,117.45,515801.0,117.0705,4569.0
2018-08-31 15:00:00+00:00,117.49,117.52,116.85,116.85,303468.0,117.2675,3524.0
2018-08-31 16:00:00+00:00,116.85,117.48,116.7487,117.46,241287.0,117.1172,2895.0
2018-08-31 17:00:00+00:00,117.46,118.34,117.4,118.29,534699.0,117.9124,3665.0
2018-08-31 18:00:00+00:00,118.31,118.42,117.96,118.02,308625.0,118.1867,3428.0
2018-08-31 19:00:00+00:00,118.02,118.12,117.81,117.89,840864.0,117.9138,7401.0
2018-08-31 20:00:00+00:00,117.94,117.96,117.88,117.88,82204.0,117.8811,37.0
2018-08-31 21:00:00+00:00,117.53,117.53,117.51,117.51,1000.0,117.52,2.0
2018-09-04 10:00:00+00:00,118.0,118.0,118.0,118.0,800.0,118.0,6.0
2018-09-04 11:00:00+00:00,118.3,118.3,118.25,118.25,1200.0,118.2703,4.0
2018-09-04 12:00:00+00:00,118.29,118.35,118.29,118.35,500.0,118.314,5.0
2018-09-04 13:00:00+00:00,118.35,121.22,118.25,120.27,502730.0,120.1984,4259.0
2018-09-04 14:00:00+00:00,120.28,120.99,120.21,120.28,454767.0,120.602,4889.0
2018-09-04 15:00:00+00:00,120.25,120.25,118.97,119.16,271198.0,119.4589,3204.0
2018-09-04 16:00:00+00:00,119.14,119.81,119.14,119.77,280040.0,119.4749,3224.0
2018-09-04 17:00:00+00:00,119.78,120.41,119.77,120.22,212615.0,120.1612,2740.0
2018-09-04 18:00:00+00:00,120.23,120.72,120.2,120.68,286952.0,120.4201,3395.0
2018-09-04 19:00:00+00:00,120.675,120.74,120.08,120.3,638213.0,120.3051,6801.0
2018-09-04 20:00:00+00:00,120.24,120.24,120.24,120.24,70223.0,120.24,14.0
2018-09-05 12:00:00+00:00,120.35,120.35,120.0,120.0,1431.0,120.1385,15.0
2018-09-05 13:00:00+00:00,120.07,120.25,117.8,118.3347,347876.0,118.6829,2917.0
2018-09-05 14:00:00+00:00,118.315,118.33,116.925,117.14,498370.0,117.4862,5362.0
2018-09-05 15:00:00+00:00,117.15,117.81,116.955,117.693,286738.0,117.2079,3690.0
2018-09-05 16:00:00+00:00,117.7,118.06,117.56,117.71,211227.0,117.7671,2800.0
2018-09-05 17:00:00+00:00,117.73,118.4,117.72,118.3,173703.0,118.1435,2457.0
2018-09-05 18:00:00+00:00,118.28,118.4,117.76,117.78,221263.0,118.0274,3098.0
2018-09-05 19:00:00+00:00,117.78,118.05,116.91,117.05,1139694.0,117.4946,10002.0
2018-09-05 20:00:00+00:00,117.04,117.04,116.91,116.91,594436.0,116.9101,21.0
2018-09-05 21:00:00+00:00,116.91,116.91,116.91,116.91,2242.0,116.91,1.0
2018-09-05 23:00:00+00:00,116.91,116.91,116.91,116.91,2380.0,116.91,1.0
2018-09-06 13:00:00+00:00,117.34,118.27,116.95,118.25,209276.0,117.7353,2044.0
2018-09-06 14:00:00+00:00,118.23,118.88,117.25,117.32,368172.0,118.129,4319.0
2018-09-06 15:00:00+00:00,117.33,117.42,115.85,116.05,513001.0,116.3355,5763.0
2018-09-06 16:00:00+00:00,116.05,116.44,115.6,115.61,302725.0,116.0954,3847.0
2018-09-06 17:00:00+00:00,115.57,116.3,115.3046,116.108,325329.0,115.8764,3271.0
2018-09-06 18:00:00+00:00,116.11,116.64,115.95,116.28,290297.0,116.2498,3558.0
2018-09-06 19:00:00+00:00,116.27,116.58,116.01,116.06,485851.0,116.2669,5841.0
2018-09-06 20:00:00+00:00,116.07,116.1,116.07,116.1,326156.0,116.07,26.0
2018-09-07 13:00:00+00:00,114.79,115.89,114.07,114.8093,252494.0,114.9358,2865.0
2018-09-07 14:00:00+00:00,114.76,115.67,113.39,113.745,567149.0,114.124,5506.0
2018-09-07 15:00:00+00:00,113.7711,115.49,113.75,115.29,300732.0,114.9043,3118.0
2018-09-07 16:00:00+00:00,115.285,115.31,114.65,114.83,188036.0,114.8855,1989.0
2018-09-07 17:00:00+00:00,114.815,114.85,114.36,114.5,129344.0,114.5953,1867.0
2018-09-07 18:00:00+00:00,114.49,114.82,114.28,114.81,195100.0,114.5128,2266.0
2018-09-07 19:00:00+00:00,114.84,115.11,114.81,115.08,532644.0,114.986,5572.0
2018-09-07 20:00:00+00:00,115.08,115.08,115.08,115.08,39878.0,115.08,12.0
2018-09-07 22:00:00+00:00,115.1,115.1,115.1,115.1,900.0,115.1,1.0
2018-09-10 13:00:00+00:00,115.49,116.55,115.49,115.5,148177.0,116.0193,1483.0
2018-09-10 14:00:00+00:00,115.53,115.76,114.99,115.1,230590.0,115.349,2937.0
2018-09-10 15:00:00+00:00,115.01,115.6,115.0,115.42,142006.0,115.3514,2027.0
2018-09-10 16:00:00+00:00,115.42,115.62,115.15,115.4101,103735.0,115.4017,1747.0
2018-09-10 17:00:00+00:00,115.41,115.6,115.31,115.45,116056.0,115.4472,1833.0
2018-09-10 18:00:00+00:00,115.44,115.54,115.15,115.21,147223.0,115.3331,2011.0
2018-09-10 19:00:00+00:00,115.22,115.42,115.11,115.26,475657.0,115.2666,5554.0
2018-09-10 20:00:00+00:00,115.25,115.25,115.25,115.25,421038.0,115.25,26.0
2018-09-11 11:00:00+00:00,115.27,115.27,115.27,115.27,100.0,115.27,1.0
2018-09-11 13:00:00+00:00,114.93,116.08,114.242,115.57,156000.0,115.2426,1798.0
2018-09-11 14:00:00+00:00,115.5411,115.6975,114.97,115.09,244587.0,115.3319,2854.0
2018-09-11 15:00:00+00:00,115.11,115.46,114.87,115.38,277652.0,115.1388,3059.0
2018-09-11 16:00:00+00:00,115.385,115.815,115.215,115.78,209721.0,115.5755,2467.0
2018-09-11 17:00:00+00:00,115.78,116.31,115.525,115.61,300023.0,115.9986,3456.0
2018-09-11 18:00:00+00:00,115.612,115.65,115.0731,115.24,212652.0,115.3136,2696.0
2018-09-11 19:00:00+00:00,115.23,115.33,114.97,115.11,645354.0,115.1295,6277.0
2018-09-11 20:00:00+00:00,115.1,115.21,115.1,115.21,148379.0,115.1002,22.0
2018-09-11 23:00:00+00:00,115.21,115.22,115.21,115.21,1300.0,115.2177,4.0
2018-09-12 13:00:00+00:00,115.82,117.22,115.82,116.685,305620.0,116.7369,2754.0
2018-09-12 14:00:00+00:00,116.67,116.92,115.94,116.7,433271.0,116.3959,4247.0
2018-09-12 15:00:00+00:00,116.7,117.43,116.24,116.37,325728.0,116.919,3427.0
2018-09-12 16:00:00+00:00,116.46,116.55,116.07,116.13,231640.0,116.297,3088.0
2018-09-12 17:00:00+00:00,116.135,116.38,115.8819,116.1,139960.0,116.1241,2113.0
2018-09-12 18:00:00+00:00,116.11,116.2314,115.92,116.2,241627.0,116.0998,2882.0
2018-09-12 19:00:00+00:00,116.19,116.52,116.19,116.32,700984.0,116.3654,7142.0
2018-09-12 20:00:00+00:00,116.31,116.32,116.31,116.32,153393.0,116.316,19.0
2018-09-12 21:00:00+00:00,116.31,116.31,116.31,116.31,1778.0,116.31,1.0
2018-09-13 12:00:00+00:00,116.52,116.69,116.52,116.54,1272.0,116.5503,16.0
2018-09-13 13:00:00+00:00,116.24,117.18,115.8,116.56,302935.0,116.4515,2305.0
2018-09-13 14:00:00+00:00,116.61,117.48,116.55,116.93,321693.0,116.9825,3660.0
2018-09-13 15:00:00+00:00,116.93,117.24,116.86,116.95,134996.0,117.0265,1836.0
2018-09-13 16:00:00+00:00,116.96,117.29,116.77,116.99,98821.0,117.0425,1386.0
2018-09-13 17:00:00+00:00,117.01,117.105,116.63,116.6724,106462.0,116.8852,1528.0
2018-09-13 18:00:00+00:00,116.69,116.81,116.445,116.62,154613.0,116.6483,2137.0
2018-09-13 19:00:00+00:00,116.63,116.82,116.46,116.81,334223.0,116.6637,4032.0
2018-09-13 20:00:00+00:00,116.83,116.83,116.83,116.83,183336.0,116.83,24.0
2018-09-14 13:00:00+00:00,117.04,117.81,116.83,117.76,162415.0,117.421,1377.0
2018-09-14 14:00:00+00:00,117.74,117.74,116.74,116.81,232660.0,117.2751,3019.0
2018-09-14 15:00:00+00:00,116.82,117.39,116.79,117.35,216298.0,117.1874,2625.0
2018-09-14 16:00:00+00:00,117.37,117.51,116.79,116.8,250214.0,117.1936,3123.0
2018-09-14 17:00:00+00:00,116.8,116.93,116.7,116.86,133595.0,116.8245,1922.0
2018-09-14 18:00:00+00:00,116.86,117.03,116.75,116.96,121447.0,116.8895,1615.0
2018-09-14 19:00:00+00:00,116.96,117.21,116.92,117.13,312065.0,117.092,3772.0
2018-09-14 20:00:00+00:00,117.13,117.13,117.13,117.13,32623.0,117.13,22.0
2018-09-14 21:00:00+00:00,117.13,117.13,117.13,117.13,4429.0,117.13,1.0
2018-09-17 12:00:00+00:00,117.3499,117.3499,117.3499,117.3499,1000.0,117.3499,1.0
2018-09-17 13:00:00+00:00,117.05,117.38,115.79,116.04,159150.0,116.4787,1760.0
2018-09-17 14:00:00+00:00,116.0345,116.21,115.76,115.96,198091.0,115.9784,2541.0
2018-09-17 15:00:00+00:00,115.97,116.19,115.72,115.78,261367.0,115.9067,3108.0
2018-09-17 16:00:00+00:00,115.78,115.93,115.28,115.45,142627.0,115.6745,1961.0
2018-09-17 17:00:00+00:00,115.44,115.67,115.21,115.67,112501.0,115.4694,1736.0
2018-09-17 18:00:00+00:00,115.63,115.89,115.58,115.6816,195173.0,115.7631,2453.0
2018-09-17 19:00:00+00:00,115.68,115.76,115.29,115.47,476758.0,115.4696,5423.0
2018-09-17 20:00:00+00:00,115.46,115.4601,115.46,115.4601,44976.0,115.46,15.0
2018-09-18 13:00:00+00:00,115.77,115.97,115.5,115.75,157921.0,115.745,1549.0
2018-09-18 14:00:00+00:00,115.69,116.14,115.5,116.125,228774.0,115.8661,2798.0
2018-09-18 15:00:00+00:00,116.15,116.35,115.93,116.2,211235.0,116.156,2594.0
2018-09-18 16:00:00+00:00,116.21,116.4,116.0,116.37,238924.0,116.2141,2447.0
2018-09-18 17:00:00+00:00,116.39,116.6,116.2,116.28,157844.0,116.402,2188.0
2018-09-18 18:00:00+00:00,116.2757,116.41,115.73,115.785,169176.0,116.1465,2250.0
2018-09-18 19:00:00+00:00,115.81,115.92,115.31,115.33,559830.0,115.5304,6041.0
2018-09-18 20:00:00+00:00,115.33,115.33,115.33,115.33,31890.0,115.33,17.0
2018-09-19 13:00:00+00:00,115.18,115.18,113.6,114.21,335726.0,114.4021,2593.0
2018-09-19 14:00:00+00:00,114.225,114.4,112.89,113.26,503767.0,113.6503,4456.0
2018-09-19 15:00:00+00:00,113.3,113.33,112.41,112.78,390541.0,112.8699,4318.0
2018-09-19 16:00:00+00:00,112.79,112.8519,111.07,111.08,462199.0,111.8929,5188.0
2018-09-19 17:00:00+00:00,111.07,111.55,110.69,110.72,540621.0,111.137,5201.0
2018-09-19 18:00:00+00:00,110.72,110.73,108.65,109.38,1080957.0,109.4905,9052.0
2018-09-19 19:00:00+00:00,109.39,109.86,108.71,109.7,1355012.0,109.4184,11421.0
2018-09-19 20:00:00+00:00,109.7,110.45,109.7,110.45,30401.0,109.7025,17.0
2018-09-19 21:00:00+00:00,110.9,110.9,110.9,110.9,450.0,110.9,1.0
2018-09-19 22:00:00+00:00,109.85,109.85,109.85,109.85,600.0,109.8625,3.0
2018-09-19 23:00:00+00:00,109.71,109.71,109.71,109.71,209.0,109.7138,4.0
2018-09-20 11:00:00+00:00,110.66,110.66,110.66,110.66,300.0,110.66,3.0
2018-09-20 12:00:00+00:00,110.88,110.88,110.88,110.88,225.0,110.8764,2.0
2018-09-20 13:00:00+00:00,110.52,110.52,108.1,110.195,482546.0,109.1466,4810.0
2018-09-20 14:00:00+00:00,110.18,111.63,109.73,111.2622,670355.0,110.8713,6430.0
2018-09-20 15:00:00+00:00,111.275,111.5499,110.69,110.83,245627.0,111.1076,3095.0
2018-09-20 16:00:00+00:00,110.81,111.33,110.69,111.25,185071.0,111.0144,2392.0
2018-09-20 17:00:00+00:00,111.25,111.31,110.86,111.21,192391.0,111.1035,2512.0
2018-09-20 18:00:00+00:00,111.2,111.29,110.83,110.87,264532.0,111.0831,3043.0
2018-09-20 19:00:00+00:00,110.87,110.88,110.34,110.49,627449.0,110.5277,6893.0
2018-09-20 20:00:00+00:00,110.48,110.48,110.48,110.48,51496.0,110.48,33.0
2018-09-21 13:00:00+00:00,110.81,112.1,110.13,111.77,901936.0,110.8606,2115.0
2018-09-21 14:00:00+00:00,111.86,112.965,111.78,111.83,369881.0,112.4035,3771.0
2018-09-21 15:00:00+00:00,111.855,112.48,111.855,112.05,226701.0,112.2607,2698.0
2018-09-21 16:00:00+00:00,112.03,112.18,111.69,111.69,186911.0,111.9576,2034.0
2018-09-21 17:00:00+00:00,111.6938,111.97,111.58,111.84,171316.0,111.796,1982.0
2018-09-21 18:00:00+00:00,111.84,111.86,111.54,111.62,156667.0,111.7027,1965.0
2018-09-21 19:00:00+00:00,111.59,112.4,111.565,112.23,665589.0,112.107,6584.0
2018-09-21 20:00:00+00:00,112.24,112.24,112.081,112.081,140893.0,112.2289,45.0
2018-09-24 11:00:00+00:00,112.58,112.58,112.58,112.58,100.0,112.58,1.0
2018-09-24 12:00:00+00:00,112.58,112.75,112.58,112.75,652.0,112.624,8.0
2018-09-24 13:00:00+00:00,112.67,114.67,112.67,114.45,281202.0,113.9536,2568.0
2018-09-24 14:00:00+00:00,114.415,114.88,113.4,113.71,390224.0,114.0669,4382.0
2018-09-24 15:00:00+00:00,113.715,115.51,113.45,115.51,348867.0,114.6007,3676.0
2018-09-24 16:00:00+00:00,115.52,116.16,115.4,115.87,454201.0,115.7749,4330.0
2018-09-24 17:00:00+00:00,115.89,116.01,115.01,115.18,267265.0,115.4702,3135.0
2018-09-24 18:00:00+00:00,115.19,115.71,114.56,114.56,346644.0,115.2405,3331.0
2018-09-24 19:00:00+00:00,114.59,115.015,114.38,114.96,671478.0,114.8163,7101.0
2018-09-24 20:00:00+00:00,114.96,115.0,114.96,114.96,20105.0,114.9611,22.0
2018-09-24 21:00:00+00:00,115.02,115.02,115.02,115.02,385.0,115.02,5.0
2018-09-25 11:00:00+00:00,116.04,116.04,116.04,116.04,100.0,116.04,1.0
2018-09-25 12:00:00+00:00,116.1,116.1,115.75,115.75,7200.0,115.7679,10.0
2018-09-25 13:00:00+00:00,115.6,116.96,114.95,116.34,477446.0,116.0488,3977.0
2018-09-25 14:00:00+00:00,116.285,117.08,116.185,116.64,440009.0,116.7745,3811.0
2018-09-25 15:00:00+00:00,116.64,116.8547,116.325,116.77,314809.0,116.6185,3327.0
2018-09-25 16:00:00+00:00,116.78,117.7,116.78,117.53,317231.0,117.2945,3090.0
2018-09-25 17:00:00+00:00,117.53,117.67,116.54,116.8037,293858.0,117.0909,2969.0
2018-09-25 18:00:00+00:00,116.8,116.84,116.54,116.76,191179.0,116.6973,2637.0
2018-09-25 19:00:00+00:00,116.78,117.08,116.365,116.75,646805.0,116.7359,7286.0
2018-09-25 20:00:00+00:00,116.76,116.76,116.76,116.76,12767.0,116.76,17.0
2018-09-25 22:00:00+00:00,116.76,116.76,116.76,116.76,190192.0,116.76,1.0
2018-09-26 11:00:00+00:00,116.75,116.75,116.75,116.75,100.0,116.75,1.0
2018-09-26 13:00:00+00:00,116.25,116.38,114.63,116.23,417781.0,115.6917,2878.0
2018-09-26 14:00:00+00:00,116.23,117.0,115.93,116.66,292760.0,116.3775,3074.0
2018-09-26 15:00:00+00:00,116.66,117.27,116.4259,117.07,204552.0,116.8543,2392.0
2018-09-26 16:00:00+00:00,117.0458,117.6437,117.0,117.36,177686.0,117.3045,1909.0
2018-09-26 17:00:00+00:00,117.37,117.54,117.05,117.16,146526.0,117.3203,1826.0
2018-09-26 18:00:00+00:00,117.18,117.46,116.8462,117.01,248480.0,117.1948,2985.0
2018-09-26 19:00:00+00:00,117.01,117.215,116.35,116.53,660849.0,116.7299,7312.0
2018-09-26 20:00:00+00:00,116.52,116.52,116.52,116.52,25379.0,116.52,16.0
2018-09-27 11:00:00+00:00,116.4,116.4,116.4,116.4,100.0,116.4,1.0
2018-09-27 13:00:00+00:00,117.22,118.53,116.57,116.71,285769.0,117.6331,2675.0
2018-09-27 14:00:00+00:00,116.61,116.65,115.685,115.93,298449.0,116.078,3122.0
2018-09-27 15:00:00+00:00,115.99,116.25,115.66,116.19,154222.0,115.8872,2126.0
2018-09-27 16:00:00+00:00,116.1503,116.54,115.74,115.91,167409.0,116.0844,2445.0
2018-09-27 17:00:00+00:00,115.9,115.95,115.325,115.38,239360.0,115.5422,2794.0
2018-09-27 18:00:00+00:00,115.4,115.485,115.18,115.2,239587.0,115.3337,3037.0
2018-09-27 19:00:00+00:00,115.2,115.47,114.94,115.29,583771.0,115.1993,6496.0
2018-09-27 20:00:00+00:00,115.29,115.29,115.29,115.29,25713.0,115.29,20.0
2018-09-27 23:00:00+00:00,115.69,115.69,115.69,115.69,100.0,115.69,1.0
2018-09-28 13:00:00+00:00,114.81,114.81,113.41,114.72,212689.0,114.1761,2007.0
2018-09-28 14:00:00+00:00,114.81,115.78,114.67,115.47,270195.0,115.2366,2389.0
2018-09-28 15:00:00+00:00,115.4817,115.7,115.04,115.11,134251.0,115.4194,2188.0
2018-09-28 16:00:00+00:00,115.1,115.5,115.03,115.5,159310.0,115.2815,2621.0
2018-09-28 17:00:00+00:00,115.5,115.53,114.91,114.95,129486.0,115.1578,2058.0
2018-09-28 18:00:00+00:00,114.93,115.02,114.43,114.63,311001.0,114.6357,3070.0
2018-09-28 19:00:00+00:00,114.65,114.72,113.62,113.75,852515.0,113.9463,8583.0
2018-09-28 20:00:00+00:00,113.75,113.75,113.55,113.55,97263.0,113.7479,31.0
2018-09-28 23:00:00+00:00,113.85,113.85,113.85,113.85,100.0,113.85,1.0
2018-10-01 13:00:00+00:00,114.59,115.85,114.24,114.82,176166.0,114.9883,1463.0
2018-10-01 14:00:00+00:00,114.844,115.28,114.48,114.635,233766.0,114.8386,3310.0
2018-10-01 15:00:00+00:00,114.61,115.43,114.55,115.03,154570.0,115.0082,2482.0
2018-10-01 16:00:00+00:00,115.05,115.6001,115.01,115.54,105704.0,115.3464,1741.0
2018-10-01 17:00:00+00:00,115.52,115.635,115.1,115.12,143839.0,115.3671,2154.0
2018-10-01 18:00:00+00:00,115.11,115.34,114.52,114.635,242261.0,114.8698,3139.0
2018-10-01 19:00:00+00:00,114.65,114.91,113.6,113.89,741872.0,113.9732,8127.0
2018-10-01 20:00:00+00:00,113.88,113.88,113.88,113.88,123262.0,113.88,14.0
2018-10-02 12:00:00+00:00,114.35,114.35,114.29,114.29,600.0,114.33,6.0
2018-10-02 13:00:00+00:00,114.27,114.89,113.16,113.16,217740.0,113.8284,1625.0
2018-10-02 14:00:00+00:00,113.23,113.82,112.55,113.7,421773.0,113.1226,4880.0
2018-10-02 15:00:00+00:00,113.71,114.71,113.695,114.67,377970.0,114.0571,4170.0
2018-10-02 16:00:00+00:00,114.67,115.28,114.53,115.12,337280.0,114.965,3596.0
2018-10-02 17:00:00+00:00,115.12,115.47,115.02,115.19,222309.0,115.2358,2761.0
2018-10-02 18:00:00+00:00,115.185,115.53,115.185,115.38,289981.0,115.3629,2996.0
2018-10-02 19:00:00+00:00,115.39,115.605,115.29,115.5,618709.0,115.4425,6720.0
2018-10-02 20:00:00+00:00,115.52,115.52,115.52,115.52,66661.0,115.52,16.0
2018-10-02 21:00:00+00:00,115.88,115.88,115.88,115.88,100.0,115.88,1.0
2018-10-03 12:00:00+00:00,115.94,115.94,115.94,115.94,161.0,115.9627,2.0
2018-10-03 13:00:00+00:00,116.26,118.63,116.26,118.34,277435.0,117.5895,2613.0
2018-10-03 14:00:00+00:00,118.38,119.65,118.18,119.21,481461.0,118.9615,5233.0
2018-10-03 15:00:00+00:00,119.21,119.55,118.93,119.23,319201.0,119.2172,3423.0
2018-10-03 16:00:00+00:00,119.26,119.85,119.045,119.79,266467.0,119.5428,3053.0
2018-10-03 17:00:00+00:00,119.81,120.4,119.61,120.37,331814.0,119.9339,3699.0
2018-10-03 18:00:00+00:00,120.37,120.72,119.52,119.71,412185.0,120.0786,4286.0
2018-10-03 19:00:00+00:00,119.71,120.29,119.61,120.01,740233.0,120.0351,7873.0
2018-10-03 20:00:00+00:00,119.99,120.2,119.99,120.2,91318.0,119.9907,21.0
2018-10-04 12:00:00+00:00,119.99,119.99,119.99,119.99,128.0,119.99,1.0
2018-10-04 13:00:00+00:00,119.57,119.93,118.31,118.79,174007.0,118.8979,1626.0
2018-10-04 14:00:00+00:00,118.83,119.4,118.34,118.99,252284.0,118.9553,2810.0
2018-10-04 15:00:00+00:00,118.99,119.51,118.35,118.41,245054.0,119.0496,3045.0
2018-10-04 16:00:00+00:00,118.4,118.4,117.21,117.7,254305.0,117.7654,3169.0
2018-10-04 17:00:00+00:00,117.68,117.68,116.62,117.17,287574.0,117.1317,3451.0
2018-10-04 18:00:00+00:00,117.16,117.38,116.6231,117.37,249064.0,117.0248,2821.0
2018-10-04 19:00:00+00:00,117.37,117.4799,116.97,117.23,374998.0,117.2522,5214.0
2018-10-04 20:00:00+00:00,119.9,119.9,117.22,117.22,29462.0,117.2301,21.0
2018-10-05 12:00:00+00:00,117.66,117.66,117.66,117.66,208.0,117.6577,3.0
2018-10-05 13:00:00+00:00,117.54,118.46,115.81,116.36,218310.0,117.2109,1877.0
2018-10-05 14:00:00+00:00,116.38,117.2,116.28,116.39,239425.0,116.6735,3039.0
2018-10-05 15:00:00+00:00,116.41,117.0,116.14,116.49,249634.0,116.6286,2470.0
2018-10-05 16:00:00+00:00,116.51,117.26,116.42,117.04,224944.0,116.8743,2461.0
2018-10-05 17:00:00+00:00,117.1,117.36,116.54,117.3,170878.0,116.9243,2167.0
2018-10-05 18:00:00+00:00,117.34,117.46,116.91,117.08,139044.0,117.1532,2060.0
2018-10-05 19:00:00+00:00,117.0743,117.23,116.69,117.09,345529.0,117.0226,4323.0
2018-10-05 20:00:00+00:00,117.11,117.11,117.11,117.11,31665.0,117.11,20.0
2018-10-08 11:00:00+00:00,117.22,117.22,117.22,117.22,100.0,117.22,1.0
2018-10-08 13:00:00+00:00,116.57,116.57,115.2874,115.785,178146.0,115.8844,2077.0
2018-10-08 14:00:00+00:00,115.75,117.05,115.23,116.78,423332.0,116.4221,4150.0
2018-10-08 15:00:00+00:00,116.78,116.82,115.77,115.99,248344.0,116.2638,2724.0
2018-10-08 16:00:00+00:00,116.0,116.16,115.47,115.54,142726.0,115.8139,2039.0
2018-10-08 17:00:00+00:00,115.54,115.75,115.15,115.22,262888.0,115.5427,2953.0
2018-10-08 18:00:00+00:00,115.2,116.19,115.2,116.075,340839.0,115.7611,3667.0
2018-10-08 19:00:00+00:00,116.06,116.39,116.03,116.18,380589.0,116.2233,4741.0
2018-10-08 20:00:00+00:00,116.18,116.18,116.18,116.18,245601.0,116.18,18.0
2018-10-09 12:00:00+00:00,116.56,117.06,116.5,117.0,600.0,116.78,5.0
2018-10-09 13:00:00+00:00,117.06,117.51,115.3532,117.1,186318.0,116.5948,2200.0
2018-10-09 14:00:00+00:00,117.1,117.11,115.55,116.4,375100.0,116.1868,3588.0
2018-10-09 15:00:00+00:00,116.36,116.865,115.77,116.8,181333.0,116.2844,2444.0
2018-10-09 16:00:00+00:00,116.7763,116.92,116.38,116.395,150727.0,116.6502,1893.0
2018-10-09 17:00:00+00:00,116.37,116.87,116.18,116.63,172818.0,116.4769,2195.0
2018-10-09 18:00:00+00:00,116.58,117.07,116.34,116.35,218712.0,116.7104,2875.0
2018-10-09 19:00:00+00:00,116.35,116.41,115.37,115.67,787187.0,115.7482,7870.0
2018-10-09 20:00:00+00:00,115.66,115.66,115.66,115.66,23081.0,115.66,14.0
2018-10-10 13:00:00+00:00,116.14,116.15,114.75,114.9198,141099.0,115.5442,1493.0
2018-10-10 14:00:00+00:00,114.84,115.07,113.27,113.7,427650.0,114.3641,4006.0
2018-10-10 15:00:00+00:00,113.66,113.77,112.91,112.99,294649.0,113.2757,3441.0
2018-10-10 16:00:00+00:00,112.97,112.99,112.04,112.075,239179.0,112.5213,3057.0
2018-10-10 17:00:00+00:00,112.06,112.98,111.6301,112.68,250560.0,112.4526,3251.0
2018-10-10 18:00:00+00:00,112.69,112.75,111.5,111.67,305784.0,112.0314,4031.0
2018-10-10 19:00:00+00:00,111.57,111.73,110.75,110.86,883781.0,111.1539,9698.0
2018-10-10 20:00:00+00:00,110.84,110.84,110.2,110.32,23657.0,110.8307,23.0
2018-10-10 21:00:00+00:00,110.9,110.9,110.9,110.9,403.0,110.7136,5.0
2018-10-10 22:00:00+00:00,110.84,110.84,110.84,110.84,200.0,110.84,1.0
2018-10-10 23:00:00+00:00,110.84,110.84,110.84,110.84,200.0,110.84,2.0
2018-10-11 11:00:00+00:00,109.27,109.27,109.0,109.0,1101.0,109.142,5.0
2018-10-11 12:00:00+00:00,107.87,108.91,107.87,108.91,300.0,108.5549,4.0
2018-10-11 13:00:00+00:00,109.7999,111.26,109.25,111.23,281149.0,110.1319,2883.0
2018-10-11 14:00:00+00:00,111.24,111.3816,108.37,108.6,492680.0,109.3094,5092.0
2018-10-11 15:00:00+00:00,108.7,109.13,107.9,108.9,424377.0,108.4986,4594.0
2018-10-11 16:00:00+00:00,108.93,109.815,108.58,109.23,323268.0,109.2098,3859.0
2018-10-11 17:00:00+00:00,109.23,109.29,108.28,108.65,132934.0,108.7914,1998.0
2018-10-11 18:00:00+00:00,108.655,108.72,106.32,107.16,474767.0,107.6446,5063.0
2018-10-11 19:00:00+00:00,107.16,108.32,106.72,106.9,1001550.0,107.4143,11310.0
2018-10-11 20:00:00+00:00,106.89,108.3,106.89,108.3,48798.0,106.921,20.0
2018-10-11 23:00:00+00:00,107.75,107.75,107.75,107.75,100.0,107.75,1.0
2018-10-12 11:00:00+00:00,108.5,108.5,108.5,108.5,100.0,108.5,1.0
2018-10-12 12:00:00+00:00,109.0,109.0,109.0,109.0,200.0,109.0,1.0
2018-10-12 13:00:00+00:00,109.23,109.23,107.5,108.215,219719.0,108.0878,2199.0
2018-10-12 14:00:00+00:00,108.205,108.56,107.28,107.96,548378.0,107.8345,5973.0
2018-10-12 15:00:00+00:00,107.99,108.25,107.58,108.06,417619.0,107.8931,4502.0
2018-10-12 16:00:00+00:00,108.06,108.16,106.55,107.2,454420.0,107.6093,5131.0
2018-10-12 17:00:00+00:00,107.2,107.36,106.54,107.14,331851.0,107.0618,3900.0
2018-10-12 18:00:00+00:00,107.13,107.45,106.54,107.33,350946.0,107.0444,4177.0
2018-10-12 19:00:00+00:00,107.315,108.6,107.11,108.21,625359.0,108.1544,7895.0
2018-10-12 20:00:00+00:00,108.25,108.25,108.22,108.22,32653.0,108.2499,31.0
2018-10-15 13:00:00+00:00,108.24,108.4,105.97,105.97,165129.0,107.1927,1526.0
2018-10-15 14:00:00+00:00,106.005,106.03,104.73,105.195,666778.0,105.3062,5183.0
2018-10-15 15:00:00+00:00,105.16,105.72,104.53,104.64,497634.0,105.2594,3911.0
2018-10-15 16:00:00+00:00,104.65,104.95,104.335,104.77,375808.0,104.7038,3534.0
2018-10-15 17:00:00+00:00,104.83,104.96,104.2,104.38,350698.0,104.4787,3696.0
2018-10-15 18:00:00+00:00,104.4,104.52,104.02,104.29,412954.0,104.3558,3748.0
2018-10-15 19:00:00+00:00,104.31,104.39,103.6801,103.78,787561.0,104.0783,8427.0
2018-10-15 20:00:00+00:00,103.79,103.79,103.79,103.79,64925.0,103.79,29.0
2018-10-15 21:00:00+00:00,103.68,103.68,103.68,103.68,100.0,103.68,1.0
2018-10-15 22:00:00+00:00,103.7,104.55,103.7,104.01,101070.0,103.8017,21.0
2018-10-15 23:00:00+00:00,104.3,104.3,104.3,104.3,500.0,104.3,1.0
2018-10-16 12:00:00+00:00,103.85,103.85,103.85,103.85,750.0,103.86,2.0
2018-10-16 13:00:00+00:00,104.41,105.49,103.98,104.7114,355299.0,104.8319,2471.0
2018-10-16 14:00:00+00:00,104.71,105.56,104.32,105.56,385135.0,104.835,4111.0
2018-10-16 15:00:00+00:00,105.6,105.79,105.35,105.66,193364.0,105.596,2464.0
2018-10-16 16:00:00+00:00,105.68,105.78,105.32,105.7,133823.0,105.5691,2048.0
2018-10-16 17:00:00+00:00,105.7,106.19,105.61,105.85,187330.0,105.9264,2550.0
2018-10-16 18:00:00+00:00,105.89,106.03,105.57,105.61,177423.0,105.847,2614.0
2018-10-16 19:00:00+00:00,105.6199,106.1,105.5,105.89,454156.0,105.8311,5962.0
2018-10-16 20:00:00+00:00,105.91,105.91,105.89,105.89,50345.0,105.9088,23.0
2018-10-16 21:00:00+00:00,106.18,106.18,106.18,106.18,500.0,106.18,1.0
2018-10-16 22:00:00+00:00,106.18,106.18,106.18,106.18,200.0,106.18,2.0
2018-10-17 13:00:00+00:00,106.0,106.1,105.03,105.03,225907.0,105.6744,2321.0
2018-10-17 14:00:00+00:00,105.03,105.31,103.7,104.03,510291.0,104.5277,4849.0
2018-10-17 15:00:00+00:00,104.01,104.75,103.87,104.065,363359.0,104.3272,4029.0
2018-10-17 16:00:00+00:00,104.07,104.26,103.75,104.08,334121.0,103.9855,3854.0
2018-10-17 17:00:00+00:00,104.08,104.53,103.99,104.53,372920.0,104.2363,3914.0
2018-10-17 18:00:00+00:00,104.49,104.49,103.54,103.92,290333.0,104.0004,3504.0
2018-10-17 19:00:00+00:00,103.91,104.3,103.28,103.68,907095.0,103.7063,9760.0
2018-10-17 20:00:00+00:00,103.74,103.74,103.65,103.65,60907.0,103.7397,18.0
2018-10-18 12:00:00+00:00,103.3,103.3,103.3,103.3,100.0,103.3,1.0
2018-10-18 13:00:00+00:00,102.72,103.34,101.32,102.98,523916.0,102.2802,3883.0
2018-10-18 14:00:00+00:00,102.96,104.78,102.86,104.55,636483.0,103.7597,6082.0
2018-10-18 15:00:00+00:00,104.5437,104.85,104.08,104.3,502654.0,104.4736,5029.0
2018-10-18 16:00:00+00:00,104.25,104.59,103.86,104.42,335579.0,104.2827,3888.0
2018-10-18 17:00:00+00:00,104.4,104.51,103.4,103.67,368686.0,103.7997,4109.0
2018-10-18 18:00:00+00:00,103.675,104.17,103.49,103.65,408575.0,103.7297,4495.0
2018-10-18 19:00:00+00:00,103.68,103.71,102.92,103.37,754803.0,103.2549,9183.0
2018-10-18 20:00:00+00:00,103.39,103.98,103.39,103.98,159489.0,103.3909,19.0
2018-10-19 11:00:00+00:00,102.5,102.5,100.55,100.55,5106.0,101.5643,39.0
2018-10-19 12:00:00+00:00,100.9999,100.9999,99.24,99.5001,14157.0,100.1549,103.0
2018-10-19 13:00:00+00:00,99.5,100.29,93.54,93.75,2237769.0,95.7884,15396.0
2018-10-19 14:00:00+00:00,93.76,95.27,92.85,95.17,2248741.0,93.9974,17516.0
2018-10-19 15:00:00+00:00,95.19,97.36,95.15,96.0604,1515096.0,96.0874,12831.0
2018-10-19 16:00:00+00:00,96.05,96.26,94.1501,94.51,767565.0,94.9122,7486.0
2018-10-19 17:00:00+00:00,94.5,94.93,94.0,94.251,808117.0,94.3539,6688.0
2018-10-19 18:00:00+00:00,94.22,94.32,93.4,93.65,944959.0,93.8366,8862.0
2018-10-19 19:00:00+00:00,93.67,93.74,92.5,92.72,2305121.0,92.8652,18148.0
2018-10-19 20:00:00+00:00,92.75,92.76,92.66,92.69,3177.0,92.7297,13.0
2018-10-19 21:00:00+00:00,92.47,92.47,92.47,92.47,270.0,92.4749,7.0
2018-10-19 22:00:00+00:00,93.05,93.1,93.05,93.1,656.0,93.071,3.0
2018-10-22 11:00:00+00:00,93.9,94.2,93.9,94.0,890.0,94.0567,11.0
2018-10-22 12:00:00+00:00,94.0,94.0,94.0,94.0,128.0,93.9256,2.0
2018-10-22 13:00:00+00:00,93.58,93.64,92.04,92.95,645832.0,92.6894,4656.0
2018-10-22 14:00:00+00:00,92.88,92.915,91.0975,91.23,1030173.0,91.8587,8023.0
2018-10-22 15:00:00+00:00,91.21,92.91,91.11,92.0646,674573.0,92.1215,5953.0
2018-10-22 16:00:00+00:00,92.08,92.47,91.97,92.29,355936.0,92.2004,3941.0
2018-10-22 17:00:00+00:00,92.26,92.62,92.17,92.19,302230.0,92.4485,3173.0
2018-10-22 18:00:00+00:00,92.185,92.915,92.185,92.84,274301.0,92.4648,3444.0
2018-10-22 19:00:00+00:00,92.83,93.06,92.58,92.83,907825.0,92.8594,8826.0
2018-10-22 20:00:00+00:00,92.85,92.85,92.85,92.85,11477.0,92.85,4.0
2018-10-22 21:00:00+00:00,92.85,92.85,92.85,92.85,120.0,92.85,1.0
2018-10-23 11:00:00+00:00,91.0,91.0,91.0,91.0,200.0,91.0,1.0
2018-10-23 12:00:00+00:00,90.55,90.55,90.55,90.55,383.0,90.6003,7.0
2018-10-23 13:00:00+00:00,91.3,91.3,88.81,89.4748,571845.0,89.846,4367.0
2018-10-23 14:00:00+00:00,89.42,89.55,87.93,88.62,1014456.0,88.4768,7910.0
2018-10-23 15:00:00+00:00,88.65,91.87,88.4,91.19,1573202.0,90.464,11866.0
2018-10-23 16:00:00+00:00,91.21,92.05,90.75,91.01,594924.0,91.4372,6385.0
2018-10-23 17:00:00+00:00,90.95,92.02,90.87,91.17,448684.0,91.4154,5245.0
2018-10-23 18:00:00+00:00,91.2128,92.15,91.18,91.77,519517.0,91.8233,5099.0
2018-10-23 19:00:00+00:00,91.76,92.12,91.41,91.65,1098564.0,91.7636,12004.0
2018-10-23 20:00:00+00:00,91.66,91.66,90.7,90.7,75626.0,91.6587,22.0
2018-10-23 21:00:00+00:00,91.67,91.75,91.67,91.75,835.0,91.7404,3.0
2018-10-23 22:00:00+00:00,91.11,91.66,91.11,91.66,550.0,91.4872,5.0
2018-10-24 13:00:00+00:00,91.55,92.15,90.0,90.215,463389.0,90.5947,3769.0
2018-10-24 14:00:00+00:00,90.17,90.22,88.97,89.02,1074349.0,89.713,9075.0
2018-10-24 15:00:00+00:00,89.04,89.12,87.2,88.03,761631.0,88.0023,7017.0
2018-10-24 16:00:00+00:00,88.03,89.14,86.6,88.87,950026.0,87.6718,7251.0
2018-10-24 17:00:00+00:00,88.875,89.02,87.5,87.63,513240.0,88.1488,5551.0
2018-10-24 18:00:00+00:00,87.625,88.69,87.44,88.1,586236.0,88.1772,6326.0
2018-10-24 19:00:00+00:00,88.11,88.11,86.33,86.69,1394982.0,87.257,14616.0
2018-10-24 20:00:00+00:00,86.69,86.92,86.69,86.92,42828.0,86.6958,35.0
2018-10-24 21:00:00+00:00,88.5,88.5,87.2,87.2,1420.0,87.5258,4.0
2018-10-24 22:00:00+00:00,87.5,87.5,87.5,87.5,100.0,87.5,1.0
2018-10-25 10:00:00+00:00,88.94,91.78,86.69,86.69,550.0,88.9618,4.0
2018-10-25 11:00:00+00:00,89.5,89.5,88.95,89.5,601.0,89.316,7.0
2018-10-25 12:00:00+00:00,89.9,89.9766,89.0,89.24,1458.0,89.4169,13.0
2018-10-25 13:00:00+00:00,88.7,89.815,87.05,87.79,631006.0,88.4563,5507.0
2018-10-25 14:00:00+00:00,87.67,89.13,87.09,87.85,989520.0,87.981,9426.0
2018-10-25 15:00:00+00:00,87.83,87.88,86.55,86.66,646210.0,87.3386,6584.0
2018-10-25 16:00:00+00:00,86.65,87.4404,86.11,87.09,441426.0,86.7932,4646.0
2018-10-25 17:00:00+00:00,87.13,87.23,85.95,86.45,496693.0,86.2989,4963.0
2018-10-25 18:00:00+00:00,86.43,87.3,86.1,87.23,615809.0,86.5736,5420.0
2018-10-25 19:00:00+00:00,87.24,87.92,86.94,87.37,996913.0,87.3517,10100.0
2018-10-25 20:00:00+00:00,87.38,87.38,86.87,86.88,57422.0,87.3782,28.0
2018-10-26 11:00:00+00:00,85.0,85.0,85.0,85.0,100.0,85.0,1.0
2018-10-26 12:00:00+00:00,85.0,87.0,85.0,87.0,875.0,85.9126,7.0
2018-10-26 13:00:00+00:00,87.78,87.78,83.52,84.045,661720.0,84.5691,5804.0
2018-10-26 14:00:00+00:00,84.01,85.48,82.64,85.0,947329.0,84.1503,9344.0
2018-10-26 15:00:00+00:00,85.02,86.54,84.91,86.35,995842.0,85.6958,8668.0
2018-10-26 16:00:00+00:00,86.37,87.23,86.23,86.555,905275.0,86.7435,7746.0
2018-10-26 17:00:00+00:00,86.54,87.22,86.44,86.66,700415.0,86.8918,7733.0
2018-10-26 18:00:00+00:00,86.66,86.76,85.57,85.76,718139.0,86.2307,6533.0
2018-10-26 19:00:00+00:00,85.73,86.37,85.36,85.8,1131988.0,85.8427,12508.0
2018-10-26 20:00:00+00:00,85.79,85.8,85.72,85.8,422628.0,85.79,25.0
2018-10-29 13:00:00+00:00,86.39,88.52,86.38,88.0507,451796.0,87.6006,3692.0
2018-10-29 14:00:00+00:00,88.07,89.13,88.05,88.35,595197.0,88.5818,5999.0
2018-10-29 15:00:00+00:00,88.36,89.17,88.07,88.7874,558218.0,88.6307,5856.0
2018-10-29 16:00:00+00:00,88.79,89.11,88.29,88.65,681268.0,88.556,5257.0
2018-10-29 17:00:00+00:00,88.66,89.42,88.65,89.19,497193.0,89.1079,5089.0
2018-10-29 18:00:00+00:00,89.1592,89.22,87.02,87.15,639875.0,88.2117,6705.0
2018-10-29 19:00:00+00:00,87.135,87.51,86.16,87.42,1304424.0,86.9325,13180.0
2018-10-29 20:00:00+00:00,87.38,87.38,87.38,87.38,241096.0,87.3845,24.0
2018-10-29 21:00:00+00:00,87.38,87.38,87.38,87.38,1005.0,87.38,1.0
2018-10-29 23:00:00+00:00,87.55,87.55,87.55,87.55,100.0,87.55,1.0
2018-10-30 12:00:00+00:00,89.0,89.0,88.68,88.68,450.0,88.9168,3.0
2018-10-30 13:00:00+00:00,87.76,89.95,87.67,89.88,614041.0,88.9744,5525.0
2018-10-30 14:00:00+00:00,89.86,90.18,88.31,89.115,1075248.0,89.3506,10800.0
2018-10-30 15:00:00+00:00,89.14,90.24,88.87,89.48,638224.0,89.4707,6739.0
2018-10-30 16:00:00+00:00,89.51,89.83,89.04,89.14,392665.0,89.4617,4503.0
2018-10-30 17:00:00+00:00,89.1,89.29,88.44,88.83,459399.0,88.8045,4888.0
2018-10-30 18:00:00+00:00,88.86,89.97,88.5295,89.805,491485.0,89.0746,5524.0
2018-10-30 19:00:00+00:00,89.85,90.43,89.55,90.1,1097896.0,90.1152,11343.0
2018-10-30 20:00:00+00:00,90.1,90.1,90.0,90.0,94166.0,90.0995,42.0
2018-10-30 22:00:00+00:00,90.29,90.79,90.29,90.79,1322.0,90.3333,7.0
2018-10-30 23:00:00+00:00,90.72,90.72,90.72,90.72,300.0,90.72,1.0
2018-10-31 12:00:00+00:00,90.8,90.8,90.8,90.8,1000.0,90.8,1.0
2018-10-31 13:00:00+00:00,91.5,92.59,91.1,91.62,511419.0,91.6136,5074.0
2018-10-31 14:00:00+00:00,91.59,93.82,91.46,92.82,1114488.0,92.8726,10646.0
2018-10-31 15:00:00+00:00,92.83,93.5035,92.55,92.91,566925.0,93.0611,7420.0
2018-10-31 16:00:00+00:00,92.92,92.94,92.12,92.29,351724.0,92.501,4493.0
2018-10-31 17:00:00+00:00,92.34,92.87,92.32,92.5787,336081.0,92.569,4133.0
2018-10-31 18:00:00+00:00,92.6,92.655,92.08,92.37,487848.0,92.3418,6282.0
2018-10-31 19:00:00+00:00,92.36,92.59,91.02,91.12,1429792.0,91.6764,15582.0
2018-10-31 20:00:00+00:00,91.23,92.0,91.09,91.55,95218.0,91.123,53.0
2018-10-31 22:00:00+00:00,91.09,91.09,91.09,91.09,2083.0,91.09,1.0
2018-10-31 23:00:00+00:00,92.0,92.0,92.0,92.0,610.0,91.9998,6.0
2018-11-01 11:00:00+00:00,92.11,92.39,92.11,92.2,1900.0,92.1295,6.0
2018-11-01 12:00:00+00:00,92.4,92.5,92.4,92.5,9540.0,92.4949,9.0
2018-11-01 13:00:00+00:00,92.35,92.53,90.3119,91.729,419020.0,91.2969,4044.0
2018-11-01 14:00:00+00:00,91.55,92.39,91.14,92.02,497048.0,91.884,6346.0
2018-11-01 15:00:00+00:00,92.04,92.09,91.205,91.205,540087.0,91.6911,5264.0
2018-11-01 16:00:00+00:00,91.18,91.93,90.96,91.73,319414.0,91.5293,3846.0
2018-11-01 17:00:00+00:00,91.72,92.53,91.52,92.53,310791.0,92.0434,3911.0
2018-11-01 18:00:00+00:00,92.52,93.34,92.24,92.99,537767.0,92.7954,5921.0
2018-11-01 19:00:00+00:00,92.98,93.14,92.42,92.51,1175552.0,92.7984,12469.0
2018-11-01 20:00:00+00:00,92.0716,92.51,92.0716,92.51,129179.0,92.4642,30.0
2018-11-01 21:00:00+00:00,91.5,91.5,91.5,91.5,100.0,91.5,1.0
2018-11-02 12:00:00+00:00,95.1,95.1,92.71,92.71,300.0,94.218,4.0
2018-11-02 13:00:00+00:00,92.72,94.72,92.72,94.55,335860.0,94.0426,3072.0
2018-11-02 14:00:00+00:00,94.545,94.55,92.24,93.36,599286.0,93.6617,6361.0
2018-11-02 15:00:00+00:00,93.3,93.335,92.13,92.21,487454.0,92.6014,5999.0
2018-11-02 16:00:00+00:00,92.24,92.26,91.07,91.27,422962.0,91.7055,5046.0
2018-11-02 17:00:00+00:00,91.25,91.59,90.92,91.495,352994.0,91.248,4174.0
2018-11-02 18:00:00+00:00,91.51,91.98,91.07,91.68,322301.0,91.4573,4052.0
2018-11-02 19:00:00+00:00,91.69,91.96,91.36,91.8,639750.0,91.7466,7613.0
2018-11-02 20:00:00+00:00,92.3374,92.3374,91.83,91.83,39444.0,91.8314,21.0
2018-11-02 22:00:00+00:00,91.82,91.82,91.82,91.82,100.0,91.82,1.0
2018-11-05 14:00:00+00:00,92.21,93.375,90.75,90.83,279506.0,91.9741,2744.0
2018-11-05 15:00:00+00:00,90.86,91.17,89.93,90.8,421085.0,90.5683,5043.0
2018-11-05 16:00:00+00:00,90.79,91.02,90.19,90.3712,328788.0,90.5404,3544.0
2018-11-05 17:00:00+00:00,90.39,90.44,89.87,90.4,295250.0,90.1684,3453.0
2018-11-05 18:00:00+00:00,90.375,91.48,90.31,91.37,317514.0,90.9101,3134.0
2018-11-05 19:00:00+00:00,91.4,91.77,91.19,91.29,270458.0,91.4511,3326.0
2018-11-05 20:00:00+00:00,91.3,91.61,90.98,91.16,634338.0,91.2088,7714.0
2018-11-05 21:00:00+00:00,91.15,91.15,90.8749,91.15,290774.0,91.1499,35.0
2018-11-05 23:00:00+00:00,91.15,91.15,91.15,91.15,6321.0,91.15,1.0
2018-11-06 13:00:00+00:00,91.15,91.15,91.15,91.15,19270.0,91.15,1.0
2018-11-06 14:00:00+00:00,91.16,91.53,89.92,90.48,281065.0,90.5195,2875.0
2018-11-06 15:00:00+00:00,90.48,91.45,90.33,91.23,336887.0,91.1006,3703.0
2018-11-06 16:00:00+00:00,91.25,91.3951,90.5,90.61,270797.0,90.812,3310.0
2018-11-06 17:00:00+00:00,90.67,91.44,90.5,91.23,247875.0,90.8876,2823.0
2018-11-06 18:00:00+00:00,91.27,91.81,91.09,91.5,258843.0,91.477,3564.0
2018-11-06 19:00:00+00:00,91.527,91.73,91.11,91.11,296721.0,91.5088,3389.0
2018-11-06 20:00:00+00:00,91.08,91.37,90.87,91.28,605522.0,91.1344,6666.0
2018-11-06 21:00:00+00:00,91.2,91.28,91.2,91.28,33066.0,91.2742,21.0
2018-11-07 13:00:00+00:00,92.3,92.3,92.3,92.3,100.0,92.3,1.0
2018-11-07 14:00:00+00:00,92.04,92.44,90.71,90.93,313707.0,91.6072,2956.0
2018-11-07 15:00:00+00:00,90.92,91.36,90.07,90.08,752430.0,90.741,7350.0
2018-11-07 16:00:00+00:00,90.0845,91.81,90.055,91.69,341860.0,90.8364,3568.0
2018-11-07 17:00:00+00:00,91.77,92.07,91.5,91.95,247818.0,91.7747,2648.0
2018-11-07 18:00:00+00:00,91.96,92.155,91.44,91.66,268360.0,91.7972,2851.0
2018-11-07 19:00:00+00:00,91.66,92.295,91.65,92.01,239915.0,91.9418,3314.0
2018-11-07 20:00:00+00:00,91.99,92.73,91.99,92.55,791067.0,92.5342,8449.0
2018-11-07 21:00:00+00:00,92.59,92.59,91.5316,92.59,321887.0,92.5895,39.0
2018-11-08 13:00:00+00:00,92.44,92.44,92.44,92.44,100.0,92.44,1.0
2018-11-08 14:00:00+00:00,92.36,92.77,91.27,91.53,324342.0,91.8576,3349.0
2018-11-08 15:00:00+00:00,91.57,91.95,91.01,91.23,789649.0,91.2555,7600.0
2018-11-08 16:00:00+00:00,91.25,91.45,90.27,90.2701,560024.0,90.8932,5945.0
2018-11-08 17:00:00+00:00,90.28,90.28,89.735,89.86,491509.0,89.9832,4829.0
2018-11-08 18:00:00+00:00,89.86,90.59,89.85,90.3,423576.0,90.2255,4161.0
2018-11-08 19:00:00+00:00,90.3,90.32,88.91,89.0,697440.0,89.5186,7902.0
2018-11-08 20:00:00+00:00,88.99,89.01,88.06,88.74,1728804.0,88.6327,16059.0
2018-11-08 21:00:00+00:00,88.7,89.1411,88.7,88.7,304787.0,88.715,33.0
2018-11-08 22:00:00+00:00,88.7,88.7,88.7,88.7,236.0,88.7,1.0
2018-11-08 23:00:00+00:00,88.99,88.99,88.99,88.99,100.0,88.99,1.0
2018-11-09 00:00:00+00:00,88.85,88.85,88.85,88.85,100.0,88.85,1.0
2018-11-09 12:00:00+00:00,88.1,88.11,88.1,88.1,537.0,88.1019,5.0
2018-11-09 13:00:00+00:00,88.65,88.65,88.0,88.0,1533.0,88.0957,9.0
2018-11-09 14:00:00+00:00,87.83,87.91,86.72,86.91,492701.0,87.2566,3479.0
2018-11-09 15:00:00+00:00,86.9,87.76,86.48,87.6,801405.0,87.2101,6722.0
2018-11-09 16:00:00+00:00,87.64,88.2707,87.37,87.58,408716.0,87.8213,5450.0
2018-11-09 17:00:00+00:00,87.63,88.1917,87.63,87.9,288411.0,87.9159,3359.0
2018-11-09 18:00:00+00:00,87.9,87.9,87.37,87.56,346658.0,87.5997,4709.0
2018-11-09 19:00:00+00:00,87.54,87.75,87.2534,87.66,644944.0,87.5066,6462.0
2018-11-09 20:00:00+00:00,87.67,88.27,87.54,87.58,1042872.0,87.8638,11398.0
2018-11-09 21:00:00+00:00,87.58,87.6104,87.58,87.6104,157623.0,87.5931,31.0
2018-11-09 23:00:00+00:00,87.7,87.7,87.7,87.7,100.0,87.7,1.0
2018-11-12 14:00:00+00:00,88.1,88.23,86.48,86.86,397094.0,87.2938,2663.0
2018-11-12 15:00:00+00:00,86.79,87.57,86.46,86.72,312955.0,87.004,3380.0
2018-11-12 16:00:00+00:00,86.635,86.895,85.92,86.2,600881.0,86.3103,5043.0
2018-11-12 17:00:00+00:00,86.17,86.499,85.99,86.34,302783.0,86.2771,3831.0
2018-11-12 18:00:00+00:00,86.36,86.61,85.94,86.39,342409.0,86.2039,3221.0
2018-11-12 19:00:00+00:00,86.39,87.21,86.38,86.67,261430.0,86.7687,3468.0
2018-11-12 20:00:00+00:00,86.66,86.805,85.76,85.96,848992.0,86.1173,8969.0
2018-11-12 21:00:00+00:00,85.97,85.97,85.95,85.95,265622.0,85.97,28.0
2018-11-12 22:00:00+00:00,86.0,86.0,85.9,85.9,300.0,85.9385,4.0
2018-11-12 23:00:00+00:00,86.0,86.0,86.0,86.0,200.0,86.0,1.0
2018-11-13 13:00:00+00:00,86.11,86.11,86.11,86.11,100.0,86.11,1.0
2018-11-13 14:00:00+00:00,86.11,86.11,84.75,85.2,355268.0,85.3922,3894.0
2018-11-13 15:00:00+00:00,85.18,85.23,84.31,85.04,401473.0,84.7275,4442.0
2018-11-13 16:00:00+00:00,85.02,85.98,85.0,85.83,299886.0,85.5635,3987.0
2018-11-13 17:00:00+00:00,85.85,86.0,85.36,85.41,578007.0,85.5044,6024.0
2018-11-13 18:00:00+00:00,85.4,85.44,84.08,84.17,414037.0,84.7272,4936.0
2018-11-13 19:00:00+00:00,84.17,84.33,83.14,83.56,565105.0,83.672,6487.0
2018-11-13 20:00:00+00:00,83.58,83.9213,83.32,83.59,876912.0,83.6518,9833.0
2018-11-13 21:00:00+00:00,83.57,83.75,83.57,83.57,279651.0,83.5702,36.0
2018-11-13 22:00:00+00:00,83.9,83.9,83.9,83.9,1102.0,83.9,3.0
2018-11-13 23:00:00+00:00,83.9,83.9,83.9,83.9,985.0,83.9,3.0
2018-11-14 12:00:00+00:00,84.75,84.75,84.75,84.75,100.0,84.75,1.0
2018-11-14 13:00:00+00:00,84.13,84.28,84.13,84.28,3460.0,84.169,15.0
2018-11-14 14:00:00+00:00,84.2799,85.01,83.79,84.15,500618.0,84.4163,4484.0
2018-11-14 15:00:00+00:00,84.1515,84.18,82.67,83.255,1122974.0,83.4449,10018.0
2018-11-14 16:00:00+00:00,83.235,83.275,82.02,82.59,805391.0,82.6075,6513.0
2018-11-14 17:00:00+00:00,82.54,82.91,82.33,82.44,410504.0,82.5872,4586.0
2018-11-14 18:00:00+00:00,82.46,82.63,81.54,81.88,410025.0,82.1373,4137.0
2018-11-14 19:00:00+00:00,81.85,82.25,81.25,82.2477,719491.0,81.5898,6903.0
2018-11-14 20:00:00+00:00,82.24,82.63,82.19,82.32,824436.0,82.4178,8684.0
2018-11-14 21:00:00+00:00,82.34,82.34,82.2,82.2,293516.0,82.3399,28.0
2018-11-14 22:00:00+00:00,82.5,82.5,82.5,82.5,300.0,82.5,1.0
2018-11-15 12:00:00+00:00,82.7,82.7,82.7,82.7,100.0,82.7,1.0
2018-11-15 13:00:00+00:00,82.47,82.47,82.45,82.45,800.0,82.4794,7.0
2018-11-15 14:00:00+00:00,82.34,82.96,80.88,82.71,531700.0,82.2952,3887.0
2018-11-15 15:00:00+00:00,82.68,82.9,81.7,82.38,620643.0,82.3638,6460.0
2018-11-15 16:00:00+00:00,82.47,83.25,82.02,83.02,620030.0,82.603,6406.0
2018-11-15 17:00:00+00:00,83.03,83.3,82.5575,82.65,293405.0,82.9472,3748.0
2018-11-15 18:00:00+00:00,82.65,83.47,82.51,83.28,380736.0,83.0112,4847.0
2018-11-15 19:00:00+00:00,83.31,83.4916,82.85,83.18,361557.0,83.2136,4680.0
2018-11-15 20:00:00+00:00,83.19,83.3841,82.6,83.26,719455.0,83.152,8744.0
2018-11-15 21:00:00+00:00,83.27,83.27,83.27,83.27,214781.0,83.2698,28.0
2018-11-16 00:00:00+00:00,83.59,83.59,83.59,83.59,600.0,83.59,4.0
2018-11-16 13:00:00+00:00,83.0,83.0,83.0,83.0,557.0,83.0022,5.0
2018-11-16 14:00:00+00:00,83.66,84.36,83.27,83.7875,396148.0,83.684,2715.0
2018-11-16 15:00:00+00:00,83.82,84.1,83.55,83.73,350113.0,83.8059,3913.0
2018-11-16 16:00:00+00:00,83.74,83.84,83.1293,83.34,281032.0,83.4522,3101.0
2018-11-16 17:00:00+00:00,83.35,84.11,83.03,83.7679,348318.0,83.5177,3669.0
2018-11-16 18:00:00+00:00,83.73,83.79,83.23,83.4201,259479.0,83.4614,2842.0
2018-11-16 19:00:00+00:00,83.45,84.095,83.39,83.82,420325.0,83.6545,3843.0
2018-11-16 20:00:00+00:00,83.83,84.49,83.7986,83.95,870978.0,84.117,8414.0
2018-11-16 21:00:00+00:00,83.95,83.95,83.95,83.95,20725.0,83.95,27.0
2018-11-16 22:00:00+00:00,84.0,84.0,84.0,84.0,500.0,84.0,1.0
2018-11-16 23:00:00+00:00,84.0,84.0,84.0,84.0,230.0,84.0,1.0
2018-11-19 13:00:00+00:00,84.0,84.0,82.9,82.9,2725.0,83.1224,14.0
2018-11-19 14:00:00+00:00,82.76,82.86,81.555,82.07,239834.0,82.1232,2131.0
2018-11-19 15:00:00+00:00,82.07,82.75,81.89,82.5,403566.0,82.4567,4062.0
2018-11-19 16:00:00+00:00,82.51,82.64,81.02,81.13,351323.0,81.8675,3575.0
2018-11-19 17:00:00+00:00,81.1,81.47,80.84,81.33,418894.0,81.1892,4015.0
2018-11-19 18:00:00+00:00,81.33,81.33,79.79,79.79,680599.0,80.4379,6565.0
2018-11-19 19:00:00+00:00,79.82,80.46,79.53,80.44,572327.0,79.8774,5304.0
2018-11-19 20:00:00+00:00,80.425,80.8154,80.19,80.69,893490.0,80.4732,8647.0
2018-11-19 21:00:00+00:00,80.69,80.7,80.69,80.69,29600.0,80.6901,35.0
2018-11-19 22:00:00+00:00,81.0,81.48,81.0,81.18,2637.0,81.2702,24.0
2018-11-19 23:00:00+00:00,81.19,81.19,80.69,81.0,6536.0,80.7633,11.0
2018-11-20 00:00:00+00:00,80.96,80.96,80.76,80.76,1152.0,80.9107,9.0
2018-11-20 12:00:00+00:00,80.06,80.06,79.9,79.9,300.0,79.9867,3.0
2018-11-20 13:00:00+00:00,79.49,80.59,79.29,80.59,674.0,79.9511,8.0
2018-11-20 14:00:00+00:00,79.21,79.57,78.02,78.97,621868.0,78.8862,4290.0
2018-11-20 15:00:00+00:00,78.98,80.5156,78.0,80.5156,723734.0,79.2001,6906.0
2018-11-20 16:00:00+00:00,80.47,80.7,79.57,79.932,572078.0,80.0008,5453.0
2018-11-20 17:00:00+00:00,79.89,80.02,78.94,79.075,370547.0,79.3807,4193.0
2018-11-20 18:00:00+00:00,79.06,79.26,78.56,78.8,426759.0,78.8669,4424.0
2018-11-20 19:00:00+00:00,78.74,79.12,78.48,78.57,520720.0,78.7829,5547.0
2018-11-20 20:00:00+00:00,78.58,78.92,78.02,78.64,1453243.0,78.5683,12863.0
2018-11-20 21:00:00+00:00,78.61,78.61,78.61,78.61,406457.0,78.61,30.0
2018-11-20 22:00:00+00:00,78.6,78.6,78.6,78.6,995.0,78.6,1.0
2018-11-21 00:00:00+00:00,78.6,78.6,78.6,78.6,235.0,78.6,2.0
2018-11-21 12:00:00+00:00,79.6,79.6,79.6,79.6,100.0,79.6,1.0
2018-11-21 13:00:00+00:00,79.84,79.84,79.6,79.71,925.0,79.6611,5.0
2018-11-21 14:00:00+00:00,79.57,79.57,78.61,79.04,295805.0,79.0403,2962.0
2018-11-21 15:00:00+00:00,79.01,79.68,78.49,79.5607,589216.0,78.9919,5768.0
2018-11-21 16:00:00+00:00,79.55,80.54,79.42,80.45,333166.0,79.9834,3551.0
2018-11-21 17:00:00+00:00,80.48,80.64,79.8,80.09,324251.0,80.1788,3186.0
2018-11-21 18:00:00+00:00,80.0906,80.46,79.96,79.98,204805.0,80.1989,2531.0
2018-11-21 19:00:00+00:00,79.9859,80.04,79.71,79.9073,200405.0,79.8946,2468.0
2018-11-21 20:00:00+00:00,79.92,80.03,79.17,79.21,944590.0,79.5241,8828.0
2018-11-21 21:00:00+00:00,79.2,79.2,79.2,79.2,522334.0,79.2,22.0
2018-11-23 12:00:00+00:00,78.29,78.52,78.19,78.5,3670.0,78.4785,23.0
2018-11-23 13:00:00+00:00,78.21,78.21,77.94,78.0,1739.0,78.0293,17.0
2018-11-23 14:00:00+00:00,78.2,78.29,77.28,77.61,396270.0,77.7452,3450.0
2018-11-23 15:00:00+00:00,77.59,78.0,77.15,77.3292,440173.0,77.4961,4372.0
2018-11-23 16:00:00+00:00,77.32,77.84,77.25,77.29,397401.0,77.5192,3994.0
2018-11-23 17:00:00+00:00,77.3,77.43,77.0,77.08,653784.0,77.1835,6868.0
2018-11-23 18:00:00+00:00,77.03,77.03,77.03,77.03,200146.0,77.03,1.0
2018-11-23 21:00:00+00:00,76.7,76.7,76.7,76.7,100.0,76.7,1.0
2018-11-26 13:00:00+00:00,78.8,78.8,78.26,78.26,600.0,78.71,2.0
2018-11-26 14:00:00+00:00,77.97,79.67,77.74,79.36,374533.0,78.684,2941.0
2018-11-26 15:00:00+00:00,79.37,79.77,78.8,79.53,519093.0,79.3475,4939.0
2018-11-26 16:00:00+00:00,79.53,79.55,78.26,78.56,552288.0,78.7451,5901.0
2018-11-26 17:00:00+00:00,78.57,78.83,78.31,78.58,581155.0,78.5549,5399.0
2018-11-26 18:00:00+00:00,78.56,79.24,78.51,79.08,368295.0,78.9563,3818.0
2018-11-26 19:00:00+00:00,79.08,79.14,78.65,78.95,334721.0,78.9058,3638.0
2018-11-26 20:00:00+00:00,78.95,78.9753,78.46,78.77,719373.0,78.7182,7361.0
2018-11-26 21:00:00+00:00,78.78,78.78,78.78,78.78,73338.0,78.78,19.0
2018-11-26 23:00:00+00:00,79.31,79.31,79.31,79.31,200.0,79.31,1.0
2018-11-27 12:00:00+00:00,79.3,79.3,79.3,79.3,1000.0,79.3,3.0
2018-11-27 14:00:00+00:00,79.19,79.19,77.43,77.92,265446.0,77.992,2130.0
2018-11-27 15:00:00+00:00,77.92,78.07,77.03,77.93,403726.0,77.6139,3716.0
2018-11-27 16:00:00+00:00,77.92,78.33,77.75,78.03,495612.0,78.0562,4556.0
2018-11-27 17:00:00+00:00,78.02,78.06,77.1197,77.76,490087.0,77.5374,4500.0
2018-11-27 18:00:00+00:00,77.76,77.8338,77.16,77.39,365944.0,77.3794,3847.0
2018-11-27 19:00:00+00:00,77.37,77.96,77.34,77.64,472853.0,77.6434,4050.0
2018-11-27 20:00:00+00:00,77.63,77.78,77.28,77.43,1005476.0,77.4883,9283.0
2018-11-27 21:00:00+00:00,77.48,78.01,77.43,77.43,175888.0,77.431,29.0
2018-11-27 22:00:00+00:00,78.0,78.0,78.0,78.0,200.0,78.0,2.0
2018-11-28 13:00:00+00:00,77.5,77.5,77.5,77.5,2000.0,77.5,2.0
2018-11-28 14:00:00+00:00,77.43,77.8413,76.71,76.93,309003.0,77.1934,2275.0
2018-11-28 15:00:00+00:00,76.91,77.12,76.25,76.86,474192.0,76.7856,4185.0
2018-11-28 16:00:00+00:00,76.86,77.64,76.795,77.61,461870.0,77.3352,4466.0
2018-11-28 17:00:00+00:00,77.64,79.06,77.64,78.8,492953.0,78.5464,4950.0
2018-11-28 18:00:00+00:00,78.79,79.49,78.59,79.4,544561.0,78.9323,4151.0
2018-11-28 19:00:00+00:00,79.4347,79.55,78.8135,78.83,401900.0,79.2212,4021.0
2018-11-28 20:00:00+00:00,78.85,79.42,78.76,79.38,838997.0,79.1682,8336.0
2018-11-28 21:00:00+00:00,79.42,79.42,79.4,79.4,48003.0,79.4196,35.0
2018-11-28 23:00:00+00:00,79.5,79.5,79.42,79.42,625.0,79.4468,7.0
2018-11-29 00:00:00+00:00,79.43,79.7,79.43,79.7,800.0,79.6663,2.0
2018-11-29 12:00:00+00:00,79.17,79.17,79.15,79.15,350.0,79.1557,2.0
2018-11-29 13:00:00+00:00,79.15,79.42,79.0,79.0,955.0,79.3391,6.0
2018-11-29 14:00:00+00:00,79.4,80.205,78.95,79.33,346633.0,79.5349,2587.0
2018-11-29 15:00:00+00:00,79.35,79.39,78.34,78.64,546524.0,78.7866,5231.0
2018-11-29 16:00:00+00:00,78.6513,79.6031,78.61,79.371,483379.0,79.1659,4917.0
2018-11-29 17:00:00+00:00,79.3311,79.6469,79.07,79.62,229057.0,79.2245,2565.0
2018-11-29 18:00:00+00:00,79.63,80.12,79.34,79.9489,413263.0,79.8232,3901.0
2018-11-29 19:00:00+00:00,79.94,80.74,79.83,80.57,573841.0,80.2181,5184.0
2018-11-29 20:00:00+00:00,80.58,80.59,79.41,79.47,667430.0,79.7873,7047.0
2018-11-29 21:00:00+00:00,79.47,79.47,79.47,79.47,41176.0,79.4698,28.0
2018-11-29 22:00:00+00:00,79.47,79.47,79.47,79.47,55558.0,79.47,1.0
2018-11-30 00:00:00+00:00,79.47,79.47,79.47,79.47,1000.0,79.472,2.0
2018-11-30 12:00:00+00:00,79.48,79.48,79.48,79.48,710.0,79.48,5.0
2018-11-30 14:00:00+00:00,80.0,80.0,78.39,78.99,290645.0,78.8697,2475.0
2018-11-30 15:00:00+00:00,78.94,79.64,78.62,79.17,549606.0,79.2432,5148.0
2018-11-30 16:00:00+00:00,79.15,80.13,79.05,79.84,503241.0,79.5295,4780.0
2018-11-30 17:00:00+00:00,79.84,79.92,79.45,79.51,258686.0,79.6968,2921.0
2018-11-30 18:00:00+00:00,79.51,80.45,79.4797,80.0742,345961.0,80.0827,3588.0
2018-11-30 19:00:00+00:00,80.11,80.22,79.94,79.96,358098.0,80.0983,4181.0
2018-11-30 20:00:00+00:00,79.98,80.27,79.87,79.89,812423.0,80.0237,8476.0
2018-11-30 21:00:00+00:00,79.9,79.92,79.9,79.92,141182.0,79.8997,31.0
2018-12-03 12:00:00+00:00,81.39,82.0,81.39,82.0,4794.0,81.937,16.0
2018-12-03 13:00:00+00:00,81.875,83.0,81.39,82.0,10508.0,82.0424,35.0
2018-12-03 14:00:00+00:00,81.94,83.78,81.4,81.72,1258347.0,82.6878,9715.0
2018-12-03 15:00:00+00:00,81.77,81.98,80.75,80.81,792623.0,81.4279,7898.0
2018-12-03 16:00:00+00:00,80.81,81.24,80.13,80.175,775331.0,80.7586,7568.0
2018-12-03 17:00:00+00:00,80.19,80.35,79.53,80.17,650323.0,80.0084,6321.0
2018-12-03 18:00:00+00:00,80.19,80.84,80.18,80.66,412437.0,80.5501,4584.0
2018-12-03 19:00:00+00:00,80.65,81.41,80.395,81.07,651143.0,80.9764,6639.0
2018-12-03 20:00:00+00:00,81.07,81.65,80.94,81.3,1161828.0,81.3299,11988.0
2018-12-03 21:00:00+00:00,81.3,81.3,81.14,81.14,66862.0,81.2983,29.0
2018-12-03 23:00:00+00:00,81.6,81.69,81.6,81.69,1300.0,81.6662,5.0
2018-12-04 12:00:00+00:00,81.2,81.2,81.2,81.2,212.0,81.2,1.0
2018-12-04 13:00:00+00:00,81.55,81.75,81.55,81.75,200.0,81.65,2.0
2018-12-04 14:00:00+00:00,81.73,82.71,81.35,81.48,696235.0,81.8581,5638.0
2018-12-04 15:00:00+00:00,81.49,82.61,81.45,81.56,870584.0,82.0696,6846.0
2018-12-04 16:00:00+00:00,81.51,81.59,80.6209,80.67,631216.0,80.9852,6403.0
2018-12-04 17:00:00+00:00,80.6835,80.74,79.69,79.985,691828.0,80.236,6375.0
2018-12-04 18:00:00+00:00,79.97,80.38,79.57,80.1698,759908.0,80.0908,6463.0
2018-12-04 19:00:00+00:00,80.15,80.3455,79.79,80.02,573101.0,80.0542,5754.0
2018-12-04 20:00:00+00:00,80.0185,80.0185,79.25,79.5,1054367.0,79.4987,10965.0
2018-12-04 21:00:00+00:00,79.51,79.55,79.51,79.55,99720.0,79.5097,21.0
2018-12-06 13:00:00+00:00,78.03,78.4,77.8,77.99,1894.0,78.022,15.0
2018-12-06 14:00:00+00:00,78.09,78.49,77.19,77.675,497670.0,77.8692,3544.0
2018-12-06 15:00:00+00:00,77.685,78.98,77.63,78.1,593663.0,78.4036,5710.0
2018-12-06 16:00:00+00:00,78.105,78.52,76.83,77.8,693082.0,77.5161,7472.0
2018-12-06 17:00:00+00:00,77.8,78.2207,77.5,77.84,397289.0,77.8173,4563.0
2018-12-06 18:00:00+00:00,77.845,78.38,77.3742,78.38,423800.0,77.7353,4349.0
2018-12-06 19:00:00+00:00,78.38,78.59,77.6165,78.1011,477145.0,78.0959,5140.0
2018-12-06 20:00:00+00:00,78.12,78.98,77.88,78.83,902997.0,78.5201,9770.0
2018-12-06 21:00:00+00:00,78.84,78.84,78.84,78.84,85530.0,78.8394,30.0
2018-12-07 13:00:00+00:00,78.99,79.8,78.99,79.2301,6150.0,79.4897,21.0
2018-12-07 14:00:00+00:00,79.57,80.46,79.11,79.46,375590.0,79.6757,3161.0
2018-12-07 15:00:00+00:00,79.43,79.61,78.41,78.8597,690599.0,78.8884,6252.0
2018-12-07 16:00:00+00:00,78.86,78.96,77.84,77.93,522999.0,78.214,4292.0
2018-12-07 17:00:00+00:00,77.96,78.4099,77.39,77.72,475815.0,77.8349,4402.0
2018-12-07 18:00:00+00:00,77.7,77.76,76.5365,76.6,592222.0,77.0047,5833.0
2018-12-07 19:00:00+00:00,76.56,76.8706,75.7,75.85,586453.0,76.3768,5945.0
2018-12-07 20:00:00+00:00,75.85,76.26,75.55,75.97,978619.0,75.887,9989.0
2018-12-07 21:00:00+00:00,75.99,75.99,75.99,75.99,44662.0,75.9899,18.0
2018-12-10 12:00:00+00:00,76.0,76.0,75.53,75.53,600.0,75.75,6.0
2018-12-10 13:00:00+00:00,76.3,76.35,75.67,75.8,2800.0,76.0679,17.0
2018-12-10 14:00:00+00:00,75.75,75.75,73.5,73.63,630810.0,74.5449,5023.0
2018-12-10 15:00:00+00:00,73.67,74.23,72.18,72.23,1339384.0,73.1343,10792.0
2018-12-10 16:00:00+00:00,72.19,72.63,71.48,72.15,1070986.0,72.0854,7950.0
2018-12-10 17:00:00+00:00,72.14,73.49,71.89,73.19,882745.0,72.5945,7227.0
2018-12-10 18:00:00+00:00,73.2,73.4,72.58,72.9071,515361.0,73.0494,5508.0
2018-12-10 19:00:00+00:00,72.92,73.37,72.63,73.1,604921.0,72.9999,5721.0
2018-12-10 20:00:00+00:00,73.0743,73.74,72.8,73.35,1148095.0,73.3476,11263.0
2018-12-10 21:00:00+00:00,73.35,73.38,73.35,73.38,501662.0,73.38,25.0
2018-12-10 22:00:00+00:00,73.38,73.38,73.38,73.38,1500.0,73.38,1.0
2018-12-11 12:00:00+00:00,74.0,74.0,74.0,74.0,1099.0,74.0,9.0
2018-12-11 13:00:00+00:00,75.0,75.0,74.5,74.5,1527.0,74.8127,6.0
2018-12-11 14:00:00+00:00,74.55,75.32,73.75,74.37,486239.0,74.6765,4017.0
2018-12-11 15:00:00+00:00,74.38,74.66,73.835,74.06,482195.0,74.3258,5013.0
2018-12-11 16:00:00+00:00,74.06,74.134,73.48,73.65,391129.0,73.7941,4210.0
2018-12-11 17:00:00+00:00,73.6315,73.6315,73.16,73.16,335870.0,73.3766,3535.0
2018-12-11 18:00:00+00:00,73.17,73.31,72.75,72.83,291005.0,73.0549,3442.0
2018-12-11 19:00:00+00:00,72.83,73.267,72.556,72.95,637302.0,72.9512,5888.0
2018-12-11 20:00:00+00:00,72.97,73.81,72.86,73.27,751505.0,73.365,7988.0
2018-12-11 21:00:00+00:00,73.01,73.28,73.01,73.27,704934.0,73.2676,32.0
2018-12-11 22:00:00+00:00,73.4,73.4,73.4,73.4,100.0,73.4,1.0
2018-12-12 12:00:00+00:00,73.8,73.8,73.8,73.8,100.0,73.8,1.0
2018-12-12 13:00:00+00:00,73.27,73.8001,73.27,73.8001,20702.0,73.2751,3.0
2018-12-12 14:00:00+00:00,74.44,74.61,73.89,74.11,266863.0,74.2191,1625.0
2018-12-12 15:00:00+00:00,74.14,74.21,73.3301,73.61,732237.0,73.7702,5738.0
2018-12-12 16:00:00+00:00,73.6,74.37,73.6,74.37,452200.0,74.0131,3579.0
2018-12-12 17:00:00+00:00,74.38,74.75,73.96,74.7277,340826.0,74.2962,3449.0
2018-12-12 18:00:00+00:00,74.73,74.88,74.24,74.48,307567.0,74.6244,3174.0
2018-12-12 19:00:00+00:00,74.51,74.57,73.72,74.0898,382456.0,74.0588,4123.0
2018-12-12 20:00:00+00:00,74.09,74.34,73.6,73.65,772146.0,74.0034,8234.0
2018-12-12 21:00:00+00:00,73.64,73.64,73.64,73.64,271775.0,73.64,38.0
2018-12-13 12:00:00+00:00,73.6,73.8,73.6,73.8,300.0,73.6667,2.0
2018-12-13 14:00:00+00:00,74.1,74.55,73.38,73.58,352005.0,73.9365,3118.0
2018-12-13 15:00:00+00:00,73.59,74.3,73.53,74.15,657913.0,74.0207,6219.0
2018-12-13 16:00:00+00:00,74.144,74.57,73.83,74.18,501048.0,74.1536,5489.0
2018-12-13 17:00:00+00:00,74.13,74.36,73.5,73.5999,391965.0,73.9574,4404.0
2018-12-13 18:00:00+00:00,73.58,73.77,73.175,73.2,325495.0,73.5002,3475.0
2018-12-13 19:00:00+00:00,73.23,73.41,73.02,73.3,387980.0,73.1785,3963.0
2018-12-13 20:00:00+00:00,73.3,73.7266,73.1,73.46,866912.0,73.4781,9056.0
2018-12-13 21:00:00+00:00,73.46,73.46,73.46,73.46,178920.0,73.46,27.0
2018-12-13 22:00:00+00:00,73.75,73.75,73.75,73.75,1400.0,73.75,1.0
2018-12-14 12:00:00+00:00,73.46,73.46,73.46,73.46,136.0,73.46,1.0
2018-12-14 13:00:00+00:00,72.9,74.05,72.9,73.17,1237.0,73.3592,4.0
2018-12-14 14:00:00+00:00,73.1,74.88,73.05,74.79,438003.0,74.0988,3159.0
2018-12-14 15:00:00+00:00,74.78,75.34,74.33,74.77,743841.0,74.8976,6858.0
2018-12-14 16:00:00+00:00,74.76,74.97,74.17,74.25,596069.0,74.6989,5024.0
2018-12-14 17:00:00+00:00,74.2766,74.42,73.51,73.56,627208.0,74.1309,5722.0
2018-12-14 18:00:00+00:00,73.55,73.72,73.22,73.26,367147.0,73.4487,4169.0
2018-12-14 19:00:00+00:00,73.29,73.62,72.98,73.47,465478.0,73.3055,4598.0
2018-12-14 20:00:00+00:00,73.49,73.6217,73.14,73.33,937083.0,73.3295,8923.0
2018-12-14 21:00:00+00:00,73.3,73.39,73.1,73.1,138247.0,73.2986,25.0
2018-12-14 22:00:00+00:00,73.25,73.25,73.25,73.25,100.0,73.25,1.0
2018-12-17 12:00:00+00:00,73.8,73.8,73.8,73.8,302.0,73.8,3.0
2018-12-17 13:00:00+00:00,73.5501,73.5501,73.55,73.55,697.0,73.55,5.0
2018-12-17 14:00:00+00:00,73.35,73.35,71.25,72.77,388053.0,72.0962,2762.0
2018-12-17 15:00:00+00:00,72.67,73.44,72.14,73.28,559608.0,72.8182,5627.0
2018-12-17 16:00:00+00:00,73.25,74.06,73.15,74.01,462786.0,73.5834,4566.0
2018-12-17 17:00:00+00:00,74.0,74.15,72.75,72.75,351777.0,73.4407,4491.0
2018-12-17 18:00:00+00:00,72.745,72.94,72.29,72.61,567875.0,72.6118,6048.0
2018-12-17 19:00:00+00:00,72.59,72.97,72.37,72.5692,497602.0,72.579,5877.0
2018-12-17 20:00:00+00:00,72.55,72.7,72.1,72.59,1194629.0,72.4249,13975.0
2018-12-17 21:00:00+00:00,72.58,73.41,72.58,73.41,43123.0,72.5896,27.0
2018-12-18 12:00:00+00:00,73.08,73.08,73.02,73.02,1010.0,73.0495,5.0
2018-12-18 13:00:00+00:00,73.15,73.15,73.15,73.15,565.0,73.1327,3.0
2018-12-18 14:00:00+00:00,72.86,73.35,72.0,73.25,366573.0,72.5548,3351.0
2018-12-18 15:00:00+00:00,73.265,73.33,72.14,72.48,411998.0,72.7772,5177.0
2018-12-18 16:00:00+00:00,72.47,72.64,71.09,71.45,589375.0,71.6134,5723.0
2018-12-18 17:00:00+00:00,71.46,72.11,71.43,71.91,374297.0,71.8902,4526.0
2018-12-18 18:00:00+00:00,71.92,72.095,71.14,71.23,388015.0,71.6524,4297.0
2018-12-18 19:00:00+00:00,71.22,71.59,70.72,70.76,605954.0,71.1573,6168.0
2018-12-18 20:00:00+00:00,70.77,71.64,70.6685,71.05,925505.0,71.2189,9268.0
2018-12-18 21:00:00+00:00,71.06,71.67,71.06,71.67,227144.0,71.0603,48.0
2018-12-18 22:00:00+00:00,71.06,71.06,71.06,71.06,1483.0,71.06,1.0
2018-12-19 00:00:00+00:00,70.03,70.46,70.03,70.46,485.0,70.4036,7.0
2018-12-19 12:00:00+00:00,71.7,71.7,71.55,71.55,669.0,71.6051,3.0
2018-12-19 13:00:00+00:00,71.94,71.94,71.94,71.94,400.0,71.94,1.0
2018-12-19 14:00:00+00:00,71.43,72.48,71.43,72.37,320994.0,72.0343,2944.0
2018-12-19 15:00:00+00:00,72.44,73.193,72.32,73.11,566836.0,72.806,5622.0
2018-12-19 16:00:00+00:00,73.1464,73.8,72.9384,73.77,521025.0,73.3127,5051.0
2018-12-19 17:00:00+00:00,73.7549,73.99,73.42,73.45,257291.0,73.6829,2743.0
2018-12-19 18:00:00+00:00,73.44,73.75,72.98,73.75,345235.0,73.277,3358.0
2018-12-19 19:00:00+00:00,73.75,73.88,70.6906,70.97,714265.0,72.1461,7468.0
2018-12-19 20:00:00+00:00,71.02,71.25,70.24,71.0,1300226.0,70.857,12716.0
2018-12-19 21:00:00+00:00,70.98,71.25,70.98,71.25,87272.0,70.9863,37.0
2018-12-19 22:00:00+00:00,70.7,70.7,70.7,70.7,1900.0,70.7001,2.0
2018-12-19 23:00:00+00:00,71.49,71.49,71.49,71.49,200.0,71.49,1.0
2018-12-20 12:00:00+00:00,71.01,71.01,70.99,70.99,1150.0,71.041,13.0
2018-12-20 13:00:00+00:00,71.95,71.95,71.95,71.95,100.0,71.95,1.0
2018-12-20 14:00:00+00:00,70.4,72.2,70.01,72.1533,366453.0,70.9756,2964.0
2018-12-20 15:00:00+00:00,72.14,72.51,71.75,71.86,526793.0,72.1141,5516.0
2018-12-20 16:00:00+00:00,71.81,71.93,70.76,71.16,698531.0,71.3359,6859.0
2018-12-20 17:00:00+00:00,71.19,71.53,70.77,71.23,687965.0,71.2142,6427.0
2018-12-20 18:00:00+00:00,71.2444,71.2444,70.57,70.79,477082.0,70.934,4977.0
2018-12-20 19:00:00+00:00,70.8,71.41,70.18,70.61,743663.0,70.7448,7777.0
2018-12-20 20:00:00+00:00,70.61,71.04,70.12,70.61,1349822.0,70.4883,13326.0
2018-12-20 21:00:00+00:00,70.61,70.61,70.61,70.61,307618.0,70.61,32.0
2018-12-21 00:00:00+00:00,71.17,71.65,71.17,71.65,1000.0,71.438,4.0
2018-12-21 13:00:00+00:00,70.6,70.65,70.59,70.65,1400.0,70.6121,7.0
2018-12-21 14:00:00+00:00,71.2,71.79,70.0,70.98,1049713.0,70.5571,3767.0
2018-12-21 15:00:00+00:00,71.06,72.49,70.84,72.23,629535.0,71.8652,6834.0
2018-12-21 16:00:00+00:00,72.24,72.48,71.49,72.07,633883.0,72.076,6041.0
2018-12-21 17:00:00+00:00,72.09,72.15,71.19,71.4,749245.0,71.758,7589.0
2018-12-21 18:00:00+00:00,71.39,72.0,71.299,71.74,518302.0,71.6025,6045.0
2018-12-21 19:00:00+00:00,71.74,71.96,71.28,71.4731,623959.0,71.6407,6083.0
2018-12-21 20:00:00+00:00,71.49,71.87,71.1,71.7,1540732.0,71.4462,14147.0
2018-12-21 21:00:00+00:00,71.64,71.64,71.64,71.64,208705.0,71.64,59.0
2018-12-21 23:00:00+00:00,71.55,71.55,71.55,71.55,500.0,71.55,1.0
2018-12-24 13:00:00+00:00,71.64,71.64,71.0,71.0,1266.0,71.2178,9.0
2018-12-24 14:00:00+00:00,71.09,71.32,70.16,70.625,404342.0,70.7766,3671.0
2018-12-24 15:00:00+00:00,70.6248,71.44,70.22,70.9775,706918.0,70.7404,6827.0
2018-12-24 16:00:00+00:00,71.0,71.1661,69.67,69.86,704265.0,70.2653,6955.0
2018-12-24 17:00:00+00:00,69.91,70.12,68.91,68.97,933763.0,69.488,9279.0
2018-12-24 18:00:00+00:00,68.94,68.94,68.94,68.94,370730.0,68.94,1.0
2018-12-24 21:00:00+00:00,68.89,68.89,68.89,68.89,500.0,68.89,1.0
2018-12-26 12:00:00+00:00,69.2,70.0,69.2,69.91,1700.0,69.7235,14.0
2018-12-26 13:00:00+00:00,70.0,70.0,69.04,69.6,1425.0,69.942,10.0
2018-12-26 14:00:00+00:00,69.4,70.51,69.0,69.33,286239.0,69.7009,2053.0
2018-12-26 15:00:00+00:00,69.33,70.17,68.81,69.85,418398.0,69.3696,4211.0
2018-12-26 16:00:00+00:00,69.86,70.98,69.79,70.97,704968.0,70.2944,6805.0
2018-12-26 17:00:00+00:00,70.99,71.6503,70.91,71.46,624015.0,71.2277,6279.0
2018-12-26 18:00:00+00:00,71.49,71.6,70.71,71.58,438207.0,71.0867,4676.0
2018-12-26 19:00:00+00:00,71.5946,72.18,71.525,72.13,526695.0,71.8434,5429.0
2018-12-26 20:00:00+00:00,72.11,73.49,71.8796,73.32,1206527.0,72.8999,10936.0
2018-12-26 21:00:00+00:00,73.32,73.55,73.31,73.31,610527.0,73.3101,18.0
2018-12-26 22:00:00+00:00,73.55,73.79,73.31,73.79,3093.0,73.6205,14.0
2018-12-26 23:00:00+00:00,73.79,73.79,73.6,73.6,1270.0,73.716,13.0
2018-12-27 00:00:00+00:00,73.6,73.7,73.55,73.55,2900.0,73.6328,15.0
2018-12-27 12:00:00+00:00,73.55,73.55,73.55,73.55,100.0,73.55,1.0
2018-12-27 14:00:00+00:00,72.2,72.8395,71.73,72.74,302251.0,72.2473,2484.0
2018-12-27 15:00:00+00:00,72.74,73.11,71.9,72.68,545245.0,72.4581,5947.0
2018-12-27 16:00:00+00:00,72.64,73.59,72.24,73.29,468717.0,73.0626,5532.0
2018-12-27 17:00:00+00:00,73.27,73.34,72.41,72.8,419440.0,72.7917,5010.0
2018-12-27 18:00:00+00:00,72.77,73.1,71.98,72.11,483215.0,72.5937,5531.0
2018-12-27 19:00:00+00:00,72.09,72.89,71.75,72.81,549798.0,72.1968,6260.0
2018-12-27 20:00:00+00:00,72.84,74.6,72.46,74.6,1294009.0,73.7934,13815.0
2018-12-27 21:00:00+00:00,74.63,75.33,74.5,74.63,349840.0,74.6303,30.0
2018-12-27 22:00:00+00:00,74.64,74.64,74.63,74.63,1891.0,74.638,6.0
2018-12-28 12:00:00+00:00,74.64,74.64,74.64,74.64,300.0,74.64,2.0
2018-12-28 13:00:00+00:00,74.9,74.98,74.9,74.98,650.0,74.9162,5.0
2018-12-28 14:00:00+00:00,74.9,75.4,73.81,74.04,401045.0,74.6644,3618.0
2018-12-28 15:00:00+00:00,74.05,74.0899,72.6,72.78,540411.0,73.1644,6200.0
2018-12-28 16:00:00+00:00,72.82,73.685,72.55,73.2553,473850.0,73.0981,5259.0
2018-12-28 17:00:00+00:00,73.28,73.42,72.64,72.67,608467.0,73.0807,5439.0
2018-12-28 18:00:00+00:00,72.72,73.3,72.7,73.02,396204.0,72.986,4258.0
2018-12-28 19:00:00+00:00,73.04,74.41,73.04,74.22,496088.0,73.8222,5270.0
2018-12-28 20:00:00+00:00,74.22,74.2736,72.9665,73.46,921139.0,73.3942,9563.0
2018-12-28 21:00:00+00:00,73.48,74.1724,73.08,73.48,66911.0,73.8429,20.0
2018-12-31 14:00:00+00:00,73.81,74.85,73.71,74.56,334682.0,74.3435,2887.0
2018-12-31 15:00:00+00:00,74.54,74.79,73.84,74.44,512918.0,74.3589,5761.0
2018-12-31 16:00:00+00:00,74.43,74.7,74.04,74.6,445246.0,74.3692,5301.0
2018-12-31 17:00:00+00:00,74.62,74.79,74.33,74.5,307915.0,74.5631,3715.0
2018-12-31 18:00:00+00:00,74.52,74.91,74.46,74.53,299039.0,74.7066,3399.0
2018-12-31 19:00:00+00:00,74.54,74.95,74.25,74.68,376074.0,74.548,4310.0
2018-12-31 20:00:00+00:00,74.68,75.215,74.4299,74.99,1030398.0,74.8314,10715.0
2018-12-31 21:00:00+00:00,74.9,74.97,74.9,74.97,20204.0,74.9688,19.0
2019-01-02 12:00:00+00:00,74.0,74.0,74.0,74.0,100.0,74.0,1.0
2019-01-02 13:00:00+00:00,73.8,73.8001,73.8,73.8001,2097.0,73.8,6.0
2019-01-02 14:00:00+00:00,73.85,74.75,73.17,74.75,347678.0,73.8832,3010.0
2019-01-02 15:00:00+00:00,74.8,75.74,74.46,75.3,511082.0,75.2639,6257.0
2019-01-02 16:00:00+00:00,75.34,76.15,75.2,75.53,672706.0,75.6955,7408.0
2019-01-02 17:00:00+00:00,75.54,75.91,75.1,75.7608,404535.0,75.477,4996.0
2019-01-02 18:00:00+00:00,75.75,76.15,75.75,76.06,393670.0,75.971,4766.0
2019-01-02 19:00:00+00:00,76.06,76.06,75.28,75.28,440207.0,75.6269,4993.0
2019-01-02 20:00:00+00:00,75.29,75.7,75.02,75.56,1018514.0,75.338,10069.0
2019-01-02 21:00:00+00:00,75.56,75.56,75.56,75.56,35171.0,75.56,20.0
2019-01-02 23:00:00+00:00,75.0,75.0,75.0,75.0,109.0,75.0,2.0
2019-01-03 00:00:00+00:00,75.0,75.0,74.97,75.0,400.0,74.9925,4.0
2019-01-03 12:00:00+00:00,75.0,75.0,75.0,75.0,541.0,75.0,4.0
2019-01-03 14:00:00+00:00,75.55,76.16,73.9601,74.59,378430.0,75.0543,3490.0
2019-01-03 15:00:00+00:00,74.62,74.62,72.95,73.37,433773.0,73.4568,5105.0
2019-01-03 16:00:00+00:00,73.36,74.82,73.25,74.44,446977.0,73.9704,4733.0
2019-01-03 17:00:00+00:00,74.43,75.419,74.385,75.11,328259.0,74.7778,4335.0
2019-01-03 18:00:00+00:00,75.1,75.16,74.2711,74.3711,261175.0,74.6502,3446.0
2019-01-03 19:00:00+00:00,74.37,74.87,73.955,74.14,326318.0,74.3792,4391.0
2019-01-03 20:00:00+00:00,74.15,74.49,73.91,74.22,701740.0,74.2097,7621.0
2019-01-03 21:00:00+00:00,74.2,74.25,74.0,74.0,67869.0,74.1998,28.0
2019-01-04 13:00:00+00:00,75.7,75.9,75.67,75.7,3000.0,75.7917,12.0
2019-01-04 14:00:00+00:00,75.55,76.51,74.6,76.18,276556.0,75.7321,2675.0
2019-01-04 15:00:00+00:00,76.18,76.69,75.32,76.3425,420673.0,76.2406,4720.0
2019-01-04 16:00:00+00:00,76.29,76.69,75.2,75.96,655379.0,75.9011,7020.0
2019-01-04 17:00:00+00:00,75.945,76.36,75.693,76.29,370749.0,76.0813,4048.0
2019-01-04 18:00:00+00:00,76.3,76.68,75.94,76.01,300939.0,76.3002,3346.0
2019-01-04 19:00:00+00:00,76.02,76.89,75.84,76.46,477964.0,76.4408,5223.0
2019-01-04 20:00:00+00:00,76.45,77.27,76.4398,77.01,1076069.0,76.9546,10103.0
2019-01-04 21:00:00+00:00,77.01,77.01,77.01,77.01,13872.0,77.01,16.0
2019-01-04 23:00:00+00:00,77.17,77.17,77.17,77.17,1000.0,77.17,2.0
2019-01-07 13:00:00+00:00,78.5244,78.5244,78.5244,78.5244,700.0,78.5244,1.0
2019-01-07 14:00:00+00:00,77.35,77.35,76.01,76.81,367689.0,76.5996,2678.0
2019-01-07 15:00:00+00:00,76.95,77.975,76.77,77.9,524992.0,77.496,5445.0
2019-01-07 16:00:00+00:00,77.86,78.25,77.34,78.07,513078.0,77.8049,4999.0
2019-01-07 17:00:00+00:00,78.1,78.34,77.6,77.7558,483962.0,78.0545,4888.0
2019-01-07 18:00:00+00:00,77.77,77.9303,76.8,76.85,319497.0,77.4682,3778.0
2019-01-07 19:00:00+00:00,76.85,77.38,76.54,76.72,485835.0,76.9685,5040.0
2019-01-07 20:00:00+00:00,76.725,77.26,76.7,77.09,711541.0,77.0464,7648.0
2019-01-07 21:00:00+00:00,77.09,77.09,77.09,77.09,33902.0,77.09,20.0
2019-01-07 22:00:00+00:00,77.09,77.09,77.09,77.09,9120.0,77.09,3.0
2019-01-08 00:00:00+00:00,77.2,77.2,77.2,77.2,450.0,77.2,4.0
2019-01-08 12:00:00+00:00,78.0,78.0,78.0,78.0,300.0,78.0,1.0
2019-01-08 14:00:00+00:00,77.91,78.22,77.37,77.79,346338.0,77.8915,2873.0
2019-01-08 15:00:00+00:00,77.78,78.33,76.5486,76.89,443934.0,77.4181,4798.0
2019-01-08 16:00:00+00:00,76.92,77.78,76.81,77.71,311501.0,77.2442,3439.0
2019-01-08 17:00:00+00:00,77.74,77.98,77.41,77.46,269114.0,77.6799,3212.0
2019-01-08 18:00:00+00:00,77.45,78.0,77.42,77.88,233474.0,77.6974,2809.0
2019-01-08 19:00:00+00:00,77.8814,77.885,77.29,77.36,300880.0,77.6085,3623.0
2019-01-08 20:00:00+00:00,77.37,77.55,77.17,77.37,755162.0,77.3672,8041.0
2019-01-08 21:00:00+00:00,77.36,77.36,77.2,77.2,39463.0,77.3478,35.0
2019-01-08 22:00:00+00:00,77.25,77.25,77.25,77.25,500.0,77.25,1.0
2019-01-09 13:00:00+00:00,78.4,78.4,78.35,78.4,1567.0,78.3972,16.0
2019-01-09 14:00:00+00:00,78.4,78.4,76.77,76.79,416886.0,77.2743,3261.0
2019-01-09 15:00:00+00:00,76.785,76.9571,75.8,76.46,937059.0,76.4421,8212.0
2019-01-09 16:00:00+00:00,76.46,78.16,76.46,77.96,501900.0,77.3834,5136.0
2019-01-09 17:00:00+00:00,77.96,78.39,77.73,77.96,330345.0,78.0269,3656.0
2019-01-09 18:00:00+00:00,77.97,78.1014,77.6,77.76,286995.0,77.8989,2946.0
2019-01-09 19:00:00+00:00,77.77,77.92,77.12,77.665,368293.0,77.596,3890.0
2019-01-09 20:00:00+00:00,77.67,77.86,77.12,77.3,880314.0,77.4233,8807.0
2019-01-09 21:00:00+00:00,77.29,77.29,77.29,77.29,64390.0,77.2899,35.0
2019-01-09 23:00:00+00:00,77.29,77.29,77.29,77.29,300.0,77.29,2.0
2019-01-10 00:00:00+00:00,77.0,77.0,77.0,77.0,200.0,77.0,1.0
2019-01-10 14:00:00+00:00,78.23,78.23,76.5,76.98,306656.0,77.1367,2556.0
2019-01-10 15:00:00+00:00,77.04,78.02,76.95,77.8401,628956.0,77.5271,4780.0
2019-01-10 16:00:00+00:00,77.86,78.07,77.35,77.63,370690.0,77.6923,3893.0
2019-01-10 17:00:00+00:00,77.62,77.75,76.4,76.54,435244.0,76.9038,4190.0
2019-01-10 18:00:00+00:00,76.53,77.005,76.32,76.8501,353934.0,76.5872,3817.0
2019-01-10 19:00:00+00:00,76.85,77.48,76.85,77.03,503148.0,77.1746,5020.0
2019-01-10 20:00:00+00:00,77.02,77.49,76.91,77.4,830952.0,77.2298,8386.0
2019-01-10 21:00:00+00:00,77.42,77.42,77.42,77.42,56590.0,77.42,28.0
2019-01-10 22:00:00+00:00,77.42,77.42,77.21,77.21,250.0,77.336,2.0
2019-01-10 23:00:00+00:00,77.42,77.42,77.42,77.42,1770.0,77.42,1.0
2019-01-11 14:00:00+00:00,77.13,77.68,76.9,77.68,202955.0,77.2347,1556.0
2019-01-11 15:00:00+00:00,77.69,78.16,77.5,77.97,504815.0,77.8223,5031.0
2019-01-11 16:00:00+00:00,77.97,78.62,77.85,78.5,366875.0,78.2411,3634.0
2019-01-11 17:00:00+00:00,78.49,79.06,78.16,79.0,317263.0,78.601,3294.0
2019-01-11 18:00:00+00:00,79.011,79.011,78.45,78.6,535177.0,78.6865,4579.0
2019-01-11 19:00:00+00:00,78.59,78.64,78.27,78.33,201901.0,78.4443,2680.0
2019-01-11 20:00:00+00:00,78.34,78.551,78.19,78.46,718156.0,78.381,7386.0
2019-01-11 21:00:00+00:00,78.47,78.47,78.47,78.47,226138.0,78.47,19.0
2019-01-11 22:00:00+00:00,78.35,78.35,78.35,78.35,200.0,78.35,2.0
2019-01-14 13:00:00+00:00,78.34,78.34,78.34,78.34,160.0,78.34,3.0
2019-01-14 14:00:00+00:00,77.75,78.24,77.25,78.12,218746.0,77.7692,1792.0
2019-01-14 15:00:00+00:00,78.1,78.77,78.01,78.215,426676.0,78.4566,4119.0
2019-01-14 16:00:00+00:00,78.2,78.42,77.82,77.89,274993.0,78.0688,3013.0
2019-01-14 17:00:00+00:00,77.9,78.42,77.76,78.31,302370.0,78.0734,3336.0
2019-01-14 18:00:00+00:00,78.31,78.98,78.18,78.745,346816.0,78.7023,3886.0
2019-01-14 19:00:00+00:00,78.74,78.84,78.38,78.78,292437.0,78.6276,3450.0
2019-01-14 20:00:00+00:00,78.79,79.2,78.72,78.95,1000051.0,78.9969,9198.0
2019-01-14 21:00:00+00:00,78.95,78.95,78.95,78.95,662722.0,78.95,21.0
2019-01-14 22:00:00+00:00,78.95,78.95,78.95,78.95,8320.0,78.95,1.0
2019-01-14 23:00:00+00:00,78.95,78.95,78.95,78.95,200.0,78.95,1.0
2019-01-15 14:00:00+00:00,79.34,79.42,78.72,78.79,285229.0,79.0195,2345.0
2019-01-15 15:00:00+00:00,78.81,79.05,77.89,78.49,459185.0,78.3815,4163.0
2019-01-15 16:00:00+00:00,78.5,78.71,78.22,78.41,383169.0,78.4147,3442.0
2019-01-15 17:00:00+00:00,78.4,78.78,78.27,78.32,236189.0,78.4897,2686.0
2019-01-15 18:00:00+00:00,78.32,78.59,78.223,78.42,244955.0,78.4139,2903.0
2019-01-15 19:00:00+00:00,78.4,78.54,78.06,78.33,358133.0,78.3043,3736.0
2019-01-15 20:00:00+00:00,78.31,78.85,78.29,78.75,881301.0,78.645,7740.0
2019-01-15 21:00:00+00:00,78.77,78.77,78.77,78.77,31518.0,78.77,18.0
2019-01-15 22:00:00+00:00,78.4,78.4,78.4,78.4,518.0,78.4045,2.0
2019-01-16 13:00:00+00:00,78.77,78.77,78.77,78.77,3049.0,78.77,1.0
2019-01-16 14:00:00+00:00,78.77,79.0,78.2,78.66,230829.0,78.6027,1503.0
2019-01-16 15:00:00+00:00,78.65,79.0,78.13,78.5209,688353.0,78.4917,5548.0
2019-01-16 16:00:00+00:00,78.53,78.63,78.1,78.5,435802.0,78.4068,4638.0
2019-01-16 17:00:00+00:00,78.5,78.93,78.5,78.88,341736.0,78.7231,3641.0
2019-01-16 18:00:00+00:00,78.87,79.17,78.78,79.0,296906.0,78.9457,3044.0
2019-01-16 19:00:00+00:00,78.99,79.335,78.98,79.15,404532.0,79.1805,4571.0
2019-01-16 20:00:00+00:00,79.15,79.27,78.96,78.97,768402.0,79.1061,7633.0
2019-01-16 21:00:00+00:00,79.0,79.0,79.0,79.0,131565.0,79.0,25.0
2019-01-17 00:00:00+00:00,79.0,79.0,79.0,79.0,115.0,79.0,2.0
2019-01-17 12:00:00+00:00,79.0,79.0,78.56,78.56,790.0,78.7271,2.0
2019-01-17 14:00:00+00:00,78.46,80.15,78.37,79.97,457301.0,79.3619,3600.0
2019-01-17 15:00:00+00:00,79.97,79.97,79.43,79.695,467787.0,79.6635,4827.0
2019-01-17 16:00:00+00:00,79.71,79.97,79.55,79.81,506655.0,79.7546,4816.0
2019-01-17 17:00:00+00:00,79.82,79.96,79.6,79.605,408149.0,79.7859,4375.0
2019-01-17 18:00:00+00:00,79.605,80.05,79.6,80.025,292246.0,79.89,3236.0
2019-01-17 19:00:00+00:00,80.0208,80.73,79.88,80.2,612176.0,80.2772,6021.0
2019-01-17 20:00:00+00:00,80.215,80.79,79.98,80.49,806233.0,80.4304,8514.0
2019-01-17 21:00:00+00:00,80.49,80.49,80.47,80.47,45489.0,80.4899,26.0
2019-01-17 23:00:00+00:00,80.49,80.49,80.49,80.49,93560.0,80.49,1.0
2019-01-18 00:00:00+00:00,80.48,80.5,80.48,80.5,1300.0,80.4846,2.0
2019-01-18 12:00:00+00:00,80.59,81.2,80.5,81.2,600.0,80.6546,6.0
2019-01-18 13:00:00+00:00,81.25,81.5,81.25,81.5,1729.0,81.426,12.0
2019-01-18 14:00:00+00:00,81.54,83.0,80.47,80.51,698672.0,81.6416,3864.0
2019-01-18 15:00:00+00:00,80.51,81.84,80.51,81.25,514008.0,81.2585,5359.0
2019-01-18 16:00:00+00:00,81.24,82.02,81.13,81.93,486337.0,81.4614,4971.0
2019-01-18 17:00:00+00:00,81.94,82.02,81.53,81.8626,276973.0,81.7385,3067.0
2019-01-18 18:00:00+00:00,81.89,82.46,81.58,82.4,373081.0,81.9854,3971.0
2019-01-18 19:00:00+00:00,82.4,82.43,82.08,82.23,345909.0,82.2552,3920.0
2019-01-18 20:00:00+00:00,82.2,82.67,82.0,82.57,1428016.0,82.3178,12573.0
2019-01-18 21:00:00+00:00,82.59,82.69,82.59,82.69,335551.0,82.5903,33.0
2019-01-18 22:00:00+00:00,82.75,82.75,82.75,82.75,375.0,82.75,1.0
2019-01-18 23:00:00+00:00,82.75,82.75,82.65,82.65,700.0,82.7214,4.0
2019-01-19 00:00:00+00:00,82.89,82.89,82.89,82.89,150.0,82.89,1.0
2019-01-22 12:00:00+00:00,82.63,82.63,82.63,82.63,100.0,82.63,1.0
2019-01-22 13:00:00+00:00,82.65,82.65,82.59,82.59,98098.0,82.5901,2.0
2019-01-22 14:00:00+00:00,82.5,83.32,82.131,82.86,475381.0,82.7777,3491.0
2019-01-22 15:00:00+00:00,82.88,82.96,81.5,81.63,681331.0,82.3387,6674.0
2019-01-22 16:00:00+00:00,81.59,81.79,81.06,81.09,377562.0,81.4686,4411.0
2019-01-22 17:00:00+00:00,81.09,81.86,80.95,81.71,327590.0,81.4086,3915.0
2019-01-22 18:00:00+00:00,81.67,81.87,81.29,81.73,512380.0,81.6278,5281.0
2019-01-22 19:00:00+00:00,81.72,81.93,81.61,81.89,827236.0,81.7341,7343.0
2019-01-22 20:00:00+00:00,81.885,82.17,81.64,82.04,1316985.0,81.8531,13179.0
2019-01-22 21:00:00+00:00,82.01,82.01,82.0,82.0,1318379.0,82.01,35.0
2019-01-22 22:00:00+00:00,82.1,82.1,82.1,82.1,400.0,82.1,1.0
2019-01-23 14:00:00+00:00,81.94,82.458,81.62,81.69,267507.0,81.956,1898.0
2019-01-23 15:00:00+00:00,81.69,81.8,81.34,81.42,518209.0,81.6057,5133.0
2019-01-23 16:00:00+00:00,81.46,81.57,79.56,79.81,832009.0,80.5173,7435.0
2019-01-23 17:00:00+00:00,79.85,80.07,79.44,80.01,520344.0,79.8159,5376.0
2019-01-23 18:00:00+00:00,80.0,80.2,79.82,80.04,420826.0,80.025,4560.0
2019-01-23 19:00:00+00:00,80.04,80.35,79.9,80.09,420632.0,80.111,4617.0
2019-01-23 20:00:00+00:00,80.09,80.25,79.55,79.78,1095283.0,79.8583,11070.0
2019-01-23 21:00:00+00:00,79.78,79.88,79.78,79.88,51070.0,79.7812,28.0
2019-01-23 23:00:00+00:00,79.75,79.8,79.75,79.8,46780.0,79.78,4.0
2019-01-24 00:00:00+00:00,79.8,79.8,79.8,79.8,100.0,79.8,1.0
2019-01-24 12:00:00+00:00,79.4,79.41,79.4,79.41,500.0,79.4039,3.0
2019-01-24 14:00:00+00:00,79.6,79.78,78.39,78.46,479825.0,78.875,4016.0
2019-01-24 15:00:00+00:00,78.45,79.01,78.2,78.51,731118.0,78.5865,7358.0
2019-01-24 16:00:00+00:00,78.52,80.13,78.44,79.88,611440.0,79.4507,6945.0
2019-01-24 17:00:00+00:00,79.89,79.91,78.8,78.84,513069.0,79.2452,5670.0
2019-01-24 18:00:00+00:00,78.83,79.17,78.71,78.86,368585.0,78.9375,4395.0
2019-01-24 19:00:00+00:00,78.86,79.14,78.74,78.99,473116.0,78.9288,5407.0
2019-01-24 20:00:00+00:00,78.99,79.1,78.55,78.96,1260221.0,78.8529,12512.0
2019-01-24 21:00:00+00:00,78.95,79.2,78.95,78.95,48480.0,78.9525,26.0
2019-01-24 22:00:00+00:00,79.2,79.38,79.2,79.38,1009.0,79.326,8.0
2019-01-24 23:00:00+00:00,79.38,79.38,79.38,79.38,602.0,79.3812,4.0
2019-01-25 12:00:00+00:00,80.0,80.0,80.0,80.0,400.0,80.0,4.0
2019-01-25 13:00:00+00:00,80.8898,80.89,79.9101,79.9101,1526.0,80.6136,5.0
2019-01-25 14:00:00+00:00,80.36,81.1,79.7,81.1,628709.0,80.3018,4837.0
2019-01-25 15:00:00+00:00,81.11,82.19,80.9301,82.178,875806.0,81.6296,7278.0
2019-01-25 16:00:00+00:00,82.16,82.21,81.71,81.8939,452740.0,81.9747,4628.0
2019-01-25 17:00:00+00:00,81.8871,82.45,81.84,82.4401,448859.0,82.1351,4642.0
2019-01-25 18:00:00+00:00,82.45,82.9,82.28,82.86,424705.0,82.6517,4665.0
2019-01-25 19:00:00+00:00,82.88,82.88,82.155,82.395,462518.0,82.5619,4978.0
2019-01-25 20:00:00+00:00,82.41,82.58,82.04,82.19,1011406.0,82.3226,9806.0
2019-01-25 21:00:00+00:00,82.2,82.2,82.19,82.19,915297.0,82.19,25.0
2019-01-25 22:00:00+00:00,82.1,82.1,82.1,82.1,450.0,82.1,1.0
2019-01-25 23:00:00+00:00,82.35,82.35,82.25,82.25,750.0,82.3167,2.0
2019-01-26 00:00:00+00:00,82.35,82.35,82.1,82.1,1000.0,82.1834,3.0
2019-01-28 12:00:00+00:00,82.23,82.23,81.7,81.7,505.0,81.8786,4.0
2019-01-28 13:00:00+00:00,81.6,82.0,81.57,82.0,1100.0,81.67,8.0
2019-01-28 14:00:00+00:00,81.95,81.95,80.8,81.11,392813.0,81.1432,3129.0
2019-01-28 15:00:00+00:00,81.135,81.62,80.64,81.03,429237.0,81.1737,4016.0
2019-01-28 16:00:00+00:00,81.02,81.26,80.335,80.35,333196.0,80.8735,3730.0
2019-01-28 17:00:00+00:00,80.35,80.85,80.26,80.54,260465.0,80.5566,2701.0
2019-01-28 18:00:00+00:00,80.52,80.94,80.46,80.72,267710.0,80.6445,3238.0
2019-01-28 19:00:00+00:00,80.72,80.79,80.23,80.44,327777.0,80.4452,3888.0
2019-01-28 20:00:00+00:00,80.43,81.11,80.32,81.02,1214681.0,80.6991,11083.0
2019-01-28 21:00:00+00:00,81.03,81.03,81.03,81.03,79820.0,81.03,23.0
2019-01-29 13:00:00+00:00,81.05,81.05,81.05,81.05,100.0,81.05,1.0
2019-01-29 14:00:00+00:00,81.0,81.36,80.01,80.97,420621.0,80.6671,2855.0
2019-01-29 15:00:00+00:00,80.93,81.11,80.22,80.33,746548.0,80.6776,6092.0
2019-01-29 16:00:00+00:00,80.3,80.6,80.25,80.48,525550.0,80.4312,4601.0
2019-01-29 17:00:00+00:00,80.49,80.6444,80.28,80.56,393099.0,80.4594,3915.0
2019-01-29 18:00:00+00:00,80.555,80.7412,80.46,80.74,309209.0,80.5975,3522.0
2019-01-29 19:00:00+00:00,80.75,81.1999,80.64,81.17,434386.0,80.8987,4287.0
2019-01-29 20:00:00+00:00,81.17,81.505,81.07,81.12,794536.0,81.2743,8906.0
2019-01-29 21:00:00+00:00,81.14,81.14,81.12,81.13,32103.0,81.1386,41.0
2019-01-30 14:00:00+00:00,81.72,82.42,81.25,81.4,417931.0,81.8932,2330.0
2019-01-30 15:00:00+00:00,81.37,82.63,81.24,82.63,762404.0,81.8349,6972.0
2019-01-30 16:00:00+00:00,82.65,82.985,82.27,82.57,434300.0,82.6265,4813.0
2019-01-30 17:00:00+00:00,82.57,82.67,82.26,82.49,414318.0,82.4382,3949.0
2019-01-30 18:00:00+00:00,82.49,82.66,82.38,82.6001,353741.0,82.5066,3950.0
2019-01-30 19:00:00+00:00,82.57,83.61,82.57,83.1569,612488.0,83.2316,6137.0
2019-01-30 20:00:00+00:00,83.17,83.36,82.69,83.19,1150583.0,83.0489,11682.0
2019-01-30 21:00:00+00:00,83.28,83.58,83.0,83.0,124444.0,83.2787,82.0
2019-01-30 22:00:00+00:00,83.25,83.25,83.25,83.25,500.0,83.25,1.0
2019-01-30 23:00:00+00:00,83.28,83.28,83.28,83.28,2107.0,83.28,1.0
2019-01-31 00:00:00+00:00,83.3,83.4,83.3,83.4,300.0,83.3333,2.0
2019-01-31 11:00:00+00:00,83.99,84.98,83.99,84.98,457.0,84.4631,5.0
2019-01-31 12:00:00+00:00,85.5,88.5,85.02,88.5,8244.0,86.9538,77.0
2019-01-31 13:00:00+00:00,87.4,88.8,85.4,87.8,38858.0,87.8741,175.0
2019-01-31 14:00:00+00:00,87.8,88.75,84.3,86.09,1411716.0,86.7444,11010.0
2019-01-31 15:00:00+00:00,86.0712,87.32,85.58,86.79,1060336.0,86.4616,9989.0
2019-01-31 16:00:00+00:00,86.76,87.22,86.51,86.78,848938.0,86.8679,8397.0
2019-01-31 17:00:00+00:00,86.75,87.73,86.75,87.34,815265.0,87.2454,8181.0
2019-01-31 18:00:00+00:00,87.34,87.69,87.02,87.12,622201.0,87.3432,6063.0
2019-01-31 19:00:00+00:00,87.11,87.64,87.02,87.4964,758862.0,87.3049,7462.0
2019-01-31 20:00:00+00:00,87.5,87.94,87.29,87.81,2049275.0,87.6652,18552.0
2019-01-31 21:00:00+00:00,87.82,87.82,87.82,87.82,405061.0,87.8198,37.0
2019-02-01 13:00:00+00:00,87.9999,88.0,87.85,88.0,1285.0,87.9763,6.0
2019-02-01 14:00:00+00:00,88.1,88.29,85.31,85.34,525699.0,86.7065,3917.0
2019-02-01 15:00:00+00:00,85.39,85.95,84.76,84.79,960431.0,85.3797,8339.0
2019-02-01 16:00:00+00:00,84.77,85.38,84.73,85.315,607694.0,85.1075,5954.0
2019-02-01 17:00:00+00:00,85.33,85.5,84.89,84.96,496399.0,85.2104,4668.0
2019-02-01 18:00:00+00:00,84.96,85.26,84.87,84.87,349648.0,85.0364,3209.0
2019-02-01 19:00:00+00:00,84.87,85.42,84.67,85.0,528906.0,85.015,4924.0
2019-02-01 20:00:00+00:00,84.98,85.29,84.6,85.25,1132555.0,84.9705,9851.0
2019-02-01 21:00:00+00:00,85.32,85.32,85.26,85.28,33299.0,85.2616,30.0
2019-02-01 22:00:00+00:00,85.3,85.3,85.3,85.3,200.0,85.3,2.0
2019-02-04 13:00:00+00:00,84.98,84.98,84.98,84.98,100.0,84.98,1.0
2019-02-04 14:00:00+00:00,84.83,85.55,84.61,84.77,299449.0,85.2226,1934.0
2019-02-04 15:00:00+00:00,84.75,84.85,83.81,83.845,548919.0,84.3247,5118.0
2019-02-04 16:00:00+00:00,83.84,84.45,83.8235,84.4,405911.0,84.2111,3573.0
2019-02-04 17:00:00+00:00,84.39,84.495,84.25,84.3,425039.0,84.338,3666.0
2019-02-04 18:00:00+00:00,84.28,84.71,84.25,84.586,344845.0,84.5192,3377.0
2019-02-04 19:00:00+00:00,84.58,85.02,84.5,84.62,471545.0,84.7993,4641.0
2019-02-04 20:00:00+00:00,84.61,84.89,84.41,84.81,900144.0,84.6844,8589.0
2019-02-04 21:00:00+00:00,84.79,84.79,84.79,84.79,511497.0,84.79,39.0
2019-02-05 12:00:00+00:00,85.0,85.0,85.0,85.0,539.0,85.0763,3.0
2019-02-05 13:00:00+00:00,85.05,85.05,85.0001,85.0001,335.0,85.0351,3.0
2019-02-05 14:00:00+00:00,84.79,85.12,84.4,85.02,247138.0,84.7709,2266.0
2019-02-05 15:00:00+00:00,85.01,85.44,84.75,85.3908,253977.0,85.0411,2561.0
2019-02-05 16:00:00+00:00,85.395,85.395,84.79,85.2336,216511.0,85.0449,2438.0
2019-02-05 17:00:00+00:00,85.25,85.25,84.84,84.8577,221882.0,84.9803,2240.0
2019-02-05 18:00:00+00:00,84.8572,85.59,84.85,85.53,235475.0,85.2669,2590.0
2019-02-05 19:00:00+00:00,85.54,86.11,85.53,85.8,403729.0,85.8464,3986.0
2019-02-05 20:00:00+00:00,85.8,86.05,85.55,85.94,792442.0,85.8075,8017.0
2019-02-05 21:00:00+00:00,85.95,85.96,85.95,85.96,413182.0,85.96,24.0
2019-02-06 13:00:00+00:00,85.96,86.1,85.96,86.1,12157.0,85.9635,4.0
2019-02-06 14:00:00+00:00,86.0,86.8599,85.3,86.1,233400.0,85.8115,1757.0
2019-02-06 15:00:00+00:00,86.11,86.14,85.11,85.7,417865.0,85.5581,3811.0
2019-02-06 16:00:00+00:00,85.71,86.43,85.64,86.15,381232.0,85.9896,3930.0
2019-02-06 17:00:00+00:00,86.15,86.61,86.11,86.285,250075.0,86.3687,2803.0
2019-02-06 18:00:00+00:00,86.28,86.37,86.07,86.18,265008.0,86.2237,3005.0
2019-02-06 19:00:00+00:00,86.185,86.3,86.01,86.08,307710.0,86.159,3506.0
2019-02-06 20:00:00+00:00,86.08,86.22,85.9,85.93,569356.0,86.0797,5961.0
2019-02-06 21:00:00+00:00,85.92,85.93,85.92,85.93,33504.0,85.9202,25.0
2019-02-06 23:00:00+00:00,86.19,86.19,86.19,86.19,400.0,86.19,1.0
2019-02-07 00:00:00+00:00,86.0,86.0,86.0,86.0,100.0,86.0,1.0
2019-02-07 13:00:00+00:00,85.33,85.33,85.33,85.33,100.0,85.33,1.0
2019-02-07 14:00:00+00:00,85.74,86.615,85.12,85.2346,286217.0,85.7821,1967.0
2019-02-07 15:00:00+00:00,85.2191,85.7,84.43,84.49,351371.0,85.1492,3626.0
2019-02-07 16:00:00+00:00,84.49,84.85,83.76,83.77,455843.0,84.3404,4981.0
2019-02-07 17:00:00+00:00,83.75,84.11,83.56,84.0,336751.0,83.8386,3690.0
2019-02-07 18:00:00+00:00,83.98,84.44,83.91,84.02,234146.0,84.1404,2896.0
2019-02-07 19:00:00+00:00,84.0015,84.21,83.72,84.02,332964.0,83.9485,4036.0
2019-02-07 20:00:00+00:00,84.02,84.12,83.57,83.91,697841.0,83.8648,7687.0
2019-02-07 21:00:00+00:00,83.91,84.1,83.91,83.91,110330.0,83.9105,36.0
2019-02-07 22:00:00+00:00,84.0,84.0,84.0,84.0,400.0,84.0,6.0
2019-02-07 23:00:00+00:00,84.0,84.2,84.0,84.08,719.0,84.0725,9.0
2019-02-08 12:00:00+00:00,83.91,84.39,83.91,84.06,1765.0,84.1841,6.0
2019-02-08 13:00:00+00:00,84.05,85.05,84.05,84.8,5622.0,84.9049,34.0
2019-02-08 14:00:00+00:00,84.7499,84.7499,83.25,83.25,419187.0,83.6408,3086.0
2019-02-08 15:00:00+00:00,83.17,83.56,82.54,82.67,575207.0,83.0636,4615.0
2019-02-08 16:00:00+00:00,82.7,82.89,82.13,82.39,386038.0,82.5557,4113.0
2019-02-08 17:00:00+00:00,82.365,83.38,82.34,83.235,599010.0,82.9327,5691.0
2019-02-08 18:00:00+00:00,83.231,83.73,83.19,83.7,458421.0,83.4545,4796.0
2019-02-08 19:00:00+00:00,83.7,83.97,83.48,83.515,505986.0,83.7746,5049.0
2019-02-08 20:00:00+00:00,83.515,84.15,83.49,84.13,940541.0,83.7276,8671.0
2019-02-08 21:00:00+00:00,84.14,84.14,84.14,84.14,38032.0,84.1398,33.0
2019-02-11 12:00:00+00:00,84.4,84.4,84.4,84.4,100.0,84.4,1.0
2019-02-11 13:00:00+00:00,84.8999,84.8999,84.5,84.5,2284.0,84.7182,5.0
2019-02-11 14:00:00+00:00,84.5,84.6,83.51,84.5,297058.0,84.0846,2542.0
2019-02-11 15:00:00+00:00,84.5,84.62,84.03,84.48,378612.0,84.3338,3855.0
2019-02-11 16:00:00+00:00,84.49,84.63,84.1,84.365,479180.0,84.2797,4700.0
2019-02-11 17:00:00+00:00,84.36,84.54,83.63,83.84,364402.0,84.0415,3554.0
2019-02-11 18:00:00+00:00,83.82,83.86,83.37,83.5,314191.0,83.5337,3064.0
2019-02-11 19:00:00+00:00,83.5,83.6316,83.26,83.33,272795.0,83.4739,2735.0
2019-02-11 20:00:00+00:00,83.32,83.55,83.28,83.32,805772.0,83.378,6803.0
2019-02-11 21:00:00+00:00,83.33,83.36,83.33,83.36,20768.0,83.3396,22.0
2019-02-11 22:00:00+00:00,83.36,83.5,83.36,83.5,19132.0,83.3539,5.0
2019-02-11 23:00:00+00:00,83.5,83.5,83.4,83.4999,1550.0,83.4709,3.0
2019-02-12 00:00:00+00:00,83.54,83.54,83.54,83.54,210.0,83.54,1.0
2019-02-12 12:00:00+00:00,83.25,83.25,83.25,83.25,800.0,83.25,2.0
2019-02-12 13:00:00+00:00,83.2605,83.2605,83.15,83.25,2241.0,83.229,20.0
2019-02-12 14:00:00+00:00,83.43,83.44,82.26,82.54,475523.0,82.8422,3792.0
2019-02-12 15:00:00+00:00,82.53,82.73,82.21,82.63,348691.0,82.4397,3782.0
2019-02-12 16:00:00+00:00,82.63,82.64,82.135,82.43,387134.0,82.3672,4102.0
2019-02-12 17:00:00+00:00,82.45,82.7399,82.3,82.7,340726.0,82.4742,3245.0
2019-02-12 18:00:00+00:00,82.71,82.97,82.49,82.64,240493.0,82.7572,2626.0
2019-02-12 19:00:00+00:00,82.63,82.66,82.39,82.58,312172.0,82.501,3178.0
2019-02-12 20:00:00+00:00,82.57,82.72,82.32,82.33,520506.0,82.4438,5189.0
2019-02-12 21:00:00+00:00,82.33,82.33,82.33,82.33,97198.0,82.3299,25.0
2019-02-12 22:00:00+00:00,82.3,82.45,82.3,82.45,235.0,82.3862,3.0
2019-02-13 12:00:00+00:00,82.6,82.6,82.6,82.6,600.0,82.6,3.0
2019-02-13 13:00:00+00:00,82.7,82.7,82.7,82.7,380.0,82.7,3.0
2019-02-13 14:00:00+00:00,82.51,83.6,82.5,83.22,254656.0,83.1165,2108.0
2019-02-13 15:00:00+00:00,83.22,83.62,82.97,83.46,364394.0,83.3128,3535.0
2019-02-13 16:00:00+00:00,83.46,83.73,82.87,83.12,403012.0,83.3294,4032.0
2019-02-13 17:00:00+00:00,83.1258,83.21,82.91,83.08,260470.0,83.0849,2903.0
2019-02-13 18:00:00+00:00,83.08,83.21,82.975,83.05,284950.0,83.1188,2897.0
2019-02-13 19:00:00+00:00,83.0501,83.4,82.89,83.36,282295.0,83.1476,2835.0
2019-02-13 20:00:00+00:00,83.36,83.65,83.19,83.46,561235.0,83.4775,6182.0
2019-02-13 21:00:00+00:00,83.46,83.6,83.44,83.6,29009.0,83.4655,39.0
2019-02-13 22:00:00+00:00,83.5,83.5,83.46,83.46,6540.0,83.4661,4.0
2019-02-14 00:00:00+00:00,83.46,83.46,83.46,83.46,400.0,83.46,1.0
2019-02-14 14:00:00+00:00,82.54,83.83,82.45,83.15,292572.0,83.0333,2109.0
2019-02-14 15:00:00+00:00,83.14,83.5199,82.87,83.46,409804.0,83.23,4015.0
2019-02-14 16:00:00+00:00,83.49,83.64,83.09,83.53,316593.0,83.3909,3185.0
2019-02-14 17:00:00+00:00,83.53,83.81,83.51,83.6,192723.0,83.6609,2427.0
2019-02-14 18:00:00+00:00,83.6,83.68,83.4,83.45,239052.0,83.5486,2546.0
2019-02-14 19:00:00+00:00,83.45,83.88,83.3,83.74,339720.0,83.5952,3524.0
2019-02-14 20:00:00+00:00,83.7549,83.96,83.57,83.6,687020.0,83.7253,7673.0
2019-02-14 21:00:00+00:00,83.61,83.61,83.61,83.61,50900.0,83.6082,38.0
2019-02-14 23:00:00+00:00,83.51,83.51,83.51,83.51,850.0,83.51,1.0
2019-02-15 14:00:00+00:00,84.5,85.13,84.2,84.74,358279.0,84.6019,2082.0
2019-02-15 15:00:00+00:00,84.7531,84.81,84.31,84.38,259273.0,84.4893,2931.0
2019-02-15 16:00:00+00:00,84.4,84.48,84.1,84.305,254806.0,84.2622,2812.0
2019-02-15 17:00:00+00:00,84.305,84.7,84.22,84.23,247595.0,84.4246,2545.0
2019-02-15 18:00:00+00:00,84.24,84.3,84.06,84.09,471508.0,84.1779,3313.0
2019-02-15 19:00:00+00:00,84.1,84.48,84.0949,84.44,487060.0,84.237,3673.0
2019-02-15 20:00:00+00:00,84.44,84.6686,84.29,84.4,755557.0,84.4527,7439.0
2019-02-15 21:00:00+00:00,84.4,84.5999,84.4,84.5999,372372.0,84.4001,112.0
2019-02-19 14:00:00+00:00,84.45,84.98,83.81,84.19,273856.0,84.4316,2506.0
2019-02-19 15:00:00+00:00,84.285,84.6374,83.99,84.15,287075.0,84.3569,3131.0
2019-02-19 16:00:00+00:00,84.17,84.75,84.08,84.6922,204727.0,84.358,2265.0
2019-02-19 17:00:00+00:00,84.7,84.77,84.47,84.49,132411.0,84.6032,1816.0
2019-02-19 18:00:00+00:00,84.49,84.62,84.37,84.62,129312.0,84.4636,1667.0
2019-02-19 19:00:00+00:00,84.61,84.77,84.55,84.68,164007.0,84.6691,2151.0
2019-02-19 20:00:00+00:00,84.69,84.93,84.67,84.79,483681.0,84.8389,5418.0
2019-02-19 21:00:00+00:00,84.79,84.79,84.79,84.79,11904.0,84.79,24.0
2019-02-20 00:00:00+00:00,84.7,84.7,84.7,84.7,100.0,84.7,1.0
2019-02-20 12:00:00+00:00,84.7,84.79,84.7,84.79,310.0,84.761,4.0
2019-02-20 13:00:00+00:00,84.94,85.24,84.94,85.24,920.0,85.0835,5.0
2019-02-20 14:00:00+00:00,84.75,85.56,84.74,84.92,264366.0,85.0909,2174.0
2019-02-20 15:00:00+00:00,84.91,85.81,84.6,85.65,552838.0,85.1801,6147.0
2019-02-20 16:00:00+00:00,85.66,86.02,85.43,85.67,372441.0,85.7203,4089.0
2019-02-20 17:00:00+00:00,85.66,85.78,85.3,85.655,419079.0,85.5737,5133.0
2019-02-20 18:00:00+00:00,85.65,86.18,85.64,85.88,286029.0,85.9084,3520.0
2019-02-20 19:00:00+00:00,85.88,86.0,85.41,85.68,432035.0,85.7717,4831.0
2019-02-20 20:00:00+00:00,85.68,85.77,85.21,85.44,836038.0,85.5618,8315.0
2019-02-20 21:00:00+00:00,85.43,85.5,85.43,85.5,352897.0,85.43,26.0
2019-02-20 23:00:00+00:00,85.5,85.5,85.5,85.5,150.0,85.5,1.0
2019-02-21 12:00:00+00:00,85.7,85.7,85.7,85.7,100.0,85.7,1.0
2019-02-21 13:00:00+00:00,85.7,85.7,85.36,85.36,469.0,85.4753,4.0
2019-02-21 14:00:00+00:00,85.45,86.13,85.25,86.08,243834.0,85.7314,2531.0
2019-02-21 15:00:00+00:00,86.0372,86.07,85.21,85.55,371040.0,85.4738,4263.0
2019-02-21 16:00:00+00:00,85.52,86.36,85.44,85.46,553504.0,85.9015,5131.0
2019-02-21 17:00:00+00:00,85.44,85.5104,84.8,84.87,298626.0,85.076,3253.0
2019-02-21 18:00:00+00:00,84.87,84.98,84.7378,84.88,226964.0,84.8645,2848.0
2019-02-21 19:00:00+00:00,84.89,84.95,84.55,84.58,334928.0,84.7732,4380.0
2019-02-21 20:00:00+00:00,84.56,84.72,84.36,84.48,682209.0,84.5072,7347.0
2019-02-21 21:00:00+00:00,84.48,84.48,84.48,84.48,38715.0,84.4799,29.0
2019-02-21 22:00:00+00:00,84.5,84.5,84.5,84.5,100.0,84.5,1.0
2019-02-22 13:00:00+00:00,84.51,84.51,84.51,84.51,100.0,84.51,1.0
2019-02-22 14:00:00+00:00,85.13,86.08,84.99,85.76,270014.0,85.5558,2158.0
2019-02-22 15:00:00+00:00,85.76,85.79,84.55,84.88,386611.0,85.0084,3410.0
2019-02-22 16:00:00+00:00,84.88,85.54,84.88,85.16,262347.0,85.1817,2791.0
2019-02-22 17:00:00+00:00,85.15,85.69,84.98,85.58,456281.0,85.3839,3933.0
2019-02-22 18:00:00+00:00,85.565,85.66,85.345,85.38,253907.0,85.4993,2844.0
2019-02-22 19:00:00+00:00,85.38,85.5,85.05,85.11,276788.0,85.2564,3247.0
2019-02-22 20:00:00+00:00,85.1,85.375,85.06,85.33,815357.0,85.2312,8825.0
2019-02-22 21:00:00+00:00,85.32,85.32,85.32,85.32,164250.0,85.32,32.0
2019-02-23 00:00:00+00:00,85.32,85.32,85.32,85.32,500.0,85.32,1.0
2019-02-25 12:00:00+00:00,85.4,85.4,85.39,85.39,843.0,85.3939,9.0
2019-02-25 13:00:00+00:00,85.32,85.32,85.32,85.32,299.0,85.32,3.0
2019-02-25 14:00:00+00:00,85.59,85.66,85.1,85.51,149007.0,85.4041,1376.0
2019-02-25 15:00:00+00:00,85.51,85.59,85.01,85.36,236991.0,85.2404,2599.0
2019-02-25 16:00:00+00:00,85.35,85.5138,85.13,85.36,172349.0,85.28,2201.0
2019-02-25 17:00:00+00:00,85.35,85.53,85.1,85.24,180459.0,85.2966,2388.0
2019-02-25 18:00:00+00:00,85.22,85.29,85.09,85.26,131830.0,85.2113,1689.0
2019-02-25 19:00:00+00:00,85.26,85.38,85.21,85.26,152487.0,85.2807,1920.0
2019-02-25 20:00:00+00:00,85.28,85.3,84.86,84.95,554841.0,85.0184,5963.0
2019-02-25 21:00:00+00:00,84.98,84.98,84.96,84.96,12543.0,84.9798,24.0
2019-02-25 23:00:00+00:00,84.95,84.95,84.95,84.95,170.0,84.95,1.0
2019-02-26 00:00:00+00:00,84.96,84.96,84.96,84.96,1300.0,84.96,2.0
2019-02-26 14:00:00+00:00,84.75,85.75,84.75,85.0762,209190.0,85.201,1778.0
2019-02-26 15:00:00+00:00,85.08,85.38,84.91,84.94,224430.0,85.1046,3023.0
2019-02-26 16:00:00+00:00,84.92,85.38,84.9,85.28,199922.0,85.1714,2455.0
2019-02-26 17:00:00+00:00,85.28,85.28,84.8,84.84,148492.0,85.0039,1972.0
2019-02-26 18:00:00+00:00,84.82,85.01,84.535,84.56,161798.0,84.7415,2270.0
2019-02-26 19:00:00+00:00,84.59,84.8,84.42,84.745,183431.0,84.628,2340.0
2019-02-26 20:00:00+00:00,84.76,84.9461,84.38,84.41,455609.0,84.6285,5469.0
2019-02-26 21:00:00+00:00,84.41,84.6,84.41,84.6,154635.0,84.4101,27.0
2019-02-27 12:00:00+00:00,84.58,84.58,84.58,84.58,500.0,84.58,1.0
2019-02-27 13:00:00+00:00,84.65,85.0,84.65,84.7,2900.0,84.6741,8.0
2019-02-27 14:00:00+00:00,85.0,85.0,84.01,84.3,257542.0,84.3131,2411.0
2019-02-27 15:00:00+00:00,84.29,84.51,83.65,84.27,298952.0,84.1234,3466.0
2019-02-27 16:00:00+00:00,84.27,84.55,84.0,84.21,295982.0,84.2366,3303.0
2019-02-27 17:00:00+00:00,84.215,84.26,83.7,83.815,236984.0,83.9848,2576.0
2019-02-27 18:00:00+00:00,83.815,84.003,83.67,83.75,211417.0,83.8295,2651.0
2019-02-27 19:00:00+00:00,83.745,83.76,83.5237,83.605,353419.0,83.6692,3506.0
2019-02-27 20:00:00+00:00,83.61,83.66,82.91,83.1,974008.0,83.1806,8795.0
2019-02-27 21:00:00+00:00,83.09,83.09,83.09,83.09,60733.0,83.0907,25.0
2019-02-27 23:00:00+00:00,83.32,83.32,83.32,83.32,1800.0,83.32,1.0
2019-02-28 12:00:00+00:00,83.09,83.09,83.09,83.09,237.0,83.0816,2.0
2019-02-28 14:00:00+00:00,83.12,83.3,82.11,82.31,270017.0,82.6393,2201.0
2019-02-28 15:00:00+00:00,82.24,82.33,81.63,81.74,379197.0,81.9629,4363.0
2019-02-28 16:00:00+00:00,81.73,82.29,81.57,82.0646,389304.0,81.9616,3956.0
2019-02-28 17:00:00+00:00,82.06,82.285,81.84,81.97,256067.0,82.063,2669.0
2019-02-28 18:00:00+00:00,81.97,82.15,81.79,81.83,301486.0,81.9857,2984.0
2019-02-28 19:00:00+00:00,81.83,81.92,81.6,81.855,312905.0,81.76,3413.0
2019-02-28 20:00:00+00:00,81.85,83.09,81.53,81.56,772972.0,81.7257,7899.0
2019-02-28 21:00:00+00:00,81.56,81.5643,81.56,81.56,278428.0,81.5601,61.0
2019-02-28 22:00:00+00:00,81.56,81.56,81.56,81.56,4400.0,81.56,1.0
2019-03-01 13:00:00+00:00,81.7,81.7,81.7,81.7,250.0,81.7,1.0
2019-03-01 14:00:00+00:00,82.12,82.9,81.95,82.69,282777.0,82.3895,1882.0
2019-03-01 15:00:00+00:00,82.64,82.85,82.3,82.53,324425.0,82.5567,4159.0
2019-03-01 16:00:00+00:00,82.55,82.57,82.05,82.2,242708.0,82.2866,3047.0
2019-03-01 17:00:00+00:00,82.215,82.67,82.15,82.57,223030.0,82.4305,2813.0
2019-03-01 18:00:00+00:00,82.57,82.59,82.38,82.47,224415.0,82.5005,2651.0
2019-03-01 19:00:00+00:00,82.47,82.76,82.4675,82.64,343188.0,82.606,3760.0
2019-03-01 20:00:00+00:00,82.635,82.97,82.54,82.9,777770.0,82.7263,8742.0
2019-03-01 21:00:00+00:00,82.89,82.89,82.86,82.88,162807.0,82.8899,40.0
2019-03-01 22:00:00+00:00,82.89,82.89,82.89,82.89,27780.0,82.89,1.0
2019-03-01 23:00:00+00:00,82.89,83.0,82.89,83.0,376.0,82.9193,3.0
2019-03-04 14:00:00+00:00,83.05,83.67,83.03,83.069,175400.0,83.3128,1932.0
2019-03-04 15:00:00+00:00,83.06,83.08,82.61,82.69,312773.0,82.8448,3929.0
2019-03-04 16:00:00+00:00,82.68,82.77,82.2,82.27,377942.0,82.5696,4697.0
2019-03-04 17:00:00+00:00,82.26,82.36,81.08,81.23,482030.0,81.8641,5285.0
2019-03-04 18:00:00+00:00,81.205,81.82,80.91,81.79,302566.0,81.281,3626.0
2019-03-04 19:00:00+00:00,81.78,82.09,81.78,81.91,231739.0,81.9313,3096.0
2019-03-04 20:00:00+00:00,81.9065,82.59,81.8,82.56,590971.0,82.3563,6933.0
2019-03-04 21:00:00+00:00,82.53,82.53,82.53,82.53,806925.0,82.53,29.0
2019-03-04 23:00:00+00:00,82.53,82.53,82.53,82.53,325.0,82.53,3.0
2019-03-05 14:00:00+00:00,82.78,82.78,81.255,81.49,345389.0,81.7943,2855.0
2019-03-05 15:00:00+00:00,81.52,81.68,80.98,81.1,514024.0,81.2716,5900.0
2019-03-05 16:00:00+00:00,81.1,81.315,80.5169,81.06,439135.0,80.9449,5427.0
2019-03-05 17:00:00+00:00,81.06,81.08,80.8682,81.02,315163.0,80.9877,3283.0
2019-03-05 18:00:00+00:00,81.02,81.42,80.99,81.23,292712.0,81.2605,3072.0
2019-03-05 19:00:00+00:00,81.2252,81.49,81.1,81.1811,324843.0,81.2799,3831.0
2019-03-05 20:00:00+00:00,81.185,81.27,80.79,81.15,1011280.0,81.06,9895.0
2019-03-05 21:00:00+00:00,81.15,81.15,81.15,81.15,142911.0,81.15,33.0
2019-03-06 00:00:00+00:00,81.0,81.0,81.0,81.0,360.0,81.0,2.0
2019-03-06 14:00:00+00:00,81.11,81.39,80.76,81.1162,236770.0,81.0241,2134.0
2019-03-06 15:00:00+00:00,81.12,81.85,80.95,81.54,578829.0,81.3187,6446.0
2019-03-06 16:00:00+00:00,81.54,82.01,81.25,81.305,410086.0,81.7139,4554.0
2019-03-06 17:00:00+00:00,81.29,81.45,80.75,80.81,233871.0,81.0799,2854.0
2019-03-06 18:00:00+00:00,80.85,81.2,80.77,81.19,181319.0,80.9596,2405.0
2019-03-06 19:00:00+00:00,81.1972,81.54,81.1399,81.18,310607.0,81.3489,3951.0
2019-03-06 20:00:00+00:00,81.17,81.45,81.1,81.33,673053.0,81.2733,7813.0
2019-03-06 21:00:00+00:00,81.35,81.35,81.35,81.35,345086.0,81.35,33.0
2019-03-07 12:00:00+00:00,81.5,81.5,81.5,81.5,200.0,81.5,1.0
2019-03-07 14:00:00+00:00,81.43,81.69,80.75,81.07,299454.0,81.1202,3152.0
2019-03-07 15:00:00+00:00,81.08,81.3,80.61,81.0,468438.0,81.0485,5075.0
2019-03-07 16:00:00+00:00,80.99,81.01,80.42,80.72,346233.0,80.6931,4013.0
2019-03-07 17:00:00+00:00,80.71,81.07,80.62,80.96,293522.0,80.8458,3221.0
2019-03-07 18:00:00+00:00,80.93,80.9602,80.59,80.6,155004.0,80.7612,1949.0
2019-03-07 19:00:00+00:00,80.62,80.73,80.43,80.505,203158.0,80.5659,2534.0
2019-03-07 20:00:00+00:00,80.51,80.78,80.35,80.59,780797.0,80.6045,8719.0
2019-03-07 21:00:00+00:00,80.59,80.59,80.59,80.59,89106.0,80.59,26.0
2019-03-08 12:00:00+00:00,80.45,80.45,79.5,79.54,1780.0,79.7599,14.0
2019-03-08 13:00:00+00:00,79.8,80.59,79.5,80.59,13418.0,80.3224,26.0
2019-03-08 14:00:00+00:00,79.7,79.92,78.67,78.74,599849.0,79.1351,4729.0
2019-03-08 15:00:00+00:00,78.74,79.49,78.55,79.02,511756.0,78.8648,6113.0
2019-03-08 16:00:00+00:00,79.02,79.26,78.66,78.66,358671.0,78.9615,4423.0
2019-03-08 17:00:00+00:00,78.66,78.92,78.582,78.62,259496.0,78.7409,3519.0
2019-03-08 18:00:00+00:00,78.62,78.94,78.56,78.745,305000.0,78.7222,3678.0
2019-03-08 19:00:00+00:00,78.74,79.76,78.71,79.74,513677.0,79.2427,5220.0
2019-03-08 20:00:00+00:00,79.745,79.965,79.49,79.75,1142225.0,79.7541,12300.0
2019-03-08 21:00:00+00:00,79.75,79.75,79.75,79.75,28569.0,79.7503,28.0
2019-03-11 13:00:00+00:00,80.33,81.13,80.1661,81.13,277142.0,80.6676,2465.0
2019-03-11 14:00:00+00:00,81.145,82.78,81.03,82.5499,715108.0,82.1589,8231.0
2019-03-11 15:00:00+00:00,82.52,82.94,82.38,82.87,478133.0,82.6218,4958.0
2019-03-11 16:00:00+00:00,82.85,83.145,82.7,82.9457,325936.0,82.9109,3982.0
2019-03-11 17:00:00+00:00,82.96,83.36,82.91,83.34,275731.0,83.0899,3403.0
2019-03-11 18:00:00+00:00,83.3374,83.41,82.97,83.11,429631.0,83.206,5056.0
2019-03-11 19:00:00+00:00,83.105,83.56,83.0764,83.49,1185696.0,83.3964,12307.0
2019-03-11 20:00:00+00:00,83.48,83.57,83.3,83.48,96499.0,83.4794,33.0
2019-03-11 23:00:00+00:00,83.58,83.59,83.58,83.59,600.0,83.5817,4.0
2019-03-12 11:00:00+00:00,83.5,83.5,83.48,83.48,1100.0,83.4909,3.0
2019-03-12 13:00:00+00:00,83.22,83.73,82.76,83.6003,323750.0,83.3562,3258.0
2019-03-12 14:00:00+00:00,83.595,85.08,83.53,84.6186,692451.0,84.396,8499.0
2019-03-12 15:00:00+00:00,84.615,84.95,84.45,84.88,561062.0,84.7037,6035.0
2019-03-12 16:00:00+00:00,84.8912,84.8912,84.38,84.5,366272.0,84.6129,4535.0
2019-03-12 17:00:00+00:00,84.5,84.59,84.19,84.54,328629.0,84.3994,3640.0
2019-03-12 18:00:00+00:00,84.52,84.76,84.35,84.5,438063.0,84.6092,5071.0
2019-03-12 19:00:00+00:00,84.5,84.6,83.74,83.86,1309746.0,84.0253,12802.0
2019-03-12 20:00:00+00:00,83.85,83.85,83.85,83.85,295637.0,83.85,31.0
2019-03-12 23:00:00+00:00,83.9,83.9,83.9,83.9,100.0,83.9,1.0
2019-03-13 11:00:00+00:00,84.27,84.27,84.27,84.27,100.0,84.27,1.0
2019-03-13 12:00:00+00:00,83.85,84.0,83.85,84.0,250.0,83.91,2.0
2019-03-13 13:00:00+00:00,84.0,84.55,83.72,83.98,370969.0,84.0647,3999.0
2019-03-13 14:00:00+00:00,83.99,84.33,83.47,84.16,593935.0,83.9727,6583.0
2019-03-13 15:00:00+00:00,84.18,84.5,84.16,84.24,300264.0,84.3226,3582.0
2019-03-13 16:00:00+00:00,84.24,84.385,83.79,84.09,303820.0,84.0255,3297.0
2019-03-13 17:00:00+00:00,84.09,84.4,84.07,84.34,212731.0,84.2351,2679.0
2019-03-13 18:00:00+00:00,84.35,84.57,83.81,84.04,340620.0,84.2112,3896.0
2019-03-13 19:00:00+00:00,84.04,84.3,83.88,84.2,865292.0,84.0967,9434.0
2019-03-13 20:00:00+00:00,84.22,84.54,84.0,84.22,448099.0,84.22,36.0
2019-03-13 22:00:00+00:00,84.22,84.5,84.22,84.5,1184.0,84.4565,5.0
2019-03-14 13:00:00+00:00,84.11,84.78,83.98,84.645,231416.0,84.4451,2397.0
2019-03-14 14:00:00+00:00,84.645,84.73,83.96,83.99,340193.0,84.3895,3990.0
2019-03-14 15:00:00+00:00,83.97,84.33,83.82,84.1434,321693.0,84.1451,3543.0
2019-03-14 16:00:00+00:00,84.13,84.34,84.02,84.2645,189583.0,84.1684,2548.0
2019-03-14 17:00:00+00:00,84.27,84.45,84.24,84.3568,178125.0,84.3429,2238.0
2019-03-14 18:00:00+00:00,84.3637,84.49,84.23,84.47,219740.0,84.3413,2577.0
2019-03-14 19:00:00+00:00,84.43,84.96,84.41,84.94,801052.0,84.7801,7789.0
2019-03-14 20:00:00+00:00,84.94,84.94,83.54,84.8,432061.0,84.8141,40.0
2019-03-15 11:00:00+00:00,85.0,85.0,85.0,85.0,300.0,85.0,1.0
2019-03-15 13:00:00+00:00,84.88,86.03,84.77,85.98,737102.0,85.0923,2537.0
2019-03-15 14:00:00+00:00,86.01,86.23,84.98,85.135,409255.0,85.5943,4722.0
2019-03-15 15:00:00+00:00,85.15,85.1699,84.67,84.83,199491.0,84.909,2673.0
2019-03-15 16:00:00+00:00,84.8,85.1,84.69,84.87,173779.0,84.9121,2307.0
2019-03-15 17:00:00+00:00,84.89,85.01,84.65,84.775,194845.0,84.8035,2416.0
2019-03-15 18:00:00+00:00,84.78,85.06,84.7401,85.015,164501.0,84.9061,2453.0
2019-03-15 19:00:00+00:00,85.0,85.2,84.77,85.1,692033.0,85.0326,7441.0
2019-03-15 20:00:00+00:00,85.08,85.0825,85.08,85.0825,352363.0,85.08,95.0
2019-03-15 22:00:00+00:00,85.0,85.0,85.0,85.0,138.0,84.9906,3.0
2019-03-18 11:00:00+00:00,85.41,85.41,85.41,85.41,100.0,85.41,1.0
2019-03-18 12:00:00+00:00,85.35,85.35,85.35,85.35,800.0,85.35,8.0
2019-03-18 13:00:00+00:00,85.4,86.08,85.295,86.06,339471.0,85.7196,2808.0
2019-03-18 14:00:00+00:00,86.08,86.38,85.86,86.215,431161.0,86.1082,4317.0
2019-03-18 15:00:00+00:00,86.2135,86.47,85.98,86.1,348558.0,86.1773,3509.0
2019-03-18 16:00:00+00:00,86.11,86.56,86.06,86.45,206720.0,86.3037,2512.0
2019-03-18 17:00:00+00:00,86.4435,86.4642,86.2321,86.285,151728.0,86.3361,1804.0
2019-03-18 18:00:00+00:00,86.3,86.75,86.2,86.61,222895.0,86.5099,2779.0
2019-03-18 19:00:00+00:00,86.61,86.85,86.43,86.75,551105.0,86.6914,5926.0
2019-03-18 20:00:00+00:00,86.75,86.75,86.75,86.75,631534.0,86.7437,27.0
2019-03-18 21:00:00+00:00,86.65,86.75,86.65,86.75,491.0,86.7093,3.0
2019-03-18 23:00:00+00:00,86.85,86.85,86.85,86.85,150.0,86.85,1.0
2019-03-19 13:00:00+00:00,87.24,87.95,87.01,87.305,275045.0,87.491,3035.0
2019-03-19 14:00:00+00:00,87.3,87.65,87.08,87.1,450867.0,87.3132,5487.0
2019-03-19 15:00:00+00:00,87.12,87.42,87.0,87.38,298209.0,87.1975,3671.0
2019-03-19 16:00:00+00:00,87.3893,87.53,87.09,87.39,231006.0,87.3404,3694.0
2019-03-19 17:00:00+00:00,87.39,87.49,87.19,87.25,188269.0,87.3234,2714.0
2019-03-19 18:00:00+00:00,87.25,87.34,87.09,87.1,242276.0,87.2033,3515.0
2019-03-19 19:00:00+00:00,87.1,87.16,86.21,86.44,595333.0,86.5142,8244.0
2019-03-19 20:00:00+00:00,86.43,86.5,86.43,86.5,139703.0,86.4302,36.0
2019-03-19 21:00:00+00:00,86.4401,86.4401,86.4401,86.4401,170.0,86.4401,1.0
2019-03-20 13:00:00+00:00,86.04,86.26,85.56,85.74,162365.0,85.9682,2017.0
2019-03-20 14:00:00+00:00,85.73,86.1408,85.33,86.14,473635.0,85.8209,5529.0
2019-03-20 15:00:00+00:00,86.15,86.41,85.99,86.05,233731.0,86.2493,3426.0
2019-03-20 16:00:00+00:00,86.07,86.32,85.8,85.89,209131.0,86.0641,2688.0
2019-03-20 17:00:00+00:00,85.88,86.02,85.71,85.89,139528.0,85.8497,2269.0
2019-03-20 18:00:00+00:00,85.93,87.03,85.93,86.8769,282785.0,86.6265,4353.0
2019-03-20 19:00:00+00:00,86.9,86.95,86.35,86.44,969472.0,86.6136,11298.0
2019-03-20 20:00:00+00:00,86.44,86.44,86.44,86.44,751562.0,86.44,23.0
2019-03-21 13:00:00+00:00,86.49,86.97,86.22,86.85,202291.0,86.5519,2204.0
2019-03-21 14:00:00+00:00,86.88,87.62,86.77,87.43,263038.0,87.2999,3063.0
2019-03-21 15:00:00+00:00,87.45,87.64,87.17,87.339,342676.0,87.3602,3566.0
2019-03-21 16:00:00+00:00,87.31,87.31,86.605,86.645,161159.0,86.8575,1976.0
2019-03-21 17:00:00+00:00,86.66,87.05,86.65,86.72,142335.0,86.8337,2140.0
2019-03-21 18:00:00+00:00,86.7369,86.96,86.57,86.58,363686.0,86.7638,3475.0
2019-03-21 19:00:00+00:00,86.6,86.71,86.33,86.38,506409.0,86.4446,6021.0
2019-03-21 20:00:00+00:00,86.38,86.38,86.38,86.38,79107.0,86.38,25.0
2019-03-21 21:00:00+00:00,86.37,86.38,86.37,86.38,8576.0,86.3799,2.0
2019-03-22 11:00:00+00:00,86.0,86.0,86.0,86.0,230.0,86.0413,5.0
2019-03-22 13:00:00+00:00,85.58,86.135,84.655,84.7,229809.0,85.4441,2376.0
2019-03-22 14:00:00+00:00,84.67,85.29,84.37,84.58,254056.0,84.7981,3137.0
2019-03-22 15:00:00+00:00,84.57,84.57,83.47,83.5065,339153.0,84.0538,4099.0
2019-03-22 16:00:00+00:00,83.5,83.97,83.5,83.9,253658.0,83.7381,3632.0
2019-03-22 17:00:00+00:00,83.88,84.84,83.87,84.78,428365.0,84.3652,4892.0
2019-03-22 18:00:00+00:00,84.78,85.5255,84.7611,85.4032,335413.0,85.2024,4034.0
2019-03-22 19:00:00+00:00,85.41,85.549,84.65,84.66,607083.0,84.8999,7301.0
2019-03-22 20:00:00+00:00,84.63,84.63,84.6,84.61,26876.0,84.6298,26.0
2019-03-22 21:00:00+00:00,84.63,84.63,84.63,84.63,14370.0,84.63,1.0
2019-03-25 11:00:00+00:00,84.45,85.08,84.45,85.08,2400.0,84.9608,11.0
2019-03-25 12:00:00+00:00,85.3,85.3,85.3,85.3,676.0,85.3,6.0
2019-03-25 13:00:00+00:00,85.15,85.15,84.06,84.49,261353.0,84.4044,2729.0
2019-03-25 14:00:00+00:00,84.44,85.22,84.25,84.96,322990.0,84.6186,4088.0
2019-03-25 15:00:00+00:00,84.97,85.51,84.72,84.79,199880.0,85.0968,2963.0
2019-03-25 16:00:00+00:00,84.77,85.15,84.66,85.05,199538.0,84.9248,2778.0
2019-03-25 17:00:00+00:00,85.0759,85.586,84.945,85.14,353034.0,85.2721,3508.0
2019-03-25 18:00:00+00:00,85.14,85.26,84.67,85.04,226142.0,84.9645,2759.0
2019-03-25 19:00:00+00:00,85.06,85.58,85.0,85.49,507018.0,85.3348,6427.0
2019-03-25 20:00:00+00:00,85.48,85.48,85.48,85.48,74342.0,85.48,18.0
2019-03-25 23:00:00+00:00,85.75,85.75,85.75,85.75,100.0,85.75,1.0
2019-03-26 12:00:00+00:00,86.8599,86.86,86.8599,86.86,220.0,86.8599,2.0
2019-03-26 13:00:00+00:00,86.17,87.35,85.79,87.25,328403.0,86.7827,2983.0
2019-03-26 14:00:00+00:00,87.27,87.29,86.08,86.765,288435.0,86.6263,3675.0
2019-03-26 15:00:00+00:00,86.78,86.87,86.16,86.17,195408.0,86.384,2396.0
2019-03-26 16:00:00+00:00,86.16,86.39,85.95,86.04,286489.0,86.141,3195.0
2019-03-26 17:00:00+00:00,86.04,86.295,85.94,85.94,315237.0,86.0805,3136.0
2019-03-26 18:00:00+00:00,85.93,86.79,85.88,86.79,271053.0,86.2894,3673.0
2019-03-26 19:00:00+00:00,86.7814,87.19,86.69,87.01,781243.0,86.9592,8673.0
2019-03-26 20:00:00+00:00,87.0,87.0,87.0,87.0,48455.0,87.0,27.0
2019-03-26 23:00:00+00:00,87.0,87.0,87.0,87.0,700.0,87.0,3.0
2019-03-27 11:00:00+00:00,86.97,87.0,86.97,87.0,2000.0,86.997,14.0
2019-03-27 12:00:00+00:00,87.0,87.0,87.0,87.0,300.0,87.0,1.0
2019-03-27 13:00:00+00:00,87.09,87.56,86.36,86.8774,317171.0,86.8305,2841.0
2019-03-27 14:00:00+00:00,86.85,87.0164,86.36,86.675,300167.0,86.6753,4592.0
2019-03-27 15:00:00+00:00,86.66,86.79,85.61,85.83,480555.0,86.3387,5490.0
2019-03-27 16:00:00+00:00,85.83,86.32,85.74,85.99,225034.0,86.0591,3192.0
2019-03-27 17:00:00+00:00,86.01,86.52,85.99,86.32,257755.0,86.3191,3172.0
2019-03-27 18:00:00+00:00,86.33,86.44,86.2,86.27,254214.0,86.3161,3117.0
2019-03-27 19:00:00+00:00,86.29,86.535,86.01,86.02,637976.0,86.2305,7326.0
2019-03-27 20:00:00+00:00,86.02,86.21,86.02,86.21,265734.0,86.0202,36.0
2019-03-27 21:00:00+00:00,86.6,86.6,86.6,86.6,200.0,86.6,1.0
2019-03-27 23:00:00+00:00,86.5,86.5,86.5,86.5,600.0,86.5,1.0
2019-03-28 11:00:00+00:00,86.05,86.05,86.0,86.0,300.0,86.0333,3.0
2019-03-28 13:00:00+00:00,85.81,86.05,85.49,85.83,208461.0,85.7476,2036.0
2019-03-28 14:00:00+00:00,85.834,86.0,84.92,84.96,317701.0,85.4772,3709.0
2019-03-28 15:00:00+00:00,84.955,85.0,84.43,84.4853,386744.0,84.7132,4154.0
2019-03-28 16:00:00+00:00,84.47,84.72,84.22,84.66,174624.0,84.5061,2600.0
2019-03-28 17:00:00+00:00,84.665,84.88,84.49,84.74,210990.0,84.6826,2654.0
2019-03-28 18:00:00+00:00,84.75,84.99,84.56,84.68,293945.0,84.7493,3201.0
2019-03-28 19:00:00+00:00,84.7,85.03,84.4,84.83,795202.0,84.7619,8692.0
2019-03-28 20:00:00+00:00,84.83,84.83,84.59,84.83,57549.0,84.8296,33.0
2019-03-29 13:00:00+00:00,85.6,85.74,85.06,85.1,202403.0,85.4521,2243.0
2019-03-29 14:00:00+00:00,85.13,85.17,83.89,83.92,382442.0,84.6492,3635.0
2019-03-29 15:00:00+00:00,83.95,84.73,83.95,84.485,275467.0,84.4459,3512.0
2019-03-29 16:00:00+00:00,84.47,85.0,84.38,84.8735,217752.0,84.7076,2207.0
2019-03-29 17:00:00+00:00,84.88,84.907,84.36,84.38,162607.0,84.6278,2400.0
2019-03-29 18:00:00+00:00,84.38,84.9525,84.32,84.94,255183.0,84.5664,3472.0
2019-03-29 19:00:00+00:00,84.93,85.08,84.75,84.83,821179.0,84.9103,8465.0
2019-03-29 20:00:00+00:00,84.83,84.83,84.83,84.83,145406.0,84.83,20.0
2019-04-01 13:00:00+00:00,85.53,86.4,85.53,85.845,387874.0,85.9781,3296.0
2019-04-01 14:00:00+00:00,85.86,86.84,85.8,85.8,534644.0,86.2241,6260.0
2019-04-01 15:00:00+00:00,85.84,86.095,85.57,85.6,215525.0,85.8286,2758.0
2019-04-01 16:00:00+00:00,85.62,86.225,85.43,86.2,248314.0,85.8676,3204.0
2019-04-01 17:00:00+00:00,86.19,86.66,86.09,86.46,311572.0,86.4045,3596.0
2019-04-01 18:00:00+00:00,86.45,86.76,86.13,86.285,322053.0,86.4933,3491.0
2019-04-01 19:00:00+00:00,86.27,86.55,86.01,86.43,596596.0,86.2987,7083.0
2019-04-01 20:00:00+00:00,86.43,86.43,86.43,86.43,67809.0,86.4292,23.0
2019-04-01 22:00:00+00:00,86.7,86.7,86.7,86.7,600.0,86.6783,3.0
2019-04-02 10:00:00+00:00,86.43,86.43,86.43,86.43,187.0,86.43,1.0
2019-04-02 12:00:00+00:00,86.7,86.7,86.5,86.5,310.0,86.6268,3.0
2019-04-02 13:00:00+00:00,86.19,86.24,85.41,85.99,271577.0,85.7847,2881.0
2019-04-02 14:00:00+00:00,85.98,86.09,84.75,84.83,531531.0,85.495,5284.0
2019-04-02 15:00:00+00:00,84.83,85.46,84.64,85.32,380685.0,85.0791,4206.0
2019-04-02 16:00:00+00:00,85.35,85.5091,84.97,85.25,136621.0,85.2343,1866.0
2019-04-02 17:00:00+00:00,85.24,85.48,84.95,84.96,195271.0,85.2297,2093.0
2019-04-02 18:00:00+00:00,84.97,85.04,84.5,84.65,290404.0,84.7231,3468.0
2019-04-02 19:00:00+00:00,84.62,84.71,84.42,84.46,746932.0,84.5273,7804.0
2019-04-02 20:00:00+00:00,84.45,84.46,84.42,84.45,71236.0,84.4498,43.0
2019-04-02 21:00:00+00:00,84.011,84.41,84.011,84.41,1100.0,84.0473,2.0
2019-04-02 22:00:00+00:00,84.4099,84.4099,84.4099,84.4099,250.0,84.4099,1.0
2019-04-03 11:00:00+00:00,84.69,84.75,84.69,84.75,580.0,84.7017,3.0
2019-04-03 12:00:00+00:00,84.84,84.85,84.84,84.85,1135.0,84.8447,6.0
2019-04-03 13:00:00+00:00,84.82,85.78,84.81,85.47,236700.0,85.4244,2091.0
2019-04-03 14:00:00+00:00,85.46,86.02,85.27,85.84,306154.0,85.6516,2752.0
2019-04-03 15:00:00+00:00,85.84,86.02,85.5293,85.63,227881.0,85.7829,2512.0
2019-04-03 16:00:00+00:00,85.62,85.68,84.81,84.85,331530.0,85.2234,3458.0
2019-04-03 17:00:00+00:00,84.84,84.9,84.36,84.445,290174.0,84.6305,3849.0
2019-04-03 18:00:00+00:00,84.4501,84.66,84.15,84.3,332591.0,84.3811,3867.0
2019-04-03 19:00:00+00:00,84.3,84.39,83.85,84.26,721093.0,84.1236,8271.0
2019-04-03 20:00:00+00:00,84.26,84.38,84.25,84.38,106431.0,84.2602,31.0
2019-04-03 21:00:00+00:00,84.38,84.38,84.38,84.38,100.0,84.38,1.0
2019-04-04 13:00:00+00:00,84.26,84.5125,83.9,84.06,211790.0,84.2122,2045.0
2019-04-04 14:00:00+00:00,84.06,84.16,83.36,83.41,386525.0,83.739,4586.0
2019-04-04 15:00:00+00:00,83.41,84.01,83.04,83.91,823650.0,83.3446,6903.0
2019-04-04 16:00:00+00:00,83.91,84.1962,83.845,84.104,352768.0,84.0026,4398.0
2019-04-04 17:00:00+00:00,84.1105,84.63,83.98,84.56,212900.0,84.2354,2770.0
2019-04-04 18:00:00+00:00,84.56,84.59,84.21,84.31,326839.0,84.3763,3702.0
2019-04-04 19:00:00+00:00,84.315,84.48,84.12,84.35,719567.0,84.2661,7664.0
2019-04-04 20:00:00+00:00,84.35,84.99,84.35,84.99,39540.0,84.3516,44.0
2019-04-04 21:00:00+00:00,84.7,84.7,84.7,84.7,100.0,84.7,1.0
2019-04-04 22:00:00+00:00,84.7,84.7,84.7,84.7,510.0,84.7,2.0
2019-04-05 12:00:00+00:00,84.4,84.4,84.4,84.4,100.0,84.4,1.0
2019-04-05 13:00:00+00:00,84.46,84.97,84.24,84.83,153812.0,84.553,1999.0
2019-04-05 14:00:00+00:00,84.84,85.54,84.79,85.16,445389.0,85.2228,5817.0
2019-04-05 15:00:00+00:00,85.15,85.77,85.15,85.62,306204.0,85.4536,3581.0
2019-04-05 16:00:00+00:00,85.62,85.8815,85.54,85.8699,197124.0,85.6435,2391.0
2019-04-05 17:00:00+00:00,85.86,86.38,85.82,86.38,302637.0,86.0607,3396.0
2019-04-05 18:00:00+00:00,86.35,86.57,86.2585,86.4,333525.0,86.4262,3855.0
2019-04-05 19:00:00+00:00,86.405,86.73,86.24,86.68,666732.0,86.5243,7259.0
2019-04-05 20:00:00+00:00,86.69,86.69,86.69,86.69,102451.0,86.69,25.0
2019-04-05 22:00:00+00:00,86.6901,86.6901,86.6901,86.6901,200.0,86.6901,1.0
2019-04-05 23:00:00+00:00,86.72,86.99,86.72,86.99,400.0,86.855,2.0
2019-04-08 13:00:00+00:00,86.69,87.0,86.1292,86.34,193614.0,86.6581,2255.0
2019-04-08 14:00:00+00:00,86.35,87.3438,86.2,86.7601,429507.0,86.8542,4997.0
2019-04-08 15:00:00+00:00,86.77,86.81,86.28,86.32,235721.0,86.5317,3087.0
2019-04-08 16:00:00+00:00,86.35,86.49,86.04,86.41,194458.0,86.2422,2645.0
2019-04-08 17:00:00+00:00,86.4,86.53,86.31,86.4,151825.0,86.4107,2285.0
2019-04-08 18:00:00+00:00,86.42,86.47,86.05,86.1,228402.0,86.2496,3138.0
2019-04-08 19:00:00+00:00,86.0972,86.3,86.03,86.21,475329.0,86.1775,5703.0
2019-04-08 20:00:00+00:00,86.2,86.2223,86.2,86.2,53019.0,86.23,39.0
2019-04-09 11:00:00+00:00,86.0,86.0,86.0,86.0,100.0,86.0,1.0
2019-04-09 12:00:00+00:00,86.0,86.0,86.0,86.0,100.0,86.0,1.0
2019-04-09 13:00:00+00:00,86.0,86.03,84.85,85.3375,250389.0,85.4065,2203.0
2019-04-09 14:00:00+00:00,85.345,85.535,84.9,85.0562,244985.0,85.2081,3627.0
2019-04-09 15:00:00+00:00,85.07,85.65,84.95,85.59,236051.0,85.3505,3141.0
2019-04-09 16:00:00+00:00,85.6,85.85,85.575,85.7,174374.0,85.6826,2389.0
2019-04-09 17:00:00+00:00,85.7,85.87,85.32,85.375,180727.0,85.6027,2232.0
2019-04-09 18:00:00+00:00,85.375,85.47,84.89,84.99,195108.0,85.1456,2607.0
2019-04-09 19:00:00+00:00,84.98,85.12,84.77,85.12,695736.0,84.9985,7703.0
2019-04-09 20:00:00+00:00,85.11,85.11,85.11,85.11,96639.0,85.1145,28.0
2019-04-09 22:00:00+00:00,85.05,85.05,85.05,85.05,100.0,85.05,1.0
2019-04-10 12:00:00+00:00,85.39,85.39,85.39,85.39,113.0,85.3865,2.0
2019-04-10 13:00:00+00:00,85.64,86.0,85.58,85.88,189766.0,85.8137,1711.0
2019-04-10 14:00:00+00:00,85.875,86.73,85.84,86.63,429504.0,86.3969,4471.0
2019-04-10 15:00:00+00:00,86.63,87.99,86.63,87.95,517092.0,87.3256,5471.0
2019-04-10 16:00:00+00:00,87.96,88.6084,87.87,88.325,625636.0,88.314,6775.0
2019-04-10 17:00:00+00:00,88.34,88.8,88.34,88.78,541570.0,88.4611,4908.0
2019-04-10 18:00:00+00:00,88.77,88.79,88.4,88.7199,450095.0,88.6315,5461.0
2019-04-10 19:00:00+00:00,88.71,88.93,88.39,88.44,1201185.0,88.6582,11498.0
2019-04-10 20:00:00+00:00,88.43,88.4501,88.42,88.43,636313.0,88.429,42.0
2019-04-10 21:00:00+00:00,88.44,88.44,88.44,88.44,400.0,88.44,1.0
2019-04-10 23:00:00+00:00,88.45,88.45,88.45,88.45,125.0,88.45,1.0
2019-04-11 11:00:00+00:00,88.5,88.5,88.5,88.5,1000.0,88.5001,8.0
2019-04-11 12:00:00+00:00,88.5,88.5,88.43,88.5,6756.0,88.4982,61.0
2019-04-11 13:00:00+00:00,88.59,89.85,88.13,89.85,492477.0,89.0454,4179.0
2019-04-11 14:00:00+00:00,89.85,90.44,89.61,89.94,965878.0,89.9811,7852.0
2019-04-11 15:00:00+00:00,89.94,90.01,88.88,89.339,416998.0,89.4827,4400.0
2019-04-11 16:00:00+00:00,89.29,89.33,88.98,89.31,255035.0,89.1479,3276.0
2019-04-11 17:00:00+00:00,89.32,89.445,89.15,89.35,248932.0,89.2851,3046.0
2019-04-11 18:00:00+00:00,89.35,89.59,89.04,89.16,266352.0,89.3553,3162.0
2019-04-11 19:00:00+00:00,89.16,89.16,88.95,89.06,734042.0,89.0651,7779.0
2019-04-11 20:00:00+00:00,89.04,89.13,89.04,89.13,57608.0,89.0802,36.0
2019-04-11 21:00:00+00:00,88.99,88.99,88.99,88.99,100.0,88.99,1.0
2019-04-12 10:00:00+00:00,89.86,89.86,89.86,89.86,200.0,90.025,3.0
2019-04-12 11:00:00+00:00,89.9,90.0,89.9,90.0,984.0,89.9581,5.0
2019-04-12 12:00:00+00:00,90.2,90.2,90.0,90.0,1200.0,90.1832,3.0
2019-04-12 13:00:00+00:00,90.0,90.13,89.2507,89.2507,383598.0,89.7829,4224.0
2019-04-12 14:00:00+00:00,89.31,89.32,88.27,88.7895,455745.0,88.7575,5281.0
2019-04-12 15:00:00+00:00,88.795,89.05,88.48,89.01,303833.0,88.8548,3452.0
2019-04-12 16:00:00+00:00,89.02,89.52,88.93,89.4799,277730.0,89.2687,2863.0
2019-04-12 17:00:00+00:00,89.47,89.72,89.2192,89.2792,323423.0,89.5068,3497.0
2019-04-12 18:00:00+00:00,89.275,89.3,87.89,87.94,643032.0,88.4104,6040.0
2019-04-12 19:00:00+00:00,87.93,88.43,87.93,88.4,1002537.0,88.2472,9767.0
2019-04-12 20:00:00+00:00,88.41,88.47,88.41,88.47,322829.0,88.41,37.0
2019-04-12 21:00:00+00:00,88.41,88.41,88.41,88.41,13586.0,88.4102,2.0
2019-04-12 22:00:00+00:00,88.5,88.5,88.5,88.5,499.0,88.5,2.0
2019-04-15 11:00:00+00:00,88.48,88.48,88.48,88.48,116.0,88.48,2.0
2019-04-15 13:00:00+00:00,88.41,88.41,87.07,87.61,271267.0,87.6116,2471.0
2019-04-15 14:00:00+00:00,87.5801,87.78,86.89,87.01,359837.0,87.461,4616.0
2019-04-15 15:00:00+00:00,86.99,87.05,86.72,86.8,301747.0,86.9314,3694.0
2019-04-15 16:00:00+00:00,86.8,87.61,86.62,87.5936,310787.0,87.0222,3247.0
2019-04-15 17:00:00+00:00,87.58,87.6329,87.36,87.57,167550.0,87.4868,2525.0
2019-04-15 18:00:00+00:00,87.57,87.85,87.3999,87.7438,285051.0,87.6658,3523.0
2019-04-15 19:00:00+00:00,87.76,87.95,87.65,87.66,661745.0,87.7779,7382.0
2019-04-15 20:00:00+00:00,87.65,87.65,87.65,87.65,44090.0,87.65,43.0
2019-04-16 12:00:00+00:00,87.98,87.98,87.98,87.98,250.0,87.98,1.0
2019-04-16 13:00:00+00:00,87.98,88.16,87.13,87.13,276056.0,87.6603,3140.0
2019-04-16 14:00:00+00:00,87.2,87.51,87.0,87.28,303983.0,87.283,3605.0
2019-04-16 15:00:00+00:00,87.28,87.9,86.96,87.89,401807.0,87.4425,3807.0
2019-04-16 16:00:00+00:00,87.91,88.44,87.88,88.11,268251.0,88.1297,3133.0
2019-04-16 17:00:00+00:00,88.11,88.3,88.04,88.2,182142.0,88.1691,2243.0
2019-04-16 18:00:00+00:00,88.195,88.53,88.16,88.43,233548.0,88.3568,2900.0
2019-04-16 19:00:00+00:00,88.43,88.58,88.2,88.32,537639.0,88.3906,6437.0
2019-04-16 20:00:00+00:00,88.32,88.32,88.32,88.32,39907.0,88.32,42.0
2019-04-17 12:00:00+00:00,89.65,89.65,88.32,88.32,261.0,89.0602,3.0
2019-04-17 13:00:00+00:00,88.91,89.73,88.69,89.7099,252174.0,89.1901,2382.0
2019-04-17 14:00:00+00:00,89.68,90.07,89.1306,89.7,468751.0,89.641,5017.0
2019-04-17 15:00:00+00:00,89.685,89.98,89.22,89.5,444279.0,89.6252,4716.0
2019-04-17 16:00:00+00:00,89.48,89.79,89.23,89.74,207332.0,89.4296,2530.0
2019-04-17 17:00:00+00:00,89.73,90.0001,89.645,89.9,235763.0,89.8303,2947.0
2019-04-17 18:00:00+00:00,89.9,90.028,89.43,89.53,320680.0,89.6672,3273.0
2019-04-17 19:00:00+00:00,89.52,89.74,89.42,89.42,684035.0,89.5654,7994.0
2019-04-17 20:00:00+00:00,89.42,89.64,89.42,89.64,100746.0,89.4266,59.0
2019-04-17 21:00:00+00:00,89.42,89.42,89.42,89.42,100.0,89.42,1.0
2019-04-18 12:00:00+00:00,89.39,89.39,89.39,89.39,100.0,89.39,1.0
2019-04-18 13:00:00+00:00,89.44,89.71,89.1,89.63,254006.0,89.3474,1807.0
2019-04-18 14:00:00+00:00,89.64,89.64,87.85,88.0419,369167.0,88.5989,3520.0
2019-04-18 15:00:00+00:00,88.07,88.48,87.81,88.21,312984.0,88.1343,3272.0
2019-04-18 16:00:00+00:00,88.21,88.33,88.0,88.25,224691.0,88.1688,2345.0
2019-04-18 17:00:00+00:00,88.21,88.62,88.17,88.52,219300.0,88.4318,2599.0
2019-04-18 18:00:00+00:00,88.52,88.53,88.26,88.45,196538.0,88.3796,2300.0
2019-04-18 19:00:00+00:00,88.45,88.505,88.01,88.05,684242.0,88.228,7596.0
2019-04-18 20:00:00+00:00,88.04,88.04,88.0,88.0,19552.0,88.0351,44.0
2019-04-18 22:00:00+00:00,88.0,88.0,88.0,88.0,300.0,88.0,2.0
2019-04-22 11:00:00+00:00,88.63,88.63,88.63,88.63,600.0,88.63,6.0
2019-04-22 12:00:00+00:00,88.7,88.9,88.7,88.9,470.0,88.8255,5.0
2019-04-22 13:00:00+00:00,88.5,90.2,88.5,90.16,356753.0,89.2618,2833.0
2019-04-22 14:00:00+00:00,90.15,90.17,89.3781,90.05,346680.0,89.7767,3660.0
2019-04-22 15:00:00+00:00,90.06,90.6,89.99,90.55,311827.0,90.2809,3072.0
2019-04-22 16:00:00+00:00,90.57,91.164,90.395,91.0712,359025.0,90.8572,3935.0
2019-04-22 17:00:00+00:00,91.06,91.36,91.04,91.09,273355.0,91.1915,3312.0
2019-04-22 18:00:00+00:00,91.105,91.23,90.63,90.9,394706.0,90.9881,3735.0
2019-04-22 19:00:00+00:00,90.9,91.19,90.83,91.17,581959.0,91.0659,6203.0
2019-04-22 20:00:00+00:00,91.15,91.35,91.15,91.35,61164.0,91.1508,23.0
2019-04-22 21:00:00+00:00,91.37,91.38,91.37,91.38,205.0,91.3751,3.0
2019-04-22 22:00:00+00:00,91.35,91.35,91.35,91.35,200.0,91.35,1.0
2019-04-22 23:00:00+00:00,91.18,91.18,91.15,91.15,381.0,91.1518,4.0
2019-04-23 13:00:00+00:00,91.43,91.52,90.22,90.43,375334.0,91.0052,3484.0
2019-04-23 14:00:00+00:00,90.3896,90.88,89.72,90.84,547909.0,90.3769,5928.0
2019-04-23 15:00:00+00:00,90.8,91.37,90.55,90.83,349236.0,90.8822,4116.0
2019-04-23 16:00:00+00:00,90.81,90.96,90.47,90.68,287128.0,90.7109,3577.0
2019-04-23 17:00:00+00:00,90.68,90.73,90.31,90.43,314796.0,90.4619,3172.0
2019-04-23 18:00:00+00:00,90.4264,90.8583,90.31,90.74,403786.0,90.6239,4891.0
2019-04-23 19:00:00+00:00,90.74,90.77,90.26,90.28,1108044.0,90.5221,11946.0
2019-04-23 20:00:00+00:00,90.28,90.28,90.28,90.28,329849.0,90.28,44.0
2019-04-23 21:00:00+00:00,90.2,90.2,90.2,90.2,300.0,90.2,1.0
2019-04-24 12:00:00+00:00,90.59,90.59,90.59,90.59,100.0,90.59,1.0
2019-04-24 13:00:00+00:00,90.11,90.43,88.56,88.69,478579.0,89.2705,3656.0
2019-04-24 14:00:00+00:00,88.69,89.12,87.84,88.94,1199970.0,88.4179,10565.0
2019-04-24 15:00:00+00:00,88.95,89.2,88.26,88.45,642556.0,88.71,5284.0
2019-04-24 16:00:00+00:00,88.45,88.64,88.32,88.58,289852.0,88.4828,3471.0
2019-04-24 17:00:00+00:00,88.585,88.61,88.25,88.36,429652.0,88.4166,3730.0
2019-04-24 18:00:00+00:00,88.36,88.56,88.05,88.255,422826.0,88.3095,4251.0
2019-04-24 19:00:00+00:00,88.255,88.27,87.61,87.77,1129330.0,87.9404,11255.0
2019-04-24 20:00:00+00:00,87.73,88.0,87.73,87.79,63805.0,87.7325,36.0
2019-04-24 21:00:00+00:00,87.73,88.0,87.7,87.8,21124.0,87.7382,16.0
2019-04-24 22:00:00+00:00,88.0,88.0,87.9099,87.9099,300.0,87.97,2.0
2019-04-24 23:00:00+00:00,87.65,88.69,87.65,88.69,933.0,88.0316,7.0
2019-04-25 11:00:00+00:00,88.15,88.76,88.15,88.76,300.0,88.3533,2.0
2019-04-25 12:00:00+00:00,88.304,88.76,85.1201,87.0,9492.0,87.7642,48.0
2019-04-25 13:00:00+00:00,87.0,89.99,87.0,89.84,525280.0,88.7192,3497.0
2019-04-25 14:00:00+00:00,89.92,90.53,88.19,88.42,746315.0,89.4105,6530.0
2019-04-25 15:00:00+00:00,88.41,90.41,88.24,90.34,649450.0,89.6666,5766.0
2019-04-25 16:00:00+00:00,90.35,91.53,90.34,91.4989,554873.0,90.9061,5100.0
2019-04-25 17:00:00+00:00,91.52,92.7,91.28,91.86,933358.0,92.1121,7142.0
2019-04-25 18:00:00+00:00,91.87,91.93,91.24,91.66,497346.0,91.5541,5290.0
2019-04-25 19:00:00+00:00,91.63,91.84,90.44,90.77,1514732.0,91.1053,14129.0
2019-04-25 20:00:00+00:00,90.83,90.83,90.82,90.82,271917.0,90.83,26.0
2019-04-25 21:00:00+00:00,90.83,90.83,90.83,90.83,600.0,90.83,6.0
2019-04-26 12:00:00+00:00,90.22,90.22,90.0,90.0,3500.0,90.1183,12.0
2019-04-26 13:00:00+00:00,90.8,90.8,89.51,89.775,435460.0,89.9542,3367.0
2019-04-26 14:00:00+00:00,89.7804,90.19,89.51,89.57,517698.0,89.8239,4784.0
2019-04-26 15:00:00+00:00,89.57,89.92,89.01,89.64,413768.0,89.5027,4075.0
2019-04-26 16:00:00+00:00,89.65,90.04,89.5045,89.55,239226.0,89.7546,2632.0
2019-04-26 17:00:00+00:00,89.555,89.645,89.3874,89.57,258896.0,89.5145,2900.0
2019-04-26 18:00:00+00:00,89.58,89.84,89.31,89.5,267026.0,89.5659,3027.0
2019-04-26 19:00:00+00:00,89.52,90.13,89.48,90.08,543043.0,89.8513,6167.0
2019-04-26 20:00:00+00:00,90.08,90.08,90.05,90.06,32800.0,90.0796,34.0
2019-04-26 21:00:00+00:00,90.0,90.0,90.0,90.0,100.0,90.0,1.0
2019-04-29 13:00:00+00:00,90.2,90.42,89.35,89.66,283875.0,89.9035,2432.0
2019-04-29 14:00:00+00:00,89.68,90.085,89.4,89.56,440651.0,89.7411,4633.0
2019-04-29 15:00:00+00:00,89.555,89.73,89.12,89.35,278944.0,89.3508,2939.0
2019-04-29 16:00:00+00:00,89.35,89.72,89.3,89.6,224128.0,89.4875,2369.0
2019-04-29 17:00:00+00:00,89.59,89.9,89.569,89.61,221188.0,89.7176,2416.0
2019-04-29 18:00:00+00:00,89.62,89.71,89.48,89.59,284040.0,89.5946,2960.0
2019-04-29 19:00:00+00:00,89.61,89.87,89.43,89.61,653825.0,89.6205,6033.0
2019-04-29 20:00:00+00:00,89.6,89.6,89.6,89.6,56727.0,89.6,25.0
2019-04-29 22:00:00+00:00,89.08,89.89,89.08,89.89,200.0,89.485,2.0
2019-04-30 13:00:00+00:00,89.55,90.82,89.25,90.37,247368.0,90.2918,2491.0
2019-04-30 14:00:00+00:00,90.43,90.78,89.79,90.28,382481.0,90.2249,4643.0
2019-04-30 15:00:00+00:00,90.27,91.38,90.0,91.29,480018.0,90.7172,4267.0
2019-04-30 16:00:00+00:00,91.295,91.295,90.56,90.72,220576.0,90.9404,2722.0
2019-04-30 17:00:00+00:00,90.7,90.855,90.41,90.78,242851.0,90.6474,3126.0
2019-04-30 18:00:00+00:00,90.785,90.805,90.52,90.6,280765.0,90.6719,3311.0
2019-04-30 19:00:00+00:00,90.62,90.82,90.31,90.63,675205.0,90.628,8153.0
2019-04-30 20:00:00+00:00,90.66,90.66,90.66,90.66,124772.0,90.66,37.0
2019-05-01 13:00:00+00:00,90.97,91.83,90.64,91.5,231869.0,91.3891,2360.0
2019-05-01 14:00:00+00:00,91.47,91.47,90.25,90.3,483437.0,90.7391,5266.0
2019-05-01 15:00:00+00:00,90.27,90.95,90.14,90.71,379447.0,90.4798,4060.0
2019-05-01 16:00:00+00:00,90.6857,90.81,90.33,90.76,255367.0,90.5043,3107.0
2019-05-01 17:00:00+00:00,90.76,90.94,90.47,90.6,224489.0,90.7287,3138.0
2019-05-01 18:00:00+00:00,90.61,90.83,90.04,90.3,356225.0,90.413,4392.0
2019-05-01 19:00:00+00:00,90.3009,90.355,89.73,89.75,1393046.0,89.9385,10664.0
2019-05-01 20:00:00+00:00,89.77,91.6,89.77,91.6,153496.0,89.7714,28.0
2019-05-01 22:00:00+00:00,89.77,89.77,89.77,89.77,5856.0,89.77,1.0
2019-05-02 11:00:00+00:00,89.56,89.71,89.55,89.71,400.0,89.595,3.0
2019-05-02 12:00:00+00:00,89.55,89.55,88.9,88.9,1167.0,89.4745,11.0
2019-05-02 13:00:00+00:00,89.75,90.745,89.6,89.89,405241.0,90.2204,3788.0
2019-05-02 14:00:00+00:00,89.87,89.89,88.76,88.82,716687.0,89.3596,8099.0
2019-05-02 15:00:00+00:00,88.818,89.17,87.925,88.11,772902.0,88.4425,7921.0
2019-05-02 16:00:00+00:00,88.09,89.055,87.64,89.0,535965.0,88.3093,5970.0
2019-05-02 17:00:00+00:00,89.0001,89.04,88.09,88.22,451788.0,88.5567,5178.0
2019-05-02 18:00:00+00:00,88.205,88.79,88.0,88.27,496545.0,88.3717,5962.0
2019-05-02 19:00:00+00:00,88.27,88.86,88.18,88.26,1197392.0,88.4683,12185.0
2019-05-02 20:00:00+00:00,88.25,88.25,87.85,87.85,149892.0,88.2463,32.0
2019-05-03 12:00:00+00:00,88.75,88.75,88.75,88.75,100.0,88.75,1.0
2019-05-03 13:00:00+00:00,89.1499,89.66,88.59,88.86,222367.0,89.1684,2285.0
2019-05-03 14:00:00+00:00,88.89,89.09,88.53,88.9,532445.0,88.83,5148.0
2019-05-03 15:00:00+00:00,88.92,89.11,88.25,88.6636,365059.0,88.6518,3894.0
2019-05-03 16:00:00+00:00,88.67,89.47,88.66,89.449,264616.0,89.0522,3073.0
2019-05-03 17:00:00+00:00,89.445,89.445,89.0,89.065,190931.0,89.2321,2499.0
2019-05-03 18:00:00+00:00,89.05,89.158,88.79,88.9795,203142.0,88.9562,2646.0
2019-05-03 19:00:00+00:00,88.97,89.05,88.43,88.44,698779.0,88.7206,7516.0
2019-05-03 20:00:00+00:00,88.44,88.44,88.44,88.44,155919.0,88.445,34.0
2019-05-06 08:00:00+00:00,88.37,88.37,88.37,88.37,985.0,88.37,5.0
2019-05-06 11:00:00+00:00,87.79,87.79,87.79,87.79,1033.0,87.7894,5.0
2019-05-06 12:00:00+00:00,86.5901,88.0,86.5901,87.35,1888.0,87.3856,16.0
2019-05-06 13:00:00+00:00,87.18,87.45,85.66,86.93,423217.0,86.6139,4191.0
2019-05-06 14:00:00+00:00,86.92,87.22,86.25,86.28,619051.0,86.7255,7628.0
2019-05-06 15:00:00+00:00,86.27,86.47,85.87,85.9,567879.0,86.158,6637.0
2019-05-06 16:00:00+00:00,85.91,86.62,85.91,86.27,525461.0,86.2886,5110.0
2019-05-06 17:00:00+00:00,86.2701,86.92,86.16,86.87,496420.0,86.4283,5436.0
2019-05-06 18:00:00+00:00,86.87,87.13,86.74,86.9,476615.0,86.9396,5422.0
2019-05-06 19:00:00+00:00,86.9,86.94,86.26,86.4,1179402.0,86.5332,12427.0
2019-05-06 20:00:00+00:00,86.39,86.42,86.3838,86.39,93196.0,86.3904,38.0
2019-05-06 21:00:00+00:00,86.31,86.31,86.3,86.3,462.0,86.3081,4.0
2019-05-06 22:00:00+00:00,86.0,86.0999,86.0,86.0,1683.0,86.0123,9.0
2019-05-06 23:00:00+00:00,86.29,86.29,86.09,86.09,825.0,86.1748,2.0
2019-05-07 11:00:00+00:00,86.0,86.0,86.0,86.0,500.0,86.0,1.0
2019-05-07 12:00:00+00:00,85.75,86.8,85.75,86.8,400.0,86.2751,6.0
2019-05-07 13:00:00+00:00,86.01,86.02,82.65,83.35,909379.0,83.9577,7384.0
2019-05-07 14:00:00+00:00,83.41,84.09,83.03,83.215,1020175.0,83.5868,10142.0
2019-05-07 15:00:00+00:00,83.2,83.71,83.01,83.51,512293.0,83.3568,6536.0
2019-05-07 16:00:00+00:00,83.5,84.21,83.48,83.88,588166.0,83.8588,6180.0
2019-05-07 17:00:00+00:00,83.86,83.9313,83.48,83.75,467049.0,83.6461,5367.0
2019-05-07 18:00:00+00:00,83.75,84.06,83.46,83.87,658518.0,83.7515,7532.0
2019-05-07 19:00:00+00:00,83.865,84.52,83.77,84.32,1170056.0,84.1679,14004.0
2019-05-07 20:00:00+00:00,84.4,84.4,84.36,84.3632,83612.0,84.3603,37.0
2019-05-08 13:00:00+00:00,84.3599,84.91,83.5,84.405,539212.0,83.9782,3169.0
2019-05-08 14:00:00+00:00,84.45,84.9,82.86,83.32,741544.0,83.8036,7952.0
2019-05-08 15:00:00+00:00,83.305,83.97,82.13,82.215,794738.0,83.0516,9687.0
2019-05-08 16:00:00+00:00,82.23,83.08,82.09,83.05,529990.0,82.499,6206.0
2019-05-08 17:00:00+00:00,83.05,83.11,82.37,82.455,322770.0,82.6869,4338.0
2019-05-08 18:00:00+00:00,82.46,82.53,82.33,82.48,550852.0,82.421,6212.0
2019-05-08 19:00:00+00:00,82.48,82.94,82.25,82.41,993658.0,82.5573,12949.0
2019-05-08 20:00:00+00:00,83.515,83.515,82.4,82.4107,60106.0,82.46,29.0
2019-05-08 21:00:00+00:00,82.5,82.5,82.4,82.4,3290.0,82.4152,3.0
2019-05-08 22:00:00+00:00,82.6,82.6,82.5,82.5,3441.0,82.5029,6.0
2019-05-09 11:00:00+00:00,82.3,82.3,82.3,82.3,594.0,82.2921,2.0
2019-05-09 12:00:00+00:00,82.05,82.1,81.9,81.9,1150.0,82.0269,13.0
2019-05-09 13:00:00+00:00,81.86,81.95,78.9221,79.73,858720.0,80.2128,8658.0
2019-05-09 14:00:00+00:00,79.7528,79.92,78.79,79.39,1001333.0,79.3399,11832.0
2019-05-09 15:00:00+00:00,79.36,79.95,79.03,79.46,696272.0,79.487,8137.0
2019-05-09 16:00:00+00:00,79.49,81.3,79.3,80.685,940569.0,80.3338,10670.0
2019-05-09 17:00:00+00:00,80.6793,81.44,80.43,81.37,627700.0,80.9164,6920.0
2019-05-09 18:00:00+00:00,81.38,82.13,81.225,81.58,756618.0,81.6875,8399.0
2019-05-09 19:00:00+00:00,81.58,82.295,81.35,81.72,1435983.0,81.853,16525.0
2019-05-09 20:00:00+00:00,81.74,82.2,81.05,81.99,54528.0,81.7398,44.0
2019-05-10 12:00:00+00:00,81.01,81.01,81.0,81.0,500.0,81.004,6.0
2019-05-10 13:00:00+00:00,81.45,83.9,81.45,81.68,441489.0,82.4896,4613.0
2019-05-10 14:00:00+00:00,81.6931,82.56,81.33,82.34,569453.0,81.9473,7606.0
2019-05-10 15:00:00+00:00,82.31,82.78,81.92,82.3,361027.0,82.2691,5864.0
2019-05-10 16:00:00+00:00,82.34,83.19,82.13,83.05,358532.0,82.7627,5109.0
2019-05-10 17:00:00+00:00,83.065,83.29,82.87,83.05,381213.0,83.0772,4326.0
2019-05-10 18:00:00+00:00,83.0507,83.26,82.76,83.16,331645.0,83.0152,4372.0
2019-05-10 19:00:00+00:00,83.1645,84.085,83.16,83.74,1133246.0,83.6387,13386.0
2019-05-10 20:00:00+00:00,83.71,83.75,83.71,83.7203,425694.0,83.73,34.0
2019-05-10 21:00:00+00:00,83.74,83.96,83.74,83.85,400.0,83.8725,4.0
2019-05-13 12:00:00+00:00,83.75,83.75,82.73,82.73,2290.0,83.2686,8.0
2019-05-13 13:00:00+00:00,82.75,83.6114,81.941,82.52,463878.0,82.9342,4454.0
2019-05-13 14:00:00+00:00,82.44,82.54,81.64,82.36,441961.0,82.1512,5784.0
2019-05-13 15:00:00+00:00,82.33,82.4,81.07,81.39,421356.0,81.5514,5180.0
2019-05-13 16:00:00+00:00,81.4022,81.4022,80.79,80.83,345883.0,81.0381,4050.0
2019-05-13 17:00:00+00:00,80.8094,81.24,80.73,81.08,230249.0,80.9546,3095.0
2019-05-13 18:00:00+00:00,81.075,81.8324,81.01,81.66,361662.0,81.3746,4273.0
2019-05-13 19:00:00+00:00,81.65,81.79,81.2,81.36,730756.0,81.3802,9255.0
2019-05-13 20:00:00+00:00,81.41,81.41,81.35,81.35,326957.0,81.41,35.0
2019-05-13 21:00:00+00:00,81.35,81.35,81.3,81.35,2175.0,81.3254,8.0
2019-05-13 22:00:00+00:00,81.35,81.7,81.35,81.7,1191.0,81.4713,6.0
2019-05-13 23:00:00+00:00,81.7,81.7,81.7,81.7,200.0,81.7,1.0
2019-05-14 09:00:00+00:00,81.73,82.0,81.69,82.0,587.0,81.8348,4.0
2019-05-14 11:00:00+00:00,81.7,81.7,81.7,81.7,300.0,81.676,3.0
2019-05-14 12:00:00+00:00,81.61,81.82,81.61,81.65,4495.0,81.7269,24.0
2019-05-14 13:00:00+00:00,81.7,82.38,80.95,82.17,415012.0,81.9302,3841.0
2019-05-14 14:00:00+00:00,82.15,82.81,81.97,82.5289,487055.0,82.3492,5964.0
2019-05-14 15:00:00+00:00,82.51,83.3,82.3,83.0895,406749.0,82.8857,5289.0
2019-05-14 16:00:00+00:00,83.08,83.23,82.84,82.94,283407.0,83.0448,3888.0
2019-05-14 17:00:00+00:00,82.95,83.34,82.8,83.29,244757.0,83.1237,3195.0
2019-05-14 18:00:00+00:00,83.26,83.3,82.91,82.95,301235.0,83.1075,3985.0
2019-05-14 19:00:00+00:00,82.9413,83.24,82.87,82.955,579272.0,83.0301,7492.0
2019-05-14 20:00:00+00:00,82.96,83.2,82.77,82.96,328311.0,82.7951,25.0
2019-05-14 22:00:00+00:00,83.0,83.0,83.0,83.0,300.0,83.0,1.0
2019-05-14 23:00:00+00:00,82.75,82.75,82.75,82.75,100.0,82.75,1.0
2019-05-15 11:00:00+00:00,82.75,82.75,82.75,82.75,400.0,82.75,1.0
2019-05-15 13:00:00+00:00,81.0063,82.54,81.0,82.13,299322.0,82.1154,3237.0
2019-05-15 14:00:00+00:00,82.18,83.02,82.1,82.4779,448534.0,82.5864,6512.0
2019-05-15 15:00:00+00:00,82.49,82.88,82.17,82.8222,280449.0,82.5694,4195.0
2019-05-15 16:00:00+00:00,82.84,83.06,82.56,83.05,288693.0,82.8534,4019.0
2019-05-15 17:00:00+00:00,83.06,83.36,82.87,83.18,240892.0,83.13,3341.0
2019-05-15 18:00:00+00:00,83.1844,83.36,82.87,83.0884,256985.0,83.1219,3557.0
2019-05-15 19:00:00+00:00,83.09,83.48,83.05,83.39,550630.0,83.3133,6600.0
2019-05-15 20:00:00+00:00,83.37,83.4999,83.37,83.4999,29149.0,83.3711,37.0
2019-05-15 21:00:00+00:00,83.35,83.35,83.35,83.35,500.0,83.35,1.0
2019-05-16 13:00:00+00:00,83.81,84.57,83.76,84.38,271149.0,84.1199,2728.0
2019-05-16 14:00:00+00:00,84.34,84.93,83.79,84.91,507118.0,84.4439,6970.0
2019-05-16 15:00:00+00:00,84.89,85.24,84.77,84.9586,550069.0,85.0153,6759.0
2019-05-16 16:00:00+00:00,84.98,85.01,84.54,84.695,237051.0,84.799,3447.0
2019-05-16 17:00:00+00:00,84.69,84.81,84.53,84.68,193897.0,84.6858,3113.0
2019-05-16 18:00:00+00:00,84.6787,85.21,84.59,85.2,300442.0,84.927,3760.0
2019-05-16 19:00:00+00:00,85.2,85.6,84.96,85.47,828180.0,85.3611,9835.0
2019-05-16 20:00:00+00:00,85.47,85.47,85.47,85.47,77675.0,85.4697,31.0
2019-05-16 21:00:00+00:00,85.5,85.5,85.5,85.5,1000.0,85.5,1.0
2019-05-17 11:00:00+00:00,85.0,85.0,85.0,85.0,360.0,85.0,4.0
2019-05-17 12:00:00+00:00,84.21,84.41,83.83,84.41,734.0,84.1561,7.0
2019-05-17 13:00:00+00:00,84.42,84.87,84.01,84.35,263346.0,84.2674,2162.0
2019-05-17 14:00:00+00:00,84.38,85.09,84.15,85.0201,267784.0,84.5696,3949.0
2019-05-17 15:00:00+00:00,85.03,85.3,84.53,84.73,247401.0,84.8871,3593.0
2019-05-17 16:00:00+00:00,84.72,85.305,84.4,85.22,263158.0,84.8055,3521.0
2019-05-17 17:00:00+00:00,85.22,85.25,84.42,84.435,273325.0,84.785,3487.0
2019-05-17 18:00:00+00:00,84.435,84.47,84.25,84.39,190610.0,84.3625,2785.0
2019-05-17 19:00:00+00:00,84.39,84.43,83.68,83.71,702414.0,83.9526,8761.0
2019-05-17 20:00:00+00:00,83.71,83.85,83.71,83.8,31179.0,83.7122,29.0
2019-05-17 23:00:00+00:00,83.71,83.71,83.71,83.71,100.0,83.71,1.0
2019-05-20 12:00:00+00:00,83.26,83.26,83.25,83.25,200.0,83.255,2.0
2019-05-20 13:00:00+00:00,83.22,83.62,82.8748,83.24,202284.0,83.1818,2399.0
2019-05-20 14:00:00+00:00,83.24,83.4703,82.78,82.96,453131.0,83.0932,5765.0
2019-05-20 15:00:00+00:00,82.99,83.02,82.48,82.72,337065.0,82.6833,3895.0
2019-05-20 16:00:00+00:00,82.72,82.91,82.65,82.75,200731.0,82.7711,2730.0
2019-05-20 17:00:00+00:00,82.74,82.82,82.57,82.64,223920.0,82.7017,2933.0
2019-05-20 18:00:00+00:00,82.63,82.66,82.25,82.28,300592.0,82.4374,3905.0
2019-05-20 19:00:00+00:00,82.26,82.2748,81.9,82.06,793208.0,82.0944,8993.0
2019-05-20 20:00:00+00:00,82.08,82.08,82.08,82.08,59662.0,82.08,36.0
2019-05-20 21:00:00+00:00,82.3,82.3,82.3,82.3,200.0,82.3,1.0
2019-05-21 11:00:00+00:00,82.75,82.75,82.75,82.75,1100.0,82.75,4.0
2019-05-21 12:00:00+00:00,82.5,82.51,82.5,82.51,600.0,82.5103,3.0
2019-05-21 13:00:00+00:00,82.5,82.875,82.19,82.53,319442.0,82.4668,3461.0
2019-05-21 14:00:00+00:00,82.53,82.93,82.24,82.93,502751.0,82.5689,6381.0
2019-05-21 15:00:00+00:00,82.94,82.99,82.2,82.235,319346.0,82.5312,4072.0
2019-05-21 16:00:00+00:00,82.26,82.86,82.26,82.76,205305.0,82.5928,2760.0
2019-05-21 17:00:00+00:00,82.75,82.83,82.51,82.71,231673.0,82.6353,2890.0
2019-05-21 18:00:00+00:00,82.71,82.97,82.68,82.71,311805.0,82.8077,3665.0
2019-05-21 19:00:00+00:00,82.685,82.71,82.45,82.5,647935.0,82.5575,7531.0
2019-05-21 20:00:00+00:00,82.47,82.5,82.47,82.47,125675.0,82.4705,20.0
2019-05-21 22:00:00+00:00,82.65,82.65,82.65,82.65,100.0,82.65,1.0
2019-05-22 13:00:00+00:00,82.12,82.47,81.9,82.32,237826.0,82.2646,2012.0
2019-05-22 14:00:00+00:00,82.32,82.33,81.325,81.4,410082.0,81.8329,4363.0
2019-05-22 15:00:00+00:00,81.39,81.39,80.57,80.63,409225.0,80.9902,4623.0
2019-05-22 16:00:00+00:00,80.64,80.72,79.96,79.99,355730.0,80.3418,3627.0
2019-05-22 17:00:00+00:00,79.9937,80.6299,79.94,80.39,255477.0,80.3043,3133.0
2019-05-22 18:00:00+00:00,80.39,80.72,80.3,80.44,283557.0,80.5224,3234.0
2019-05-22 19:00:00+00:00,80.42,80.5448,80.26,80.34,760090.0,80.3883,7829.0
2019-05-22 20:00:00+00:00,80.35,80.47,80.35,80.47,52602.0,80.3805,19.0
2019-05-22 21:00:00+00:00,80.45,80.47,80.4,80.4,403.0,80.4475,3.0
2019-05-22 22:00:00+00:00,80.5,80.5,80.5,80.5,100.0,80.5,1.0
2019-05-22 23:00:00+00:00,80.4,80.4,80.4,80.4,450.0,80.4,1.0
2019-05-23 11:00:00+00:00,79.55,79.56,79.55,79.56,315.0,79.5532,4.0
2019-05-23 12:00:00+00:00,80.0,80.0,79.54,79.55,2138.0,79.6244,10.0
2019-05-23 13:00:00+00:00,79.4,79.75,76.78,77.79,713671.0,77.6559,5343.0
2019-05-23 14:00:00+00:00,77.7761,78.26,77.42,77.7178,590624.0,77.8452,6444.0
2019-05-23 15:00:00+00:00,77.715,77.715,75.97,75.995,1147132.0,76.7172,9454.0
2019-05-23 16:00:00+00:00,76.0,76.29,75.5656,75.95,709739.0,75.9719,6968.0
2019-05-23 17:00:00+00:00,75.95,76.18,75.92,75.99,474836.0,76.0155,5572.0
2019-05-23 18:00:00+00:00,75.995,76.12,75.17,75.47,635332.0,75.5877,7305.0
2019-05-23 19:00:00+00:00,75.46,75.76,75.23,75.42,1343192.0,75.4598,15386.0
2019-05-23 20:00:00+00:00,75.41,75.74,75.41,75.5,82902.0,75.4114,46.0
2019-05-23 21:00:00+00:00,75.5,75.69,75.5,75.69,612.0,75.5346,4.0
2019-05-23 22:00:00+00:00,75.7,75.7,75.7,75.7,100.0,75.7,1.0
2019-05-23 23:00:00+00:00,75.5,75.5,75.5,75.5,125.0,75.5,1.0
2019-05-24 10:00:00+00:00,76.01,76.01,76.01,76.01,300.0,76.01,3.0
2019-05-24 11:00:00+00:00,75.72,76.0,75.72,76.0,350.0,75.92,2.0
2019-05-24 12:00:00+00:00,76.0,76.0,76.0,76.0,1000.0,76.0,4.0
2019-05-24 13:00:00+00:00,76.0,76.94,75.67,76.2639,396796.0,76.1275,3473.0
2019-05-24 14:00:00+00:00,76.29,76.61,75.62,75.69,478325.0,76.0914,5595.0
2019-05-24 15:00:00+00:00,75.68,75.9099,75.36,75.82,363616.0,75.702,4485.0
2019-05-24 16:00:00+00:00,75.82,76.16,75.5,76.05,313842.0,75.8173,3483.0
2019-05-24 17:00:00+00:00,76.07,76.3,75.96,76.02,229118.0,76.1045,3146.0
2019-05-24 18:00:00+00:00,76.01,76.06,75.78,75.87,251832.0,75.9289,3312.0
2019-05-24 19:00:00+00:00,75.87,76.34,75.87,76.22,647673.0,76.1433,7619.0
2019-05-24 20:00:00+00:00,76.22,76.22,76.22,76.22,141860.0,76.22,20.0
2019-05-24 21:00:00+00:00,76.45,76.45,76.45,76.45,736.0,76.45,1.0
2019-05-28 12:00:00+00:00,76.52,76.52,76.5,76.5,1100.0,76.5182,3.0
2019-05-28 13:00:00+00:00,76.64,77.16,75.9,75.92,245813.0,76.5253,2359.0
2019-05-28 14:00:00+00:00,75.9026,76.34,75.78,75.99,350697.0,76.0295,4330.0
2019-05-28 15:00:00+00:00,75.97,76.62,75.97,76.535,279614.0,76.291,3520.0
2019-05-28 16:00:00+00:00,76.53,76.62,76.1,76.14,199874.0,76.3265,2960.0
2019-05-28 17:00:00+00:00,76.14,76.32,75.9,75.97,177958.0,76.0486,2928.0
2019-05-28 18:00:00+00:00,75.96,76.05,75.7,75.835,346954.0,75.8522,4619.0
2019-05-28 19:00:00+00:00,75.83,75.88,75.04,75.1,827995.0,75.3297,9615.0
2019-05-28 20:00:00+00:00,75.09,75.09,75.0,75.09,152921.0,75.0897,50.0
2019-05-28 21:00:00+00:00,75.15,75.15,75.15,75.15,200.0,75.15,1.0
2019-05-29 11:00:00+00:00,74.44,74.47,74.34,74.45,1875.0,74.3849,9.0
2019-05-29 12:00:00+00:00,74.5,74.5,74.0,74.0,1300.0,74.1953,14.0
2019-05-29 13:00:00+00:00,74.4399,74.57,73.64,74.48,330564.0,74.1343,3680.0
2019-05-29 14:00:00+00:00,74.49,75.4,74.4301,74.68,440109.0,74.8271,5676.0
2019-05-29 15:00:00+00:00,74.68,74.9,73.915,73.9296,382905.0,74.3662,4619.0
2019-05-29 16:00:00+00:00,73.93,74.51,73.895,74.32,335474.0,74.2975,4266.0
2019-05-29 17:00:00+00:00,74.32,74.835,74.32,74.65,283233.0,74.6209,3745.0
2019-05-29 18:00:00+00:00,74.65,74.8123,74.43,74.48,306679.0,74.5552,4019.0
2019-05-29 19:00:00+00:00,74.47,75.07,74.29,74.87,722557.0,74.7873,8488.0
2019-05-29 20:00:00+00:00,74.86,74.86,74.86,74.86,31185.0,74.8597,25.0
2019-05-30 12:00:00+00:00,74.9,74.9,74.9,74.9,100.0,74.9,1.0
2019-05-30 13:00:00+00:00,74.9,74.9,73.83,74.25,351479.0,74.2257,3599.0
2019-05-30 14:00:00+00:00,74.22,74.29,72.97,73.2211,648193.0,73.5715,7462.0
2019-05-30 15:00:00+00:00,73.21,73.21,72.21,72.6399,818513.0,72.6256,8798.0
2019-05-30 16:00:00+00:00,72.65,72.8,72.385,72.76,529925.0,72.6193,5598.0
2019-05-30 17:00:00+00:00,72.77,72.8,72.0,72.44,481907.0,72.2727,5659.0
2019-05-30 18:00:00+00:00,72.445,72.86,72.165,72.82,569743.0,72.3909,5908.0
2019-05-30 19:00:00+00:00,72.8192,73.08,72.4747,72.87,1176005.0,72.8476,13123.0
2019-05-30 20:00:00+00:00,72.87,72.96,72.5,72.96,270884.0,72.7882,28.0
2019-05-30 21:00:00+00:00,72.87,72.87,72.35,72.35,260.0,72.5543,4.0
2019-05-30 23:00:00+00:00,73.0,73.0,73.0,73.0,930.0,73.0,4.0
2019-05-31 10:00:00+00:00,71.5,71.5,71.49,71.49,7900.0,71.4995,31.0
2019-05-31 11:00:00+00:00,71.49,71.5,71.49,71.5,1705.0,71.4923,8.0
2019-05-31 12:00:00+00:00,71.5,71.75,71.5,71.75,4083.0,71.6745,17.0
2019-05-31 13:00:00+00:00,71.75,71.75,69.44,70.3,1228932.0,70.3618,9831.0
2019-05-31 14:00:00+00:00,70.29,71.0222,69.77,70.67,1013216.0,70.4392,9913.0
2019-05-31 15:00:00+00:00,70.66,70.87,69.98,70.2,554478.0,70.3632,6045.0
2019-05-31 16:00:00+00:00,70.219,70.3,69.95,70.149,334478.0,70.1028,4167.0
2019-05-31 17:00:00+00:00,70.14,70.35,70.01,70.295,399887.0,70.1893,4749.0
2019-05-31 18:00:00+00:00,70.29,70.49,69.99,70.42,392670.0,70.1985,5055.0
2019-05-31 19:00:00+00:00,70.4,70.51,70.115,70.41,1080562.0,70.3837,12790.0
2019-05-31 20:00:00+00:00,70.4,70.4,70.4,70.4,225989.0,70.4002,32.0
2019-05-31 23:00:00+00:00,70.41,70.41,70.41,70.41,200.0,70.41,1.0
2019-06-03 11:00:00+00:00,70.7,70.7,70.7,70.7,500.0,70.7,1.0
2019-06-03 12:00:00+00:00,70.7,71.81,70.5,71.0,1540.0,70.7981,4.0
2019-06-03 13:00:00+00:00,70.71,71.98,70.66,71.87,397553.0,71.4983,3935.0
2019-06-03 14:00:00+00:00,71.8392,72.66,71.61,72.4,678752.0,72.1173,7244.0
2019-06-03 15:00:00+00:00,72.38,72.5,71.7049,71.75,440586.0,72.0516,5548.0
2019-06-03 16:00:00+00:00,71.75,72.14,71.7,71.86,313854.0,71.9106,4209.0
2019-06-03 17:00:00+00:00,71.87,72.53,71.78,72.465,350509.0,72.1281,4430.0
2019-06-03 18:00:00+00:00,72.48,72.63,71.97,72.11,385834.0,72.3016,5278.0
2019-06-03 19:00:00+00:00,72.12,72.235,71.82,72.01,743178.0,72.022,9943.0
2019-06-03 20:00:00+00:00,72.0,72.28,71.11,71.8,67725.0,71.9978,45.0
2019-06-03 22:00:00+00:00,72.0,72.0,72.0,72.0,2235.0,72.0,1.0
2019-06-04 12:00:00+00:00,72.0,72.0,72.0,72.0,500.0,72.0,1.0
2019-06-04 13:00:00+00:00,72.5,73.49,72.3697,72.5314,367866.0,72.6954,2947.0
2019-06-04 14:00:00+00:00,72.535,73.31,72.25,73.25,587913.0,72.8709,7464.0
2019-06-04 15:00:00+00:00,73.23,73.6,73.19,73.3466,295584.0,73.3744,3783.0
2019-06-04 16:00:00+00:00,73.36,73.3609,72.9486,73.14,210451.0,73.1297,2914.0
2019-06-04 17:00:00+00:00,73.1362,73.27,72.79,72.9,260569.0,73.0551,3343.0
2019-06-04 18:00:00+00:00,72.91,73.44,72.82,73.41,331988.0,73.1025,3258.0
2019-06-04 19:00:00+00:00,73.42,73.96,73.3727,73.84,810919.0,73.6718,8851.0
2019-06-04 20:00:00+00:00,73.85,73.85,73.8,73.8,36777.0,73.8499,25.0
2019-06-04 21:00:00+00:00,73.2,73.2,73.2,73.2,2000.0,73.2,4.0
2019-06-04 22:00:00+00:00,73.67,73.67,73.67,73.67,100.0,73.67,1.0
2019-06-04 23:00:00+00:00,73.7,73.7,73.7,73.7,100.0,73.7,1.0
2019-06-05 11:00:00+00:00,74.01,74.01,73.85,73.85,445.0,73.9556,4.0
2019-06-05 12:00:00+00:00,74.08,74.08,73.5,73.5,2802.0,73.6503,10.0
2019-06-05 13:00:00+00:00,73.99,74.59,72.31,72.45,309540.0,73.3228,2705.0
2019-06-05 14:00:00+00:00,72.5,73.31,72.17,72.34,631844.0,72.6002,6237.0
2019-06-05 15:00:00+00:00,72.36,73.01,72.23,72.7253,283459.0,72.7414,3961.0
2019-06-05 16:00:00+00:00,72.71,73.29,72.66,73.06,369566.0,72.9192,4712.0
2019-06-05 17:00:00+00:00,73.03,73.21,72.87,73.05,225296.0,73.0143,2996.0
2019-06-05 18:00:00+00:00,73.035,73.15,72.76,72.88,333093.0,72.9457,4034.0
2019-06-05 19:00:00+00:00,72.87,73.4,72.85,73.17,658174.0,73.163,7945.0
2019-06-05 20:00:00+00:00,73.14,73.14,73.14,73.14,99890.0,73.14,35.0
2019-06-06 11:00:00+00:00,74.3,74.59,74.3,74.59,1889.0,74.4518,10.0
2019-06-06 12:00:00+00:00,74.3,74.44,74.3,74.35,1261.0,74.398,8.0
2019-06-06 13:00:00+00:00,74.35,74.86,73.62,73.64,437596.0,74.2161,3828.0
2019-06-06 14:00:00+00:00,73.55,73.83,72.95,73.1366,552702.0,73.3623,6045.0
2019-06-06 15:00:00+00:00,73.12,73.4543,72.8,72.97,536205.0,73.3015,4346.0
2019-06-06 16:00:00+00:00,72.97,73.53,72.913,73.48,248810.0,73.2648,2897.0
2019-06-06 17:00:00+00:00,73.48,73.7774,73.25,73.38,247394.0,73.4638,3049.0
2019-06-06 18:00:00+00:00,73.38,74.52,73.295,74.22,521832.0,74.0036,5682.0
2019-06-06 19:00:00+00:00,74.23,74.82,74.2,74.47,833384.0,74.5589,9509.0
2019-06-06 20:00:00+00:00,74.47,74.47,74.2,74.35,63604.0,74.4692,38.0
2019-06-06 21:00:00+00:00,73.14,73.14,73.14,73.14,1128.0,73.14,1.0
2019-06-07 11:00:00+00:00,74.99,75.0,74.99,75.0,200.0,74.995,2.0
2019-06-07 12:00:00+00:00,74.7501,74.7501,74.75,74.75,400.0,74.7501,2.0
2019-06-07 13:00:00+00:00,74.66,75.0,74.07,74.33,200097.0,74.4087,2347.0
2019-06-07 14:00:00+00:00,74.3599,75.09,74.25,74.86,395883.0,74.5943,4860.0
2019-06-07 15:00:00+00:00,74.88,74.95,74.53,74.64,432992.0,74.7353,5323.0
2019-06-07 16:00:00+00:00,74.64,74.68,74.17,74.5,324224.0,74.3963,3773.0
2019-06-07 17:00:00+00:00,74.48,75.0699,74.42,75.0697,238127.0,74.7151,3165.0
2019-06-07 18:00:00+00:00,75.07,75.14,74.7797,74.95,244131.0,74.9674,3453.0
2019-06-07 19:00:00+00:00,74.96,75.2,74.63,74.72,669874.0,74.8859,8381.0
2019-06-07 20:00:00+00:00,74.69,74.75,74.69,74.73,31757.0,74.7292,27.0
2019-06-07 22:00:00+00:00,74.99,74.99,74.99,74.99,100.0,74.99,1.0
2019-06-10 11:00:00+00:00,75.4,75.72,75.4,75.72,1047.0,75.4306,6.0
2019-06-10 12:00:00+00:00,75.4,75.75,75.4,75.75,443.0,75.5246,7.0
2019-06-10 13:00:00+00:00,75.48,76.86,75.48,76.76,339607.0,76.2914,2959.0
2019-06-10 14:00:00+00:00,76.75,77.399,76.59,76.82,444683.0,76.9872,5586.0
2019-06-10 15:00:00+00:00,76.82,76.8784,76.09,76.44,458710.0,76.3966,4858.0
2019-06-10 16:00:00+00:00,76.42,76.85,76.21,76.32,407066.0,76.5246,4953.0
2019-06-10 17:00:00+00:00,76.34,76.51,76.09,76.14,233152.0,76.29,3169.0
2019-06-10 18:00:00+00:00,76.16,76.17,75.8,75.94,402012.0,75.9602,4533.0
2019-06-10 19:00:00+00:00,75.92,76.09,75.75,75.86,541759.0,75.896,7859.0
2019-06-10 20:00:00+00:00,75.86,75.86,75.8599,75.8599,44202.0,75.86,29.0
2019-06-10 23:00:00+00:00,75.86,75.86,75.86,75.86,150.0,75.86,1.0
2019-06-11 12:00:00+00:00,76.5,76.5,76.5,76.5,100.0,76.5,1.0
2019-06-11 13:00:00+00:00,76.7,77.35,76.36,76.874,251003.0,76.925,2391.0
2019-06-11 14:00:00+00:00,76.885,77.2,76.66,77.08,340000.0,76.9647,4134.0
2019-06-11 15:00:00+00:00,77.05,77.31,76.95,77.1301,265209.0,77.1151,3669.0
2019-06-11 16:00:00+00:00,77.11,77.3,76.72,76.79,292497.0,77.0391,3861.0
2019-06-11 17:00:00+00:00,76.82,76.99,76.58,76.88,199927.0,76.7788,3003.0
2019-06-11 18:00:00+00:00,76.88,77.27,76.723,76.9,281803.0,76.9606,3971.0
2019-06-11 19:00:00+00:00,76.89,76.96,76.32,76.36,546175.0,76.6012,7364.0
2019-06-11 20:00:00+00:00,76.36,76.36,76.36,76.36,33718.0,76.3601,20.0
2019-06-11 23:00:00+00:00,76.35,76.35,76.35,76.35,471.0,76.35,3.0
2019-06-12 11:00:00+00:00,75.72,75.75,75.5,75.5,500.0,75.682,3.0
2019-06-12 12:00:00+00:00,75.49,75.5,75.49,75.5,200.0,75.495,2.0
2019-06-12 13:00:00+00:00,75.75,76.61,75.2676,76.05,257113.0,76.2173,2793.0
2019-06-12 14:00:00+00:00,76.03,76.56,75.98,76.22,315653.0,76.2971,4072.0
2019-06-12 15:00:00+00:00,76.22,76.51,76.07,76.14,297592.0,76.2848,3446.0
2019-06-12 16:00:00+00:00,76.155,76.49,76.14,76.375,196146.0,76.3298,2296.0
2019-06-12 17:00:00+00:00,76.39,76.54,76.23,76.45,266732.0,76.3997,3044.0
2019-06-12 18:00:00+00:00,76.455,76.84,76.31,76.78,364266.0,76.5141,4352.0
2019-06-12 19:00:00+00:00,76.77,76.8396,76.2897,76.52,642932.0,76.5132,7945.0
2019-06-12 20:00:00+00:00,76.5,76.5,76.41,76.5,36038.0,76.495,34.0
2019-06-13 11:00:00+00:00,77.05,77.5,77.05,77.5,765.0,77.2017,5.0
2019-06-13 12:00:00+00:00,77.4,77.7544,77.4,77.75,1538.0,77.6048,7.0
2019-06-13 13:00:00+00:00,77.72,78.07,76.98,77.58,245042.0,77.5788,2324.0
2019-06-13 14:00:00+00:00,77.64,77.66,76.475,76.93,379559.0,76.9202,4667.0
2019-06-13 15:00:00+00:00,76.95,77.27,76.64,76.76,229295.0,76.9421,3320.0
2019-06-13 16:00:00+00:00,76.79,77.13,76.61,77.04,229256.0,76.8539,3018.0
2019-06-13 17:00:00+00:00,77.06,77.35,77.01,77.27,300620.0,77.2044,3051.0
2019-06-13 18:00:00+00:00,77.27,77.37,76.97,77.04,320314.0,77.2539,3446.0
2019-06-13 19:00:00+00:00,77.05,77.27,76.9,77.26,611210.0,77.0387,7733.0
2019-06-13 20:00:00+00:00,77.26,77.26,77.18,77.26,179749.0,77.2593,55.0
2019-06-13 21:00:00+00:00,77.35,77.35,77.35,77.35,500.0,77.35,3.0
2019-06-13 23:00:00+00:00,77.0,77.0,77.0,77.0,450.0,77.0,4.0
2019-06-14 13:00:00+00:00,76.93,77.22,76.31,76.38,133356.0,76.7239,1530.0
2019-06-14 14:00:00+00:00,76.32,76.48,75.965,76.42,328261.0,76.1946,3821.0
2019-06-14 15:00:00+00:00,76.42,76.44,76.0,76.325,203039.0,76.1811,2598.0
2019-06-14 16:00:00+00:00,76.3176,76.48,76.23,76.3522,130039.0,76.3489,1884.0
2019-06-14 17:00:00+00:00,76.35,76.56,76.27,76.52,139172.0,76.4149,1877.0
2019-06-14 18:00:00+00:00,76.52,76.77,76.3,76.3,215565.0,76.5301,2273.0
2019-06-14 19:00:00+00:00,76.29,76.9,76.271,76.75,527231.0,76.6587,6137.0
2019-06-14 20:00:00+00:00,76.76,76.85,76.76,76.85,60974.0,76.7605,31.0
2019-06-17 12:00:00+00:00,76.88,77.901,76.88,77.901,700.0,77.6093,2.0
2019-06-17 13:00:00+00:00,76.47,77.46,76.33,77.33,152898.0,76.8847,1355.0
2019-06-17 14:00:00+00:00,77.35,77.49,76.78,77.07,224325.0,77.1502,3264.0
2019-06-17 15:00:00+00:00,77.04,77.65,77.04,77.61,181928.0,77.3119,2522.0
2019-06-17 16:00:00+00:00,77.6,77.7,77.44,77.55,187310.0,77.5652,2683.0
2019-06-17 17:00:00+00:00,77.55,77.75,77.5,77.51,156593.0,77.6181,1895.0
2019-06-17 18:00:00+00:00,77.5,77.61,77.09,77.29,209949.0,77.3087,2300.0
2019-06-17 19:00:00+00:00,77.29,77.39,76.83,76.94,570323.0,77.0942,7250.0
2019-06-17 20:00:00+00:00,76.93,76.93,76.93,76.93,394715.0,76.93,33.0
2019-06-18 13:00:00+00:00,77.65,78.87,77.6,78.638,269838.0,78.1789,2006.0
2019-06-18 14:00:00+00:00,78.64,78.65,77.45,78.2,303558.0,78.0577,4013.0
2019-06-18 15:00:00+00:00,78.195,78.32,77.6504,77.855,375715.0,77.8934,4569.0
2019-06-18 16:00:00+00:00,77.9,78.21,77.62,78.1,443189.0,77.9564,5249.0
2019-06-18 17:00:00+00:00,78.1,78.185,77.85,78.09,258347.0,78.006,3646.0
2019-06-18 18:00:00+00:00,78.09,78.18,77.79,77.8,260215.0,77.989,3363.0
2019-06-18 19:00:00+00:00,77.8,78.04,77.61,77.78,599327.0,77.8007,7570.0
2019-06-18 20:00:00+00:00,77.8,78.195,77.8,77.8,27254.0,77.8971,27.0
2019-06-18 22:00:00+00:00,77.6,77.6,77.6,77.6,500.0,77.6,1.0
2019-06-19 11:00:00+00:00,77.95,77.95,77.95,77.95,100.0,77.95,1.0
2019-06-19 12:00:00+00:00,77.9,77.95,77.9,77.95,1600.0,77.9375,7.0
2019-06-19 13:00:00+00:00,78.0,78.15,77.47,77.9,165325.0,77.8361,1458.0
2019-06-19 14:00:00+00:00,77.9,78.605,77.47,78.38,351073.0,78.1259,3740.0
2019-06-19 15:00:00+00:00,78.39,78.74,78.19,78.6895,206694.0,78.5156,2737.0
2019-06-19 16:00:00+00:00,78.6924,78.77,78.3294,78.53,121693.0,78.528,1645.0
2019-06-19 17:00:00+00:00,78.51,78.85,78.47,78.69,154241.0,78.6473,2042.0
2019-06-19 18:00:00+00:00,78.7,79.1,78.28,78.7,300363.0,78.6762,3555.0
2019-06-19 19:00:00+00:00,78.7,78.7,77.99,78.12,524782.0,78.2637,6818.0
2019-06-19 20:00:00+00:00,78.16,78.16,78.16,78.16,136799.0,78.16,36.0
2019-06-19 21:00:00+00:00,77.99,78.16,77.99,78.16,1810.0,78.1506,2.0
2019-06-20 11:00:00+00:00,78.79,79.1,78.79,79.1,1100.0,78.8182,2.0
2019-06-20 12:00:00+00:00,79.25,79.25,79.25,79.25,1000.0,79.25,1.0
2019-06-20 13:00:00+00:00,79.2499,80.65,79.24,79.95,376796.0,80.0096,3588.0
2019-06-20 14:00:00+00:00,79.94,80.215,79.33,79.58,360008.0,79.7786,4861.0
2019-06-20 15:00:00+00:00,79.59,79.93,79.43,79.79,257912.0,79.6746,3146.0
2019-06-20 16:00:00+00:00,79.7899,79.8,79.31,79.6,191046.0,79.4744,2612.0
2019-06-20 17:00:00+00:00,79.61,79.94,79.48,79.63,170839.0,79.7216,2365.0
2019-06-20 18:00:00+00:00,79.61,79.98,79.58,79.94,237481.0,79.8022,3012.0
2019-06-20 19:00:00+00:00,79.96,80.195,79.73,79.76,832934.0,79.9494,9014.0
2019-06-20 20:00:00+00:00,79.75,79.75,79.75,79.75,48411.0,79.75,33.0
2019-06-21 10:00:00+00:00,80.0,80.0,80.0,80.0,178.0,80.0,1.0
2019-06-21 11:00:00+00:00,80.5,80.75,80.15,80.5,1825.0,80.4989,16.0
2019-06-21 12:00:00+00:00,80.5,81.46,80.4,81.03,8326.0,81.1135,44.0
2019-06-21 13:00:00+00:00,81.0,81.15,80.1,80.42,979570.0,80.5269,3627.0
2019-06-21 14:00:00+00:00,80.46,81.05,80.165,80.73,740555.0,80.5876,7647.0
2019-06-21 15:00:00+00:00,80.7,81.235,80.69,81.05,622226.0,80.9926,7361.0
2019-06-21 16:00:00+00:00,81.045,81.8429,80.99,81.71,649233.0,81.3188,6646.0
2019-06-21 17:00:00+00:00,81.7,81.9,81.38,81.4791,347029.0,81.6341,4250.0
2019-06-21 18:00:00+00:00,81.4774,81.64,81.32,81.56,381943.0,81.4948,4480.0
2019-06-21 19:00:00+00:00,81.57,81.94,81.42,81.92,1120368.0,81.7169,12403.0
2019-06-21 20:00:00+00:00,81.91,81.91,81.91,81.91,341162.0,81.9102,81.0
2019-06-24 12:00:00+00:00,81.99,81.99,81.95,81.95,800.0,81.955,2.0
2019-06-24 13:00:00+00:00,81.96,82.12,81.05,81.17,257054.0,81.4763,2296.0
2019-06-24 14:00:00+00:00,81.165,81.46,80.91,81.05,297294.0,81.173,3972.0
2019-06-24 15:00:00+00:00,81.04,81.06,80.695,80.91,247293.0,80.881,2989.0
2019-06-24 16:00:00+00:00,80.91,80.98,80.74,80.81,136993.0,80.8645,1998.0
2019-06-24 17:00:00+00:00,80.81,80.93,80.56,80.565,162833.0,80.786,2069.0
2019-06-24 18:00:00+00:00,80.57,80.87,80.505,80.59,181914.0,80.6879,2344.0
2019-06-24 19:00:00+00:00,80.6,80.81,80.58,80.74,517928.0,80.7013,6304.0
2019-06-24 20:00:00+00:00,80.76,80.76,80.75,80.76,259808.0,80.7611,35.0
2019-06-24 21:00:00+00:00,80.76,80.76,80.65,80.65,8510.0,80.7574,2.0
2019-06-24 22:00:00+00:00,80.65,80.65,80.65,80.65,100.0,80.65,1.0
2019-06-25 11:00:00+00:00,80.65,80.65,80.64,80.64,590.0,80.6468,5.0
2019-06-25 13:00:00+00:00,80.0406,80.91,80.0406,80.91,185088.0,80.524,2200.0
2019-06-25 14:00:00+00:00,80.94,81.85,80.8,81.7907,446892.0,81.4021,5634.0
2019-06-25 15:00:00+00:00,81.81,81.96,81.55,81.65,308358.0,81.76,3879.0
2019-06-25 16:00:00+00:00,81.66,81.77,81.47,81.705,317897.0,81.6289,3532.0
2019-06-25 17:00:00+00:00,81.72,81.735,81.42,81.57,285179.0,81.5996,3586.0
2019-06-25 18:00:00+00:00,81.565,81.94,81.55,81.94,466069.0,81.7483,4659.0
2019-06-25 19:00:00+00:00,81.93,81.97,81.545,81.63,779045.0,81.8042,9478.0
2019-06-25 20:00:00+00:00,81.63,81.63,81.63,81.63,105554.0,81.63,31.0
2019-06-26 11:00:00+00:00,82.25,82.3,82.25,82.3,747.0,82.2747,3.0
2019-06-26 12:00:00+00:00,82.25,82.5,82.0,82.35,1946.0,82.2844,12.0
2019-06-26 13:00:00+00:00,82.13,84.05,82.1,84.05,484647.0,83.2156,5022.0
2019-06-26 14:00:00+00:00,84.01,84.625,83.635,84.55,838693.0,84.1478,9477.0
2019-06-26 15:00:00+00:00,84.54,85.2,84.315,84.84,661720.0,84.8822,7932.0
2019-06-26 16:00:00+00:00,84.84,85.01,84.6199,85.0,346414.0,84.8102,5011.0
2019-06-26 17:00:00+00:00,84.99,85.3069,84.9,85.12,441017.0,85.1057,5640.0
2019-06-26 18:00:00+00:00,85.12,85.2371,84.815,85.23,438692.0,85.0149,5808.0
2019-06-26 19:00:00+00:00,85.2301,85.72,84.9,84.93,1063563.0,85.2912,13010.0
2019-06-26 20:00:00+00:00,84.93,85.23,84.93,84.93,246763.0,84.9303,52.0
2019-06-26 21:00:00+00:00,84.6,84.6,84.6,84.6,1008.0,84.6008,8.0
2019-06-26 23:00:00+00:00,84.61,84.61,84.61,84.61,100.0,84.61,1.0
2019-06-27 11:00:00+00:00,84.6,84.6,84.6,84.6,1077.0,84.6,8.0
2019-06-27 13:00:00+00:00,85.0,85.0,84.23,84.58,204388.0,84.6742,1830.0
2019-06-27 14:00:00+00:00,84.55,84.98,84.41,84.88,280976.0,84.7526,3865.0
2019-06-27 15:00:00+00:00,84.85,84.96,84.31,84.79,265949.0,84.5989,3591.0
2019-06-27 16:00:00+00:00,84.79,84.94,84.57,84.88,183585.0,84.7894,2581.0
2019-06-27 17:00:00+00:00,84.88,84.9066,84.14,84.19,221020.0,84.5092,2823.0
2019-06-27 18:00:00+00:00,84.205,84.4,84.01,84.065,240455.0,84.2015,3289.0
2019-06-27 19:00:00+00:00,84.08,84.14,83.575,83.87,677722.0,83.9048,8487.0
2019-06-27 20:00:00+00:00,83.93,83.93,83.93,83.93,47125.0,83.93,34.0
2019-06-27 21:00:00+00:00,83.93,83.93,83.93,83.93,1319.0,83.93,1.0
2019-06-28 11:00:00+00:00,83.9,83.9,83.9,83.9,100.0,83.9,1.0
2019-06-28 12:00:00+00:00,83.93,83.93,83.93,83.93,100.0,83.93,1.0
2019-06-28 13:00:00+00:00,84.06,84.91,84.06,84.65,136042.0,84.5175,1488.0
2019-06-28 14:00:00+00:00,84.63,84.77,84.0,84.62,301174.0,84.3783,3720.0
2019-06-28 15:00:00+00:00,84.61,85.3,84.57,84.99,361065.0,85.019,3372.0
2019-06-28 16:00:00+00:00,84.99,85.465,84.93,85.38,214911.0,85.2782,2693.0
2019-06-28 17:00:00+00:00,85.36,85.42,85.05,85.33,197333.0,85.2141,2565.0
2019-06-28 18:00:00+00:00,85.33,85.46,84.8838,85.09,242796.0,85.2498,3243.0
2019-06-28 19:00:00+00:00,85.06,85.77,84.94,85.62,750003.0,85.4712,9326.0
2019-06-28 20:00:00+00:00,85.61,85.87,85.49,85.75,139272.0,85.6108,51.0
2019-06-28 21:00:00+00:00,85.5,85.5,85.5,85.5,400.0,85.5008,4.0
2019-07-01 11:00:00+00:00,87.63,87.63,87.61,87.61,200.0,87.62,2.0
2019-07-01 12:00:00+00:00,87.5999,87.5999,87.55,87.55,1033.0,87.5479,4.0
2019-07-01 13:00:00+00:00,86.73,87.24,86.53,86.64,360115.0,86.8661,2127.0
2019-07-01 14:00:00+00:00,86.74,86.86,85.66,86.5,448544.0,86.192,5097.0
2019-07-01 15:00:00+00:00,86.52,86.62,85.79,86.2,465978.0,86.0863,4792.0
2019-07-01 16:00:00+00:00,86.19,86.19,85.649,85.73,180467.0,85.8622,2362.0
2019-07-01 17:00:00+00:00,85.74,85.76,85.425,85.75,188196.0,85.6176,2540.0
2019-07-01 18:00:00+00:00,85.76,85.76,85.2604,85.54,289729.0,85.4698,3435.0
2019-07-01 19:00:00+00:00,85.54,85.73,83.79,84.24,1955551.0,84.4913,17416.0
2019-07-01 20:00:00+00:00,84.24,84.25,84.23,84.23,128978.0,84.249,31.0
2019-07-02 13:00:00+00:00,83.75,83.75,81.21,81.24,958895.0,82.0731,8597.0
2019-07-02 14:00:00+00:00,81.23,81.63,80.49,81.0,1252395.0,81.0367,12916.0
2019-07-02 15:00:00+00:00,80.98,81.81,80.93,81.04,569398.0,81.3492,6799.0
2019-07-02 16:00:00+00:00,81.02,81.09,80.31,80.45,544195.0,80.6283,5855.0
2019-07-02 17:00:00+00:00,80.45,80.56,80.23,80.35,624437.0,80.3655,6224.0
2019-07-02 18:00:00+00:00,80.35,80.49,80.18,80.26,773900.0,80.3043,8166.0
2019-07-02 19:00:00+00:00,80.26,80.85,79.74,80.7,1859038.0,80.3018,17629.0
2019-07-02 20:00:00+00:00,80.7,80.75,80.6,80.7,118830.0,80.6998,45.0
2019-07-02 21:00:00+00:00,80.7,80.7,80.7,80.7,1156.0,80.7,4.0
2019-07-02 22:00:00+00:00,80.7,80.8,80.7,80.8,250.0,80.76,2.0
2019-07-02 23:00:00+00:00,80.6,80.8,80.6,80.7,901.0,80.7,5.0
2019-07-03 11:00:00+00:00,80.81,81.0,80.81,81.0,700.0,80.8643,3.0
2019-07-03 12:00:00+00:00,81.15,81.15,81.0,81.1,3400.0,81.1185,17.0
2019-07-03 13:00:00+00:00,81.1,81.38,80.62,81.09,354660.0,80.9611,3679.0
2019-07-03 14:00:00+00:00,81.07,81.81,80.89,81.5,593141.0,81.2296,5499.0
2019-07-03 15:00:00+00:00,81.53,82.48,81.38,82.32,494635.0,82.0213,5692.0
2019-07-03 16:00:00+00:00,82.31,82.45,81.75,81.96,617451.0,82.0246,7621.0
2019-07-03 17:00:00+00:00,81.98,81.98,81.98,81.98,157058.0,81.98,1.0
2019-07-05 12:00:00+00:00,82.05,82.05,81.5,81.5,1712.0,81.9474,7.0
2019-07-05 13:00:00+00:00,81.56,82.04,81.25,81.895,182590.0,81.6871,1609.0
2019-07-05 14:00:00+00:00,81.85,82.0,81.26,81.57,199784.0,81.5646,2253.0
2019-07-05 15:00:00+00:00,81.575,81.765,81.48,81.7,177791.0,81.6295,2071.0
2019-07-05 16:00:00+00:00,81.71,81.82,81.63,81.73,127858.0,81.6715,1426.0
2019-07-05 17:00:00+00:00,81.73,82.1,81.73,81.9,140655.0,81.9533,1664.0
2019-07-05 18:00:00+00:00,81.88,81.97,81.71,81.76,106105.0,81.8045,1470.0
2019-07-05 19:00:00+00:00,81.75,81.85,81.57,81.85,469814.0,81.6946,4900.0
2019-07-05 20:00:00+00:00,81.84,81.9,81.84,81.85,33782.0,81.8409,28.0
2019-07-05 21:00:00+00:00,81.99,81.99,81.9,81.9,350.0,81.9643,2.0
2019-07-05 22:00:00+00:00,81.85,81.85,81.85,81.85,359.0,81.85,1.0
2019-07-08 11:00:00+00:00,81.6,81.6,81.6,81.6,700.0,81.6,3.0
2019-07-08 13:00:00+00:00,81.6,81.86,81.44,81.67,111943.0,81.6801,1280.0
2019-07-08 14:00:00+00:00,81.68,81.98,80.75,80.97,442506.0,81.3,4858.0
2019-07-08 15:00:00+00:00,80.95,81.26,80.75,81.135,239387.0,80.9979,2743.0
2019-07-08 16:00:00+00:00,81.14,81.26,81.03,81.26,170360.0,81.1383,2519.0
2019-07-08 17:00:00+00:00,81.26,81.4998,80.93,80.97,227947.0,81.2458,2576.0
2019-07-08 18:00:00+00:00,80.96,81.02,80.77,80.94,242050.0,80.9055,2827.0
2019-07-08 19:00:00+00:00,80.96,81.51,80.91,81.33,547124.0,81.3124,6657.0
2019-07-08 20:00:00+00:00,81.36,81.36,81.36,81.36,65675.0,81.36,29.0
2019-07-09 13:00:00+00:00,80.79,81.89,80.79,81.856,255087.0,81.3079,2706.0
2019-07-09 14:00:00+00:00,81.86,82.6,81.74,82.255,418020.0,82.232,4835.0
2019-07-09 15:00:00+00:00,82.24,82.55,82.09,82.31,322511.0,82.3286,3345.0
2019-07-09 16:00:00+00:00,82.29,82.72,82.27,82.655,265977.0,82.5888,2910.0
2019-07-09 17:00:00+00:00,82.655,82.73,82.44,82.57,251341.0,82.6056,3132.0
2019-07-09 18:00:00+00:00,82.57,82.6897,82.36,82.4869,202357.0,82.5008,2453.0
2019-07-09 19:00:00+00:00,82.47,82.5,81.99,82.24,638594.0,82.2,7894.0
2019-07-09 20:00:00+00:00,82.24,82.24,82.24,82.24,22168.0,82.2399,39.0
2019-07-09 21:00:00+00:00,82.24,82.24,82.24,82.24,18012.0,82.24,2.0
2019-07-10 12:00:00+00:00,82.5,82.99,82.5,82.99,1690.0,82.7157,13.0
2019-07-10 13:00:00+00:00,83.0,83.44,82.63,83.23,274404.0,83.1312,2475.0
2019-07-10 14:00:00+00:00,83.22,83.4,82.34,82.4196,343889.0,82.7589,4369.0
2019-07-10 15:00:00+00:00,82.43,82.67,82.18,82.4,325209.0,82.4202,3429.0
2019-07-10 16:00:00+00:00,82.36,82.53,82.16,82.2268,223784.0,82.3435,2359.0
2019-07-10 17:00:00+00:00,82.24,82.6212,82.24,82.565,217900.0,82.4514,2233.0
2019-07-10 18:00:00+00:00,82.58,83.23,82.4777,82.9715,471714.0,82.8778,4312.0
2019-07-10 19:00:00+00:00,82.98,83.66,82.96,83.4,836671.0,83.3925,9816.0
2019-07-10 20:00:00+00:00,83.4,83.4,83.4,83.4,61740.0,83.3998,30.0
2019-07-10 22:00:00+00:00,83.4,83.4,83.4,83.4,7546.0,83.4,1.0
2019-07-11 13:00:00+00:00,83.9367,84.335,83.84,84.24,259218.0,84.124,2190.0
2019-07-11 14:00:00+00:00,84.24,84.28,83.57,83.7,252736.0,83.8825,3258.0
2019-07-11 15:00:00+00:00,83.7,84.45,83.7,84.19,372785.0,84.1212,3516.0
2019-07-11 16:00:00+00:00,84.21,84.62,84.16,84.57,303844.0,84.4468,2973.0
2019-07-11 17:00:00+00:00,84.55,84.84,84.37,84.77,443486.0,84.5969,3946.0
2019-07-11 18:00:00+00:00,84.75,84.93,84.58,84.672,278504.0,84.7779,3441.0
2019-07-11 19:00:00+00:00,84.67,84.6791,84.23,84.44,514139.0,84.443,6217.0
2019-07-11 20:00:00+00:00,84.43,84.44,84.29,84.3,80816.0,84.4242,44.0
2019-07-12 12:00:00+00:00,84.0,84.0,84.0,84.0,100.0,84.0,1.0
2019-07-12 13:00:00+00:00,84.8581,84.8581,84.08,84.34,147602.0,84.3479,1641.0
2019-07-12 14:00:00+00:00,84.33,85.25,84.071,85.055,442551.0,84.7435,4018.0
2019-07-12 15:00:00+00:00,85.0565,85.11,84.78,84.92,170234.0,84.944,2447.0
2019-07-12 16:00:00+00:00,84.92,85.04,84.76,84.84,159424.0,84.8877,2148.0
2019-07-12 17:00:00+00:00,84.87,84.88,84.65,84.73,131622.0,84.7504,1797.0
2019-07-12 18:00:00+00:00,84.74,84.83,84.6901,84.83,143630.0,84.7723,2267.0
2019-07-12 19:00:00+00:00,84.83,85.0,84.67,84.73,389416.0,84.8266,5164.0
2019-07-12 20:00:00+00:00,84.75,84.75,84.75,84.75,23819.0,84.7501,32.0
2019-07-12 21:00:00+00:00,84.75,84.75,84.75,84.75,364.0,84.75,1.0
2019-07-12 23:00:00+00:00,84.93,84.93,84.93,84.93,100.0,84.93,1.0
2019-07-15 11:00:00+00:00,84.75,84.86,84.75,84.86,500.0,84.8222,3.0
2019-07-15 12:00:00+00:00,84.85,84.85,84.5,84.5001,1300.0,84.5539,3.0
2019-07-15 13:00:00+00:00,85.0,85.0,83.34,83.5496,299488.0,83.95,2874.0
2019-07-15 14:00:00+00:00,83.58,83.96,83.3842,83.44,323751.0,83.6963,3823.0
2019-07-15 15:00:00+00:00,83.44,83.79,83.05,83.761,309857.0,83.3758,3560.0
2019-07-15 16:00:00+00:00,83.7534,83.884,83.58,83.8662,153660.0,83.7444,1893.0
2019-07-15 17:00:00+00:00,83.86,83.86,83.67,83.76,144797.0,83.7645,1908.0
2019-07-15 18:00:00+00:00,83.765,84.22,83.765,84.0685,189764.0,84.0164,2350.0
2019-07-15 19:00:00+00:00,84.08,84.43,83.9,84.32,632495.0,84.2313,7483.0
2019-07-15 20:00:00+00:00,84.32,84.49,84.32,84.49,131912.0,84.3201,95.0
2019-07-15 23:00:00+00:00,84.3,84.3,84.3,84.3,100.0,84.3,1.0
2019-07-16 13:00:00+00:00,84.32,84.32,83.62,83.83,171619.0,83.9395,1598.0
2019-07-16 14:00:00+00:00,83.86,84.7,83.83,84.54,232992.0,84.4797,3064.0
2019-07-16 15:00:00+00:00,84.49,84.92,84.42,84.42,213811.0,84.666,2702.0
2019-07-16 16:00:00+00:00,84.41,84.6148,84.1067,84.245,132367.0,84.376,1973.0
2019-07-16 17:00:00+00:00,84.27,84.465,83.78,83.82,180336.0,84.1297,2324.0
2019-07-16 18:00:00+00:00,83.83,84.4,83.81,84.27,177025.0,84.137,2383.0
2019-07-16 19:00:00+00:00,84.265,84.57,84.2,84.21,346312.0,84.3916,4692.0
2019-07-16 20:00:00+00:00,84.21,84.21,84.05,84.05,106214.0,84.221,29.0
2019-07-17 13:00:00+00:00,84.08,84.45,83.66,83.88,117237.0,84.0041,1077.0
2019-07-17 14:00:00+00:00,83.91,84.11,82.34,82.65,595419.0,83.0094,6164.0
2019-07-17 15:00:00+00:00,82.64,83.7,82.633,83.53,255620.0,83.0644,3013.0
2019-07-17 16:00:00+00:00,83.52,83.61,83.3,83.423,148914.0,83.4618,1979.0
2019-07-17 17:00:00+00:00,83.43,83.78,83.38,83.62,174276.0,83.5522,2243.0
2019-07-17 18:00:00+00:00,83.62,83.79,83.49,83.68,253455.0,83.6341,2478.0
2019-07-17 19:00:00+00:00,83.67,83.775,83.14,83.26,695394.0,83.4208,8047.0
2019-07-17 20:00:00+00:00,83.24,83.25,83.24,83.24,230874.0,83.24,43.0
2019-07-17 21:00:00+00:00,83.24,83.24,83.24,83.24,415.0,83.24,1.0
2019-07-17 22:00:00+00:00,83.25,83.25,83.25,83.25,300.0,83.25,1.0
2019-07-17 23:00:00+00:00,83.01,83.01,83.01,83.01,100.0,83.01,1.0
2019-07-18 13:00:00+00:00,82.95,82.95,81.98,82.63,182857.0,82.4442,1704.0
2019-07-18 14:00:00+00:00,82.59,83.21,82.44,83.1884,275108.0,82.7834,3762.0
2019-07-18 15:00:00+00:00,83.1692,83.175,82.54,82.83,198252.0,82.8237,2711.0
2019-07-18 16:00:00+00:00,82.81,83.12,82.7801,82.88,144701.0,82.9632,1966.0
2019-07-18 17:00:00+00:00,82.86,83.25,82.76,83.17,133871.0,83.0161,1924.0
2019-07-18 18:00:00+00:00,83.16,83.2892,82.93,83.05,181199.0,83.058,2535.0
2019-07-18 19:00:00+00:00,83.035,83.45,83.01,83.34,432449.0,83.2652,5729.0
2019-07-18 20:00:00+00:00,83.35,83.35,83.34,83.34,100192.0,83.35,24.0
2019-07-19 11:00:00+00:00,83.66,83.66,83.66,83.66,286.0,83.66,3.0
2019-07-19 13:00:00+00:00,83.37,84.12,83.37,84.04,161042.0,83.6953,1137.0
2019-07-19 14:00:00+00:00,84.07,84.22,83.28,83.595,196634.0,83.7201,2382.0
2019-07-19 15:00:00+00:00,83.595,84.0756,83.56,83.84,178396.0,83.8808,2564.0
2019-07-19 16:00:00+00:00,83.85,84.09,83.8182,83.965,127742.0,83.9729,1943.0
2019-07-19 17:00:00+00:00,83.96,84.16,83.895,84.05,230166.0,84.0439,2437.0
2019-07-19 18:00:00+00:00,84.07,84.09,83.6672,84.06,194110.0,83.8502,2748.0
2019-07-19 19:00:00+00:00,84.04,84.07,83.62,83.66,461107.0,83.8653,6280.0
2019-07-19 20:00:00+00:00,83.65,83.75,83.55,83.55,28122.0,83.65,25.0
2019-07-22 13:00:00+00:00,83.96,84.94,83.8513,83.8513,219962.0,84.3836,2122.0
2019-07-22 14:00:00+00:00,83.875,83.89,83.3465,83.77,316756.0,83.6395,4276.0
2019-07-22 15:00:00+00:00,83.76,84.39,83.59,84.38,270351.0,83.9404,3885.0
2019-07-22 16:00:00+00:00,84.39,84.52,83.97,84.1635,270682.0,84.2471,3207.0
2019-07-22 17:00:00+00:00,84.16,84.35,84.085,84.28,145462.0,84.2106,2102.0
2019-07-22 18:00:00+00:00,84.27,84.32,84.04,84.17,217158.0,84.1622,2814.0
2019-07-22 19:00:00+00:00,84.18,84.58,84.14,84.36,612748.0,84.3468,6839.0
2019-07-22 20:00:00+00:00,84.35,84.55,84.35,84.55,25419.0,84.3524,21.0
2019-07-22 22:00:00+00:00,84.03,84.03,84.03,84.03,500.0,84.034,5.0
2019-07-22 23:00:00+00:00,84.64,84.64,84.15,84.15,1450.0,84.5555,3.0
2019-07-23 13:00:00+00:00,84.43,84.99,84.1,84.53,344489.0,84.4592,2088.0
2019-07-23 14:00:00+00:00,84.51,84.98,84.3025,84.83,269339.0,84.6157,2971.0
2019-07-23 15:00:00+00:00,84.81,85.17,84.49,85.06,304131.0,84.9412,3665.0
2019-07-23 16:00:00+00:00,85.035,85.25,84.77,84.92,224666.0,85.02,3018.0
2019-07-23 17:00:00+00:00,84.89,85.27,84.8,85.25,197584.0,84.9842,2575.0
2019-07-23 18:00:00+00:00,85.24,85.3,84.635,84.78,446564.0,84.9931,3691.0
2019-07-23 19:00:00+00:00,84.78,85.09,84.58,84.77,710176.0,84.8269,7829.0
2019-07-23 20:00:00+00:00,84.77,84.77,84.77,84.77,66874.0,84.77,25.0
2019-07-24 13:00:00+00:00,84.77,84.77,84.1,84.385,244389.0,84.4512,2163.0
2019-07-24 14:00:00+00:00,84.35,85.75,84.26,85.71,583884.0,85.0798,5787.0
2019-07-24 15:00:00+00:00,85.68,85.7,85.19,85.4571,234772.0,85.4543,2900.0
2019-07-24 16:00:00+00:00,85.4351,85.87,85.33,85.84,458623.0,85.5759,3943.0
2019-07-24 17:00:00+00:00,85.86,85.87,85.5,85.55,207977.0,85.6466,2714.0
2019-07-24 18:00:00+00:00,85.54,85.87,85.49,85.87,569506.0,85.7501,4671.0
2019-07-24 19:00:00+00:00,85.865,86.59,85.8479,86.17,1305268.0,86.1633,12264.0
2019-07-24 20:00:00+00:00,86.17,86.67,86.17,86.67,128149.0,86.1933,35.0
2019-07-24 21:00:00+00:00,86.66,87.0,86.66,87.0,1636.0,86.8638,12.0
2019-07-24 22:00:00+00:00,86.17,86.17,86.17,86.17,210.0,86.17,1.0
2019-07-24 23:00:00+00:00,86.9,86.9,86.9,86.9,100.0,86.9,1.0
2019-07-25 11:00:00+00:00,86.9,87.65,86.9,86.9,710.0,87.3683,10.0
2019-07-25 12:00:00+00:00,87.855,87.855,86.9,86.9001,625.0,87.1896,7.0
2019-07-25 13:00:00+00:00,85.5601,86.45,84.84,85.37,528798.0,85.4828,4109.0
2019-07-25 14:00:00+00:00,85.33,85.825,84.26,84.47,742192.0,85.081,6211.0
2019-07-25 15:00:00+00:00,84.485,84.62,82.16,82.83,881593.0,83.3958,8070.0
2019-07-25 16:00:00+00:00,82.83,83.68,82.76,83.395,599843.0,83.1898,6422.0
2019-07-25 17:00:00+00:00,83.39,83.605,82.7789,83.03,390202.0,83.1733,4466.0
2019-07-25 18:00:00+00:00,83.04,83.1,82.39,82.7,622183.0,82.663,6869.0
2019-07-25 19:00:00+00:00,82.69,83.52,82.51,83.45,1010638.0,83.2106,11896.0
2019-07-25 20:00:00+00:00,83.45,83.45,83.44,83.45,43251.0,83.45,27.0
2019-07-26 12:00:00+00:00,83.7,83.7,83.7,83.7,474.0,83.7,1.0
2019-07-26 13:00:00+00:00,83.5,84.23,83.08,83.55,280617.0,83.6034,2410.0
2019-07-26 14:00:00+00:00,83.55,84.04,83.44,83.945,246871.0,83.7231,3154.0
2019-07-26 15:00:00+00:00,83.98,84.31,83.77,84.2599,268570.0,84.0594,2985.0
2019-07-26 16:00:00+00:00,84.27,84.77,84.2,84.49,289910.0,84.5117,3396.0
2019-07-26 17:00:00+00:00,84.49,84.81,84.48,84.65,234120.0,84.6167,2890.0
2019-07-26 18:00:00+00:00,84.65,85.0,84.63,84.75,283001.0,84.8692,3455.0
2019-07-26 19:00:00+00:00,84.755,84.8,84.13,84.3,689266.0,84.4152,8119.0
2019-07-26 20:00:00+00:00,84.31,84.31,84.01,84.31,29552.0,84.3079,32.0
2019-07-26 21:00:00+00:00,84.68,84.68,84.68,84.68,201.0,84.6774,4.0
2019-07-29 11:00:00+00:00,84.31,84.31,84.31,84.31,171.0,84.31,1.0
2019-07-29 13:00:00+00:00,84.31,84.31,83.48,83.49,264485.0,83.9116,1949.0
2019-07-29 14:00:00+00:00,83.43,84.1237,83.25,84.11,338040.0,83.6382,3803.0
2019-07-29 15:00:00+00:00,84.14,84.62,84.13,84.545,281429.0,84.3594,2811.0
2019-07-29 16:00:00+00:00,84.53,84.75,84.3,84.72,143411.0,84.5208,2059.0
2019-07-29 17:00:00+00:00,84.71,84.81,84.56,84.61,140532.0,84.6812,1842.0
2019-07-29 18:00:00+00:00,84.62,84.64,84.14,84.19,221615.0,84.3328,2898.0
2019-07-29 19:00:00+00:00,84.2,84.27,83.98,84.03,415282.0,84.128,5581.0
2019-07-29 20:00:00+00:00,84.03,84.03,84.03,84.03,33100.0,84.0416,29.0
2019-07-30 13:00:00+00:00,83.5,83.8,82.9,83.272,242086.0,83.3028,1990.0
2019-07-30 14:00:00+00:00,83.3,83.3744,82.93,83.03,249127.0,83.0718,2881.0
2019-07-30 15:00:00+00:00,83.04,83.88,83.02,83.775,355183.0,83.4255,3280.0
2019-07-30 16:00:00+00:00,83.76,84.1,83.55,84.06,329704.0,83.7773,3003.0
2019-07-30 17:00:00+00:00,84.0674,84.34,84.0,84.11,453184.0,84.1567,3748.0
2019-07-30 18:00:00+00:00,84.12,84.8,84.09,84.525,329748.0,84.5236,3191.0
2019-07-30 19:00:00+00:00,84.54,84.8,84.42,84.78,428539.0,84.63,5404.0
2019-07-30 20:00:00+00:00,84.79,85.0,84.7,85.0,35635.0,84.795,45.0
2019-07-30 22:00:00+00:00,84.99,84.99,84.99,84.99,250.0,84.99,2.0
2019-07-30 23:00:00+00:00,84.51,84.77,84.51,84.77,200.0,84.64,2.0
2019-07-31 13:00:00+00:00,84.72,85.47,84.72,85.08,203211.0,85.0758,2040.0
2019-07-31 14:00:00+00:00,85.065,85.44,84.725,84.97,346379.0,85.0767,3454.0
2019-07-31 15:00:00+00:00,84.99,85.73,84.93,85.69,193326.0,85.4322,2292.0
2019-07-31 16:00:00+00:00,85.69,86.5,85.53,85.96,537264.0,86.0568,5207.0
2019-07-31 17:00:00+00:00,85.94,86.07,85.82,86.03,238349.0,85.9746,2729.0
2019-07-31 18:00:00+00:00,85.99,86.11,84.4525,85.0575,444798.0,85.5588,4813.0
2019-07-31 19:00:00+00:00,85.0567,85.48,84.895,85.25,764830.0,85.2292,8153.0
2019-07-31 20:00:00+00:00,85.25,85.25,85.25,85.25,73079.0,85.2501,44.0
2019-07-31 21:00:00+00:00,85.25,85.25,85.25,85.25,147.0,85.25,1.0
2019-07-31 23:00:00+00:00,85.0,85.0,85.0,85.0,201.0,85.0,1.0
2019-08-01 13:00:00+00:00,85.21,86.53,84.88,85.655,591390.0,86.071,5356.0
2019-08-01 14:00:00+00:00,85.59,86.345,85.555,85.7,539910.0,85.9035,6006.0
2019-08-01 15:00:00+00:00,85.7002,86.23,85.05,86.12,451241.0,85.6423,5078.0
2019-08-01 16:00:00+00:00,86.11,86.15,85.61,85.785,319475.0,85.8553,3640.0
2019-08-01 17:00:00+00:00,85.78,85.79,83.66,84.3,557676.0,84.8124,6382.0
2019-08-01 18:00:00+00:00,84.3,84.38,83.79,84.23,512009.0,84.0399,6474.0
2019-08-01 19:00:00+00:00,84.23,84.7033,83.86,84.34,880163.0,84.243,9888.0
2019-08-01 20:00:00+00:00,84.34,84.36,84.34,84.36,45880.0,84.3401,46.0
2019-08-01 21:00:00+00:00,84.34,84.34,83.7,83.7,6444.0,84.2953,3.0
2019-08-02 12:00:00+00:00,84.21,84.21,84.21,84.21,100.0,84.21,1.0
2019-08-02 13:00:00+00:00,83.93,84.33,82.38,82.67,409011.0,83.0123,3421.0
2019-08-02 14:00:00+00:00,82.6325,82.72,81.01,81.38,671113.0,81.6828,7782.0
2019-08-02 15:00:00+00:00,81.35,82.39,81.27,82.37,407366.0,81.7671,4793.0
2019-08-02 16:00:00+00:00,82.36,82.95,82.24,82.4412,297071.0,82.5455,3592.0
2019-08-02 17:00:00+00:00,82.47,82.62,82.23,82.51,175812.0,82.4247,2312.0
2019-08-02 18:00:00+00:00,82.51,82.73,82.39,82.4823,231899.0,82.5861,3200.0
2019-08-02 19:00:00+00:00,82.49,82.53,82.05,82.09,821850.0,82.272,9610.0
2019-08-02 20:00:00+00:00,82.07,82.07,82.07,82.07,37720.0,82.07,34.0
2019-08-02 23:00:00+00:00,82.29,82.29,82.29,82.29,200.0,82.29,1.0
2019-08-05 11:00:00+00:00,80.97,80.97,80.97,80.97,100.0,80.97,1.0
2019-08-05 12:00:00+00:00,80.5,80.5,79.94,79.95,1290.0,80.3318,8.0
2019-08-05 13:00:00+00:00,79.5,79.65,77.43,78.46,461540.0,78.4816,4311.0
2019-08-05 14:00:00+00:00,78.36,78.5521,76.72,76.83,735412.0,77.8048,7816.0
2019-08-05 15:00:00+00:00,76.82,77.146,76.06,76.4,911537.0,76.6056,8963.0
2019-08-05 16:00:00+00:00,76.37,76.97,76.18,76.28,493743.0,76.5782,4992.0
2019-08-05 17:00:00+00:00,76.285,76.6099,75.95,75.97,524177.0,76.3183,4803.0
2019-08-05 18:00:00+00:00,75.95,75.97,75.08,75.54,763135.0,75.4907,8898.0
2019-08-05 19:00:00+00:00,75.55,76.1,75.31,75.78,1448104.0,75.6812,16939.0
2019-08-05 20:00:00+00:00,75.78,76.27,75.75,76.27,56190.0,75.7826,30.0
2019-08-05 21:00:00+00:00,76.0,76.0,75.78,75.8,1235.0,75.8403,8.0
2019-08-05 23:00:00+00:00,75.1,75.1,75.1,75.1,270.0,75.0583,4.0
2019-08-06 12:00:00+00:00,76.0,76.8,75.99,76.8,881.0,76.1209,13.0
2019-08-06 13:00:00+00:00,76.85,77.55,76.38,77.07,407855.0,76.9237,3891.0
2019-08-06 14:00:00+00:00,77.045,77.34,76.29,76.6,568537.0,76.9195,6692.0
2019-08-06 15:00:00+00:00,76.61,76.641,75.95,76.03,439591.0,76.2366,5248.0
2019-08-06 16:00:00+00:00,76.03,76.35,75.84,76.235,285153.0,76.0631,3744.0
2019-08-06 17:00:00+00:00,76.24,76.64,76.13,76.63,352245.0,76.3841,4115.0
2019-08-06 18:00:00+00:00,76.6,77.04,76.48,76.68,335814.0,76.797,4439.0
2019-08-06 19:00:00+00:00,76.71,76.99,76.63,76.86,610263.0,76.8166,7635.0
2019-08-06 20:00:00+00:00,76.81,76.85,76.8,76.84,46479.0,76.8397,37.0
2019-08-06 21:00:00+00:00,76.84,76.84,76.84,76.84,100.0,76.84,1.0
2019-08-07 12:00:00+00:00,76.24,76.24,76.0,76.0,500.0,76.096,3.0
2019-08-07 13:00:00+00:00,75.98,76.0,74.39,75.02,489052.0,74.9729,4392.0
2019-08-07 14:00:00+00:00,74.99,75.37,74.21,74.58,752210.0,74.6832,8065.0
2019-08-07 15:00:00+00:00,74.56,75.23,74.29,74.78,562480.0,74.7494,5993.0
2019-08-07 16:00:00+00:00,74.8,75.09,74.51,75.085,308500.0,74.7868,3531.0
2019-08-07 17:00:00+00:00,75.1,75.16,74.76,74.86,291966.0,74.9738,3580.0
2019-08-07 18:00:00+00:00,74.86,75.24,74.57,75.215,425341.0,74.9385,4948.0
2019-08-07 19:00:00+00:00,75.21,76.13,74.99,75.81,862960.0,75.6505,10484.0
2019-08-07 20:00:00+00:00,75.81,75.81,75.81,75.81,57814.0,75.81,34.0
2019-08-08 12:00:00+00:00,75.81,76.1,75.81,76.1,2301.0,75.8226,15.0
2019-08-08 13:00:00+00:00,76.23,76.985,76.134,76.57,222327.0,76.4373,2433.0
2019-08-08 14:00:00+00:00,76.56,77.4534,76.33,77.3775,435275.0,77.0298,5080.0
2019-08-08 15:00:00+00:00,77.4,77.74,77.27,77.73,352158.0,77.5323,3914.0
2019-08-08 16:00:00+00:00,77.72,78.14,77.37,78.0933,318037.0,77.7646,4054.0
2019-08-08 17:00:00+00:00,78.1,78.49,78.06,78.46,295946.0,78.2766,3665.0
2019-08-08 18:00:00+00:00,78.43,78.58,78.13,78.185,256420.0,78.3446,3591.0
2019-08-08 19:00:00+00:00,78.17,78.83,78.05,78.76,945891.0,78.4223,10441.0
2019-08-08 20:00:00+00:00,78.76,78.76,78.75,78.76,66367.0,78.7596,39.0
2019-08-08 21:00:00+00:00,79.17,79.17,78.8,78.8,700.0,78.9453,7.0
2019-08-08 22:00:00+00:00,78.25,78.25,78.25,78.25,200.0,78.25,2.0
2019-08-08 23:00:00+00:00,78.7,78.7,78.7,78.7,100.0,78.7,1.0
2019-08-09 12:00:00+00:00,78.6999,78.7,78.6999,78.7,235.0,78.6999,2.0
2019-08-09 13:00:00+00:00,79.42,79.57,78.3826,79.19,280403.0,79.131,2711.0
2019-08-09 14:00:00+00:00,79.24,79.56,78.61,78.91,499578.0,79.105,5008.0
2019-08-09 15:00:00+00:00,78.9,78.93,78.235,78.33,443243.0,78.6295,4498.0
2019-08-09 16:00:00+00:00,78.33,79.15,78.33,78.79,330549.0,78.6311,4334.0
2019-08-09 17:00:00+00:00,78.81,79.15,78.68,78.89,327021.0,78.9248,2882.0
2019-08-09 18:00:00+00:00,78.89,79.0615,78.78,78.89,229153.0,78.9052,2458.0
2019-08-09 19:00:00+00:00,78.91,79.38,78.8,78.85,801150.0,79.0054,8473.0
2019-08-09 20:00:00+00:00,78.85,78.85,78.85,78.85,453892.0,78.8501,44.0
2019-08-09 21:00:00+00:00,78.85,78.85,78.85,78.85,941.0,78.85,1.0
2019-08-12 12:00:00+00:00,78.25,78.25,78.25,78.25,200.0,78.25,2.0
2019-08-12 13:00:00+00:00,78.16,78.5,77.57,77.65,276151.0,77.8475,2474.0
2019-08-12 14:00:00+00:00,77.6327,78.91,77.41,78.7,715039.0,78.23,6166.0
2019-08-12 15:00:00+00:00,78.69,78.77,77.43,77.69,326121.0,78.0884,3692.0
2019-08-12 16:00:00+00:00,77.6999,77.78,77.4,77.59,247177.0,77.5597,2848.0
2019-08-12 17:00:00+00:00,77.61,77.62,76.78,76.86,236216.0,77.1719,3323.0
2019-08-12 18:00:00+00:00,76.88,77.09,76.65,76.98,290264.0,76.8935,3727.0
2019-08-12 19:00:00+00:00,77.0,77.4,76.7337,77.15,383998.0,77.2149,4941.0
2019-08-12 20:00:00+00:00,77.15,77.15,77.1,77.15,12702.0,77.1291,6.0
2019-08-13 00:00:00+00:00,77.15,77.15,77.15,77.15,405373.0,77.151,25.0
2019-08-13 11:00:00+00:00,77.25,77.25,77.25,77.25,264.0,77.25,2.0
2019-08-13 13:00:00+00:00,77.31,78.7799,76.34,78.5,287683.0,77.7773,3394.0
2019-08-13 14:00:00+00:00,78.545,79.06,78.06,78.355,563763.0,78.5519,6390.0
2019-08-13 15:00:00+00:00,78.3374,79.02,78.25,78.97,439723.0,78.6846,4236.0
2019-08-13 16:00:00+00:00,78.95,79.26,78.73,79.215,290078.0,79.0467,3480.0
2019-08-13 17:00:00+00:00,79.22,79.26,78.79,78.83,280765.0,79.034,4052.0
2019-08-13 18:00:00+00:00,78.85,79.12,78.74,78.99,359079.0,78.9298,4789.0
2019-08-13 19:00:00+00:00,78.99,79.02,78.61,78.75,629240.0,78.8171,8008.0
2019-08-13 20:00:00+00:00,78.74,78.74,78.74,78.74,31220.0,78.74,29.0
2019-08-14 12:00:00+00:00,76.76,76.76,76.76,76.76,1000.0,76.76,1.0
2019-08-14 13:00:00+00:00,77.03,77.97,76.4008,77.54,374511.0,77.0751,3764.0
2019-08-14 14:00:00+00:00,77.525,77.72,76.96,77.11,584376.0,77.367,6374.0
2019-08-14 15:00:00+00:00,77.1,77.23,76.45,76.6,432490.0,76.8719,5191.0
2019-08-14 16:00:00+00:00,76.57,76.9,76.41,76.49,294872.0,76.6395,3889.0
2019-08-14 17:00:00+00:00,76.47,77.07,76.39,76.61,249281.0,76.7276,3232.0
2019-08-14 18:00:00+00:00,76.6,76.64,76.16,76.385,284887.0,76.3981,3624.0
2019-08-14 19:00:00+00:00,76.39,76.73,75.97,76.0,741209.0,76.2419,9707.0
2019-08-14 20:00:00+00:00,76.03,76.1,76.0,76.0,54801.0,76.0006,45.0
2019-08-14 21:00:00+00:00,76.5,76.5,76.0,76.0,29019.0,76.0034,2.0
2019-08-15 13:00:00+00:00,76.34,76.51,75.52,76.51,209482.0,75.8501,2266.0
2019-08-15 14:00:00+00:00,76.465,76.66,76.01,76.15,340297.0,76.2189,4080.0
2019-08-15 15:00:00+00:00,76.1,76.2,75.6,76.0,325973.0,75.9473,3491.0
2019-08-15 16:00:00+00:00,75.99,76.28,75.73,75.755,211694.0,75.9753,2599.0
2019-08-15 17:00:00+00:00,75.755,76.05,75.59,75.7459,286593.0,75.8265,3993.0
2019-08-15 18:00:00+00:00,75.75,76.34,75.65,76.29,247709.0,76.0316,3349.0
2019-08-15 19:00:00+00:00,76.32,77.05,76.3,76.73,643503.0,76.7185,7725.0
2019-08-15 20:00:00+00:00,76.72,77.53,76.72,77.53,280878.0,76.7203,32.0
2019-08-15 22:00:00+00:00,76.72,76.72,76.72,76.72,4325.0,76.72,1.0
2019-08-16 13:00:00+00:00,77.54,78.42,77.19,78.24,339515.0,77.8249,2892.0
2019-08-16 14:00:00+00:00,78.21,78.25,77.53,77.91,387045.0,77.8499,4668.0
2019-08-16 15:00:00+00:00,77.89,77.95,77.51,77.8,257160.0,77.7708,3610.0
2019-08-16 16:00:00+00:00,77.77,77.88,77.53,77.68,228424.0,77.6861,3032.0
2019-08-16 17:00:00+00:00,77.7,78.18,77.64,78.15,231719.0,77.9693,2656.0
2019-08-16 18:00:00+00:00,78.145,78.24,77.89,78.07,288856.0,78.0793,3244.0
2019-08-16 19:00:00+00:00,78.05,78.31,77.94,78.12,569937.0,78.1325,7342.0
2019-08-16 20:00:00+00:00,78.12,78.12,76.72,78.12,56461.0,78.0734,31.0
2019-08-16 21:00:00+00:00,78.12,78.12,78.12,78.12,100.0,78.12,1.0
2019-08-19 08:00:00+00:00,78.5,78.5,78.5,78.5,100.0,78.5,1.0
2019-08-19 13:00:00+00:00,79.08,80.2699,79.07,79.62,294281.0,79.6847,2571.0
2019-08-19 14:00:00+00:00,79.56,80.44,79.08,80.09,396081.0,79.7799,5154.0
2019-08-19 15:00:00+00:00,80.075,80.37,79.86,80.13,224446.0,80.1118,3128.0
2019-08-19 16:00:00+00:00,80.11,80.32,80.0,80.155,271876.0,80.1237,3115.0
2019-08-19 17:00:00+00:00,80.1438,80.35,80.07,80.3,198045.0,80.2138,2883.0
2019-08-19 18:00:00+00:00,80.31,80.32,79.87,79.89,267293.0,80.0756,3219.0
2019-08-19 19:00:00+00:00,79.88,80.26,79.64,79.69,682220.0,79.9201,7784.0
2019-08-19 20:00:00+00:00,79.7,79.8,79.7,79.7,111722.0,79.7001,29.0
2019-08-19 23:00:00+00:00,79.39,79.39,79.39,79.39,150.0,79.39,1.0
2019-08-20 13:00:00+00:00,79.46,79.63,78.28,79.13,279741.0,78.9061,2710.0
2019-08-20 14:00:00+00:00,79.06,79.33,78.64,79.09,295954.0,78.937,3818.0
2019-08-20 15:00:00+00:00,79.07,79.16,78.29,78.3367,308263.0,78.6335,3592.0
2019-08-20 16:00:00+00:00,78.35,78.78,78.34,78.59,169891.0,78.5608,2169.0
2019-08-20 17:00:00+00:00,78.58,78.7304,78.34,78.7,196814.0,78.5454,2474.0
2019-08-20 18:00:00+00:00,78.68,78.76,78.4,78.61,245864.0,78.5942,3165.0
2019-08-20 19:00:00+00:00,78.61,78.61,77.94,78.05,860421.0,78.2367,9875.0
2019-08-20 20:00:00+00:00,78.01,78.01,78.0,78.01,42029.0,78.01,37.0
2019-08-21 13:00:00+00:00,78.99,79.27,77.73,78.475,318669.0,78.5038,2548.0
2019-08-21 14:00:00+00:00,78.445,78.64,77.91,78.26,361941.0,78.2317,4276.0
2019-08-21 15:00:00+00:00,78.29,78.79,78.09,78.79,225262.0,78.4069,2921.0
2019-08-21 16:00:00+00:00,78.76,79.23,78.745,78.995,182923.0,78.9735,2265.0
2019-08-21 17:00:00+00:00,79.01,79.01,78.5459,78.57,145709.0,78.754,2067.0
2019-08-21 18:00:00+00:00,78.57,78.84,78.4,78.56,250528.0,78.5885,3023.0
2019-08-21 19:00:00+00:00,78.56,78.707,78.34,78.42,523918.0,78.5333,6132.0
2019-08-21 20:00:00+00:00,78.4,78.4,78.4,78.4,163475.0,78.4,33.0
2019-08-21 21:00:00+00:00,78.4,78.4,78.4,78.4,400.0,78.4,1.0
2019-08-22 12:00:00+00:00,78.48,78.48,78.48,78.48,241.0,78.48,1.0
2019-08-22 13:00:00+00:00,78.52,79.03,78.02,78.58,163700.0,78.5706,1432.0
2019-08-22 14:00:00+00:00,78.61,78.84,77.69,77.78,348543.0,78.2022,3749.0
2019-08-22 15:00:00+00:00,77.82,78.205,77.72,77.82,238548.0,77.9425,3242.0
2019-08-22 16:00:00+00:00,77.82,78.09,77.67,77.8495,253245.0,77.8594,3053.0
2019-08-22 17:00:00+00:00,77.84,78.1,77.81,77.83,128928.0,77.9496,2065.0
2019-08-22 18:00:00+00:00,77.84,77.84,77.64,77.79,212217.0,77.7267,2985.0
2019-08-22 19:00:00+00:00,77.805,77.83,77.36,77.44,649762.0,77.5963,7141.0
2019-08-22 20:00:00+00:00,77.42,77.42,77.42,77.42,113708.0,77.42,36.0
2019-08-23 11:00:00+00:00,78.0,78.0,78.0,78.0,100.0,78.0,1.0
2019-08-23 12:00:00+00:00,76.01,76.1,76.0,76.06,785.0,76.0347,6.0
2019-08-23 13:00:00+00:00,76.79,77.2,76.3,77.2,288882.0,76.8115,2586.0
2019-08-23 14:00:00+00:00,77.08,77.69,76.9016,77.21,277460.0,77.3265,3566.0
2019-08-23 15:00:00+00:00,77.25,77.315,75.3,75.4,410967.0,75.981,5172.0
2019-08-23 16:00:00+00:00,75.4,75.68,74.92,75.09,334324.0,75.2717,4182.0
2019-08-23 17:00:00+00:00,75.09,75.29,74.7,74.91,275203.0,74.9316,3808.0
2019-08-23 18:00:00+00:00,74.9,74.9,74.46,74.88,361585.0,74.7302,4678.0
2019-08-23 19:00:00+00:00,74.86,74.95,73.78,74.24,1070182.0,74.3104,12008.0
2019-08-23 20:00:00+00:00,74.18,74.99,74.18,74.25,72203.0,74.1847,41.0
2019-08-23 21:00:00+00:00,74.5,74.5,74.33,74.33,400.0,74.415,2.0
2019-08-23 22:00:00+00:00,74.25,74.33,74.25,74.33,300.0,74.2767,3.0
2019-08-26 13:00:00+00:00,74.72,75.3014,73.91,74.29,282692.0,74.4756,2410.0
2019-08-26 14:00:00+00:00,74.28,74.39,73.65,73.7253,490564.0,74.0281,5723.0
2019-08-26 15:00:00+00:00,73.739,74.18,73.55,73.8,313530.0,73.8132,3683.0
2019-08-26 16:00:00+00:00,73.79,74.18,73.7,74.0263,328424.0,73.9406,3724.0
2019-08-26 17:00:00+00:00,74.04,74.16,73.84,73.909,233341.0,74.0193,2913.0
2019-08-26 18:00:00+00:00,73.91,73.92,73.605,73.695,225283.0,73.7282,3243.0
2019-08-26 19:00:00+00:00,73.71,73.81,73.515,73.74,658919.0,73.6466,7943.0
2019-08-26 20:00:00+00:00,73.71,73.71,73.71,73.71,128702.0,73.71,14.0
2019-08-27 13:00:00+00:00,74.1,74.43,73.79,74.07,210750.0,74.1124,1473.0
2019-08-27 14:00:00+00:00,74.09,74.15,73.07,73.1,301714.0,73.5268,3320.0
2019-08-27 15:00:00+00:00,73.08,73.205,72.3,72.3,265125.0,72.7692,2904.0
2019-08-27 16:00:00+00:00,72.3,72.39,71.62,71.63,382382.0,72.0574,4752.0
2019-08-27 17:00:00+00:00,71.62,72.22,71.39,71.98,384908.0,71.7499,4650.0
2019-08-27 18:00:00+00:00,71.98,72.03,71.57,71.85,271748.0,71.7426,3767.0
2019-08-27 19:00:00+00:00,71.86,72.1,71.495,71.71,967676.0,71.7143,10707.0
2019-08-27 20:00:00+00:00,71.71,71.8,71.71,71.71,262741.0,71.71,25.0
2019-08-27 21:00:00+00:00,72.0067,72.0067,72.0067,72.0067,745.0,72.0067,1.0
2019-08-27 23:00:00+00:00,72.09,72.09,72.09,72.09,200.0,72.09,2.0
2019-08-28 10:00:00+00:00,72.0,72.0,72.0,72.0,800.0,72.0,4.0
2019-08-28 11:00:00+00:00,72.0,72.0,72.0,72.0,600.0,72.0,2.0
2019-08-28 13:00:00+00:00,72.08,72.08,71.0,71.58,200778.0,71.5051,1544.0
2019-08-28 14:00:00+00:00,71.54,72.92,71.51,72.54,352858.0,72.2025,4003.0
2019-08-28 15:00:00+00:00,72.59,73.14,72.24,73.03,264563.0,72.7154,3675.0
2019-08-28 16:00:00+00:00,73.035,73.45,72.993,73.45,186586.0,73.1954,2892.0
2019-08-28 17:00:00+00:00,73.4613,73.54,73.21,73.48,208421.0,73.3994,2907.0
2019-08-28 18:00:00+00:00,73.47,73.58,73.08,73.17,221281.0,73.3703,2946.0
2019-08-28 19:00:00+00:00,73.17,73.19,72.68,72.77,485761.0,72.865,6476.0
2019-08-28 20:00:00+00:00,72.76,72.76,72.55,72.55,31642.0,72.7593,41.0
2019-08-28 21:00:00+00:00,72.76,72.76,72.76,72.76,1781.0,72.76,1.0
2019-08-28 22:00:00+00:00,72.76,72.76,72.76,72.76,186.0,72.76,1.0
2019-08-29 11:00:00+00:00,73.34,73.34,73.33,73.33,450.0,73.3344,5.0
2019-08-29 13:00:00+00:00,73.43,74.5695,73.0,74.4,262694.0,73.7269,1898.0
2019-08-29 14:00:00+00:00,74.4,74.635,73.96,74.47,210237.0,74.3377,2974.0
2019-08-29 15:00:00+00:00,74.48,74.84,74.285,74.7,328112.0,74.6265,3479.0
2019-08-29 16:00:00+00:00,74.72,74.9,74.443,74.8466,244162.0,74.6338,3495.0
2019-08-29 17:00:00+00:00,74.86,74.92,74.64,74.83,251990.0,74.767,3502.0
2019-08-29 18:00:00+00:00,74.84,75.19,74.79,75.11,293201.0,75.0386,3801.0
2019-08-29 19:00:00+00:00,75.11,75.39,74.89,75.24,817676.0,75.1674,9388.0
2019-08-29 20:00:00+00:00,74.29,75.24,74.03,75.24,52359.0,75.2321,37.0
2019-08-29 22:00:00+00:00,75.24,75.24,75.24,75.24,251.0,75.2402,7.0
2019-08-30 12:00:00+00:00,75.11,75.11,75.11,75.11,247.0,75.1132,4.0
2019-08-30 13:00:00+00:00,75.48,76.35,75.11,76.07,295022.0,75.7337,2215.0
2019-08-30 14:00:00+00:00,76.06,76.58,75.7222,75.8,310993.0,76.0244,3291.0
2019-08-30 15:00:00+00:00,75.8,76.0,75.44,75.84,291742.0,75.702,3678.0
2019-08-30 16:00:00+00:00,75.8224,75.94,75.62,75.855,141109.0,75.7779,2265.0
2019-08-30 17:00:00+00:00,75.84,75.94,75.45,75.58,178337.0,75.7032,2361.0
2019-08-30 18:00:00+00:00,75.61,75.81,75.48,75.53,172052.0,75.6688,2391.0
2019-08-30 19:00:00+00:00,75.53,75.59,75.22,75.27,638181.0,75.3751,7939.0
2019-08-30 20:00:00+00:00,75.28,75.28,75.28,75.28,85324.0,75.2798,56.0
2019-08-30 21:00:00+00:00,75.28,75.28,75.02,75.02,3006.0,75.2714,2.0
2019-09-03 10:00:00+00:00,75.13,75.13,74.6,74.6,400.0,74.865,2.0
2019-09-03 12:00:00+00:00,74.6,74.9,74.6,74.9,350.0,74.7286,2.0
2019-09-03 13:00:00+00:00,74.0,74.578,73.26,74.095,269075.0,73.9011,2173.0
2019-09-03 14:00:00+00:00,74.04,74.08,73.24,73.91,368528.0,73.784,5011.0
2019-09-03 15:00:00+00:00,73.91,74.325,73.48,74.0475,255206.0,73.8507,3691.0
2019-09-03 16:00:00+00:00,74.03,74.32,73.9688,74.14,150729.0,74.1351,2425.0
2019-09-03 17:00:00+00:00,74.12,74.24,73.81,73.96,138755.0,74.0178,2173.0
2019-09-03 18:00:00+00:00,73.96,74.64,73.95,74.46,266454.0,74.3962,3393.0
2019-09-03 19:00:00+00:00,74.47,74.83,74.26,74.56,604970.0,74.5892,7460.0
2019-09-03 20:00:00+00:00,74.57,74.57,74.57,74.57,61651.0,74.5698,48.0
2019-09-04 12:00:00+00:00,75.37,75.37,75.37,75.37,120.0,75.37,1.0
2019-09-04 13:00:00+00:00,75.46,75.49,74.09,74.99,322947.0,74.9817,2375.0
2019-09-04 14:00:00+00:00,74.97,75.2138,74.66,75.2,287149.0,75.0145,3858.0
2019-09-04 15:00:00+00:00,75.22,75.2306,74.825,74.93,247300.0,75.0089,3610.0
2019-09-04 16:00:00+00:00,74.91,74.93,74.38,74.43,223168.0,74.6196,3287.0
2019-09-04 17:00:00+00:00,74.42,74.63,74.24,74.605,258003.0,74.4277,3377.0
2019-09-04 18:00:00+00:00,74.63,74.88,74.57,74.745,221643.0,74.7355,3234.0
2019-09-04 19:00:00+00:00,74.74,74.91,74.59,74.79,739756.0,74.7259,8651.0
2019-09-04 20:00:00+00:00,74.78,74.78,74.78,74.78,35186.0,74.78,27.0
2019-09-05 11:00:00+00:00,75.2,75.25,75.2,75.25,1500.0,75.2167,4.0
2019-09-05 12:00:00+00:00,75.25,75.25,75.25,75.25,1000.0,75.25,2.0
2019-09-05 13:00:00+00:00,75.55,76.48,75.12,76.244,504563.0,75.7913,5001.0
2019-09-05 14:00:00+00:00,76.26,77.25,76.26,76.55,763950.0,76.7676,8379.0
2019-09-05 15:00:00+00:00,76.59,77.17,76.5,76.84,582760.0,76.8295,5954.0
2019-09-05 16:00:00+00:00,76.84,76.84,76.17,76.2,379814.0,76.3762,4366.0
2019-09-05 17:00:00+00:00,76.2,76.31,75.94,76.205,434779.0,76.128,4808.0
2019-09-05 18:00:00+00:00,76.2,76.78,76.13,76.71,396607.0,76.3754,4810.0
2019-09-05 19:00:00+00:00,76.66,77.2,76.49,76.81,892831.0,76.9158,10869.0
2019-09-05 20:00:00+00:00,76.79,76.79,76.79,76.79,170030.0,76.79,31.0
2019-09-06 13:00:00+00:00,77.17,77.17,76.4776,76.77,274489.0,76.9066,2075.0
2019-09-06 14:00:00+00:00,76.8,77.9,76.695,77.72,503360.0,77.4716,5540.0
2019-09-06 15:00:00+00:00,77.74,78.49,77.64,78.46,444699.0,78.0878,5039.0
2019-09-06 16:00:00+00:00,78.46,78.69,78.155,78.41,347204.0,78.4524,4210.0
2019-09-06 17:00:00+00:00,78.425,78.52,78.31,78.42,242023.0,78.4244,3218.0
2019-09-06 18:00:00+00:00,78.41,78.645,78.3668,78.575,251589.0,78.5177,3094.0
2019-09-06 19:00:00+00:00,78.59,78.61,78.01,78.13,719492.0,78.2734,7941.0
2019-09-06 20:00:00+00:00,78.13,78.13,78.13,78.13,38311.0,78.13,34.0
2019-09-06 22:00:00+00:00,78.34,78.34,78.34,78.34,200.0,78.34,2.0
2019-09-09 13:00:00+00:00,78.61,79.743,78.42,79.63,324720.0,78.9785,2859.0
2019-09-09 14:00:00+00:00,79.655,80.1918,79.32,80.05,491467.0,79.8988,5351.0
2019-09-09 15:00:00+00:00,80.03,80.03,79.37,79.67,254467.0,79.6878,3576.0
2019-09-09 16:00:00+00:00,79.68,79.7097,79.04,79.265,265174.0,79.3827,3386.0
2019-09-09 17:00:00+00:00,79.28,79.535,79.08,79.46,205931.0,79.2313,2622.0
2019-09-09 18:00:00+00:00,79.45,79.49,79.24,79.36,251340.0,79.4008,3087.0
2019-09-09 19:00:00+00:00,79.353,79.55,79.185,79.38,562131.0,79.3611,7315.0
2019-09-09 20:00:00+00:00,79.38,79.38,79.38,79.38,28537.0,79.38,26.0
2019-09-10 12:00:00+00:00,79.49,79.63,79.49,79.63,500.0,79.522,4.0
2019-09-10 13:00:00+00:00,79.4,80.64,79.4,80.505,303820.0,79.9963,2828.0
2019-09-10 14:00:00+00:00,80.47,80.95,79.92,80.1,413560.0,80.4381,4651.0
2019-09-10 15:00:00+00:00,80.08,81.31,79.9262,81.175,366539.0,80.6365,4474.0
2019-09-10 16:00:00+00:00,81.22,81.905,80.35,81.57,527158.0,81.3691,6399.0
2019-09-10 17:00:00+00:00,81.57,81.61,81.13,81.255,342269.0,81.3515,3865.0
2019-09-10 18:00:00+00:00,81.27,81.395,81.03,81.36,403143.0,81.2455,4733.0
2019-09-10 19:00:00+00:00,81.37,81.68,81.21,81.67,942515.0,81.437,10636.0
2019-09-10 20:00:00+00:00,81.68,81.68,81.68,81.68,72117.0,81.68,38.0
2019-09-10 21:00:00+00:00,81.68,81.68,81.68,81.68,260.0,81.68,1.0
2019-09-10 22:00:00+00:00,81.68,81.68,81.68,81.68,300.0,81.68,2.0
2019-09-11 12:00:00+00:00,82.0,82.0,81.99,82.0,1260.0,81.9984,5.0
2019-09-11 13:00:00+00:00,81.68,82.69,81.12,82.2763,453287.0,82.2833,2928.0
2019-09-11 14:00:00+00:00,82.32,83.25,82.32,82.9,530265.0,82.9091,6043.0
2019-09-11 15:00:00+00:00,82.895,83.21,81.81,82.3929,467407.0,82.6068,5325.0
2019-09-11 16:00:00+00:00,82.36,82.74,82.09,82.15,398142.0,82.4514,5304.0
2019-09-11 17:00:00+00:00,82.15,82.43,82.0301,82.305,249603.0,82.2575,3628.0
2019-09-11 18:00:00+00:00,82.302,82.5782,82.215,82.35,283769.0,82.354,3573.0
2019-09-11 19:00:00+00:00,82.37,82.69,82.1097,82.66,729557.0,82.4111,8088.0
2019-09-11 20:00:00+00:00,82.67,82.67,82.65,82.65,33472.0,82.6694,35.0
2019-09-11 22:00:00+00:00,82.67,82.67,82.67,82.67,742.0,82.67,1.0
2019-09-12 13:00:00+00:00,82.0,82.08,81.1181,82.08,321767.0,81.6133,3423.0
2019-09-12 14:00:00+00:00,82.01,83.72,81.91,82.74,687036.0,83.1171,8126.0
2019-09-12 15:00:00+00:00,82.73,83.93,82.6,83.82,564620.0,83.5524,6896.0
2019-09-12 16:00:00+00:00,83.8175,84.075,83.65,84.02,380547.0,83.9375,4861.0
2019-09-12 17:00:00+00:00,84.05,84.49,84.0362,84.36,377362.0,84.3473,3986.0
2019-09-12 18:00:00+00:00,84.365,84.39,83.99,84.32,320641.0,84.1886,4052.0
2019-09-12 19:00:00+00:00,84.31,84.3287,83.53,83.7,866552.0,83.9439,9371.0
2019-09-12 20:00:00+00:00,83.66,83.7,83.66,83.7,64113.0,83.6997,36.0
2019-09-12 22:00:00+00:00,84.34,84.34,84.34,84.34,200.0,84.34,3.0
2019-09-13 13:00:00+00:00,84.24,84.85,84.01,84.15,452461.0,84.5192,3648.0
2019-09-13 14:00:00+00:00,84.12,84.75,83.92,84.695,486630.0,84.3897,5160.0
2019-09-13 15:00:00+00:00,84.68,84.81,84.355,84.76,496706.0,84.6887,5068.0
2019-09-13 16:00:00+00:00,84.75,84.85,84.53,84.76,451163.0,84.6784,4287.0
2019-09-13 17:00:00+00:00,84.76,85.47,84.71,85.24,578161.0,85.0707,6098.0
2019-09-13 18:00:00+00:00,85.25,85.71,85.24,85.57,480391.0,85.4816,5440.0
2019-09-13 19:00:00+00:00,85.57,85.69,85.32,85.51,1085841.0,85.5195,12006.0
2019-09-13 20:00:00+00:00,85.53,85.53,85.53,85.53,28781.0,85.53,23.0
2019-09-13 21:00:00+00:00,85.53,85.53,85.53,85.53,3376.0,85.53,1.0
2019-09-16 09:00:00+00:00,87.5,87.5,86.6,87.4,3600.0,87.2803,20.0
2019-09-16 10:00:00+00:00,87.34,87.34,87.34,87.34,200.0,87.34,1.0
2019-09-16 11:00:00+00:00,87.23,87.23,86.99,87.1,2867.0,87.0672,24.0
2019-09-16 12:00:00+00:00,87.0499,87.25,85.8,86.94,17693.0,86.6008,105.0
2019-09-16 13:00:00+00:00,86.8426,86.8426,79.28,80.52,2336849.0,80.6177,16617.0
2019-09-16 14:00:00+00:00,80.5,81.51,79.31,80.88,1765137.0,80.0339,18892.0
2019-09-16 15:00:00+00:00,80.8999,81.62,80.31,80.4,1183557.0,80.9887,13219.0
2019-09-16 16:00:00+00:00,80.4,81.94,80.34,81.775,885283.0,81.2029,8720.0
2019-09-16 17:00:00+00:00,81.76,82.58,81.62,81.645,906440.0,82.1738,8414.0
2019-09-16 18:00:00+00:00,81.67,82.0459,81.14,81.51,604702.0,81.505,6848.0
2019-09-16 19:00:00+00:00,81.5,82.53,81.37,82.4,1713858.0,82.1327,15472.0
2019-09-16 20:00:00+00:00,82.39,82.39,82.35,82.35,100042.0,82.39,43.0
2019-09-16 21:00:00+00:00,82.44,82.44,82.01,82.01,1274.0,82.1683,6.0
2019-09-16 23:00:00+00:00,82.3,82.3,82.21,82.21,300.0,82.27,2.0
2019-09-17 12:00:00+00:00,82.45,82.45,82.45,82.45,170.0,82.45,2.0
2019-09-17 13:00:00+00:00,82.39,85.0,81.51,84.7,872976.0,83.2665,8062.0
2019-09-17 14:00:00+00:00,84.7,84.84,83.6813,84.73,797968.0,84.4324,9131.0
2019-09-17 15:00:00+00:00,84.74,84.9,84.23,84.37,541947.0,84.4959,6438.0
2019-09-17 16:00:00+00:00,84.38,84.53,83.965,84.53,306645.0,84.2584,4740.0
2019-09-17 17:00:00+00:00,84.53,84.76,83.8,84.08,432804.0,84.3816,6221.0
2019-09-17 18:00:00+00:00,84.07,84.89,84.07,84.795,390858.0,84.5573,4965.0
2019-09-17 19:00:00+00:00,84.81,84.81,84.22,84.3,785963.0,84.4425,9701.0
2019-09-17 20:00:00+00:00,84.31,84.31,84.31,84.31,144723.0,84.3099,52.0
2019-09-18 12:00:00+00:00,84.02,84.02,84.02,84.02,200.0,84.02,2.0
2019-09-18 13:00:00+00:00,84.32,84.44,82.87,83.075,301262.0,83.4939,2804.0
2019-09-18 14:00:00+00:00,83.08,83.72,83.08,83.3371,324516.0,83.4254,3859.0
2019-09-18 15:00:00+00:00,83.335,83.5,82.81,82.9,194178.0,83.1237,3050.0
2019-09-18 16:00:00+00:00,82.8994,83.11,82.71,82.76,246285.0,82.9314,3290.0
2019-09-18 17:00:00+00:00,82.76,83.15,82.63,83.13,231543.0,82.8532,3403.0
2019-09-18 18:00:00+00:00,83.095,83.425,82.73,83.18,336983.0,83.0202,4467.0
2019-09-18 19:00:00+00:00,83.165,83.63,83.1,83.59,600978.0,83.4657,7967.0
2019-09-18 20:00:00+00:00,83.6,83.6,83.6,83.6,48874.0,83.6,34.0
2019-09-19 13:00:00+00:00,84.18,84.7,83.88,84.42,252392.0,84.3637,2408.0
2019-09-19 14:00:00+00:00,84.42,84.45,83.66,83.81,241050.0,83.9485,3339.0
2019-09-19 15:00:00+00:00,83.83,84.35,83.81,84.231,180446.0,84.099,3065.0
2019-09-19 16:00:00+00:00,84.2774,84.56,83.9,84.119,266319.0,84.3748,2392.0
2019-09-19 17:00:00+00:00,84.1,84.2,83.63,84.005,157834.0,83.8807,2550.0
2019-09-19 18:00:00+00:00,83.99,84.08,83.33,83.3821,204777.0,83.7281,2821.0
2019-09-19 19:00:00+00:00,83.39,83.6999,83.3616,83.5,485061.0,83.5165,7170.0
2019-09-19 20:00:00+00:00,83.55,83.6,83.55,83.55,180383.0,83.5501,31.0
2019-09-19 22:00:00+00:00,83.55,83.55,83.55,83.55,290.0,83.55,2.0
2019-09-19 23:00:00+00:00,84.7,84.7,84.39,84.39,300.0,84.4933,2.0
2019-09-20 13:00:00+00:00,83.6,84.06,83.25,83.2895,1009226.0,83.6146,1953.0
2019-09-20 14:00:00+00:00,83.32,83.915,83.07,83.88,291003.0,83.4121,3717.0
2019-09-20 15:00:00+00:00,83.88,83.99,83.33,83.55,167487.0,83.6082,2339.0
2019-09-20 16:00:00+00:00,83.53,84.03,83.39,84.02,181957.0,83.6347,2351.0
2019-09-20 17:00:00+00:00,84.02,84.14,82.945,83.4465,320159.0,83.534,4245.0
2019-09-20 18:00:00+00:00,83.5,83.64,83.05,83.19,261259.0,83.2875,3515.0
2019-09-20 19:00:00+00:00,83.2037,83.3,82.75,82.84,651115.0,82.9713,9798.0
2019-09-20 20:00:00+00:00,82.85,82.97,82.85,82.85,345877.0,82.8504,52.0
2019-09-20 23:00:00+00:00,82.5,82.5,82.5,82.5,500.0,82.5,2.0
2019-09-23 12:00:00+00:00,83.0,83.0,82.85,82.85,1308.0,82.8729,3.0
2019-09-23 13:00:00+00:00,82.4,83.8,82.37,83.29,208679.0,83.0695,1778.0
2019-09-23 14:00:00+00:00,83.29,83.37,82.95,83.29,214588.0,83.1965,2729.0
2019-09-23 15:00:00+00:00,83.33,83.77,83.33,83.68,179155.0,83.6096,2577.0
2019-09-23 16:00:00+00:00,83.69,83.99,83.63,83.93,138862.0,83.8454,2095.0
2019-09-23 17:00:00+00:00,83.93,84.35,83.75,84.33,206994.0,84.0091,2163.0
2019-09-23 18:00:00+00:00,84.34,84.55,83.93,84.09,249561.0,84.3192,3045.0
2019-09-23 19:00:00+00:00,84.1,84.37,84.08,84.16,388771.0,84.2381,5493.0
2019-09-23 20:00:00+00:00,84.14,84.14,84.0956,84.14,101805.0,84.116,26.0
2019-09-24 13:00:00+00:00,83.98,84.06,83.01,83.11,219390.0,83.7541,1906.0
2019-09-24 14:00:00+00:00,83.11,83.45,82.27,83.39,346776.0,82.9621,4095.0
2019-09-24 15:00:00+00:00,83.36,83.77,83.17,83.53,176225.0,83.5106,2422.0
2019-09-24 16:00:00+00:00,83.51,83.8,82.65,82.7481,193753.0,83.3349,2530.0
2019-09-24 17:00:00+00:00,82.73,83.25,82.72,83.06,154359.0,82.9945,2192.0
2019-09-24 18:00:00+00:00,83.06,83.415,82.79,83.06,213471.0,83.1374,3106.0
2019-09-24 19:00:00+00:00,83.08,83.36,82.86,83.11,584504.0,83.0841,6493.0
2019-09-24 20:00:00+00:00,83.1,83.1,83.0,83.1,284225.0,83.1001,39.0
2019-09-24 22:00:00+00:00,83.1,83.1,82.7,82.7,1699.0,82.8177,3.0
2019-09-24 23:00:00+00:00,82.7,82.7,82.7,82.7,100.0,82.7,1.0
2019-09-25 12:00:00+00:00,83.14,83.15,83.14,83.15,500.0,83.148,3.0
2019-09-25 13:00:00+00:00,83.09,83.5,82.62,82.7,305724.0,83.0867,2634.0
2019-09-25 14:00:00+00:00,82.725,83.9165,82.61,83.895,370136.0,83.0915,4132.0
2019-09-25 15:00:00+00:00,83.86,84.05,83.2,83.44,260590.0,83.6498,3383.0
2019-09-25 16:00:00+00:00,83.44,83.955,83.35,83.86,320604.0,83.6014,3442.0
2019-09-25 17:00:00+00:00,83.89,84.04,83.7,83.96,168212.0,83.8728,2294.0
2019-09-25 18:00:00+00:00,83.925,84.11,83.83,84.01,229649.0,83.9906,2919.0
2019-09-25 19:00:00+00:00,84.01,84.06,83.64,83.67,505426.0,83.7458,6466.0
2019-09-25 20:00:00+00:00,83.66,83.66,83.66,83.66,73173.0,83.6603,38.0
2019-09-25 21:00:00+00:00,83.66,83.66,83.66,83.66,2924.0,83.66,2.0
2019-09-26 12:00:00+00:00,83.55,83.55,83.55,83.55,800.0,83.55,1.0
2019-09-26 13:00:00+00:00,83.54,83.54,82.4,82.47,343530.0,83.0224,2720.0
2019-09-26 14:00:00+00:00,82.48,82.67,82.01,82.25,441909.0,82.3153,4363.0
2019-09-26 15:00:00+00:00,82.25,82.3,81.66,81.86,372497.0,82.0121,4419.0
2019-09-26 16:00:00+00:00,81.88,83.0,81.81,82.96,212829.0,82.3906,2980.0
2019-09-26 17:00:00+00:00,82.97,83.0,82.635,83.0,200613.0,82.8078,2880.0
2019-09-26 18:00:00+00:00,83.0,83.51,83.0,83.23,214445.0,83.2433,2825.0
2019-09-26 19:00:00+00:00,83.23,83.44,83.11,83.14,583452.0,83.2721,7537.0
2019-09-26 20:00:00+00:00,83.12,83.12,83.12,83.12,192500.0,83.1201,21.0
2019-09-26 21:00:00+00:00,83.12,83.12,83.12,83.12,830.0,83.12,1.0
2019-09-26 22:00:00+00:00,83.4,83.4,83.4,83.4,500.0,83.4,1.0
2019-09-27 13:00:00+00:00,83.61,84.82,83.5,84.53,545846.0,84.4064,3809.0
2019-09-27 14:00:00+00:00,84.515,84.81,84.13,84.21,297525.0,84.4562,3667.0
2019-09-27 15:00:00+00:00,84.18,84.88,83.97,84.71,311392.0,84.3598,4788.0
2019-09-27 16:00:00+00:00,84.66,85.06,84.5303,84.83,421494.0,84.8272,5141.0
2019-09-27 17:00:00+00:00,84.79,84.87,84.4003,84.59,287905.0,84.6424,3473.0
2019-09-27 18:00:00+00:00,84.58,84.77,83.83,83.9254,252202.0,84.3464,3057.0
2019-09-27 19:00:00+00:00,83.93,84.49,83.8,84.42,440956.0,84.2324,5611.0
2019-09-27 20:00:00+00:00,84.44,84.65,84.44,84.44,47487.0,84.4465,43.0
2019-09-30 13:00:00+00:00,84.91,85.21,84.35,84.955,268858.0,84.775,1867.0
2019-09-30 14:00:00+00:00,84.91,85.465,84.91,85.35,351621.0,85.2879,3694.0
2019-09-30 15:00:00+00:00,85.355,85.95,85.26,85.48,410187.0,85.6209,4389.0
2019-09-30 16:00:00+00:00,85.47,86.0,85.41,85.8,308153.0,85.8215,3519.0
2019-09-30 17:00:00+00:00,85.8045,85.8169,85.48,85.65,215654.0,85.673,2949.0
2019-09-30 18:00:00+00:00,85.65,85.6551,85.28,85.39,270138.0,85.4505,2795.0
2019-09-30 19:00:00+00:00,85.4,85.56,85.22,85.3,679738.0,85.3697,7950.0
2019-09-30 20:00:00+00:00,85.24,85.24,85.24,85.24,98160.0,85.2401,48.0
2019-09-30 21:00:00+00:00,85.24,85.24,85.24,85.24,128.0,85.24,1.0
2019-10-01 13:00:00+00:00,85.14,85.98,84.83,85.71,259603.0,85.6275,1642.0
2019-10-01 14:00:00+00:00,85.62,85.75,84.45,85.09,540342.0,84.9918,5564.0
2019-10-01 15:00:00+00:00,85.09,85.56,85.005,85.21,401655.0,85.2041,4745.0
2019-10-01 16:00:00+00:00,85.22,85.28,84.74,84.865,330362.0,84.9791,3673.0
2019-10-01 17:00:00+00:00,84.86,85.04,84.49,84.8,312410.0,84.7532,4091.0
2019-10-01 18:00:00+00:00,84.8,85.94,84.7,85.8,468634.0,85.4493,5979.0
2019-10-01 19:00:00+00:00,85.77,85.87,85.22,85.23,561346.0,85.4553,7426.0
2019-10-01 20:00:00+00:00,85.22,85.22,85.22,85.22,84621.0,85.22,26.0
2019-10-02 13:00:00+00:00,84.4,84.4,82.83,82.96,337410.0,83.6035,3060.0
2019-10-02 14:00:00+00:00,82.9513,83.72,82.8,83.595,560875.0,83.2955,6260.0
2019-10-02 15:00:00+00:00,83.59,83.89,82.91,83.09,319518.0,83.4075,4344.0
2019-10-02 16:00:00+00:00,83.07,83.07,82.43,82.58,224853.0,82.6681,3000.0
2019-10-02 17:00:00+00:00,82.53,82.79,82.32,82.44,217974.0,82.583,2932.0
2019-10-02 18:00:00+00:00,82.45,82.74,82.27,82.63,223462.0,82.4751,3153.0
2019-10-02 19:00:00+00:00,82.65,82.88,82.46,82.81,569650.0,82.7029,7271.0
2019-10-02 20:00:00+00:00,82.8,82.8,82.75,82.75,69501.0,82.7999,31.0
2019-10-02 22:00:00+00:00,82.75,82.75,82.75,82.75,200.0,82.75,1.0
2019-10-03 13:00:00+00:00,82.52,82.97,81.6,82.65,210140.0,82.5043,1564.0
2019-10-03 14:00:00+00:00,82.58,82.685,81.3,81.97,391444.0,81.6319,3764.0
2019-10-03 15:00:00+00:00,81.94,82.67,81.91,82.21,314383.0,82.2918,3272.0
2019-10-03 16:00:00+00:00,82.195,83.01,82.18,82.94,170300.0,82.647,2347.0
2019-10-03 17:00:00+00:00,83.014,83.34,82.66,83.3,203655.0,83.0344,2906.0
2019-10-03 18:00:00+00:00,83.3,83.5748,83.23,83.47,300860.0,83.3885,3235.0
2019-10-03 19:00:00+00:00,83.48,83.57,83.16,83.57,613931.0,83.369,6268.0
2019-10-03 20:00:00+00:00,83.54,83.54,83.54,83.54,105413.0,83.54,25.0
2019-10-03 21:00:00+00:00,83.5999,83.5999,83.5999,83.5999,363.0,83.5999,1.0
2019-10-03 23:00:00+00:00,83.54,83.54,83.25,83.25,902.0,83.3471,4.0
2019-10-04 12:00:00+00:00,83.28,84.0,83.28,84.0,5357.0,83.9524,8.0
2019-10-04 13:00:00+00:00,83.92,84.37,83.75,84.09,155419.0,84.0041,1140.0
2019-10-04 14:00:00+00:00,84.09,84.34,83.45,83.73,210119.0,83.8973,2538.0
2019-10-04 15:00:00+00:00,83.74,84.34,83.67,84.11,139144.0,84.0296,2441.0
2019-10-04 16:00:00+00:00,84.105,84.16,83.64,83.72,155228.0,83.9,2395.0
2019-10-04 17:00:00+00:00,83.68,83.79,83.47,83.61,204753.0,83.625,2829.0
2019-10-04 18:00:00+00:00,83.61,83.88,83.59,83.88,221218.0,83.7721,2934.0
2019-10-04 19:00:00+00:00,83.88,84.71,83.85,84.48,478642.0,84.3781,5933.0
2019-10-04 20:00:00+00:00,84.52,84.52,84.28,84.52,266834.0,84.5199,37.0
2019-10-04 23:00:00+00:00,84.78,84.78,84.78,84.78,200.0,84.7797,2.0
2019-10-07 13:00:00+00:00,84.62,84.73,83.69,83.71,211561.0,84.342,1565.0
2019-10-07 14:00:00+00:00,83.72,83.97,83.48,83.81,294821.0,83.797,3791.0
2019-10-07 15:00:00+00:00,83.8132,84.2255,83.76,84.047,193513.0,84.009,3141.0
2019-10-07 16:00:00+00:00,84.05,84.06,83.75,83.81,193262.0,83.8716,2789.0
2019-10-07 17:00:00+00:00,83.8,84.04,83.61,83.965,201672.0,83.8444,3059.0
2019-10-07 18:00:00+00:00,83.9875,84.0405,83.52,83.765,213397.0,83.7544,3292.0
2019-10-07 19:00:00+00:00,83.78,83.85,83.42,83.43,458617.0,83.6171,6619.0
2019-10-07 20:00:00+00:00,83.42,83.5,83.42,83.42,18896.0,83.4204,26.0
2019-10-07 23:00:00+00:00,83.31,83.31,83.31,83.31,100.0,83.31,1.0
2019-10-08 11:00:00+00:00,83.0,83.0,82.45,82.45,1116.0,82.5775,9.0
2019-10-08 12:00:00+00:00,82.5805,83.5,82.46,83.5,600.0,83.0692,4.0
2019-10-08 13:00:00+00:00,82.6,83.65,82.26,83.57,294052.0,82.9535,2302.0
2019-10-08 14:00:00+00:00,83.5821,83.92,83.0662,83.57,447729.0,83.5144,4950.0
2019-10-08 15:00:00+00:00,83.58,83.62,83.1454,83.4699,263875.0,83.383,3569.0
2019-10-08 16:00:00+00:00,83.44,84.07,83.34,83.75,204672.0,83.6227,2923.0
2019-10-08 17:00:00+00:00,83.76,84.25,83.55,84.12,224435.0,83.952,2898.0
2019-10-08 18:00:00+00:00,84.1,84.3442,83.75,83.99,258738.0,84.1009,3727.0
2019-10-08 19:00:00+00:00,83.965,84.13,83.31,83.32,677779.0,83.6843,7769.0
2019-10-08 20:00:00+00:00,83.32,83.32,82.51,83.32,49528.0,83.3167,36.0
2019-10-08 22:00:00+00:00,83.01,83.3,83.01,83.3,302.0,83.204,3.0
2019-10-09 11:00:00+00:00,84.07,84.07,84.07,84.07,100.0,84.07,1.0
2019-10-09 12:00:00+00:00,84.07,84.07,84.07,84.07,100.0,84.07,1.0
2019-10-09 13:00:00+00:00,84.48,85.99,83.92,85.59,393872.0,85.2077,3179.0
2019-10-09 14:00:00+00:00,85.59,86.13,85.41,85.97,641262.0,85.7934,6178.0
2019-10-09 15:00:00+00:00,86.0,86.04,85.61,85.72,300298.0,85.858,3199.0
2019-10-09 16:00:00+00:00,85.74,85.98,85.6097,85.69,180429.0,85.8007,2388.0
2019-10-09 17:00:00+00:00,85.71,85.85,85.17,85.41,251631.0,85.3575,2732.0
2019-10-09 18:00:00+00:00,85.38,85.72,85.33,85.65,227593.0,85.5038,2754.0
2019-10-09 19:00:00+00:00,85.63,85.68,84.98,85.07,573597.0,85.3056,6857.0
2019-10-09 20:00:00+00:00,85.07,85.07,85.07,85.07,20923.0,85.07,25.0
2019-10-09 21:00:00+00:00,84.73,84.73,84.73,84.73,100.0,84.73,1.0
2019-10-09 22:00:00+00:00,85.07,85.07,84.6,84.6,852.0,84.9526,6.0
2019-10-10 12:00:00+00:00,85.06,85.06,85.06,85.06,100.0,85.06,1.0
2019-10-10 13:00:00+00:00,85.1,85.71,84.88,85.615,346033.0,85.2588,2720.0
2019-10-10 14:00:00+00:00,85.63,85.67,85.19,85.3488,261833.0,85.3985,3127.0
2019-10-10 15:00:00+00:00,85.33,85.88,85.325,85.6907,352185.0,85.6379,3129.0
2019-10-10 16:00:00+00:00,85.64,85.72,85.36,85.57,223159.0,85.5508,1760.0
2019-10-10 17:00:00+00:00,85.5576,85.88,85.35,85.85,185391.0,85.5399,2118.0
2019-10-10 18:00:00+00:00,85.835,85.9,85.47,85.77,295158.0,85.7629,3261.0
2019-10-10 19:00:00+00:00,85.76,86.16,85.72,85.86,634502.0,85.9189,7375.0
2019-10-10 20:00:00+00:00,85.8,85.8,85.8,85.8,30134.0,85.8,32.0
2019-10-10 21:00:00+00:00,86.35,86.35,86.3,86.3,275.0,86.3318,2.0
2019-10-11 12:00:00+00:00,85.8,85.8,85.8,85.8,1777.0,85.8,1.0
2019-10-11 13:00:00+00:00,87.18,87.87,86.84,87.814,802929.0,87.3849,3779.0
2019-10-11 14:00:00+00:00,87.84,88.24,87.52,87.705,352358.0,87.8129,3722.0
2019-10-11 15:00:00+00:00,87.725,88.54,87.72,88.21,410777.0,88.3147,4699.0
2019-10-11 16:00:00+00:00,88.23,88.56,87.94,88.56,249475.0,88.2073,3179.0
2019-10-11 17:00:00+00:00,88.57,88.83,88.43,88.69,228042.0,88.6193,2848.0
2019-10-11 18:00:00+00:00,88.6958,88.8,88.25,88.5,218183.0,88.5787,3039.0
2019-10-11 19:00:00+00:00,88.495,88.78,87.9,87.98,590223.0,88.3529,7772.0
2019-10-11 20:00:00+00:00,88.0,88.0,88.0,88.0,25614.0,88.0,40.0
2019-10-11 21:00:00+00:00,88.0,88.0,88.0,88.0,100.0,88.0,1.0
2019-10-14 11:00:00+00:00,87.55,87.55,87.5,87.5,1185.0,87.539,3.0
2019-10-14 13:00:00+00:00,87.66,88.2973,87.25,88.09,202232.0,87.8104,1470.0
2019-10-14 14:00:00+00:00,88.07,88.37,87.74,87.91,152694.0,88.0032,2108.0
2019-10-14 15:00:00+00:00,87.9,88.32,87.72,88.31,155207.0,88.0234,2334.0
2019-10-14 16:00:00+00:00,88.31,89.0,88.13,88.87,247862.0,88.5726,2993.0
2019-10-14 17:00:00+00:00,88.84,88.84,88.5,88.77,122606.0,88.663,1795.0
2019-10-14 18:00:00+00:00,88.78,88.82,88.34,88.38,136255.0,88.6181,1960.0
2019-10-14 19:00:00+00:00,88.365,88.6,88.365,88.5301,283931.0,88.4975,3957.0
2019-10-14 20:00:00+00:00,88.53,88.53,88.53,88.53,17076.0,88.5301,23.0
2019-10-14 21:00:00+00:00,88.4,88.4,88.4,88.4,200.0,88.4,1.0
2019-10-15 13:00:00+00:00,88.4,88.97,87.83,88.8513,179749.0,88.5263,1818.0
2019-10-15 14:00:00+00:00,88.88,89.79,88.83,89.59,371687.0,89.2857,4146.0
2019-10-15 15:00:00+00:00,89.62,90.01,89.53,89.9901,264494.0,89.7743,2837.0
2019-10-15 16:00:00+00:00,90.0,90.32,89.8969,90.2,318576.0,90.1134,3384.0
2019-10-15 17:00:00+00:00,90.21,90.36,90.11,90.15,191873.0,90.2512,2289.0
2019-10-15 18:00:00+00:00,90.15,90.16,89.82,89.895,251577.0,89.999,2877.0
2019-10-15 19:00:00+00:00,89.88,89.9387,89.45,89.45,426785.0,89.6492,5226.0
2019-10-15 20:00:00+00:00,89.45,89.45,89.45,89.45,22108.0,89.45,28.0
2019-10-15 21:00:00+00:00,89.79,89.79,89.79,89.79,100.0,89.79,1.0
2019-10-16 13:00:00+00:00,88.97,90.28,88.79,90.13,268556.0,89.557,2279.0
2019-10-16 14:00:00+00:00,90.1308,90.28,89.64,89.97,379095.0,89.9042,3272.0
2019-10-16 15:00:00+00:00,89.96,89.99,89.12,89.14,258892.0,89.4922,3085.0
2019-10-16 16:00:00+00:00,89.17,89.32,88.84,88.93,187936.0,89.1065,2435.0
2019-10-16 17:00:00+00:00,88.94,89.16,88.67,89.13,173217.0,88.8665,2416.0
2019-10-16 18:00:00+00:00,89.15,89.22,88.96,89.07,202170.0,89.0921,2605.0
2019-10-16 19:00:00+00:00,89.085,89.4,88.89,89.1,557150.0,89.1368,7030.0
2019-10-16 20:00:00+00:00,89.09,89.09,89.07,89.07,133113.0,89.0898,35.0
2019-10-17 13:00:00+00:00,89.59,90.27,89.4528,90.13,200829.0,89.9188,1667.0
2019-10-17 14:00:00+00:00,90.19,90.7,90.11,90.1913,363469.0,90.4014,4178.0
2019-10-17 15:00:00+00:00,90.18,90.78,90.067,90.125,520242.0,90.3957,5233.0
2019-10-17 16:00:00+00:00,90.13,90.35,90.01,90.255,210442.0,90.1405,2681.0
2019-10-17 17:00:00+00:00,90.23,90.41,90.0299,90.28,156226.0,90.243,2273.0
2019-10-17 18:00:00+00:00,90.3,90.315,89.89,90.17,235377.0,90.1037,3285.0
2019-10-17 19:00:00+00:00,90.14,90.26,89.975,90.09,617401.0,90.113,7614.0
2019-10-17 20:00:00+00:00,90.1,90.1,90.1,90.1,76715.0,90.1118,32.0
2019-10-18 13:00:00+00:00,90.1,91.02,89.62,90.94,769879.0,90.1035,2307.0
2019-10-18 14:00:00+00:00,90.93,91.12,90.42,90.82,436554.0,90.7769,4102.0
2019-10-18 15:00:00+00:00,90.83,91.38,90.82,90.85,380771.0,91.1399,3895.0
2019-10-18 16:00:00+00:00,90.85,91.28,90.61,91.225,281175.0,90.903,3118.0
2019-10-18 17:00:00+00:00,91.22,91.27,91.07,91.18,194999.0,91.1595,2310.0
2019-10-18 18:00:00+00:00,91.175,91.34,91.065,91.31,288142.0,91.1968,3300.0
2019-10-18 19:00:00+00:00,91.32,91.66,91.06,91.065,875531.0,91.3579,9816.0
2019-10-18 20:00:00+00:00,91.06,91.06,91.04,91.06,286265.0,91.0575,32.0
2019-10-21 11:00:00+00:00,91.29,91.29,91.29,91.29,220.0,91.1845,4.0
2019-10-21 12:00:00+00:00,91.3,91.3,91.3,91.3,1100.0,91.3,1.0
2019-10-21 13:00:00+00:00,91.38,93.29,91.31,93.14,507300.0,92.5674,4578.0
2019-10-21 14:00:00+00:00,93.05,93.14,92.17,93.12,485081.0,92.5619,5257.0
2019-10-21 15:00:00+00:00,93.13,93.24,92.78,93.1815,407036.0,93.0341,4513.0
2019-10-21 16:00:00+00:00,93.18,93.36,93.01,93.109,269461.0,93.1812,3058.0
2019-10-21 17:00:00+00:00,93.115,93.47,93.105,93.325,206458.0,93.2912,2625.0
2019-10-21 18:00:00+00:00,93.325,93.5,93.22,93.39,293812.0,93.3863,3857.0
2019-10-21 19:00:00+00:00,93.3915,93.41,93.1,93.2,712299.0,93.2286,8843.0
2019-10-21 20:00:00+00:00,93.21,93.3036,93.21,93.21,45621.0,93.2158,46.0
2019-10-21 21:00:00+00:00,93.21,93.21,93.21,93.21,1200.0,93.21,1.0
2019-10-21 22:00:00+00:00,93.3,93.3,93.3,93.3,100.0,93.3,1.0
2019-10-22 13:00:00+00:00,93.54,94.13,92.74,93.06,304974.0,93.2678,2403.0
2019-10-22 14:00:00+00:00,93.055,93.69,92.85,93.375,313236.0,93.2888,3241.0
2019-10-22 15:00:00+00:00,93.4,93.95,93.33,93.835,240882.0,93.6304,2975.0
2019-10-22 16:00:00+00:00,93.8301,94.13,93.7,93.95,271311.0,93.9141,2542.0
2019-10-22 17:00:00+00:00,93.94,94.315,93.79,94.29,219275.0,94.0068,2567.0
2019-10-22 18:00:00+00:00,94.28,94.59,94.1,94.32,343252.0,94.3376,3584.0
2019-10-22 19:00:00+00:00,94.34,94.41,94.04,94.2,1143252.0,94.1973,10908.0
2019-10-22 20:00:00+00:00,94.2,94.2,94.17,94.17,27904.0,94.1706,26.0
2019-10-22 21:00:00+00:00,94.17,94.17,94.17,94.17,578.0,94.17,2.0
2019-10-23 12:00:00+00:00,93.8,93.8,93.8,93.8,370.0,93.8,3.0
2019-10-23 13:00:00+00:00,94.17,94.66,93.6,94.4,276943.0,94.1902,2320.0
2019-10-23 14:00:00+00:00,94.37,94.47,93.92,94.26,394883.0,94.1724,4910.0
2019-10-23 15:00:00+00:00,94.2905,94.42,93.8,93.88,385898.0,94.0705,3775.0
2019-10-23 16:00:00+00:00,93.89,94.1,93.64,93.645,416329.0,93.9021,3750.0
2019-10-23 17:00:00+00:00,93.64,93.92,93.62,93.78,277101.0,93.7731,3403.0
2019-10-23 18:00:00+00:00,93.8,93.8,93.24,93.5644,462834.0,93.4895,5333.0
2019-10-23 19:00:00+00:00,93.56,93.84,93.405,93.82,908925.0,93.6386,11763.0
2019-10-23 20:00:00+00:00,93.85,93.85,93.645,93.645,44816.0,93.8445,34.0
2019-10-23 21:00:00+00:00,93.79,93.79,93.61,93.61,700.0,93.6614,3.0
2019-10-23 22:00:00+00:00,93.85,93.85,93.85,93.85,300.0,93.85,1.0
2019-10-23 23:00:00+00:00,93.5,93.5,93.5,93.5,100.0,93.5,1.0
2019-10-24 10:00:00+00:00,94.25,95.3,94.25,95.3,767.0,94.5321,4.0
2019-10-24 11:00:00+00:00,94.5,94.5,94.5,94.5,150.0,94.5,2.0
2019-10-24 12:00:00+00:00,94.5,94.97,94.4999,94.94,2478.0,94.7741,19.0
2019-10-24 13:00:00+00:00,94.94,97.19,94.94,95.86,924396.0,95.9652,6474.0
2019-10-24 14:00:00+00:00,95.81,96.98,95.31,96.145,749624.0,96.1117,6535.0
2019-10-24 15:00:00+00:00,96.145,96.59,95.38,95.93,422550.0,96.1188,4722.0
2019-10-24 16:00:00+00:00,95.97,96.58,95.8,96.07,283928.0,96.1763,3616.0
2019-10-24 17:00:00+00:00,96.07,96.62,96.07,96.43,273416.0,96.3079,3191.0
2019-10-24 18:00:00+00:00,96.42,97.075,96.22,97.005,460380.0,96.7118,4318.0
2019-10-24 19:00:00+00:00,97.005,97.4,96.82,96.93,952296.0,96.9972,11190.0
2019-10-24 20:00:00+00:00,96.91,96.91,96.89,96.91,95833.0,96.91,32.0
2019-10-24 21:00:00+00:00,96.7,96.7,96.7,96.7,200.0,96.709,2.0
2019-10-25 13:00:00+00:00,97.42,98.56,96.99,98.0806,439896.0,98.0356,3137.0
2019-10-25 14:00:00+00:00,98.085,98.94,97.9297,98.07,514021.0,98.3888,5635.0
2019-10-25 15:00:00+00:00,98.04,99.09,97.6357,99.0329,620380.0,98.5032,6446.0
2019-10-25 16:00:00+00:00,99.04,99.49,98.86,99.44,407767.0,99.159,4974.0
2019-10-25 17:00:00+00:00,99.43,99.81,99.415,99.79,349873.0,99.6437,4026.0
2019-10-25 18:00:00+00:00,99.79,99.84,99.425,99.59,364620.0,99.6627,4470.0
2019-10-25 19:00:00+00:00,99.57,99.73,99.21,99.24,949394.0,99.4387,11691.0
2019-10-25 20:00:00+00:00,99.27,99.27,99.27,99.27,49002.0,99.27,39.0
2019-10-28 11:00:00+00:00,99.5,99.5,99.5,99.5,112.0,99.5,1.0
2019-10-28 12:00:00+00:00,99.5,99.5,99.5,99.5,296.0,99.5,3.0
2019-10-28 13:00:00+00:00,99.75,100.55,99.6279,100.0,425484.0,99.9879,3333.0
2019-10-28 14:00:00+00:00,99.99,100.29,99.66,100.15,439537.0,100.0111,4901.0
2019-10-28 15:00:00+00:00,100.14,100.82,100.095,100.31,580386.0,100.4955,5009.0
2019-10-28 16:00:00+00:00,100.305,100.535,99.9,100.2545,321021.0,100.1723,3695.0
2019-10-28 17:00:00+00:00,100.26,100.42,100.02,100.28,393376.0,100.2402,3869.0
2019-10-28 18:00:00+00:00,100.28,100.385,99.99,100.07,448253.0,100.1979,4203.0
2019-10-28 19:00:00+00:00,100.08,100.28,99.975,100.08,819397.0,100.1421,9626.0
2019-10-28 20:00:00+00:00,100.07,100.43,100.07,100.07,240798.0,100.2977,23.0
2019-10-28 22:00:00+00:00,100.01,100.01,100.01,100.01,100.0,100.01,1.0
2019-10-28 23:00:00+00:00,100.0,100.0,100.0,100.0,100.0,100.0,1.0
2019-10-29 11:00:00+00:00,100.01,100.01,99.86,99.86,284.0,99.9128,2.0
2019-10-29 13:00:00+00:00,99.31,101.0,99.21,100.67,423674.0,100.2768,3762.0
2019-10-29 14:00:00+00:00,100.59,100.91,100.26,100.6024,408081.0,100.5665,4837.0
2019-10-29 15:00:00+00:00,100.59,100.81,100.21,100.6,392739.0,100.4807,4371.0
2019-10-29 16:00:00+00:00,100.59,101.19,100.42,101.06,305151.0,100.9197,3686.0
2019-10-29 17:00:00+00:00,101.06,101.44,100.8997,101.2489,302169.0,101.2079,3592.0
2019-10-29 18:00:00+00:00,101.24,101.26,100.86,100.88,324402.0,101.0975,3910.0
2019-10-29 19:00:00+00:00,100.89,101.07,100.76,100.82,725206.0,100.9043,8298.0
2019-10-29 20:00:00+00:00,100.82,100.82,100.82,100.82,84256.0,100.82,22.0
2019-10-30 13:00:00+00:00,100.9,100.91,99.2609,99.635,492421.0,99.7766,4342.0
2019-10-30 14:00:00+00:00,99.62,99.73,98.93,99.22,552168.0,99.3177,5968.0
2019-10-30 15:00:00+00:00,99.22,99.49,98.03,98.05,428775.0,98.7136,4858.0
2019-10-30 16:00:00+00:00,98.045,99.06,97.95,99.04,385054.0,98.5597,4326.0
2019-10-30 17:00:00+00:00,99.04,99.19,98.0806,98.09,307971.0,98.7322,3713.0
2019-10-30 18:00:00+00:00,98.08,98.84,97.95,98.12,499350.0,98.3562,5863.0
2019-10-30 19:00:00+00:00,98.13,98.81,97.79,98.8,1074169.0,98.3742,12720.0
2019-10-30 20:00:00+00:00,98.81,98.81,98.81,98.81,76602.0,98.81,50.0
2019-10-31 13:00:00+00:00,98.57,98.99,97.165,97.26,432869.0,98.1595,4205.0
2019-10-31 14:00:00+00:00,97.3,97.48,96.43,97.08,691163.0,96.917,7633.0
2019-10-31 15:00:00+00:00,97.08,97.18,96.13,96.65,509354.0,96.4931,6101.0
2019-10-31 16:00:00+00:00,96.68,97.15,96.47,96.9405,379112.0,96.7346,4717.0
2019-10-31 17:00:00+00:00,96.93,97.445,96.92,97.3,302378.0,97.2261,4029.0
2019-10-31 18:00:00+00:00,97.31,97.33,96.75,96.9,397224.0,97.0494,4708.0
2019-10-31 19:00:00+00:00,96.93,97.11,96.72,96.99,894662.0,96.886,10865.0
2019-10-31 20:00:00+00:00,96.98,97.0,96.98,96.98,213002.0,96.9801,43.0
2019-10-31 22:00:00+00:00,97.0,97.0,97.0,97.0,500.0,97.0,1.0
2019-11-01 11:00:00+00:00,98.09,98.09,98.09,98.09,214.0,98.1194,2.0
2019-11-01 13:00:00+00:00,98.5,98.74,97.5,98.545,405454.0,98.1885,3672.0
2019-11-01 14:00:00+00:00,98.455,99.81,98.35,99.81,426210.0,99.2893,4962.0
2019-11-01 15:00:00+00:00,99.83,99.87,99.3,99.755,318206.0,99.5817,3950.0
2019-11-01 16:00:00+00:00,99.76,99.78,99.49,99.57,242232.0,99.6175,3039.0
2019-11-01 17:00:00+00:00,99.55,99.85,99.46,99.832,214571.0,99.6422,3008.0
2019-11-01 18:00:00+00:00,99.83,99.89,99.57,99.88,267617.0,99.7667,3450.0
2019-11-01 19:00:00+00:00,99.855,99.92,99.59,99.86,585363.0,99.766,6888.0
2019-11-01 20:00:00+00:00,99.86,99.86,99.7,99.7,143032.0,99.8575,64.0
2019-11-01 21:00:00+00:00,99.62,99.98,99.62,99.98,850.0,99.8932,3.0
2019-11-01 22:00:00+00:00,99.98,99.98,99.98,99.98,250.0,99.98,2.0
2019-11-01 23:00:00+00:00,99.98,99.98,99.87,99.87,1000.0,99.947,9.0
2019-11-04 12:00:00+00:00,100.0,100.0,100.0,100.0,250.0,100.016,3.0
2019-11-04 13:00:00+00:00,100.04,100.55,100.0,100.53,3157.0,100.1116,14.0
2019-11-04 14:00:00+00:00,100.9993,101.34,100.27,100.48,331435.0,100.6536,2713.0
2019-11-04 15:00:00+00:00,100.38,101.15,100.24,101.12,316442.0,100.8113,3414.0
2019-11-04 16:00:00+00:00,101.12,101.83,101.11,101.79,363157.0,101.5599,3415.0
2019-11-04 17:00:00+00:00,101.8011,101.8011,101.39,101.415,311399.0,101.6227,3218.0
2019-11-04 18:00:00+00:00,101.43,101.475,101.15,101.19,192802.0,101.3241,2112.0
2019-11-04 19:00:00+00:00,101.21,101.34,101.0332,101.295,189910.0,101.2135,2642.0
2019-11-04 20:00:00+00:00,101.3,101.49,101.2,101.25,511347.0,101.3268,6371.0
2019-11-04 21:00:00+00:00,101.24,101.24,101.24,101.24,51755.0,101.24,35.0
2019-11-04 23:00:00+00:00,101.59,101.59,101.0,101.0,1505.0,101.393,11.0
2019-11-05 12:00:00+00:00,100.69,101.0,100.69,101.0,250.0,100.814,2.0
2019-11-05 14:00:00+00:00,101.63,101.99,101.36,101.6,231593.0,101.682,2251.0
2019-11-05 15:00:00+00:00,101.64,101.98,100.6,101.09,336705.0,101.0656,4361.0
2019-11-05 16:00:00+00:00,101.12,101.15,100.19,100.485,498137.0,100.6172,4149.0
2019-11-05 17:00:00+00:00,100.48,100.62,100.19,100.26,253790.0,100.4074,3344.0
2019-11-05 18:00:00+00:00,100.2599,100.49,100.11,100.12,204444.0,100.3208,2981.0
2019-11-05 19:00:00+00:00,100.1,100.71,99.95,100.465,520490.0,100.3893,5776.0
2019-11-05 20:00:00+00:00,100.46,101.135,100.2,101.08,931528.0,100.7424,10977.0
2019-11-05 21:00:00+00:00,101.09,101.09,101.09,101.09,34723.0,101.09,45.0
2019-11-05 22:00:00+00:00,100.9001,100.9001,100.9,100.9001,995.0,100.9001,4.0
2019-11-05 23:00:00+00:00,101.09,101.09,101.09,101.09,719.0,101.09,1.0
2019-11-06 14:00:00+00:00,100.64,100.96,99.999,100.84,225058.0,100.5252,2155.0
2019-11-06 15:00:00+00:00,100.85,101.29,100.5,100.78,246174.0,100.912,3596.0
2019-11-06 16:00:00+00:00,100.78,100.99,99.875,100.185,229605.0,100.4965,3199.0
2019-11-06 17:00:00+00:00,100.185,100.34,99.7546,99.81,203245.0,99.9733,2492.0
2019-11-06 18:00:00+00:00,99.8,100.14,99.66,100.08,258922.0,99.8499,2491.0
2019-11-06 19:00:00+00:00,100.0609,100.3054,100.02,100.21,180495.0,100.1739,2541.0
2019-11-06 20:00:00+00:00,100.225,100.43,100.0,100.33,581926.0,100.2387,7769.0
2019-11-06 21:00:00+00:00,100.35,100.35,100.35,100.35,285633.0,100.35,65.0
2019-11-07 14:00:00+00:00,100.86,101.2,100.57,100.98,244863.0,100.912,1962.0
2019-11-07 15:00:00+00:00,100.98,101.265,100.6,101.18,442674.0,100.9647,5701.0
2019-11-07 16:00:00+00:00,101.19,101.58,101.14,101.44,425620.0,101.3248,5354.0
2019-11-07 17:00:00+00:00,101.46,101.65,101.13,101.29,441147.0,101.3823,4488.0
2019-11-07 18:00:00+00:00,101.29,101.42,100.57,100.805,388245.0,100.853,4069.0
2019-11-07 19:00:00+00:00,100.82,100.871,100.25,100.6496,261889.0,100.613,3778.0
2019-11-07 20:00:00+00:00,100.6496,101.49,100.6496,101.45,656325.0,101.0831,8745.0
2019-11-07 21:00:00+00:00,101.4,101.4,101.4,101.4,27839.0,101.4,32.0
2019-11-08 13:00:00+00:00,101.4,101.4,101.4,101.4,3178.0,101.4,2.0
2019-11-08 14:00:00+00:00,101.35,101.35,100.03,100.36,291924.0,100.779,2207.0
2019-11-08 15:00:00+00:00,100.37,100.44,99.61,99.6298,465301.0,99.9888,4941.0
2019-11-08 16:00:00+00:00,99.65,100.26,99.63,100.185,270766.0,99.9046,3701.0
2019-11-08 17:00:00+00:00,100.185,100.75,100.185,100.56,330639.0,100.3858,3969.0
2019-11-08 18:00:00+00:00,100.5562,100.5562,99.91,100.22,261607.0,100.1739,3757.0
2019-11-08 19:00:00+00:00,100.22,100.895,100.12,100.86,309310.0,100.4203,3900.0
2019-11-08 20:00:00+00:00,100.87,101.125,100.65,100.865,542858.0,100.8905,7216.0
2019-11-08 21:00:00+00:00,100.86,100.86,100.86,100.86,9868.0,100.86,25.0
2019-11-11 12:00:00+00:00,100.33,100.33,100.33,100.33,100.0,100.33,1.0
2019-11-11 14:00:00+00:00,99.96,100.5,99.34,100.2,180334.0,99.8342,1621.0
2019-11-11 15:00:00+00:00,100.225,100.99,100.225,100.84,202101.0,100.7429,2605.0
2019-11-11 16:00:00+00:00,100.87,101.03,100.29,100.93,205210.0,100.6364,2757.0
2019-11-11 17:00:00+00:00,100.905,101.21,100.71,100.875,181854.0,100.9877,2320.0
2019-11-11 18:00:00+00:00,100.88,101.03,100.66,100.9038,124331.0,100.8374,1886.0
2019-11-11 19:00:00+00:00,100.85,100.87,100.46,100.65,263779.0,100.7377,2881.0
2019-11-11 20:00:00+00:00,100.66,100.85,100.42,100.69,478216.0,100.6751,5526.0
2019-11-11 21:00:00+00:00,100.68,100.68,100.65,100.68,115697.0,100.6766,35.0
2019-11-11 22:00:00+00:00,100.68,100.98,100.68,100.98,3187.0,100.7625,9.0
2019-11-12 14:00:00+00:00,100.7,101.87,100.7,101.215,190601.0,101.3565,1343.0
2019-11-12 15:00:00+00:00,101.25,101.6,101.09,101.25,227117.0,101.3688,2646.0
2019-11-12 16:00:00+00:00,101.28,101.47,100.7,100.73,211421.0,101.1253,2275.0
2019-11-12 17:00:00+00:00,100.76,100.94,100.5112,100.8906,126736.0,100.7555,1857.0
2019-11-12 18:00:00+00:00,100.94,101.08,100.55,100.58,156370.0,100.8174,2021.0
2019-11-12 19:00:00+00:00,100.58,100.58,100.0,100.255,212881.0,100.3031,2702.0
2019-11-12 20:00:00+00:00,100.25,100.54,100.045,100.48,547274.0,100.2858,7328.0
2019-11-12 21:00:00+00:00,100.48,100.48,100.48,100.48,23999.0,100.48,28.0
2019-11-13 14:00:00+00:00,100.1,100.1,99.14,99.373,212967.0,99.4489,1475.0
2019-11-13 15:00:00+00:00,99.3439,100.3,99.31,100.02,214273.0,99.9797,2981.0
2019-11-13 16:00:00+00:00,100.0104,100.295,99.805,100.175,152841.0,100.0781,1710.0
2019-11-13 17:00:00+00:00,100.19,100.58,100.02,100.5354,105727.0,100.3141,1357.0
2019-11-13 18:00:00+00:00,100.545,100.73,100.2,100.3424,162702.0,100.5701,2310.0
2019-11-13 19:00:00+00:00,100.3,100.5,99.99,100.48,178389.0,100.2676,2849.0
2019-11-13 20:00:00+00:00,100.46,100.67,100.25,100.29,460817.0,100.4266,6033.0
2019-11-13 21:00:00+00:00,100.25,100.25,100.25,100.25,72019.0,100.25,39.0
2019-11-14 12:00:00+00:00,100.1,100.1,100.1,100.1,150.0,100.1,1.0
2019-11-14 14:00:00+00:00,100.05,100.81,99.76,100.68,227755.0,100.12,1795.0
2019-11-14 15:00:00+00:00,100.66,100.98,100.39,100.7,294129.0,100.7092,3474.0
2019-11-14 16:00:00+00:00,100.65,101.06,100.29,100.56,233501.0,100.6777,3039.0
2019-11-14 17:00:00+00:00,100.52,100.71,100.32,100.5897,137185.0,100.5268,1847.0
2019-11-14 18:00:00+00:00,100.59,100.9262,100.47,100.64,296991.0,100.7233,2919.0
2019-11-14 19:00:00+00:00,100.63,100.98,100.57,100.8,361859.0,100.8534,4389.0
2019-11-14 20:00:00+00:00,100.8,100.94,100.4,100.83,501816.0,100.713,6860.0
2019-11-14 21:00:00+00:00,100.74,100.82,100.14,100.82,56472.0,100.8155,42.0
2019-11-15 14:00:00+00:00,101.0,101.07,99.54,100.1,439471.0,100.3998,2751.0
2019-11-15 15:00:00+00:00,100.11,100.29,99.63,100.25,357922.0,100.0277,3280.0
2019-11-15 16:00:00+00:00,100.2368,101.195,100.22,100.78,307845.0,100.7221,3409.0
2019-11-15 17:00:00+00:00,100.7997,101.0817,100.73,100.82,227544.0,100.9454,2450.0
2019-11-15 18:00:00+00:00,100.85,101.02,100.7,100.72,133207.0,100.8895,1621.0
2019-11-15 19:00:00+00:00,100.69,100.79,100.47,100.5332,152963.0,100.6363,1976.0
2019-11-15 20:00:00+00:00,100.5303,100.6755,100.25,100.6,441567.0,100.4737,5456.0
2019-11-15 21:00:00+00:00,100.61,100.61,100.61,100.61,34721.0,100.61,32.0
2019-11-18 13:00:00+00:00,100.5,100.5,100.5,100.5,4121.0,100.5,13.0
2019-11-18 14:00:00+00:00,99.95,100.61,99.89,100.3,192838.0,100.2366,1897.0
2019-11-18 15:00:00+00:00,100.28,100.92,100.0155,100.08,311971.0,100.4512,4406.0
2019-11-18 16:00:00+00:00,100.11,100.38,99.98,100.235,229095.0,100.143,3035.0
2019-11-18 17:00:00+00:00,100.235,100.46,100.13,100.33,217913.0,100.2691,2789.0
2019-11-18 18:00:00+00:00,100.33,100.33,100.03,100.18,215037.0,100.1553,2530.0
2019-11-18 19:00:00+00:00,100.19,100.71,100.11,100.65,315874.0,100.4201,2946.0
2019-11-18 20:00:00+00:00,100.65,101.11,100.55,101.04,624590.0,100.8467,6844.0
2019-11-18 21:00:00+00:00,101.06,101.5,101.06,101.06,216817.0,101.0621,51.0
2019-11-18 22:00:00+00:00,101.0,101.0,101.0,101.0,100.0,101.0,1.0
2019-11-19 13:00:00+00:00,100.2,100.2,100.16,100.16,300.0,100.1867,2.0
2019-11-19 14:00:00+00:00,100.08,100.5,98.11,98.54,390787.0,99.2209,3042.0
2019-11-19 15:00:00+00:00,98.54,98.9,97.6,97.89,508877.0,98.285,5905.0
2019-11-19 16:00:00+00:00,97.87,98.09,97.43,97.59,440733.0,97.7267,5273.0
2019-11-19 17:00:00+00:00,97.59,97.855,97.19,97.56,319255.0,97.5693,4111.0
2019-11-19 18:00:00+00:00,97.57,97.79,97.28,97.36,291278.0,97.5078,3848.0
2019-11-19 19:00:00+00:00,97.36,97.7599,97.28,97.56,323562.0,97.4849,4283.0
2019-11-19 20:00:00+00:00,97.56,97.73,97.21,97.6,787251.0,97.509,9757.0
2019-11-19 21:00:00+00:00,97.62,97.62,97.53,97.62,244551.0,97.7176,36.0
2019-11-19 22:00:00+00:00,97.15,97.19,97.15,97.19,1100.0,97.1536,6.0
2019-11-20 14:00:00+00:00,97.67,97.68,94.92,95.3034,495677.0,95.8771,4399.0
2019-11-20 15:00:00+00:00,95.23,95.73,94.77,95.561,726614.0,95.2368,7849.0
2019-11-20 16:00:00+00:00,95.555,96.24,95.48,95.9252,546198.0,95.818,5436.0
2019-11-20 17:00:00+00:00,95.94,96.7012,95.92,96.29,588410.0,96.4559,6237.0
2019-11-20 18:00:00+00:00,96.3,97.13,95.85,97.0842,508540.0,96.4559,4949.0
2019-11-20 19:00:00+00:00,97.095,97.7,96.99,97.3152,502196.0,97.3571,5196.0
2019-11-20 20:00:00+00:00,97.3,97.5031,97.165,97.18,801412.0,97.3153,8838.0
2019-11-20 21:00:00+00:00,96.87,97.19,96.87,97.19,175857.0,96.9389,50.0
2019-11-20 23:00:00+00:00,97.0,97.0,97.0,97.0,100.0,97.0,1.0
2019-11-21 14:00:00+00:00,97.57,98.43,97.2666,98.1068,345825.0,97.9663,3046.0
2019-11-21 15:00:00+00:00,98.1,98.265,97.35,97.46,523384.0,97.7036,6000.0
2019-11-21 16:00:00+00:00,97.4598,98.18,97.33,97.835,424807.0,97.77,5242.0
2019-11-21 17:00:00+00:00,97.82,98.65,97.82,98.65,378654.0,98.3151,3905.0
2019-11-21 18:00:00+00:00,98.645,98.85,98.49,98.78,285128.0,98.6524,3618.0
2019-11-21 19:00:00+00:00,98.78,98.78,98.17,98.39,332667.0,98.4004,3991.0
2019-11-21 20:00:00+00:00,98.39,98.51,98.11,98.41,576697.0,98.3277,7587.0
2019-11-21 21:00:00+00:00,98.41,98.41,98.41,98.41,72853.0,98.41,40.0
2019-11-22 13:00:00+00:00,98.41,98.41,98.41,98.41,68542.0,98.41,2.0
2019-11-22 14:00:00+00:00,98.99,99.72,98.54,99.41,278620.0,99.0547,2281.0
2019-11-22 15:00:00+00:00,99.4,99.49,98.38,98.5088,359558.0,98.9809,3799.0
2019-11-22 16:00:00+00:00,98.47,98.52,98.0,98.1,265533.0,98.2858,2615.0
2019-11-22 17:00:00+00:00,98.12,98.54,98.02,98.13,252650.0,98.3485,2577.0
2019-11-22 18:00:00+00:00,98.12,98.42,98.12,98.3135,118816.0,98.2726,1553.0
2019-11-22 19:00:00+00:00,98.3,98.31,97.95,98.03,179303.0,98.107,2198.0
2019-11-22 20:00:00+00:00,98.04,98.06,97.35,97.48,489677.0,97.6368,5722.0
2019-11-22 21:00:00+00:00,97.51,97.6,97.3,97.6,322840.0,97.5074,52.0
2019-11-22 22:00:00+00:00,97.5,97.51,97.5,97.51,1600.0,97.5074,11.0
2019-11-22 23:00:00+00:00,97.51,97.51,97.51,97.51,500.0,97.51,2.0
2019-11-25 13:00:00+00:00,97.52,97.52,97.51,97.51,500.0,97.516,5.0
2019-11-25 14:00:00+00:00,97.7,97.88,96.96,97.62,194319.0,97.4151,1857.0
2019-11-25 15:00:00+00:00,97.56,98.17,97.56,97.69,244165.0,97.8514,3713.0
2019-11-25 16:00:00+00:00,97.72,97.97,97.53,97.66,213631.0,97.7249,2789.0
2019-11-25 17:00:00+00:00,97.675,97.91,97.6,97.725,182296.0,97.7431,2217.0
2019-11-25 18:00:00+00:00,97.74,97.75,97.274,97.43,206504.0,97.4923,2364.0
2019-11-25 19:00:00+00:00,97.44,97.57,97.25,97.38,167456.0,97.3825,2086.0
2019-11-25 20:00:00+00:00,97.38,97.43,97.0,97.34,559477.0,97.2551,6334.0
2019-11-25 21:00:00+00:00,97.35,97.35,97.35,97.35,617712.0,97.3504,49.0
2019-11-26 00:00:00+00:00,97.89,97.9,97.89,97.9,490.0,97.8959,4.0
2019-11-26 14:00:00+00:00,97.95,98.415,97.26,98.1346,353851.0,97.9362,2733.0
2019-11-26 15:00:00+00:00,98.19,98.19,97.2875,97.408,377489.0,97.6888,3974.0
2019-11-26 16:00:00+00:00,97.41,98.07,97.3219,97.645,317207.0,97.812,3062.0
2019-11-26 17:00:00+00:00,97.66,98.01,97.66,97.945,190667.0,97.8125,2393.0
2019-11-26 18:00:00+00:00,97.96,97.98,97.26,97.3926,185850.0,97.565,2997.0
2019-11-26 19:00:00+00:00,97.4,97.63,97.35,97.41,217768.0,97.4866,3193.0
2019-11-26 20:00:00+00:00,97.4,97.84,97.085,97.52,872918.0,97.4737,8607.0
2019-11-26 21:00:00+00:00,97.44,97.443,97.44,97.443,444021.0,97.4403,59.0
2019-11-26 22:00:00+00:00,97.44,97.51,97.44,97.49,2111.0,97.477,12.0
2019-11-27 00:00:00+00:00,97.5,97.5,97.5,97.5,100.0,97.5,1.0
2019-11-27 14:00:00+00:00,97.59,98.0,97.1,97.59,215881.0,97.5703,2014.0
2019-11-27 15:00:00+00:00,97.67,97.96,96.9014,96.92,284658.0,97.5273,3355.0
2019-11-27 16:00:00+00:00,96.925,97.3,96.7358,96.88,378996.0,97.0213,3270.0
2019-11-27 17:00:00+00:00,96.9,97.05,96.68,96.8,299333.0,96.8878,3261.0
2019-11-27 18:00:00+00:00,96.78,97.14,96.77,97.06,357077.0,96.9985,3251.0
2019-11-27 19:00:00+00:00,97.04,97.36,96.9135,97.15,289108.0,97.125,2669.0
2019-11-27 20:00:00+00:00,97.1548,97.3,97.07,97.09,498881.0,97.1835,5508.0
2019-11-27 21:00:00+00:00,97.1,97.1,97.1,97.1,265458.0,97.1,28.0
2019-11-27 22:00:00+00:00,97.25,97.25,97.25,97.25,1000.0,97.25,4.0
2019-11-29 14:00:00+00:00,96.84,96.94,96.35,96.3796,145695.0,96.7105,1406.0
2019-11-29 15:00:00+00:00,96.35,96.35,95.78,96.195,321360.0,96.0501,3789.0
2019-11-29 16:00:00+00:00,96.18,96.2,95.53,95.97,278214.0,95.7637,3029.0
2019-11-29 17:00:00+00:00,95.98,96.07,95.38,95.53,637875.0,95.6966,6695.0
2019-11-29 18:00:00+00:00,95.49,95.49,95.49,95.49,303117.0,95.49,1.0
2019-11-29 20:00:00+00:00,95.49,95.49,95.49,95.49,0.0,,
2019-12-02 12:00:00+00:00,95.5,95.5,95.5,95.5,353.0,95.5,3.0
2019-12-02 13:00:00+00:00,95.49,95.49,95.49,95.49,19541.0,95.49,2.0
2019-12-02 14:00:00+00:00,95.84,97.08,95.7,96.76,357176.0,96.4763,2539.0
2019-12-02 15:00:00+00:00,96.72,96.83,96.38,96.55,397649.0,96.6426,4222.0
2019-12-02 16:00:00+00:00,96.55,96.64,96.1345,96.24,607909.0,96.2438,5129.0
2019-12-02 17:00:00+00:00,96.235,96.43,95.96,95.9653,194636.0,96.2011,2537.0
2019-12-02 18:00:00+00:00,95.96,96.33,95.96,96.06,212419.0,96.1866,2606.0
2019-12-02 19:00:00+00:00,96.075,96.075,95.7179,95.9,251159.0,95.8936,3009.0
2019-12-02 20:00:00+00:00,95.9,96.03,95.515,95.66,591143.0,95.7759,7400.0
2019-12-02 21:00:00+00:00,95.6,95.6,95.6,95.6,112054.0,95.6002,41.0
2019-12-03 13:00:00+00:00,95.0,95.0,95.0,95.0,510.0,95.0,6.0
2019-12-03 14:00:00+00:00,94.94,94.94,94.16,94.69,273802.0,94.5641,2508.0
2019-12-03 15:00:00+00:00,94.68,94.895,93.77,93.81,554372.0,94.4407,5454.0
2019-12-03 16:00:00+00:00,93.81,94.4,93.75,94.18,306301.0,94.1461,3770.0
2019-12-03 17:00:00+00:00,94.19,94.48,94.113,94.4503,327658.0,94.2845,3531.0
2019-12-03 18:00:00+00:00,94.47,94.5527,94.1606,94.3195,229195.0,94.3599,2732.0
2019-12-03 19:00:00+00:00,94.34,94.5,93.8877,93.945,298651.0,94.1404,3479.0
2019-12-03 20:00:00+00:00,93.951,94.41,93.85,93.93,801731.0,94.0551,7956.0
2019-12-03 21:00:00+00:00,93.89,93.89,93.89,93.89,15017.0,93.89,20.0
2019-12-04 14:00:00+00:00,94.35,94.95,93.82,94.4,415314.0,94.381,3289.0
2019-12-04 15:00:00+00:00,94.39,94.67,94.14,94.44,523068.0,94.4085,5151.0
2019-12-04 16:00:00+00:00,94.44,94.55,94.01,94.07,322832.0,94.2716,3761.0
2019-12-04 17:00:00+00:00,94.05,94.05,93.52,93.57,354277.0,93.7627,3907.0
2019-12-04 18:00:00+00:00,93.58,93.7,93.28,93.61,303796.0,93.4889,3611.0
2019-12-04 19:00:00+00:00,93.6,93.63,93.05,93.1,370191.0,93.3119,4228.0
2019-12-04 20:00:00+00:00,93.11,93.24,92.93,93.17,1001976.0,93.1009,10230.0
2019-12-04 21:00:00+00:00,93.21,93.89,93.2,93.21,179553.0,93.2189,43.0
2019-12-05 14:00:00+00:00,93.25,93.48,91.94,92.2,409166.0,92.5816,3544.0
2019-12-05 15:00:00+00:00,92.18,92.905,92.17,92.72,502951.0,92.6639,4316.0
2019-12-05 16:00:00+00:00,92.74,92.91,92.62,92.75,290334.0,92.7443,3082.0
2019-12-05 17:00:00+00:00,92.74,92.78,92.5903,92.7137,246835.0,92.6955,1979.0
2019-12-05 18:00:00+00:00,92.7,92.945,92.6479,92.87,240959.0,92.7822,2491.0
2019-12-05 19:00:00+00:00,92.88,93.3,92.82,93.17,360312.0,93.0862,3903.0
2019-12-05 20:00:00+00:00,93.17,93.28,92.84,93.0,744037.0,93.0498,8138.0
2019-12-05 21:00:00+00:00,92.99,92.99,92.8163,92.8163,81577.0,92.9838,28.0
2019-12-05 23:00:00+00:00,92.99,92.99,92.99,92.99,400.0,92.99,2.0
2019-12-06 13:00:00+00:00,93.06,93.06,93.06,93.06,400.0,93.06,1.0
2019-12-06 14:00:00+00:00,93.34,94.52,93.34,94.45,377257.0,94.2036,2898.0
2019-12-06 15:00:00+00:00,94.45,94.91,94.28,94.455,619183.0,94.5412,6366.0
2019-12-06 16:00:00+00:00,94.45,94.94,94.31,94.3949,604715.0,94.5975,6102.0
2019-12-06 17:00:00+00:00,94.395,94.555,94.16,94.49,330478.0,94.344,3199.0
2019-12-06 18:00:00+00:00,94.49,94.525,94.135,94.17,308503.0,94.3412,3023.0
2019-12-06 19:00:00+00:00,94.165,94.32,93.62,93.8,317249.0,94.0101,3222.0
2019-12-06 20:00:00+00:00,93.81,93.905,93.58,93.61,665087.0,93.716,7449.0
2019-12-06 21:00:00+00:00,93.61,94.375,93.61,93.61,143732.0,93.6254,42.0
2019-12-06 22:00:00+00:00,93.8,93.8,93.8,93.8,200.0,93.795,3.0
2019-12-09 12:00:00+00:00,93.62,93.62,93.62,93.62,300.0,93.62,1.0
2019-12-09 13:00:00+00:00,93.65,93.65,93.65,93.65,1000.0,93.65,2.0
2019-12-09 14:00:00+00:00,93.38,93.62,92.27,93.075,341789.0,92.9609,3184.0
2019-12-09 15:00:00+00:00,93.065,93.26,92.89,92.9911,346421.0,93.0791,4454.0
2019-12-09 16:00:00+00:00,92.97,93.15,92.8277,92.9386,379266.0,92.9768,3897.0
2019-12-09 17:00:00+00:00,92.93,92.97,92.63,92.765,245141.0,92.7458,3241.0
2019-12-09 18:00:00+00:00,92.77,92.85,92.62,92.6954,258041.0,92.7565,2951.0
2019-12-09 19:00:00+00:00,92.69,92.8158,92.56,92.7,276953.0,92.683,3159.0
2019-12-09 20:00:00+00:00,92.705,92.84,92.49,92.53,756279.0,92.6392,8702.0
2019-12-09 21:00:00+00:00,92.52,92.52,92.52,92.52,97901.0,92.52,36.0
2019-12-10 14:00:00+00:00,92.71,93.07,92.33,92.75,235339.0,92.7061,1869.0
2019-12-10 15:00:00+00:00,92.697,94.48,92.697,94.45,514286.0,93.8298,5967.0
2019-12-10 16:00:00+00:00,94.46,94.64,94.17,94.4796,420357.0,94.4293,5669.0
2019-12-10 17:00:00+00:00,94.47,94.52,94.01,94.28,255282.0,94.2347,3487.0
2019-12-10 18:00:00+00:00,94.275,94.33,93.99,94.13,185766.0,94.1711,2772.0
2019-12-10 19:00:00+00:00,94.13,94.51,94.07,94.35,246339.0,94.3821,3627.0
2019-12-10 20:00:00+00:00,94.3614,94.58,94.1631,94.55,660851.0,94.3706,8593.0
2019-12-10 21:00:00+00:00,94.57,94.57,94.57,94.57,65455.0,94.57,29.0
2019-12-10 22:00:00+00:00,94.3,94.44,94.3,94.44,1572.0,94.3585,5.0
2019-12-11 14:00:00+00:00,94.56,95.0,93.66,94.16,304042.0,94.556,2628.0
2019-12-11 15:00:00+00:00,94.14,94.14,93.16,93.22,384846.0,93.717,4694.0
2019-12-11 16:00:00+00:00,93.21,93.39,92.41,92.73,458514.0,92.8456,5469.0
2019-12-11 17:00:00+00:00,92.73,93.0316,92.5946,92.83,215971.0,92.8102,2839.0
2019-12-11 18:00:00+00:00,92.84,92.97,92.31,92.66,296729.0,92.5864,3238.0
2019-12-11 19:00:00+00:00,92.61,93.01,92.5504,92.955,262461.0,92.7324,3234.0
2019-12-11 20:00:00+00:00,92.97,92.995,92.71,92.9,495182.0,92.8414,5560.0
2019-12-11 21:00:00+00:00,92.89,92.89,92.89,92.89,204291.0,92.89,35.0
2019-12-12 14:00:00+00:00,93.06,94.04,92.92,93.96,271121.0,93.4922,2080.0
2019-12-12 15:00:00+00:00,93.96,94.69,93.91,94.6,415853.0,94.3386,4569.0
2019-12-12 16:00:00+00:00,94.61,94.71,94.27,94.42,204202.0,94.5276,3091.0
2019-12-12 17:00:00+00:00,94.41,94.525,94.2,94.35,146894.0,94.3604,2357.0
2019-12-12 18:00:00+00:00,94.36,94.52,94.28,94.32,141240.0,94.4012,2059.0
2019-12-12 19:00:00+00:00,94.33,94.69,94.14,94.47,231396.0,94.4239,3178.0
2019-12-12 20:00:00+00:00,94.475,94.77,94.475,94.51,433780.0,94.6233,6174.0
2019-12-12 21:00:00+00:00,94.53,94.6,94.53,94.6,60479.0,94.5323,35.0
2019-12-12 22:00:00+00:00,94.53,94.53,94.53,94.53,220.0,94.53,2.0
2019-12-13 13:00:00+00:00,94.9,94.9,94.55,94.55,1300.0,94.6308,2.0
2019-12-13 14:00:00+00:00,94.49,94.76,93.24,94.67,272882.0,94.3143,2683.0
2019-12-13 15:00:00+00:00,94.63,95.81,94.37,94.37,412224.0,95.2442,5280.0
2019-12-13 16:00:00+00:00,94.37,94.695,94.16,94.68,218736.0,94.4135,3024.0
2019-12-13 17:00:00+00:00,94.67,94.69,94.3929,94.61,165513.0,94.5718,2373.0
2019-12-13 18:00:00+00:00,94.62,94.67,94.09,94.22,141219.0,94.3563,1984.0
2019-12-13 19:00:00+00:00,94.23,94.27,93.625,93.81,200799.0,93.8466,2457.0
2019-12-13 20:00:00+00:00,93.83,93.87,93.62,93.79,498787.0,93.733,6552.0
2019-12-13 21:00:00+00:00,93.81,93.81,93.81,93.81,196456.0,93.81,33.0
2019-12-16 14:00:00+00:00,94.47,94.95,93.7,94.95,188648.0,94.4254,1635.0
2019-12-16 15:00:00+00:00,94.95,95.36,94.9,95.27,284805.0,95.1381,3090.0
2019-12-16 16:00:00+00:00,95.32,95.48,95.2,95.39,167638.0,95.3351,2495.0
2019-12-16 17:00:00+00:00,95.395,95.75,95.281,95.75,178513.0,95.4731,2540.0
2019-12-16 18:00:00+00:00,95.77,96.18,95.73,96.04,281604.0,95.995,3504.0
2019-12-16 19:00:00+00:00,96.045,96.06,95.45,95.49,299985.0,95.6751,3150.0
2019-12-16 20:00:00+00:00,95.46,95.69,95.12,95.17,660957.0,95.3779,7755.0
2019-12-16 21:00:00+00:00,95.14,95.36,95.14,95.26,799755.0,95.1403,62.0
2019-12-16 22:00:00+00:00,95.14,95.14,95.14,95.14,6200.0,95.14,1.0
2019-12-17 00:00:00+00:00,95.5,95.5,95.5,95.5,300.0,95.5,1.0
2019-12-17 13:00:00+00:00,95.5,97.0,95.5,96.3,13012.0,96.7374,78.0
2019-12-17 14:00:00+00:00,96.3,97.21,95.845,96.915,378877.0,96.5376,3467.0
2019-12-17 15:00:00+00:00,96.91,96.9751,96.1,96.17,276481.0,96.4581,4197.0
2019-12-17 16:00:00+00:00,96.155,96.63,95.765,96.58,305040.0,96.2745,3313.0
2019-12-17 17:00:00+00:00,96.6,96.68,96.16,96.315,346496.0,96.379,3513.0
2019-12-17 18:00:00+00:00,96.33,96.48,96.03,96.26,214266.0,96.2672,2664.0
2019-12-17 19:00:00+00:00,96.26,96.32,95.55,95.59,307950.0,95.9899,3052.0
2019-12-17 20:00:00+00:00,95.56,95.71,95.3,95.66,517699.0,95.5502,7183.0
2019-12-17 21:00:00+00:00,95.68,95.68,95.55,95.55,48686.0,95.6784,38.0
2019-12-18 00:00:00+00:00,95.55,95.55,95.5,95.5,1000.0,95.53,2.0
2019-12-18 13:00:00+00:00,95.71,95.71,95.71,95.71,509.0,95.71,3.0
2019-12-18 14:00:00+00:00,95.65,95.6876,95.01,95.07,244663.0,95.4647,2005.0
2019-12-18 15:00:00+00:00,95.055,95.5,94.18,94.88,657320.0,94.7182,6221.0
2019-12-18 16:00:00+00:00,94.88,95.085,94.03,94.08,438630.0,94.6125,5025.0
2019-12-18 17:00:00+00:00,94.08,94.3,93.97,94.1193,288408.0,94.1507,3993.0
2019-12-18 18:00:00+00:00,94.1,94.66,93.97,94.25,349218.0,94.2354,4374.0
2019-12-18 19:00:00+00:00,94.27,94.41,93.97,94.04,483623.0,94.1996,4718.0
2019-12-18 20:00:00+00:00,94.035,94.88,94.03,94.53,978175.0,94.5047,11554.0
2019-12-18 21:00:00+00:00,94.51,94.51,94.51,94.51,134576.0,94.51,53.0
2019-12-18 23:00:00+00:00,94.51,94.51,94.51,94.51,261000.0,94.51,1.0
2019-12-19 13:00:00+00:00,94.51,94.51,94.51,94.51,105.0,94.51,1.0
2019-12-19 14:00:00+00:00,95.03,95.39,94.66,94.94,271525.0,95.0024,1755.0
2019-12-19 15:00:00+00:00,94.96,95.24,94.58,95.156,281273.0,94.8191,3616.0
2019-12-19 16:00:00+00:00,95.175,95.25,94.44,94.61,350225.0,94.9232,3119.0
2019-12-19 17:00:00+00:00,94.6,94.7299,94.55,94.63,164601.0,94.6464,2011.0
2019-12-19 18:00:00+00:00,94.625,94.86,94.53,94.65,156323.0,94.6691,2163.0
2019-12-19 19:00:00+00:00,94.64,94.765,94.54,94.61,139580.0,94.6344,2420.0
2019-12-19 20:00:00+00:00,94.6053,94.64,94.21,94.58,468069.0,94.426,6444.0
2019-12-19 21:00:00+00:00,94.59,94.93,94.59,94.59,307020.0,94.5906,47.0
2019-12-19 22:00:00+00:00,94.59,94.59,94.59,94.59,8312.0,94.59,1.0
2019-12-19 23:00:00+00:00,94.59,94.59,94.59,94.59,139000.0,94.59,1.0
2019-12-20 14:00:00+00:00,95.03,95.59,94.38,95.09,1217074.0,95.1368,1169.0
2019-12-20 15:00:00+00:00,95.2,95.41,94.86,95.33,252927.0,95.1338,3012.0
2019-12-20 16:00:00+00:00,95.33,95.81,95.32,95.72,356590.0,95.5829,3527.0
2019-12-20 17:00:00+00:00,95.6939,95.99,95.39,95.77,208303.0,95.7614,2845.0
2019-12-20 18:00:00+00:00,95.77,95.77,95.01,95.06,177658.0,95.4147,2085.0
2019-12-20 19:00:00+00:00,95.0749,95.335,94.96,95.26,154417.0,95.1096,2594.0
2019-12-20 20:00:00+00:00,95.27,95.52,95.09,95.22,685499.0,95.3121,8218.0
2019-12-20 21:00:00+00:00,95.27,95.27,95.27,95.27,315872.0,95.2702,69.0
2019-12-23 14:00:00+00:00,95.27,95.425,94.78,94.81,135208.0,95.1031,1236.0
2019-12-23 15:00:00+00:00,94.84,95.31,94.5,94.7412,244827.0,94.9028,2727.0
2019-12-23 16:00:00+00:00,94.75,94.9716,94.65,94.94,129486.0,94.7911,1915.0
2019-12-23 17:00:00+00:00,94.93,95.37,94.89,95.365,112138.0,95.1075,1834.0
2019-12-23 18:00:00+00:00,95.36,95.45,95.06,95.11,108711.0,95.2916,1799.0
2019-12-23 19:00:00+00:00,95.12,95.2013,94.82,95.0459,132329.0,95.0246,2388.0
2019-12-23 20:00:00+00:00,95.06,95.43,95.04,95.26,472360.0,95.2797,5865.0
2019-12-23 21:00:00+00:00,95.24,95.24,95.24,95.24,124657.0,95.24,31.0
2019-12-24 14:00:00+00:00,95.16,95.66,95.07,95.42,103677.0,95.2605,938.0
2019-12-24 15:00:00+00:00,95.46,95.46,94.69,94.88,120834.0,94.945,1781.0
2019-12-24 16:00:00+00:00,94.88,95.1061,94.71,94.89,79389.0,94.9211,1517.0
2019-12-24 17:00:00+00:00,94.875,95.15,94.75,95.08,197140.0,94.9327,3045.0
2019-12-24 18:00:00+00:00,95.1,95.1,95.1,95.1,73618.0,95.1,1.0
2019-12-24 20:00:00+00:00,95.1,95.1,95.1,95.1,0.0,,
2019-12-26 14:00:00+00:00,95.24,95.38,94.88,95.06,106048.0,95.1691,637.0
2019-12-26 15:00:00+00:00,95.09,95.24,94.94,95.1,124701.0,95.097,1741.0
2019-12-26 16:00:00+00:00,95.1314,95.1771,94.7235,94.78,107711.0,94.925,1491.0
2019-12-26 17:00:00+00:00,94.83,94.94,94.59,94.8477,103563.0,94.7522,1550.0
2019-12-26 18:00:00+00:00,94.86,94.99,94.76,94.8,78623.0,94.8867,1335.0
2019-12-26 19:00:00+00:00,94.79,94.83,94.4,94.48,129392.0,94.6052,1779.0
2019-12-26 20:00:00+00:00,94.5,94.6195,94.18,94.44,324765.0,94.3523,4342.0
2019-12-26 21:00:00+00:00,94.42,94.42,94.25,94.4,24725.0,94.4132,22.0
2019-12-26 23:00:00+00:00,94.11,94.11,94.11,94.11,123.0,94.11,2.0
2019-12-27 12:00:00+00:00,94.55,94.55,94.55,94.55,500.0,94.55,1.0
2019-12-27 14:00:00+00:00,94.78,94.85,93.59,93.65,199024.0,94.2108,1763.0
2019-12-27 15:00:00+00:00,93.625,93.71,93.25,93.49,166378.0,93.4633,2564.0
2019-12-27 16:00:00+00:00,93.501,94.0293,93.501,93.62,185087.0,93.7749,2387.0
2019-12-27 17:00:00+00:00,93.62,93.76,93.5,93.55,161275.0,93.6112,1853.0
2019-12-27 18:00:00+00:00,93.55,93.62,93.4098,93.4139,126625.0,93.5029,1700.0
2019-12-27 19:00:00+00:00,93.42,93.5533,93.31,93.43,143634.0,93.4332,2038.0
2019-12-27 20:00:00+00:00,93.44,93.69,93.12,93.2,488225.0,93.3936,5300.0
2019-12-27 21:00:00+00:00,93.2,93.2,93.2,93.2,61139.0,93.1999,31.0
2019-12-30 14:00:00+00:00,93.51,93.78,92.8931,93.255,221672.0,93.2241,1829.0
2019-12-30 15:00:00+00:00,93.23,93.43,92.97,93.29,179556.0,93.2314,2276.0
2019-12-30 16:00:00+00:00,93.285,93.73,93.19,93.43,158282.0,93.4128,2167.0
2019-12-30 17:00:00+00:00,93.42,93.7,93.34,93.62,192975.0,93.5201,2199.0
2019-12-30 18:00:00+00:00,93.63,93.84,93.46,93.46,217003.0,93.6922,2662.0
2019-12-30 19:00:00+00:00,93.44,93.44,93.01,93.04,107951.0,93.1799,1871.0
2019-12-30 20:00:00+00:00,93.04,93.09,92.74,92.93,379154.0,92.872,4738.0
2019-12-30 21:00:00+00:00,92.88,92.88,92.8,92.8,181560.0,92.8799,30.0
2019-12-31 12:00:00+00:00,92.8,92.8,92.8,92.8,100.0,92.8,1.0
2019-12-31 13:00:00+00:00,92.8,92.89,92.8,92.89,229.0,92.8393,3.0
2019-12-31 14:00:00+00:00,92.95,93.51,92.74,93.39,121663.0,93.1563,1299.0
2019-12-31 15:00:00+00:00,93.38,93.7976,93.26,93.315,242332.0,93.5007,3078.0
2019-12-31 16:00:00+00:00,93.3,93.54,93.15,93.41,193327.0,93.3506,2756.0
2019-12-31 17:00:00+00:00,93.39,93.61,93.34,93.38,110254.0,93.4723,1937.0
2019-12-31 18:00:00+00:00,93.4,93.47,93.24,93.26,105421.0,93.3778,1805.0
2019-12-31 19:00:00+00:00,93.26,93.27,93.06,93.1,94727.0,93.1828,1725.0
2019-12-31 20:00:00+00:00,93.1,93.7,93.1,93.62,332531.0,93.4946,4791.0
2019-12-31 21:00:00+00:00,93.65,93.65,93.65,93.65,95163.0,93.65,30.0
2020-01-02 13:00:00+00:00,93.6,94.6,93.6,94.4399,750.0,94.2686,4.0
2020-01-02 14:00:00+00:00,94.3999,95.24,94.31,94.7,332180.0,94.846,2936.0
2020-01-02 15:00:00+00:00,94.675,94.8608,94.26,94.7735,212606.0,94.5446,2955.0
2020-01-02 16:00:00+00:00,94.77,94.7746,94.256,94.54,182946.0,94.5187,2987.0
2020-01-02 17:00:00+00:00,94.58,94.9524,94.56,94.945,194745.0,94.8204,2854.0
2020-01-02 18:00:00+00:00,94.945,94.975,94.55,94.55,164829.0,94.7876,2529.0
2020-01-02 19:00:00+00:00,94.5588,94.79,94.36,94.68,219473.0,94.5249,3169.0
2020-01-02 20:00:00+00:00,94.685,95.18,94.5,95.17,490748.0,94.8519,6535.0
2020-01-02 21:00:00+00:00,95.13,95.13,95.1,95.13,70953.0,95.1297,51.0
2020-01-02 22:00:00+00:00,95.2,95.25,95.2,95.25,1013.0,95.2101,4.0
2020-01-03 12:00:00+00:00,95.85,95.85,95.02,95.02,1854.0,95.2181,12.0
2020-01-03 13:00:00+00:00,95.7787,95.7899,94.31,94.31,4284.0,95.3035,16.0
2020-01-03 14:00:00+00:00,94.76,95.13,92.55,92.745,641923.0,93.4906,5920.0
2020-01-03 15:00:00+00:00,92.72,93.13,91.62,91.79,711559.0,92.219,7489.0
2020-01-03 16:00:00+00:00,91.83,92.0399,90.85,91.55,808015.0,91.3023,8195.0
2020-01-03 17:00:00+00:00,91.55,91.8327,91.25,91.4,525197.0,91.5217,5901.0
2020-01-03 18:00:00+00:00,91.4,91.64,91.0,91.59,470695.0,91.3055,5753.0
2020-01-03 19:00:00+00:00,91.585,91.65,91.08,91.63,402424.0,91.3633,5549.0
2020-01-03 20:00:00+00:00,91.635,91.7698,91.18,91.48,1005773.0,91.5172,11510.0
2020-01-03 21:00:00+00:00,91.52,91.52,91.5,91.52,195323.0,91.5199,28.0
2020-01-03 22:00:00+00:00,91.56,92.02,91.56,92.02,311.0,91.8579,4.0
2020-01-04 00:00:00+00:00,91.55,91.55,91.54,91.54,1005.0,91.5457,5.0
2020-01-06 12:00:00+00:00,91.1,91.1,91.09,91.1,500.0,91.094,3.0
2020-01-06 13:00:00+00:00,91.54,91.62,90.87,90.87,2243.0,91.0796,18.0
2020-01-06 14:00:00+00:00,91.04,91.99,91.01,91.4,342688.0,91.4218,2942.0
2020-01-06 15:00:00+00:00,91.35,91.58,90.81,90.81,376142.0,91.2043,4893.0
2020-01-06 16:00:00+00:00,90.79,91.4,90.52,91.25,377799.0,91.0289,4640.0
2020-01-06 17:00:00+00:00,91.245,91.5,90.88,90.95,298330.0,91.2354,3176.0
2020-01-06 18:00:00+00:00,90.97,91.49,90.91,91.48,205915.0,91.181,2766.0
2020-01-06 19:00:00+00:00,91.45,91.9,91.39,91.89,285110.0,91.6946,3826.0
2020-01-06 20:00:00+00:00,91.88,91.9,91.23,91.54,641866.0,91.4897,8566.0
2020-01-06 21:00:00+00:00,91.53,91.53,91.53,91.53,51272.0,91.53,33.0
2020-01-06 22:00:00+00:00,91.53,91.53,91.53,91.53,400000.0,91.53,2.0
2020-01-07 12:00:00+00:00,91.6,91.6,91.4,91.4,1438.0,91.5273,8.0
2020-01-07 13:00:00+00:00,91.25,91.25,91.25,91.25,405.0,91.2512,2.0
2020-01-07 14:00:00+00:00,91.01,91.06,90.31,90.87,324396.0,90.6282,2579.0
2020-01-07 15:00:00+00:00,90.93,91.56,90.62,91.48,329113.0,91.021,4537.0
2020-01-07 16:00:00+00:00,91.47,91.65,91.08,91.29,204393.0,91.3112,3037.0
2020-01-07 17:00:00+00:00,91.31,91.65,91.13,91.42,248463.0,91.4369,3720.0
2020-01-07 18:00:00+00:00,91.415,91.96,91.41,91.89,249455.0,91.6637,3838.0
2020-01-07 19:00:00+00:00,91.895,92.22,91.8,92.115,243755.0,92.0233,3108.0
2020-01-07 20:00:00+00:00,92.115,92.76,92.035,92.71,825127.0,92.4635,8106.0
2020-01-07 21:00:00+00:00,92.73,92.7602,92.73,92.73,483240.0,92.73,39.0
2020-01-07 22:00:00+00:00,92.73,92.73,92.71,92.71,2573.0,92.7292,2.0
2020-01-07 23:00:00+00:00,92.71,92.71,92.0,92.0,1028.0,92.2784,5.0
2020-01-08 00:00:00+00:00,92.0001,92.01,92.0,92.0,1043.0,92.001,3.0
2020-01-08 14:00:00+00:00,92.52,92.9299,92.02,92.59,270769.0,92.4128,2171.0
2020-01-08 15:00:00+00:00,92.6,93.31,92.18,92.345,975524.0,92.8193,8295.0
2020-01-08 16:00:00+00:00,92.345,92.67,91.99,92.64,502344.0,92.3198,6470.0
2020-01-08 17:00:00+00:00,92.607,93.38,92.4679,93.005,482505.0,92.997,5094.0
2020-01-08 18:00:00+00:00,92.99,93.06,92.74,92.78,310340.0,92.9208,4591.0
2020-01-08 19:00:00+00:00,92.79,93.53,92.78,93.45,348765.0,93.2104,4274.0
2020-01-08 20:00:00+00:00,93.455,93.53,92.94,93.07,793569.0,93.1878,8816.0
2020-01-08 21:00:00+00:00,93.09,93.285,93.0701,93.09,62264.0,93.0936,32.0
2020-01-08 22:00:00+00:00,93.3,93.39,93.09,93.39,1100.0,93.2078,7.0
2020-01-09 14:00:00+00:00,93.95,94.35,92.93,93.84,413668.0,93.7184,3071.0
2020-01-09 15:00:00+00:00,93.87,94.05,93.2,93.79,436705.0,93.6757,4216.0
2020-01-09 16:00:00+00:00,93.805,94.41,93.56,94.12,325595.0,94.0301,3734.0
2020-01-09 17:00:00+00:00,94.12,94.53,94.1,94.45,268131.0,94.3402,2862.0
2020-01-09 18:00:00+00:00,94.465,94.64,94.3,94.58,194118.0,94.4793,2518.0
2020-01-09 19:00:00+00:00,94.5778,95.12,94.49,94.87,252359.0,94.8363,3375.0
2020-01-09 20:00:00+00:00,94.87,95.27,94.765,95.15,660683.0,95.0617,8124.0
2020-01-09 21:00:00+00:00,95.18,95.18,95.18,95.18,140429.0,95.18,42.0
2020-01-09 22:00:00+00:00,95.18,95.18,95.18,95.18,1596.0,95.18,1.0
2020-01-10 13:00:00+00:00,95.28,95.28,95.18,95.18,523.0,95.2569,3.0
2020-01-10 14:00:00+00:00,95.47,96.58,95.3,96.41,383533.0,95.9223,2844.0
2020-01-10 15:00:00+00:00,96.39,97.19,96.08,97.105,645771.0,96.5636,6077.0
2020-01-10 16:00:00+00:00,97.085,97.46,96.87,97.35,626118.0,97.1837,5022.0
2020-01-10 17:00:00+00:00,97.35,97.4102,96.86,97.3,286055.0,97.1794,3558.0
2020-01-10 18:00:00+00:00,97.23,97.48,96.71,96.7743,321469.0,97.2145,3644.0
2020-01-10 19:00:00+00:00,96.78,96.98,96.5,96.87,242188.0,96.6987,3064.0
2020-01-10 20:00:00+00:00,96.88,97.07,96.54,96.88,745842.0,96.9096,8380.0
2020-01-10 21:00:00+00:00,96.89,96.89,96.8,96.89,34379.0,96.8892,19.0
2020-01-13 13:00:00+00:00,96.89,96.89,96.89,96.89,103.0,96.89,1.0
2020-01-13 14:00:00+00:00,97.05,98.03,96.84,97.9786,361950.0,97.319,2221.0
2020-01-13 15:00:00+00:00,97.9747,98.02,97.05,97.43,355822.0,97.4321,3918.0
2020-01-13 16:00:00+00:00,97.44,97.54,97.195,97.28,167851.0,97.3848,2692.0
2020-01-13 17:00:00+00:00,97.28,97.31,96.34,96.39,233529.0,96.839,2759.0
2020-01-13 18:00:00+00:00,96.395,96.45,95.95,96.28,301467.0,96.186,3604.0
2020-01-13 19:00:00+00:00,96.26,96.48,95.97,96.07,243770.0,96.1864,3641.0
2020-01-13 20:00:00+00:00,96.06,96.32,95.81,96.24,511612.0,96.0747,6677.0
2020-01-13 21:00:00+00:00,96.25,96.3,96.25,96.3,387341.0,96.25,34.0
2020-01-13 22:00:00+00:00,96.29,96.29,96.25,96.25,589.0,96.2568,2.0
2020-01-14 00:00:00+00:00,96.0,96.0,96.0,96.0,100.0,96.0,1.0
2020-01-14 14:00:00+00:00,96.03,96.15,95.05,95.11,299942.0,95.601,2643.0
2020-01-14 15:00:00+00:00,95.105,95.73,94.81,95.465,571311.0,95.1913,5595.0
2020-01-14 16:00:00+00:00,95.465,95.75,95.28,95.4524,304807.0,95.4891,3293.0
2020-01-14 17:00:00+00:00,95.45,95.74,95.37,95.56,185887.0,95.5162,2248.0
2020-01-14 18:00:00+00:00,95.565,95.7,95.22,95.2599,264165.0,95.5013,2925.0
2020-01-14 19:00:00+00:00,95.26,95.47,94.94,95.2489,261293.0,95.2179,3507.0
2020-01-14 20:00:00+00:00,95.25,95.44,95.08,95.4,687759.0,95.2698,8233.0
2020-01-14 21:00:00+00:00,95.4,95.465,95.4,95.4,281456.0,95.4006,42.0
2020-01-14 22:00:00+00:00,95.4,95.4,95.4,95.4,34813.0,95.4,1.0
2020-01-14 23:00:00+00:00,95.59,95.6,95.0,95.0,1200.0,95.5445,3.0
2020-01-15 13:00:00+00:00,95.1,95.1,95.1,95.1,251.0,95.1036,5.0
2020-01-15 14:00:00+00:00,93.6,94.9,93.6,94.7,356694.0,94.3339,2676.0
2020-01-15 15:00:00+00:00,94.66,94.68,91.766,92.005,869683.0,92.9692,8894.0
2020-01-15 16:00:00+00:00,92.0,93.08,91.99,92.86,468326.0,92.5443,5042.0
2020-01-15 17:00:00+00:00,92.8452,92.96,91.82,91.88,404269.0,92.5069,4201.0
2020-01-15 18:00:00+00:00,91.8894,92.3371,91.6954,91.74,356939.0,92.0501,3648.0
2020-01-15 19:00:00+00:00,91.73,92.52,91.66,92.49,327154.0,91.973,3840.0
2020-01-15 20:00:00+00:00,92.46,92.485,92.08,92.27,806122.0,92.2387,10000.0
2020-01-15 21:00:00+00:00,92.26,92.62,92.26,92.26,65152.0,92.2606,33.0
2020-01-15 23:00:00+00:00,92.65,92.65,92.6,92.6,600.0,92.6227,3.0
2020-01-16 00:00:00+00:00,92.36,92.36,92.35,92.35,300.0,92.3533,2.0
2020-01-16 14:00:00+00:00,93.07,93.2,92.09,92.21,288572.0,92.6626,2149.0
2020-01-16 15:00:00+00:00,92.19,92.71,92.05,92.0712,229438.0,92.3952,3243.0
2020-01-16 16:00:00+00:00,92.08,92.39,91.94,92.03,188568.0,92.1715,2854.0
2020-01-16 17:00:00+00:00,92.0,92.14,91.53,91.56,226924.0,91.7778,3064.0
2020-01-16 18:00:00+00:00,91.55,91.64,91.43,91.57,196820.0,91.5409,2642.0
2020-01-16 19:00:00+00:00,91.586,92.0,91.52,91.92,343396.0,91.6875,3227.0
2020-01-16 20:00:00+00:00,91.905,92.195,91.83,91.97,487597.0,91.9863,6584.0
2020-01-16 21:00:00+00:00,92.05,92.05,91.77,91.98,334180.0,91.9799,50.0
2020-01-17 14:00:00+00:00,91.81,92.09,91.198,91.25,603001.0,91.8464,2292.0
2020-01-17 15:00:00+00:00,91.22,91.49,90.91,91.31,300881.0,91.2314,3868.0
2020-01-17 16:00:00+00:00,91.31,91.41,91.02,91.34,199716.0,91.2596,2952.0
2020-01-17 17:00:00+00:00,91.33,91.451,90.99,91.2181,204172.0,91.168,2784.0
2020-01-17 18:00:00+00:00,91.21,91.55,91.19,91.285,135509.0,91.3964,2127.0
2020-01-17 19:00:00+00:00,91.3,91.415,91.05,91.14,192088.0,91.1855,2793.0
2020-01-17 20:00:00+00:00,91.14,91.31,91.11,91.21,701324.0,91.1925,8459.0
2020-01-17 21:00:00+00:00,91.22,91.25,91.22,91.22,390288.0,91.22,50.0
2020-01-21 12:00:00+00:00,91.2,91.2,91.2,91.2,108.0,91.2,2.0
2020-01-21 14:00:00+00:00,90.63,90.94,89.46,89.74,365578.0,90.0895,2930.0
2020-01-21 15:00:00+00:00,89.8,90.04,89.12,89.73,367071.0,89.5148,4458.0
2020-01-21 16:00:00+00:00,89.72,90.08,89.5,90.03,253790.0,89.7144,2963.0
2020-01-21 17:00:00+00:00,90.05,90.25,89.88,90.23,169561.0,90.1094,2202.0
2020-01-21 18:00:00+00:00,90.22,90.25,89.9929,90.0805,154920.0,90.1039,2385.0
2020-01-21 19:00:00+00:00,90.063,90.54,90.06,90.44,293729.0,90.2709,3572.0
2020-01-21 20:00:00+00:00,90.45,90.52,90.09,90.24,652551.0,90.288,8332.0
2020-01-21 21:00:00+00:00,90.25,90.25,90.25,90.25,339137.0,90.25,64.0
2020-01-22 14:00:00+00:00,90.57,90.65,89.84,90.59,201622.0,90.3793,1629.0
2020-01-22 15:00:00+00:00,90.585,90.9,90.31,90.42,284899.0,90.5859,3759.0
2020-01-22 16:00:00+00:00,90.39,90.42,89.89,90.31,178200.0,90.1472,2633.0
2020-01-22 17:00:00+00:00,90.33,90.46,90.1238,90.1638,135669.0,90.2509,2194.0
2020-01-22 18:00:00+00:00,90.155,90.28,89.79,89.85,183033.0,90.0794,2702.0
2020-01-22 19:00:00+00:00,89.855,89.95,89.6335,89.81,173354.0,89.7852,2615.0
2020-01-22 20:00:00+00:00,89.795,89.865,89.56,89.61,489679.0,89.7025,6723.0
2020-01-22 21:00:00+00:00,89.62,89.64,89.4,89.4,121973.0,89.6193,45.0
2020-01-22 22:00:00+00:00,89.5,89.5,89.5,89.5,250.0,89.5,1.0
2020-01-23 13:00:00+00:00,89.5,89.5,89.5,89.5,400.0,89.5,1.0
2020-01-23 14:00:00+00:00,89.27,89.5,86.95,87.9316,520686.0,87.9028,4400.0
2020-01-23 15:00:00+00:00,87.89,88.462,87.73,88.08,370498.0,88.1884,4177.0
2020-01-23 16:00:00+00:00,88.11,88.83,88.1,88.475,372650.0,88.4397,3440.0
2020-01-23 17:00:00+00:00,88.46,89.28,88.3,89.2396,248153.0,88.7547,2990.0
2020-01-23 18:00:00+00:00,89.26,89.44,89.06,89.44,156323.0,89.2405,2238.0
2020-01-23 19:00:00+00:00,89.45,89.75,89.43,89.56,244618.0,89.5876,2786.0
2020-01-23 20:00:00+00:00,89.5717,89.74,89.245,89.49,598258.0,89.4975,6810.0
2020-01-23 21:00:00+00:00,89.51,89.51,89.51,89.51,78372.0,89.4303,38.0
2020-01-23 23:00:00+00:00,89.6,89.6,89.6,89.6,200.0,89.6125,2.0
2020-01-24 13:00:00+00:00,89.51,89.51,89.51,89.51,1000.0,89.51,1.0
2020-01-24 14:00:00+00:00,89.12,89.8199,89.07,89.77,331524.0,89.2719,2468.0
2020-01-24 15:00:00+00:00,89.76,89.855,89.33,89.8,256107.0,89.6035,3366.0
2020-01-24 16:00:00+00:00,89.8139,90.07,89.3,89.34,397057.0,89.6333,3745.0
2020-01-24 17:00:00+00:00,89.34,89.485,88.78,89.22,397326.0,89.1966,3870.0
2020-01-24 18:00:00+00:00,89.21,89.21,88.28,88.415,262874.0,88.5814,2965.0
2020-01-24 19:00:00+00:00,88.4,88.99,88.23,88.935,234108.0,88.4873,3074.0
2020-01-24 20:00:00+00:00,88.94,89.39,88.83,89.26,472539.0,89.1384,6770.0
2020-01-24 21:00:00+00:00,89.25,89.4,89.25,89.26,45324.0,89.2607,46.0
2020-01-27 12:00:00+00:00,88.05,88.05,88.05,88.05,245.0,88.1177,4.0
2020-01-27 14:00:00+00:00,87.1687,87.17,85.66,86.63,495660.0,86.4183,3790.0
2020-01-27 15:00:00+00:00,86.61,86.61,85.62,85.7,438976.0,86.0672,4959.0
2020-01-27 16:00:00+00:00,85.695,85.89,85.04,85.44,385740.0,85.4588,4572.0
2020-01-27 17:00:00+00:00,85.42,85.99,85.3966,85.785,290456.0,85.7012,3015.0
2020-01-27 18:00:00+00:00,85.785,85.9152,85.54,85.55,235498.0,85.7535,2710.0
2020-01-27 19:00:00+00:00,85.57,85.57,85.02,85.16,325181.0,85.2101,4229.0
2020-01-27 20:00:00+00:00,85.16,85.25,84.77,85.06,847743.0,85.0414,9679.0
2020-01-27 21:00:00+00:00,85.05,85.07,85.05,85.05,57591.0,85.0507,37.0
2020-01-27 22:00:00+00:00,85.07,85.07,85.07,85.07,118.0,85.07,2.0
2020-01-28 14:00:00+00:00,85.62,85.88,84.889,85.41,244225.0,85.3577,2069.0
2020-01-28 15:00:00+00:00,85.375,86.9,85.3,86.75,451186.0,86.2965,4774.0
2020-01-28 16:00:00+00:00,86.75,86.79,86.185,86.74,203549.0,86.5007,2535.0
2020-01-28 17:00:00+00:00,86.715,86.73,86.26,86.38,229290.0,86.5602,2207.0
2020-01-28 18:00:00+00:00,86.38,86.41,86.11,86.11,290652.0,86.2793,2887.0
2020-01-28 19:00:00+00:00,86.1,86.38,86.06,86.109,141134.0,86.2312,2206.0
2020-01-28 20:00:00+00:00,86.09,86.23,85.9,85.93,467613.0,86.0558,5488.0
2020-01-28 21:00:00+00:00,85.95,85.95,85.95,85.95,119371.0,85.95,28.0
2020-01-28 22:00:00+00:00,85.95,85.95,85.95,85.95,76129.0,85.95,1.0
2020-01-29 13:00:00+00:00,86.99,86.99,86.81,86.87,1000.0,86.939,5.0
2020-01-29 14:00:00+00:00,86.94,88.44,86.9,88.115,532448.0,87.8187,4696.0
2020-01-29 15:00:00+00:00,88.06,88.07,86.52,87.57,684649.0,87.1506,7013.0
2020-01-29 16:00:00+00:00,87.58,87.68,87.1,87.38,367564.0,87.3999,5334.0
2020-01-29 17:00:00+00:00,87.34,87.36,86.91,86.92,275357.0,87.1825,3654.0
2020-01-29 18:00:00+00:00,86.9,86.96,86.48,86.85,370951.0,86.7392,3995.0
2020-01-29 19:00:00+00:00,86.885,87.06,86.47,86.55,231892.0,86.7534,3683.0
2020-01-29 20:00:00+00:00,86.57,86.91,86.33,86.47,755772.0,86.5542,10069.0
2020-01-29 21:00:00+00:00,86.46,86.46,86.46,86.46,46882.0,86.46,32.0
2020-01-29 22:00:00+00:00,86.0,86.55,86.0,86.55,1084.0,86.2859,3.0
2020-01-30 00:00:00+00:00,86.46,86.46,86.46,86.46,100.0,86.46,1.0
2020-01-30 12:00:00+00:00,86.46,86.8,86.46,86.8,7216.0,86.5402,24.0
2020-01-30 13:00:00+00:00,87.0,87.2,86.42,86.42,16734.0,86.793,56.0
2020-01-30 14:00:00+00:00,86.21,87.72,85.05,87.56,617890.0,86.3952,4503.0
2020-01-30 15:00:00+00:00,87.55,88.22,85.66,85.79,924225.0,87.2195,7211.0
2020-01-30 16:00:00+00:00,85.75,86.73,85.54,86.4,415112.0,86.3223,3998.0
2020-01-30 17:00:00+00:00,86.4112,87.38,86.03,87.105,394548.0,86.8816,4280.0
2020-01-30 18:00:00+00:00,87.105,87.4,86.79,86.91,301805.0,87.1258,3407.0
2020-01-30 19:00:00+00:00,86.91,87.52,86.74,87.44,346659.0,87.1132,4172.0
2020-01-30 20:00:00+00:00,87.46,88.45,87.4,88.18,985207.0,88.0354,10470.0
2020-01-30 21:00:00+00:00,88.19,88.19,88.19,88.19,31973.0,88.1899,29.0
2020-01-31 12:00:00+00:00,88.48,88.48,88.48,88.48,300.0,88.48,3.0
2020-01-31 13:00:00+00:00,87.8,88.19,87.8,87.8,78880.0,88.1805,9.0
2020-01-31 14:00:00+00:00,87.8,88.4,86.71,86.89,486700.0,87.3602,3966.0
2020-01-31 15:00:00+00:00,86.84,86.9,84.43,84.76,948368.0,85.5283,8941.0
2020-01-31 16:00:00+00:00,84.78,84.9646,84.18,84.1954,615076.0,84.6588,6890.0
2020-01-31 17:00:00+00:00,84.18,84.36,83.3206,83.7702,689157.0,83.8982,6628.0
2020-01-31 18:00:00+00:00,83.775,84.215,83.36,83.68,610007.0,83.7218,5585.0
2020-01-31 19:00:00+00:00,83.69,84.5897,83.68,84.25,442904.0,84.1386,5401.0
2020-01-31 20:00:00+00:00,84.24,84.56,84.03,84.27,1186169.0,84.2676,14727.0
2020-01-31 21:00:00+00:00,84.31,84.3102,83.39,84.31,141979.0,84.3044,61.0
2020-02-01 00:00:00+00:00,84.2,84.24,84.0,84.24,1100.0,84.1564,4.0
2020-02-03 12:00:00+00:00,84.8,84.8,84.8,84.8,100.0,84.8,1.0
2020-02-03 14:00:00+00:00,84.32,84.48,82.63,82.78,474967.0,83.527,4257.0
2020-02-03 15:00:00+00:00,82.8,83.56,81.34,81.6,751964.0,82.2769,7673.0
2020-02-03 16:00:00+00:00,81.59,81.71,80.19,80.62,1026112.0,80.9412,8095.0
2020-02-03 17:00:00+00:00,80.65,80.8701,80.3974,80.71,415104.0,80.6235,4543.0
2020-02-03 18:00:00+00:00,80.72,80.81,79.85,80.0,477206.0,80.2007,5158.0
2020-02-03 19:00:00+00:00,79.99,80.5804,79.74,80.32,409147.0,80.0852,4387.0
2020-02-03 20:00:00+00:00,80.31,80.39,79.96,80.27,901122.0,80.2113,10394.0
2020-02-03 21:00:00+00:00,80.25,80.2613,80.25,80.25,372900.0,80.2517,74.0
2020-02-03 22:00:00+00:00,80.27,80.27,80.0,80.0,575.0,80.1176,8.0
2020-02-03 23:00:00+00:00,80.59,80.59,80.59,80.59,700.0,80.59,1.0
2020-02-04 00:00:00+00:00,80.2,80.2,80.0,80.0,1063.0,80.023,16.0
2020-02-04 12:00:00+00:00,81.25,81.25,81.25,81.25,275.0,81.1836,5.0
2020-02-04 13:00:00+00:00,81.5,81.71,80.25,81.5,44255.0,80.3057,26.0
2020-02-04 14:00:00+00:00,81.55,83.5,81.36,81.85,1100402.0,81.933,6703.0
2020-02-04 15:00:00+00:00,81.81,81.99,81.0,81.855,580922.0,81.5652,5962.0
2020-02-04 16:00:00+00:00,81.87,81.94,81.413,81.46,478735.0,81.6588,4815.0
2020-02-04 17:00:00+00:00,81.455,81.455,81.12,81.35,317673.0,81.2858,3746.0
2020-02-04 18:00:00+00:00,81.37,81.49,81.18,81.2,251727.0,81.3014,3117.0
2020-02-04 19:00:00+00:00,81.19,81.51,81.0,81.31,349174.0,81.2142,4416.0
2020-02-04 20:00:00+00:00,81.2993,81.57,81.045,81.25,744526.0,81.2612,8914.0
2020-02-04 21:00:00+00:00,81.24,81.24,81.02,81.24,51552.0,81.2396,42.0
2020-02-04 23:00:00+00:00,81.4,81.4,81.4,81.4,2100.0,81.4,3.0
2020-02-05 00:00:00+00:00,81.25,81.25,81.25,81.25,500.0,81.25,2.0
2020-02-05 12:00:00+00:00,82.0,82.0,82.0,82.0,1000.0,82.0,2.0
2020-02-05 13:00:00+00:00,83.09,83.09,82.75,82.75,900.0,82.9511,5.0
2020-02-05 14:00:00+00:00,82.5,82.99,81.77,82.93,570255.0,82.4139,4237.0
2020-02-05 15:00:00+00:00,82.85,84.21,82.77,83.93,568921.0,83.541,5832.0
2020-02-05 16:00:00+00:00,83.91,83.93,83.22,83.805,307341.0,83.5755,3340.0
2020-02-05 17:00:00+00:00,83.79,84.31,83.487,84.17,253049.0,83.8117,2922.0
2020-02-05 18:00:00+00:00,84.15,84.175,83.8,83.885,185258.0,83.9844,2157.0
2020-02-05 19:00:00+00:00,83.88,83.92,83.44,83.65,262811.0,83.7022,3300.0
2020-02-05 20:00:00+00:00,83.65,83.99,83.605,83.81,635385.0,83.7879,8376.0
2020-02-05 21:00:00+00:00,83.78,83.8499,83.78,83.8499,100330.0,83.7802,38.0
2020-02-05 22:00:00+00:00,83.78,85.25,83.78,85.25,60828.0,83.8241,14.0
2020-02-05 23:00:00+00:00,84.42,84.42,83.78,84.28,1800.0,83.9544,3.0
2020-02-06 00:00:00+00:00,84.24,84.24,84.24,84.24,100.0,84.24,1.0
2020-02-06 12:00:00+00:00,84.75,84.75,84.75,84.75,200.0,84.75,1.0
2020-02-06 13:00:00+00:00,84.09,84.09,84.0,84.02,3500.0,84.0147,8.0
2020-02-06 14:00:00+00:00,84.0,84.58,83.413,84.23,476191.0,84.044,3338.0
2020-02-06 15:00:00+00:00,84.2,84.67,83.85,83.93,304105.0,84.3079,3568.0
2020-02-06 16:00:00+00:00,83.95,84.1,83.3,83.31,301423.0,83.7296,3651.0
2020-02-06 17:00:00+00:00,83.3,83.36,82.96,83.0632,255359.0,83.187,3088.0
2020-02-06 18:00:00+00:00,83.08,83.165,82.81,83.1555,221488.0,82.964,2776.0
2020-02-06 19:00:00+00:00,83.17,83.45,82.975,83.25,244596.0,83.2128,3065.0
2020-02-06 20:00:00+00:00,83.255,83.555,83.2,83.25,490701.0,83.347,5903.0
2020-02-06 21:00:00+00:00,83.27,83.27,83.26,83.27,89023.0,83.27,28.0
2020-02-07 00:00:00+00:00,83.28,83.28,83.28,83.28,1000.0,83.281,2.0
2020-02-07 12:00:00+00:00,83.08,83.08,83.08,83.08,100.0,83.08,1.0
2020-02-07 13:00:00+00:00,82.8,83.2,82.77,83.2,1040.0,82.9484,6.0
2020-02-07 14:00:00+00:00,83.98,83.98,82.23,83.21,326971.0,82.7911,2129.0
2020-02-07 15:00:00+00:00,83.25,83.6,82.91,83.45,262613.0,83.3508,3136.0
2020-02-07 16:00:00+00:00,83.44,84.71,83.39,84.13,354425.0,84.1849,4386.0
2020-02-07 17:00:00+00:00,84.13,84.56,84.11,84.4255,210813.0,84.3366,2772.0
2020-02-07 18:00:00+00:00,84.4,84.62,84.17,84.41,188315.0,84.3872,2761.0
2020-02-07 19:00:00+00:00,84.3922,84.41,84.04,84.13,204779.0,84.2269,2800.0
2020-02-07 20:00:00+00:00,84.145,84.3,83.97,84.05,412394.0,84.1178,5658.0
2020-02-07 21:00:00+00:00,84.04,84.1,83.31,84.0,36687.0,84.0363,39.0
2020-02-07 23:00:00+00:00,84.05,84.3,84.05,84.3,1170.0,84.2625,5.0
2020-02-10 12:00:00+00:00,84.3,84.3,84.3,84.3,266.0,84.3,2.0
2020-02-10 13:00:00+00:00,84.05,84.05,84.0,84.0,712.0,84.0162,3.0
2020-02-10 14:00:00+00:00,84.0,84.14,83.06,84.14,364425.0,83.4253,2460.0
2020-02-10 15:00:00+00:00,84.14,84.38,83.83,84.1271,300671.0,84.0762,3701.0
2020-02-10 16:00:00+00:00,84.12,84.221,83.78,83.855,295042.0,84.034,3445.0
2020-02-10 17:00:00+00:00,83.84,83.96,83.64,83.8,227839.0,83.8168,3023.0
2020-02-10 18:00:00+00:00,83.79,83.92,83.69,83.83,183807.0,83.8141,2647.0
2020-02-10 19:00:00+00:00,83.8569,84.11,83.8,83.88,250088.0,83.9687,3419.0
2020-02-10 20:00:00+00:00,83.865,84.43,83.81,84.38,588466.0,84.2815,7333.0
2020-02-10 21:00:00+00:00,84.37,84.37,84.37,84.37,34489.0,84.3687,34.0
2020-02-11 00:00:00+00:00,84.5,84.5,84.5,84.5,100.0,84.5,1.0
2020-02-11 13:00:00+00:00,83.13,83.96,83.13,83.96,779.0,83.8262,12.0
2020-02-11 14:00:00+00:00,83.92,84.25,83.468,83.55,242546.0,83.9203,1993.0
2020-02-11 15:00:00+00:00,83.55,84.0,83.43,83.76,268363.0,83.782,3380.0
2020-02-11 16:00:00+00:00,83.75,83.9,83.4953,83.6984,217668.0,83.7266,2707.0
2020-02-11 17:00:00+00:00,83.7,84.01,83.7,83.9,184425.0,83.899,2288.0
2020-02-11 18:00:00+00:00,83.9,83.96,83.7033,83.911,119877.0,83.8334,1800.0
2020-02-11 19:00:00+00:00,83.92,84.14,83.78,84.005,157769.0,83.9775,2274.0
2020-02-11 20:00:00+00:00,83.9974,84.37,83.78,84.25,416117.0,84.1694,6214.0
2020-02-11 21:00:00+00:00,84.24,84.34,83.9849,84.24,123656.0,84.0784,32.0
2020-02-11 22:00:00+00:00,84.25,84.25,84.07,84.07,390.0,84.1623,2.0
2020-02-12 12:00:00+00:00,84.5,84.75,84.5,84.75,5176.0,84.684,10.0
2020-02-12 14:00:00+00:00,85.0,86.79,84.71,85.41,536053.0,85.5074,3416.0
2020-02-12 15:00:00+00:00,85.45,85.6,84.61,84.9,326802.0,85.0221,4014.0
2020-02-12 16:00:00+00:00,84.91,84.93,84.385,84.44,215343.0,84.6218,2992.0
2020-02-12 17:00:00+00:00,84.55,85.02,84.53,84.65,201614.0,84.8285,2136.0
2020-02-12 18:00:00+00:00,84.63,85.13,84.61,85.12,129819.0,84.8362,1733.0
2020-02-12 19:00:00+00:00,85.1228,85.2,84.89,85.11,219436.0,85.0791,2470.0
2020-02-12 20:00:00+00:00,85.12,85.19,84.88,85.04,454871.0,85.0686,5506.0
2020-02-12 21:00:00+00:00,85.04,85.04,84.9821,85.04,33595.0,85.0354,38.0
2020-02-12 22:00:00+00:00,85.29,85.29,85.04,85.04,925.0,85.1751,4.0
2020-02-12 23:00:00+00:00,85.29,85.29,85.05,85.05,600.0,85.25,3.0
2020-02-13 00:00:00+00:00,84.74,84.74,84.5,84.5,300.0,84.66,3.0
2020-02-13 13:00:00+00:00,84.05,84.05,84.05,84.05,300.0,84.05,1.0
2020-02-13 14:00:00+00:00,84.74,85.05,84.0,84.14,320143.0,84.5026,2857.0
2020-02-13 15:00:00+00:00,84.08,84.5,83.89,84.5,344092.0,84.1507,4417.0
2020-02-13 16:00:00+00:00,84.53,84.58,84.01,84.08,256685.0,84.2771,3089.0
2020-02-13 17:00:00+00:00,84.08,84.26,83.74,83.78,249501.0,84.0108,3083.0
2020-02-13 18:00:00+00:00,83.8075,84.24,83.77,83.81,250103.0,83.9025,3190.0
2020-02-13 19:00:00+00:00,83.81,84.21,83.78,84.11,220489.0,83.9637,3112.0
2020-02-13 20:00:00+00:00,84.09,84.17,83.62,83.72,776861.0,83.8715,7540.0
2020-02-13 21:00:00+00:00,83.7,83.9,83.7,83.7,865049.0,83.7,36.0
2020-02-14 00:00:00+00:00,83.7,83.8,83.7,83.8,282.0,83.743,5.0
2020-02-14 12:00:00+00:00,84.0,84.0,84.0,84.0,100.0,84.0,1.0
2020-02-14 13:00:00+00:00,83.7,83.75,83.7,83.75,1702.0,83.7294,3.0
2020-02-14 14:00:00+00:00,84.09,84.21,83.14,83.48,257895.0,83.7823,2206.0
2020-02-14 15:00:00+00:00,83.49,83.56,82.3349,82.59,474644.0,82.9015,5509.0
2020-02-14 16:00:00+00:00,82.59,82.73,82.25,82.58,277880.0,82.4962,3737.0
2020-02-14 17:00:00+00:00,82.56,82.68,82.21,82.38,379754.0,82.4758,4202.0
2020-02-14 18:00:00+00:00,82.39,82.4651,81.86,82.0,327643.0,82.0597,4282.0
2020-02-14 19:00:00+00:00,81.96,82.28,81.96,82.12,283029.0,82.1131,3356.0
2020-02-14 20:00:00+00:00,82.13,82.66,82.02,82.63,607803.0,82.4326,8005.0
2020-02-14 21:00:00+00:00,82.64,82.64,82.64,82.64,36269.0,82.64,38.0
2020-02-14 22:00:00+00:00,82.65,82.65,82.57,82.65,15340.0,82.6484,4.0
2020-02-18 14:00:00+00:00,82.5,83.35,82.1,82.65,288074.0,82.6636,2393.0
2020-02-18 15:00:00+00:00,82.64,83.29,82.37,82.9,338368.0,82.8714,4140.0
2020-02-18 16:00:00+00:00,82.9,83.1,82.16,82.42,218325.0,82.6034,3049.0
2020-02-18 17:00:00+00:00,82.43,82.64,82.21,82.34,134264.0,82.4271,1962.0
2020-02-18 18:00:00+00:00,82.3695,82.61,82.3695,82.51,124572.0,82.4825,1963.0
2020-02-18 19:00:00+00:00,82.52,82.81,82.45,82.71,159140.0,82.64,2114.0
2020-02-18 20:00:00+00:00,82.71,82.87,82.44,82.52,377289.0,82.6095,5098.0
2020-02-18 21:00:00+00:00,82.52,82.69,82.52,82.69,34834.0,82.5217,44.0
2020-02-19 14:00:00+00:00,82.52,82.875,82.15,82.15,163978.0,82.5879,1191.0
2020-02-19 15:00:00+00:00,82.14,82.84,81.34,82.84,316502.0,82.0562,3227.0
2020-02-19 16:00:00+00:00,82.83,82.83,82.3912,82.47,170065.0,82.6067,2189.0
2020-02-19 17:00:00+00:00,82.47,82.89,82.4,82.78,118752.0,82.7074,1711.0
2020-02-19 18:00:00+00:00,82.7937,82.91,82.66,82.77,141123.0,82.7761,1762.0
2020-02-19 19:00:00+00:00,82.72,83.26,82.69,83.125,186884.0,82.9758,2475.0
2020-02-19 20:00:00+00:00,83.1236,83.34,82.98,83.23,443809.0,83.1803,5462.0
2020-02-19 21:00:00+00:00,83.23,83.23,83.23,83.23,74898.0,83.23,35.0
2020-02-19 22:00:00+00:00,83.06,83.35,83.06,83.35,864.0,83.1749,4.0
2020-02-20 14:00:00+00:00,83.26,83.91,83.01,83.6295,240522.0,83.4509,2218.0
2020-02-20 15:00:00+00:00,83.595,84.6,83.3,84.6,360306.0,83.989,4251.0
2020-02-20 16:00:00+00:00,84.6,84.77,83.53,83.864,263054.0,84.1246,3333.0
2020-02-20 17:00:00+00:00,83.79,84.0595,83.71,83.99,127593.0,83.8702,1959.0
2020-02-20 18:00:00+00:00,83.99,84.15,83.84,83.84,121433.0,83.9822,2136.0
2020-02-20 19:00:00+00:00,83.86,84.34,83.8,84.21,201398.0,84.0813,2534.0
2020-02-20 20:00:00+00:00,84.22,84.39,84.09,84.17,503525.0,84.2509,6225.0
2020-02-20 21:00:00+00:00,84.17,84.2,84.17,84.17,19321.0,84.1708,24.0
2020-02-21 14:00:00+00:00,83.34,83.51,82.53,82.68,340944.0,83.158,1860.0
2020-02-21 15:00:00+00:00,82.65,82.86,81.94,82.8593,353121.0,82.3753,4208.0
2020-02-21 16:00:00+00:00,82.87,83.1,82.3677,82.52,187231.0,82.8,2105.0
2020-02-21 17:00:00+00:00,82.53,82.7,82.34,82.47,139322.0,82.4896,1898.0
2020-02-21 18:00:00+00:00,82.49,82.67,82.46,82.49,134266.0,82.5717,1695.0
2020-02-21 19:00:00+00:00,82.5,82.84,82.45,82.53,159630.0,82.6163,2183.0
2020-02-21 20:00:00+00:00,82.5241,82.95,82.33,82.91,457445.0,82.6615,6014.0
2020-02-21 21:00:00+00:00,82.9,82.9,82.5819,82.9,39192.0,82.894,36.0
2020-02-21 23:00:00+00:00,82.9599,82.9599,82.9599,82.9599,242.0,82.9599,1.0
2020-02-24 10:00:00+00:00,79.94,79.94,79.94,79.94,100.0,79.94,1.0
2020-02-24 12:00:00+00:00,80.82,80.82,80.82,80.82,365.0,80.6453,5.0
2020-02-24 13:00:00+00:00,80.63,80.63,80.1,80.1,1390.0,80.2178,8.0
2020-02-24 14:00:00+00:00,80.2,80.25,78.6,79.37,579082.0,79.4375,4408.0
2020-02-24 15:00:00+00:00,79.37,79.55,78.44,78.94,441862.0,78.8608,5712.0
2020-02-24 16:00:00+00:00,78.91,79.11,78.15,78.36,385462.0,78.5306,4361.0
2020-02-24 17:00:00+00:00,78.33,78.43,77.98,78.05,334074.0,78.2063,4538.0
2020-02-24 18:00:00+00:00,78.04,78.11,77.7,77.99,474335.0,77.9479,4766.0
2020-02-24 19:00:00+00:00,78.01,78.7452,77.8204,78.66,397068.0,78.2073,4847.0
2020-02-24 20:00:00+00:00,78.66,78.76,78.09,78.11,765687.0,78.3966,10089.0
2020-02-24 21:00:00+00:00,78.1,78.1,78.1,78.1,159607.0,78.1,34.0
2020-02-24 22:00:00+00:00,78.13,78.14,78.13,78.14,1163.0,78.1345,4.0
2020-02-24 23:00:00+00:00,78.14,78.15,78.14,78.15,1100.0,78.1491,2.0
2020-02-25 13:00:00+00:00,78.99,78.99,78.51,78.55,1401.0,78.7302,6.0
2020-02-25 14:00:00+00:00,78.42,78.6192,77.78,78.02,294255.0,78.1965,2317.0
2020-02-25 15:00:00+00:00,78.0,78.16,76.54,77.0147,448204.0,77.3639,4875.0
2020-02-25 16:00:00+00:00,77.0,77.17,76.47,76.81,315940.0,76.8052,3862.0
2020-02-25 17:00:00+00:00,76.815,76.96,76.25,76.31,213174.0,76.5926,2795.0
2020-02-25 18:00:00+00:00,76.27,76.5,75.0,75.06,488851.0,75.7916,5238.0
2020-02-25 19:00:00+00:00,75.0568,75.27,74.421,74.9,599212.0,74.8301,6830.0
2020-02-25 20:00:00+00:00,74.92,75.3324,73.99,74.44,1122594.0,74.5232,13199.0
2020-02-25 21:00:00+00:00,74.44,74.44,74.08,74.44,66368.0,74.4396,44.0
2020-02-25 22:00:00+00:00,74.44,74.44,74.44,74.44,125.0,74.44,2.0
2020-02-25 23:00:00+00:00,74.6,75.0,74.44,75.0,1751.0,74.7828,18.0
2020-02-26 12:00:00+00:00,74.39,74.39,74.39,74.39,987.0,74.3821,8.0
2020-02-26 13:00:00+00:00,74.47,74.75,74.47,74.75,634.0,74.5142,6.0
2020-02-26 14:00:00+00:00,74.98,75.4947,73.85,74.88,439665.0,74.8448,2984.0
2020-02-26 15:00:00+00:00,74.78,75.12,73.8,74.75,581201.0,74.4115,6137.0
2020-02-26 16:00:00+00:00,74.72,74.9288,73.48,73.685,391645.0,74.3484,4684.0
2020-02-26 17:00:00+00:00,73.68,73.73,72.79,72.94,625335.0,73.148,6959.0
2020-02-26 18:00:00+00:00,72.97,73.15,71.91,71.96,448539.0,72.5,5770.0
2020-02-26 19:00:00+00:00,71.95,72.2471,71.6981,71.77,498723.0,71.946,6122.0
2020-02-26 20:00:00+00:00,71.8,72.21,71.6,71.72,1161288.0,71.8218,12885.0
2020-02-26 21:00:00+00:00,71.72,72.08,71.59,71.59,109115.0,71.7203,73.0
2020-02-26 22:00:00+00:00,71.71,71.71,71.71,71.71,100.0,71.71,1.0
2020-02-26 23:00:00+00:00,71.85,71.85,71.84,71.84,1100.0,71.8491,3.0
2020-02-27 00:00:00+00:00,71.84,71.84,71.84,71.84,100.0,71.84,1.0
2020-02-27 12:00:00+00:00,71.0,71.0,70.55,70.55,522.0,70.8398,6.0
2020-02-27 13:00:00+00:00,70.0328,71.72,69.9401,70.2998,11315.0,71.0456,29.0
2020-02-27 14:00:00+00:00,69.99,69.99,67.3,67.83,1069810.0,68.3147,7094.0
2020-02-27 15:00:00+00:00,67.835,68.17,65.82,67.8,1045012.0,67.1039,10891.0
2020-02-27 16:00:00+00:00,67.79,68.5,67.25,68.209,661223.0,67.9113,7939.0
2020-02-27 17:00:00+00:00,68.17,69.297,68.03,68.8091,548426.0,68.6551,6596.0
2020-02-27 18:00:00+00:00,68.75,69.28,67.36,67.44,584544.0,68.3954,6976.0
2020-02-27 19:00:00+00:00,67.4445,67.5,66.29,66.3,797573.0,66.9841,9633.0
2020-02-27 20:00:00+00:00,66.28,66.93,65.76,66.19,1678063.0,66.1637,16680.0
2020-02-27 21:00:00+00:00,66.19,66.19,66.0,66.19,538980.0,66.1897,49.0
2020-02-27 22:00:00+00:00,65.5,66.33,65.5,66.0,1470.0,65.9547,18.0
2020-02-27 23:00:00+00:00,66.2,66.38,66.2,66.25,1100.0,66.3355,3.0
2020-02-28 00:00:00+00:00,66.1,66.34,66.1,66.34,456.0,66.2101,6.0
2020-02-28 12:00:00+00:00,65.12,65.12,64.02,65.0,2042.0,64.672,24.0
2020-02-28 13:00:00+00:00,64.95,65.0,64.0,64.25,6876.0,64.5456,53.0
2020-02-28 14:00:00+00:00,64.35,65.58,63.12,63.9109,966874.0,64.0758,6641.0
2020-02-28 15:00:00+00:00,63.84,64.55,62.41,63.97,1188786.0,63.5491,13998.0
2020-02-28 16:00:00+00:00,63.98,65.84,63.5,64.55,759988.0,64.515,10115.0
2020-02-28 17:00:00+00:00,64.56,65.95,64.22,65.8625,600539.0,64.9264,8218.0
2020-02-28 18:00:00+00:00,65.9058,66.27,64.67,65.065,700793.0,65.5403,9109.0
2020-02-28 19:00:00+00:00,65.03,66.075,64.38,65.54,761938.0,65.2314,9365.0
2020-02-28 20:00:00+00:00,65.5314,66.25,64.84,66.25,1612041.0,65.39,19385.0
2020-02-28 21:00:00+00:00,66.25,66.99,66.25,66.99,156126.0,66.2578,75.0
2020-02-28 22:00:00+00:00,68.0,68.0,67.3,67.3,352.0,67.7974,4.0
2020-02-28 23:00:00+00:00,67.49,67.49,67.49,67.49,180.0,67.4219,2.0
2020-03-02 11:00:00+00:00,66.25,66.25,66.25,66.25,100.0,66.25,1.0
2020-03-02 12:00:00+00:00,67.5,67.5,66.25,66.25,451.0,66.7888,8.0
2020-03-02 13:00:00+00:00,66.5299,66.5299,65.98,65.98,501.0,66.1468,5.0
2020-03-02 14:00:00+00:00,66.5,67.25,64.76,65.0797,589822.0,66.0931,4874.0
2020-03-02 15:00:00+00:00,65.085,66.07,63.85,65.66,782854.0,64.8922,8645.0
2020-03-02 16:00:00+00:00,65.64,67.02,65.31,66.82,632344.0,66.3207,7677.0
2020-03-02 17:00:00+00:00,66.86,67.07,66.29,66.85,722841.0,66.6855,7648.0
2020-03-02 18:00:00+00:00,66.88,67.0,65.665,66.45,684875.0,66.2525,7533.0
2020-03-02 19:00:00+00:00,66.43,66.54,65.4,65.78,675637.0,66.1236,8317.0
2020-03-02 20:00:00+00:00,65.81,68.06,65.76,67.91,1261397.0,67.0461,14408.0
2020-03-02 21:00:00+00:00,67.87,67.87,66.6,67.87,382023.0,67.8693,67.0
2020-03-02 22:00:00+00:00,67.86,67.87,67.86,67.87,838.0,67.8688,2.0
2020-03-03 00:00:00+00:00,68.0,68.0,68.0,68.0,400.0,67.9766,4.0
2020-03-03 11:00:00+00:00,67.91,67.91,67.91,67.91,147.0,67.91,1.0
2020-03-03 12:00:00+00:00,68.5,68.5,67.9,67.9,2987.0,68.1037,26.0
2020-03-03 13:00:00+00:00,70.0,70.0,67.87,68.0,2593.0,68.0437,7.0
2020-03-03 14:00:00+00:00,68.98,69.78,65.87,66.28,539021.0,67.4882,4171.0
2020-03-03 15:00:00+00:00,66.3,69.05,65.99,66.45,881101.0,67.2581,9523.0
2020-03-03 16:00:00+00:00,66.34,66.43,64.42,65.77,664484.0,65.4187,7438.0
2020-03-03 17:00:00+00:00,65.75,66.05,65.2849,65.63,479962.0,65.7202,5528.0
2020-03-03 18:00:00+00:00,65.62,65.62,64.02,64.09,591135.0,64.6928,6525.0
2020-03-03 19:00:00+00:00,64.1,65.07,63.63,64.85,625586.0,64.2796,7379.0
2020-03-03 20:00:00+00:00,64.9,65.35,64.26,64.43,1201765.0,64.8623,13953.0
2020-03-03 21:00:00+00:00,64.44,64.44,64.44,64.44,73216.0,64.44,41.0
2020-03-03 23:00:00+00:00,64.44,64.45,64.41,64.41,1100.0,64.4355,7.0
2020-03-04 12:00:00+00:00,65.74,65.74,65.19,65.19,1904.0,65.3061,11.0
2020-03-04 13:00:00+00:00,65.8,65.86,65.25,65.86,2930.0,65.5626,18.0
2020-03-04 14:00:00+00:00,66.19,66.2,64.02,64.045,778604.0,65.0526,4651.0
2020-03-04 15:00:00+00:00,64.04,65.345,63.41,63.7298,1434914.0,64.3313,14087.0
2020-03-04 16:00:00+00:00,63.715,64.095,63.03,63.2286,641026.0,63.6656,6582.0
2020-03-04 17:00:00+00:00,63.1877,63.88,63.06,63.74,489375.0,63.5227,5379.0
2020-03-04 18:00:00+00:00,63.803,64.104,63.58,63.61,479334.0,63.8134,4991.0
2020-03-04 19:00:00+00:00,63.67,64.21,63.45,63.695,616991.0,63.8116,6691.0
2020-03-04 20:00:00+00:00,63.68,64.17,63.53,64.14,1206754.0,63.8758,12670.0
2020-03-04 21:00:00+00:00,64.15,64.9,63.99,64.9,183600.0,64.0827,100.0
2020-03-04 22:00:00+00:00,64.84,64.9,64.84,64.9,1500.0,64.8773,9.0
2020-03-04 23:00:00+00:00,64.6,64.6,64.6,64.6,400.0,64.6,2.0
2020-03-05 00:00:00+00:00,64.63,64.63,64.5,64.5,634.0,64.5269,3.0
2020-03-05 12:00:00+00:00,63.5,63.56,63.5,63.52,700.0,63.54,7.0
2020-03-05 13:00:00+00:00,63.7,63.7,63.11,63.34,4205.0,63.4554,45.0
2020-03-05 14:00:00+00:00,63.11,63.79,61.28,62.13,1158192.0,62.4728,7089.0
2020-03-05 15:00:00+00:00,62.13,63.17,61.93,62.07,757458.0,62.435,7967.0
2020-03-05 16:00:00+00:00,62.04,62.75,61.8175,61.9719,508982.0,62.3698,5998.0
2020-03-05 17:00:00+00:00,61.965,62.03,60.78,60.78,576860.0,61.4239,6244.0
2020-03-05 18:00:00+00:00,60.7913,61.4499,60.75,61.31,492786.0,61.1266,6282.0
2020-03-05 19:00:00+00:00,61.29,61.82,60.96,61.56,513043.0,61.4209,6012.0
2020-03-05 20:00:00+00:00,61.56,61.79,60.98,61.69,1095741.0,61.3455,12922.0
2020-03-05 21:00:00+00:00,61.7,61.75,61.7,61.75,379752.0,61.7,61.0
2020-03-05 22:00:00+00:00,61.8,61.84,61.8,61.84,1125.0,61.8329,4.0
2020-03-05 23:00:00+00:00,61.8,61.8,61.78,61.8,994.0,61.7965,10.0
2020-03-06 00:00:00+00:00,61.8,61.85,61.8,61.85,2493.0,61.8373,12.0
2020-03-06 09:00:00+00:00,60.94,60.94,60.94,60.94,100.0,60.94,1.0
2020-03-06 10:00:00+00:00,60.1,60.1,59.73,59.73,467.0,59.9893,9.0
2020-03-06 12:00:00+00:00,60.23,61.3,59.71,59.71,3029.0,60.3092,34.0
2020-03-06 13:00:00+00:00,60.0,60.4,59.1348,59.75,5025.0,59.8069,30.0
2020-03-06 14:00:00+00:00,59.8,60.63,58.22,60.445,1083846.0,59.6164,9869.0
2020-03-06 15:00:00+00:00,60.45,62.79,60.4,62.575,1622612.0,61.816,16893.0
2020-03-06 16:00:00+00:00,62.575,62.86,61.85,62.475,948779.0,62.3307,11089.0
2020-03-06 17:00:00+00:00,62.485,63.54,61.91,62.92,864141.0,62.5795,9600.0
2020-03-06 18:00:00+00:00,62.92,63.67,62.885,63.3,783273.0,63.2682,9409.0
2020-03-06 19:00:00+00:00,63.29,63.29,62.18,62.4322,935963.0,62.6189,11014.0
2020-03-06 20:00:00+00:00,62.42,63.38,62.1,63.09,2357855.0,62.8714,28099.0
2020-03-06 21:00:00+00:00,63.09,63.09,63.09,63.09,197326.0,63.09,52.0
2020-03-06 22:00:00+00:00,63.5,63.5,62.58,63.09,413.0,63.0265,3.0
2020-03-06 23:00:00+00:00,63.0,63.24,62.75,63.24,920.0,63.0169,9.0
2020-03-07 00:00:00+00:00,63.24,63.25,63.09,63.25,500.0,63.193,6.0
2020-03-09 08:00:00+00:00,60.0,60.0,60.0,60.0,217.0,59.0624,7.0
2020-03-09 10:00:00+00:00,58.98,58.98,57.5,57.5,1541.0,58.4763,19.0
2020-03-09 11:00:00+00:00,58.0,59.46,58.0,58.0,2546.0,58.3486,29.0
2020-03-09 12:00:00+00:00,59.45,59.45,55.81,56.1,10916.0,56.8207,112.0
2020-03-09 13:00:00+00:00,57.85,62.42,57.36,61.37,1018691.0,59.7688,5686.0
2020-03-09 14:00:00+00:00,61.38,67.7,61.102,61.71,3039697.0,63.7171,27401.0
2020-03-09 15:00:00+00:00,61.69,62.93,61.31,62.58,964621.0,62.1376,12015.0
2020-03-09 16:00:00+00:00,62.57,63.2358,59.95,60.14,1211342.0,61.3439,12072.0
2020-03-09 17:00:00+00:00,60.135,60.41,58.59,58.9,1100528.0,59.4403,11277.0
2020-03-09 18:00:00+00:00,58.89,60.17,58.38,59.98,1289000.0,59.3105,12117.0
2020-03-09 19:00:00+00:00,59.975,60.44,58.28,58.4,2842809.0,59.4431,28759.0
2020-03-09 20:00:00+00:00,58.34,58.4,57.6,57.6,57040.0,58.3678,52.0
2020-03-09 21:00:00+00:00,58.14,58.15,58.0,58.0,1792.0,58.1212,21.0
2020-03-09 23:00:00+00:00,60.0,60.0,60.0,60.0,700.0,60.0,3.0
2020-03-10 11:00:00+00:00,61.62,61.62,61.62,61.62,133.0,61.6647,2.0
2020-03-10 12:00:00+00:00,61.5,61.5,60.6,60.8,6506.0,61.0497,44.0
2020-03-10 13:00:00+00:00,60.7756,63.84,60.01,62.85,1399901.0,61.5015,11612.0
2020-03-10 14:00:00+00:00,62.725,63.85,60.81,60.81,1258568.0,62.3178,12194.0
2020-03-10 15:00:00+00:00,60.8,61.02,57.04,57.21,1640207.0,58.5326,16328.0
2020-03-10 16:00:00+00:00,57.19,59.05,57.1,58.56,1009896.0,58.3906,12044.0
2020-03-10 17:00:00+00:00,58.57,58.9175,57.04,57.27,734969.0,58.0431,9834.0
2020-03-10 18:00:00+00:00,57.22,59.85,57.03,59.33,1003234.0,58.7428,13346.0
2020-03-10 19:00:00+00:00,59.35,60.9669,58.74,60.46,1988314.0,60.1484,23998.0
2020-03-10 20:00:00+00:00,60.45,61.89,60.45,60.62,441031.0,60.4528,53.0
2020-03-10 21:00:00+00:00,60.46,60.46,60.45,60.45,556.0,60.4536,8.0
2020-03-10 22:00:00+00:00,60.35,60.35,59.96,60.06,920.0,60.2424,10.0
2020-03-10 23:00:00+00:00,59.95,59.95,59.95,59.95,100.0,59.95,1.0
2020-03-11 09:00:00+00:00,59.4,59.4,59.4,59.4,100.0,59.4,1.0
2020-03-11 12:00:00+00:00,59.4,59.4,59.4,59.4,120.0,59.2967,4.0
2020-03-11 13:00:00+00:00,59.4,59.74,57.14,57.55,732280.0,58.3194,5841.0
2020-03-11 14:00:00+00:00,57.52,57.7,56.17,57.12,1097615.0,56.8581,11884.0
2020-03-11 15:00:00+00:00,57.09,57.3,55.56,56.22,839561.0,56.2116,10011.0
2020-03-11 16:00:00+00:00,56.2,57.15,54.56,55.05,1044766.0,55.6998,12348.0
2020-03-11 17:00:00+00:00,55.04,55.06,53.555,54.464,1141708.0,54.2244,11772.0
2020-03-11 18:00:00+00:00,54.5,54.62,53.75,53.82,1065100.0,54.095,12305.0
2020-03-11 19:00:00+00:00,53.84,54.9581,53.53,54.415,2607825.0,54.18,28051.0
2020-03-11 20:00:00+00:00,54.42,54.45,54.22,54.45,22182.0,54.5407,32.0
2020-03-11 21:00:00+00:00,55.03,55.03,54.22,54.22,575.0,54.4026,8.0
2020-03-11 22:00:00+00:00,54.87,55.08,54.87,55.08,380.0,54.9253,2.0
2020-03-11 23:00:00+00:00,55.08,55.08,55.08,55.08,1305.0,55.08,5.0
2020-03-12 09:00:00+00:00,52.33,52.33,52.33,52.33,180.0,52.33,2.0
2020-03-12 10:00:00+00:00,52.32,52.5,52.32,52.5,580.0,52.3759,7.0
2020-03-12 11:00:00+00:00,52.43,52.43,52.11,52.11,682.0,52.2868,9.0
2020-03-12 12:00:00+00:00,52.11,52.43,51.0,51.0,9602.0,51.7327,81.0
2020-03-12 13:00:00+00:00,51.0,51.0,46.13,47.41,1012338.0,48.7978,5704.0
2020-03-12 14:00:00+00:00,47.3325,48.6,46.62,48.1724,1985819.0,47.5476,17200.0
2020-03-12 15:00:00+00:00,48.1899,49.56,46.44,47.23,2178145.0,48.087,15678.0
2020-03-12 16:00:00+00:00,47.24,49.5225,46.28,48.92,1678732.0,47.5743,14424.0
2020-03-12 17:00:00+00:00,48.92,49.8,46.01,46.4866,2196021.0,48.001,19334.0
2020-03-12 18:00:00+00:00,46.48,46.7791,44.79,44.82,1658032.0,45.6365,14285.0
2020-03-12 19:00:00+00:00,44.8175,45.22,42.6901,43.97,2919663.0,43.8222,26803.0
2020-03-12 20:00:00+00:00,43.96,45.78,42.69,42.75,35575.0,43.6981,40.0
2020-03-12 21:00:00+00:00,43.61,43.96,42.6,42.75,14785.0,43.8579,27.0
2020-03-12 22:00:00+00:00,42.97,43.96,42.5,42.5,20220.0,43.9004,11.0
2020-03-12 23:00:00+00:00,42.15,42.15,42.15,42.15,250.0,42.1313,4.0
2020-03-13 11:00:00+00:00,46.3,47.13,46.01,47.13,1990.0,46.8614,15.0
2020-03-13 12:00:00+00:00,46.97,49.0,46.9,49.0,20101.0,48.4019,62.0
2020-03-13 13:00:00+00:00,49.0,49.7,44.0,44.075,970640.0,45.6783,7335.0
2020-03-13 14:00:00+00:00,44.0864,45.9,43.13,43.15,1062387.0,44.7069,11867.0
2020-03-13 15:00:00+00:00,43.18,43.9158,41.745,42.855,1070447.0,42.8997,10965.0
2020-03-13 16:00:00+00:00,42.88,43.83,42.345,43.29,900374.0,43.2874,9600.0
2020-03-13 17:00:00+00:00,43.29,44.98,43.05,44.94,766225.0,44.1422,8064.0
2020-03-13 18:00:00+00:00,44.955,45.49,44.35,45.15,965448.0,45.0039,9063.0
2020-03-13 19:00:00+00:00,45.145,49.99,45.04,49.9,2865001.0,47.8368,25662.0
2020-03-13 20:00:00+00:00,49.92,51.4,49.0,49.0,10285.0,49.8158,39.0
2020-03-13 21:00:00+00:00,48.02,49.25,48.02,49.25,2006.0,49.1487,13.0
2020-03-13 22:00:00+00:00,49.5,49.68,49.5,49.68,1769.0,49.5304,9.0
2020-03-13 23:00:00+00:00,49.5,49.5,49.5,49.5,300.0,49.5083,4.0
2020-03-16 11:00:00+00:00,49.5,49.5,43.1,43.1,2651.0,45.5639,21.0
2020-03-16 12:00:00+00:00,45.011,45.011,43.02,44.0,5207.0,44.5083,25.0
2020-03-16 13:00:00+00:00,43.25,45.9,41.5,45.9,349872.0,42.4966,1955.0
2020-03-16 14:00:00+00:00,45.9,46.72,42.8,44.577,1420202.0,44.6724,14452.0
2020-03-16 15:00:00+00:00,44.59,47.99,44.3,46.03,976289.0,46.3177,11389.0
2020-03-16 16:00:00+00:00,45.975,46.7,43.25,43.73,831671.0,45.1788,8612.0
2020-03-16 17:00:00+00:00,43.69,44.13,42.43,42.47,768907.0,43.1584,8198.0
2020-03-16 18:00:00+00:00,42.46,44.24,42.415,43.29,837877.0,43.0792,8943.0
2020-03-16 19:00:00+00:00,43.227,43.628,41.19,41.62,2052656.0,42.0334,20000.0
2020-03-16 20:00:00+00:00,42.0,42.36,41.22,42.0,44772.0,41.9117,25.0
2020-03-16 21:00:00+00:00,42.0,42.0,42.0,42.0,1001.0,42.0,2.0
2020-03-16 22:00:00+00:00,42.1,42.36,42.1,42.36,983.0,42.1466,2.0
2020-03-16 23:00:00+00:00,42.37,42.88,42.3,42.88,3220.0,42.3605,14.0
2020-03-17 09:00:00+00:00,41.82,41.82,41.8,41.8,363.0,41.8062,5.0
2020-03-17 11:00:00+00:00,42.65,42.85,42.65,42.85,2000.0,42.748,7.0
2020-03-17 12:00:00+00:00,42.0,42.44,42.0,42.11,4294.0,42.3062,20.0
2020-03-17 13:00:00+00:00,42.11,42.36,39.2601,39.2601,1226744.0,40.6637,7314.0
2020-03-17 14:00:00+00:00,39.32,40.25,38.5,40.01,1472112.0,39.1061,13182.0
2020-03-17 15:00:00+00:00,39.99,41.77,39.8,41.6,842318.0,41.0214,9588.0
2020-03-17 16:00:00+00:00,41.59,43.2099,39.6,39.985,959545.0,41.5477,11985.0
2020-03-17 17:00:00+00:00,39.97,40.19,38.77,39.22,702832.0,39.2783,8169.0
2020-03-17 18:00:00+00:00,39.25,40.08,38.77,39.09,945705.0,39.4772,10405.0
2020-03-17 19:00:00+00:00,39.08,39.24,38.0,39.03,2023156.0,38.641,20098.0
2020-03-17 20:00:00+00:00,39.02,39.49,39.02,39.25,7075.0,39.1291,26.0
2020-03-17 21:00:00+00:00,39.2,39.2,39.02,39.02,1729.0,39.0677,18.0
2020-03-17 22:00:00+00:00,39.02,39.02,38.5,38.5,9050.0,38.9675,12.0
2020-03-17 23:00:00+00:00,38.99,38.99,38.99,38.99,192.0,38.99,1.0
2020-03-18 11:00:00+00:00,38.0,38.0,36.75,36.75,2332.0,37.3958,27.0
2020-03-18 12:00:00+00:00,36.5201,37.35,36.5201,36.85,2278.0,36.7743,19.0
2020-03-18 13:00:00+00:00,36.66,37.35,34.579,35.0,984558.0,35.6195,7456.0
2020-03-18 14:00:00+00:00,35.0,36.245,34.25,34.34,918485.0,34.9032,9568.0
2020-03-18 15:00:00+00:00,34.34,34.4413,33.04,33.73,932042.0,33.7724,9928.0
2020-03-18 16:00:00+00:00,33.73,34.16,32.05,32.05,1004090.0,33.0054,8471.0
2020-03-18 17:00:00+00:00,32.03,33.514,31.0,32.86,998401.0,32.1167,9244.0
2020-03-18 18:00:00+00:00,32.88,34.52,31.05,34.47,1165170.0,32.3207,12331.0
2020-03-18 19:00:00+00:00,34.5,37.1454,33.8,34.87,2357909.0,35.1461,22993.0
2020-03-18 20:00:00+00:00,35.27,35.59,34.11,35.0,4513.0,35.0576,11.0
2020-03-18 21:00:00+00:00,35.0,35.99,35.0,35.66,1952.0,35.157,10.0
2020-03-18 22:00:00+00:00,35.66,35.66,35.5,35.5,1480.0,35.5734,7.0
2020-03-18 23:00:00+00:00,35.5,36.49,35.5,36.49,203.0,35.9877,3.0
2020-03-19 11:00:00+00:00,35.0,35.0,34.98,34.98,452.0,34.9911,8.0
2020-03-19 12:00:00+00:00,35.0,35.0,33.9,33.9,1360.0,34.2974,15.0
2020-03-19 13:00:00+00:00,34.5,35.02,31.89,34.0,925865.0,33.55,6015.0
2020-03-19 14:00:00+00:00,34.0,35.78,33.095,33.67,1674818.0,34.1919,16553.0
2020-03-19 15:00:00+00:00,33.73,37.25,33.68,36.44,1151025.0,35.4494,10522.0
2020-03-19 16:00:00+00:00,36.4,37.4604,34.77,37.25,947822.0,36.0323,10792.0
2020-03-19 17:00:00+00:00,37.245,37.4099,34.81,35.485,901919.0,35.9605,10971.0
2020-03-19 18:00:00+00:00,35.51,37.27,34.945,36.16,869960.0,36.5058,10280.0
2020-03-19 19:00:00+00:00,36.16,37.47,35.47,37.41,1604005.0,36.7614,17732.0
2020-03-19 20:00:00+00:00,37.41,37.41,37.0,37.34,2292.0,37.3619,15.0
2020-03-19 21:00:00+00:00,37.05,37.2,37.05,37.2,754.0,37.0933,5.0
2020-03-19 22:00:00+00:00,37.0,37.22,37.0,37.2,1800.0,37.148,6.0
2020-03-19 23:00:00+00:00,36.8,37.0,36.8,37.0,2270.0,36.9586,7.0
2020-03-20 11:00:00+00:00,38.97,39.75,38.5,38.5,857.0,39.1574,14.0
2020-03-20 12:00:00+00:00,39.25,39.25,37.41,37.75,12205.0,37.8215,41.0
2020-03-20 13:00:00+00:00,37.8,39.49,36.95,37.72,1274514.0,38.2926,4592.0
2020-03-20 14:00:00+00:00,37.7219,40.9,37.65,40.62,1143102.0,39.5737,11927.0
2020-03-20 15:00:00+00:00,40.73,41.178,38.82,38.92,1234743.0,40.0883,13840.0
2020-03-20 16:00:00+00:00,38.879,39.75,38.34,38.82,563546.0,39.14,7426.0
2020-03-20 17:00:00+00:00,38.9,39.7399,38.6,39.3,522652.0,39.2596,6628.0
2020-03-20 18:00:00+00:00,39.43,39.7744,36.87,37.41,940998.0,37.9795,10706.0
2020-03-20 19:00:00+00:00,37.41,39.43,36.42,38.67,2140657.0,38.1579,26339.0
2020-03-20 20:00:00+00:00,38.66,40.45,38.19,38.19,29014.0,38.6622,20.0
2020-03-20 22:00:00+00:00,38.5,38.5,38.5,38.5,181.0,38.5497,3.0
2020-03-20 23:00:00+00:00,38.06,38.06,38.06,38.06,100.0,38.06,1.0
2020-03-23 11:00:00+00:00,37.52,37.52,36.4,36.4,1348.0,37.1043,11.0
2020-03-23 12:00:00+00:00,36.5,39.7,36.5,39.58,3954.0,37.6255,21.0
2020-03-23 13:00:00+00:00,39.48,39.48,34.85,35.597,812118.0,36.2903,5263.0
2020-03-23 14:00:00+00:00,35.655,35.88,34.04,35.6,916095.0,35.0179,9557.0
2020-03-23 15:00:00+00:00,35.59,35.86,33.92,34.31,608040.0,34.5377,6841.0
2020-03-23 16:00:00+00:00,34.252,34.9799,33.51,34.395,699119.0,34.1841,8259.0
2020-03-23 17:00:00+00:00,34.39,35.14,33.68,34.11,597094.0,34.3487,6647.0
2020-03-23 18:00:00+00:00,34.13,34.13,33.09,33.408,677390.0,33.5055,8247.0
2020-03-23 19:00:00+00:00,33.37,33.805,32.46,32.53,1532612.0,32.9212,16055.0
2020-03-23 20:00:00+00:00,32.7,33.01,32.61,33.0099,17308.0,32.6837,85.0
2020-03-23 21:00:00+00:00,33.01,33.6,33.01,33.52,12898.0,33.0592,27.0
2020-03-23 22:00:00+00:00,33.53,33.97,33.53,33.97,400.0,33.6399,5.0
2020-03-23 23:00:00+00:00,33.9699,34.25,32.62,33.76,5498.0,33.8341,29.0
2020-03-24 11:00:00+00:00,34.0,34.98,34.0,34.97,1310.0,34.739,12.0
2020-03-24 12:00:00+00:00,34.0,34.9899,34.0,34.74,16226.0,34.4259,105.0
2020-03-24 13:00:00+00:00,34.8,36.58,34.35,35.15,1017267.0,35.2793,6750.0
2020-03-24 14:00:00+00:00,35.1994,37.3099,35.04,36.05,1266369.0,36.3147,10769.0
2020-03-24 15:00:00+00:00,36.04,36.53,35.1,35.355,1032587.0,35.9423,8477.0
2020-03-24 16:00:00+00:00,35.41,36.26,35.175,35.2,1051145.0,35.7707,9929.0
2020-03-24 17:00:00+00:00,35.205,35.2738,34.0,34.041,952636.0,34.6627,8981.0
2020-03-24 18:00:00+00:00,34.05,34.44,33.51,34.05,1071848.0,33.8872,10157.0
2020-03-24 19:00:00+00:00,34.0542,34.79,33.96,34.62,2080270.0,34.3478,18771.0
2020-03-24 20:00:00+00:00,34.65,35.8,34.65,35.8,15388.0,35.5058,10.0
2020-03-24 21:00:00+00:00,35.0,35.01,34.9001,34.91,4486.0,34.9906,22.0
2020-03-24 22:00:00+00:00,34.9001,34.95,34.9,34.9,1272.0,34.9201,9.0
2020-03-24 23:00:00+00:00,35.01,35.01,34.99,34.99,2345.0,35.0034,11.0
2020-03-25 10:00:00+00:00,34.84,34.84,34.76,34.76,251.0,34.8265,6.0
2020-03-25 11:00:00+00:00,35.5,35.9,34.7,34.7,1283.0,35.1617,16.0
2020-03-25 12:00:00+00:00,35.59,35.59,34.5,35.01,2902.0,34.927,48.0
2020-03-25 13:00:00+00:00,35.1,36.77,34.28,35.09,1075166.0,35.8672,7821.0
2020-03-25 14:00:00+00:00,35.1159,37.57,33.85,37.51,1192164.0,35.2829,11197.0
2020-03-25 15:00:00+00:00,37.47,39.47,37.0,39.0,1121908.0,38.3022,10602.0
2020-03-25 16:00:00+00:00,39.07,42.14,39.02,41.01,1122224.0,40.682,10728.0
2020-03-25 17:00:00+00:00,40.96,42.49,40.558,41.425,923685.0,41.6696,8851.0
2020-03-25 18:00:00+00:00,41.435,41.6,40.17,40.93,1079778.0,40.7439,10286.0
2020-03-25 19:00:00+00:00,40.9,41.39,39.21,39.54,1832043.0,40.3188,19316.0
2020-03-25 20:00:00+00:00,39.63,40.0,39.5,39.5,102051.0,39.616,51.0
2020-03-25 22:00:00+00:00,39.51,39.8,39.51,39.8,1085.0,39.6407,9.0
2020-03-25 23:00:00+00:00,39.8,39.95,39.8,39.95,700.0,39.8643,3.0
2020-03-26 11:00:00+00:00,40.25,40.25,39.23,39.49,4346.0,39.6157,53.0
2020-03-26 12:00:00+00:00,39.82,40.24,38.65,39.4,14992.0,39.2058,69.0
2020-03-26 13:00:00+00:00,39.68,41.87,39.67,41.16,954215.0,41.0799,6755.0
2020-03-26 14:00:00+00:00,41.04,43.26,40.69,43.0358,1720553.0,42.2938,16734.0
2020-03-26 15:00:00+00:00,43.07,47.14,42.56,46.385,1624154.0,45.3834,16209.0
2020-03-26 16:00:00+00:00,46.3463,46.56,45.02,46.11,1013760.0,45.8226,11104.0
2020-03-26 17:00:00+00:00,46.1,46.18,43.74,43.85,886682.0,44.9062,9376.0
2020-03-26 18:00:00+00:00,43.85,44.31,43.0801,43.895,907887.0,43.6577,9814.0
2020-03-26 19:00:00+00:00,43.85,46.27,43.5,45.52,2104720.0,44.9518,23345.0
2020-03-26 20:00:00+00:00,44.49,45.6,44.31,45.28,275936.0,45.5631,49.0
2020-03-26 21:00:00+00:00,45.5,45.55,45.5,45.5,1242.0,45.5201,8.0
2020-03-26 22:00:00+00:00,46.67,46.67,45.6,45.63,620.0,45.7952,4.0
2020-03-26 23:00:00+00:00,45.63,46.0,45.63,45.63,700.0,45.6829,6.0
2020-03-27 11:00:00+00:00,44.73,44.73,44.3,44.3,1220.0,44.4237,9.0
2020-03-27 12:00:00+00:00,44.3,45.5,43.48,44.0,6437.0,44.612,37.0
2020-03-27 13:00:00+00:00,43.63,44.72,42.02,43.4746,1308785.0,43.1731,7421.0
2020-03-27 14:00:00+00:00,43.455,45.38,43.37,43.61,985082.0,44.2249,9791.0
2020-03-27 15:00:00+00:00,43.67,45.9775,43.6,45.6969,855638.0,45.0086,8797.0
2020-03-27 16:00:00+00:00,45.665,45.94,44.75,45.69,593210.0,45.4253,7173.0
2020-03-27 17:00:00+00:00,45.7,47.12,45.49,46.5,723010.0,46.3276,8301.0
2020-03-27 18:00:00+00:00,46.5795,46.95,45.936,46.825,685107.0,46.5491,8067.0
2020-03-27 19:00:00+00:00,46.8044,47.47,44.31,45.04,1970334.0,45.9173,21522.0
2020-03-27 20:00:00+00:00,45.04,45.3,44.85,44.88,91513.0,45.0393,46.0
2020-03-27 21:00:00+00:00,45.3,45.34,45.01,45.01,3537.0,45.157,14.0
2020-03-27 22:00:00+00:00,45.27,45.28,45.27,45.28,1100.0,45.2743,7.0
2020-03-27 23:00:00+00:00,45.2,45.2,44.8,45.0,1380.0,44.9809,10.0
2020-03-30 11:00:00+00:00,45.0,45.0,44.9,44.9,1274.0,44.9178,14.0
2020-03-30 12:00:00+00:00,44.9,45.04,43.91,44.0,24516.0,44.5006,74.0
2020-03-30 13:00:00+00:00,44.2,44.2,41.0,43.2836,1087187.0,42.6764,7254.0
2020-03-30 14:00:00+00:00,43.44,46.37,42.52,45.4,1265018.0,44.4333,11452.0
2020-03-30 15:00:00+00:00,45.36,46.54,44.5361,46.4272,961526.0,45.6001,9653.0
2020-03-30 16:00:00+00:00,46.4,46.94,45.98,46.63,853781.0,46.5569,9270.0
2020-03-30 17:00:00+00:00,46.59,46.75,45.63,46.16,586924.0,46.1662,6948.0
2020-03-30 18:00:00+00:00,46.2,47.305,45.7,47.195,790795.0,46.4902,8438.0
2020-03-30 19:00:00+00:00,47.2,47.48,46.69,47.24,1245772.0,47.159,14867.0
2020-03-30 20:00:00+00:00,47.19,47.19,46.95,46.95,80144.0,47.1895,23.0
2020-03-30 21:00:00+00:00,47.3,47.3,47.15,47.15,3879.0,47.1761,17.0
2020-03-30 22:00:00+00:00,47.05,47.05,47.05,47.05,500.0,47.0514,2.0
2020-03-30 23:00:00+00:00,47.3,47.3,47.3,47.3,100.0,47.3,1.0
2020-03-31 08:00:00+00:00,47.19,47.19,47.19,47.19,642.0,47.19,4.0
2020-03-31 11:00:00+00:00,48.36,48.4,48.0,48.4,3186.0,48.1651,28.0
2020-03-31 12:00:00+00:00,47.65,48.36,47.19,48.0,11177.0,47.7609,21.0
2020-03-31 13:00:00+00:00,48.3,49.28,46.83,46.89,920902.0,48.0899,7227.0
2020-03-31 14:00:00+00:00,46.83,47.85,46.83,47.04,832050.0,47.3129,8674.0
2020-03-31 15:00:00+00:00,47.05,47.605,46.81,47.45,763686.0,47.1413,7313.0
2020-03-31 16:00:00+00:00,47.46,47.6,45.81,46.15,652913.0,46.6458,7341.0
2020-03-31 17:00:00+00:00,46.12,46.36,45.16,45.75,771187.0,45.6786,8189.0
2020-03-31 18:00:00+00:00,45.75,46.13,45.07,45.12,597103.0,45.4836,7050.0
2020-03-31 19:00:00+00:00,45.1,46.0,43.8291,45.35,2050328.0,44.8301,24718.0
2020-03-31 20:00:00+00:00,45.36,45.6,45.35,45.35,91310.0,45.3599,43.0
2020-03-31 21:00:00+00:00,45.15,45.15,45.15,45.15,180.0,45.1514,3.0
2020-03-31 22:00:00+00:00,44.8,44.8,44.8,44.8,200.0,44.8,1.0
2020-03-31 23:00:00+00:00,44.77,44.77,44.6,44.6,2111.0,44.7614,4.0
2020-04-01 09:00:00+00:00,43.99,44.0,43.99,44.0,484.0,43.9962,4.0
2020-04-01 10:00:00+00:00,44.0,44.0,44.0,44.0,100.0,44.0,1.0
2020-04-01 11:00:00+00:00,44.46,44.46,43.99,43.99,540.0,44.1114,5.0
2020-04-01 12:00:00+00:00,44.0,44.0,42.51,42.9,6613.0,42.8662,38.0
2020-04-01 13:00:00+00:00,42.99,43.42,41.37,42.53,764227.0,42.4147,5737.0
2020-04-01 14:00:00+00:00,42.53,43.915,42.07,42.49,717811.0,42.8078,7545.0
2020-04-01 15:00:00+00:00,42.5,42.75,41.51,41.52,597409.0,42.2441,6398.0
2020-04-01 16:00:00+00:00,41.52,41.53,40.5,40.93,878455.0,40.9643,8149.0
2020-04-01 17:00:00+00:00,40.94,41.73,40.88,41.66,650611.0,41.1481,6833.0
2020-04-01 18:00:00+00:00,41.62,41.67,40.65,40.92,541212.0,41.0695,5487.0
2020-04-01 19:00:00+00:00,40.93,41.25,40.6,41.0,939449.0,40.8945,10851.0
2020-04-01 20:00:00+00:00,41.0,41.0,40.75,40.9,37209.0,40.9941,18.0
2020-04-01 21:00:00+00:00,41.0,41.39,41.0,41.39,10867.0,41.0142,3.0
2020-04-01 22:00:00+00:00,41.3,42.66,41.2,42.66,633.0,41.4945,6.0
2020-04-01 23:00:00+00:00,42.25,42.25,41.26,41.26,820.0,42.0457,4.0
2020-04-02 11:00:00+00:00,43.5,44.0,43.05,43.55,5477.0,43.3512,21.0
2020-04-02 12:00:00+00:00,43.5,43.5501,42.97,42.97,7480.0,43.25,53.0
2020-04-02 13:00:00+00:00,42.51,43.4,41.3101,42.2289,749662.0,42.4645,5216.0
2020-04-02 14:00:00+00:00,42.2,46.0,41.7,42.7355,1524410.0,43.4491,14393.0
2020-04-02 15:00:00+00:00,42.7599,43.45,41.22,43.06,1561289.0,42.0725,15230.0
2020-04-02 16:00:00+00:00,43.055,43.6098,41.6,41.75,868651.0,42.4744,8310.0
2020-04-02 17:00:00+00:00,41.765,42.37,40.7,41.1,798973.0,41.2712,8027.0
2020-04-02 18:00:00+00:00,41.07,41.54,40.5,41.503,541941.0,40.9459,6532.0
2020-04-02 19:00:00+00:00,41.52,41.85,40.86,41.48,1214642.0,41.3755,13247.0
2020-04-02 20:00:00+00:00,41.5,42.1,41.5,41.71,2400.0,41.7228,13.0
2020-04-02 21:00:00+00:00,41.6,41.6,41.51,41.59,866.0,41.582,8.0
2020-04-02 22:00:00+00:00,41.59,41.68,41.59,41.68,945.0,41.6487,7.0
2020-04-02 23:00:00+00:00,41.68,41.68,41.67,41.67,755.0,41.6774,3.0
2020-04-03 09:00:00+00:00,41.84,41.85,41.84,41.85,828.0,41.8474,3.0
2020-04-03 11:00:00+00:00,42.0,42.1,41.14,42.1,3749.0,41.8112,15.0
2020-04-03 12:00:00+00:00,42.1,42.55,42.0,42.0,18681.0,42.386,109.0
2020-04-03 13:00:00+00:00,42.07,42.35,40.22,40.78,726545.0,41.3077,5554.0
2020-04-03 14:00:00+00:00,40.8,41.58,40.41,40.72,618947.0,40.8685,6805.0
2020-04-03 15:00:00+00:00,40.76,41.14,40.3,40.465,499252.0,40.6744,6155.0
2020-04-03 16:00:00+00:00,40.4874,41.75,40.3,40.82,737336.0,40.8125,9881.0
2020-04-03 17:00:00+00:00,40.86,41.0,39.67,40.53,666571.0,40.3103,7956.0
2020-04-03 18:00:00+00:00,40.51,40.77,40.12,40.7201,425362.0,40.4331,5822.0
2020-04-03 19:00:00+00:00,40.745,41.05,39.96,40.38,1281888.0,40.4451,13880.0
2020-04-03 20:00:00+00:00,40.34,40.75,40.3,40.34,33515.0,40.3466,38.0
2020-04-03 21:00:00+00:00,40.6,40.6,40.48,40.5,1398.0,40.5114,4.0
2020-04-03 22:00:00+00:00,40.36,40.58,40.0,40.0,1209.0,40.363,8.0
2020-04-06 11:00:00+00:00,41.5,41.97,41.42,41.97,848.0,41.7033,10.0
2020-04-06 12:00:00+00:00,41.5,42.2011,41.0,41.5,5406.0,41.5534,32.0
2020-04-06 13:00:00+00:00,41.5799,44.24,41.42,43.54,1078150.0,43.679,7717.0
2020-04-06 14:00:00+00:00,43.53,45.3526,43.52,44.96,1006932.0,44.4775,9244.0
2020-04-06 15:00:00+00:00,44.96,45.8,44.31,45.6027,685489.0,45.113,7912.0
2020-04-06 16:00:00+00:00,45.6,46.2,45.48,45.725,495671.0,45.8348,5651.0
2020-04-06 17:00:00+00:00,45.71,46.53,45.56,46.35,528053.0,45.9734,6040.0
2020-04-06 18:00:00+00:00,46.345,46.43,45.71,46.148,504181.0,46.1083,6066.0
2020-04-06 19:00:00+00:00,46.165,46.43,45.84,46.15,1158827.0,46.1295,13420.0
2020-04-06 20:00:00+00:00,46.1,46.1,45.52,46.06,183860.0,46.098,40.0
2020-04-06 21:00:00+00:00,45.95,45.95,45.95,45.95,114.0,45.95,1.0
2020-04-06 22:00:00+00:00,46.1,46.1,46.1,46.1,200.0,46.1,3.0
2020-04-06 23:00:00+00:00,46.16,46.5,46.16,46.5,2857.0,46.3015,18.0
2020-04-07 08:00:00+00:00,47.0,47.0,47.0,47.0,221.0,46.987,2.0
2020-04-07 09:00:00+00:00,47.01,47.01,47.01,47.01,121.0,47.01,1.0
2020-04-07 11:00:00+00:00,48.0,48.0,47.25,47.25,2401.0,47.5353,9.0
2020-04-07 12:00:00+00:00,48.3875,49.0,48.0,48.99,15735.0,48.6853,75.0
2020-04-07 13:00:00+00:00,48.65,49.96,48.01,49.96,1035286.0,49.1602,6569.0
2020-04-07 14:00:00+00:00,49.91,50.09,46.34,47.315,1102024.0,48.2633,10536.0
2020-04-07 15:00:00+00:00,47.25,49.35,46.89,49.2,762240.0,48.4717,8204.0
2020-04-07 16:00:00+00:00,49.14,49.7,48.818,49.565,680413.0,49.3257,7672.0
2020-04-07 17:00:00+00:00,49.59,49.9,48.77,49.55,904377.0,49.4282,9689.0
2020-04-07 18:00:00+00:00,49.56,49.56,48.33,49.14,1161924.0,48.8527,12421.0
2020-04-07 19:00:00+00:00,49.1282,49.6,47.81,47.92,1481788.0,48.862,17088.0
2020-04-07 20:00:00+00:00,48.8,48.8,48.01,48.25,106688.0,48.014,39.0
2020-04-07 23:00:00+00:00,48.01,48.01,48.01,48.01,120.0,48.01,2.0
2020-04-08 11:00:00+00:00,49.0,49.0,49.0,49.0,169.0,48.9978,3.0
2020-04-08 12:00:00+00:00,49.5,49.71,48.49,49.42,2718.0,48.68,24.0
2020-04-08 13:00:00+00:00,49.4,50.19,48.17,48.73,534654.0,49.1988,4595.0
2020-04-08 14:00:00+00:00,48.79,49.41,48.12,48.77,670970.0,48.8865,7829.0
2020-04-08 15:00:00+00:00,48.77,50.44,48.65,50.06,889161.0,49.7719,8748.0
2020-04-08 16:00:00+00:00,50.075,50.95,49.59,50.699,948502.0,50.4068,10111.0
2020-04-08 17:00:00+00:00,50.67,50.95,50.08,50.47,689935.0,50.6223,8049.0
2020-04-08 18:00:00+00:00,50.5,51.64,50.36,51.38,619322.0,51.0657,7563.0
2020-04-08 19:00:00+00:00,51.44,52.76,50.99,51.57,1326020.0,51.4756,15187.0
2020-04-08 20:00:00+00:00,51.6,51.99,50.99,51.6,382647.0,51.5997,54.0
2020-04-08 21:00:00+00:00,51.6,52.38,51.6,52.3,2446.0,52.0452,22.0
2020-04-08 22:00:00+00:00,52.76,55.1,52.76,53.0,3264.0,54.1427,29.0
2020-04-08 23:00:00+00:00,53.0,53.0,52.74,53.0,1535.0,52.8427,8.0
2020-04-09 11:00:00+00:00,52.6,53.2,52.0,52.0,7096.0,52.5651,36.0
2020-04-09 12:00:00+00:00,51.77,53.0,51.75,52.87,10820.0,52.6941,115.0
2020-04-09 13:00:00+00:00,52.87,53.88,52.5477,53.51,858773.0,53.4139,7520.0
2020-04-09 14:00:00+00:00,53.56,53.78,51.51,51.74,1161604.0,52.5797,13570.0
2020-04-09 15:00:00+00:00,51.7137,51.76,50.02,50.3,1098680.0,50.8196,12450.0
2020-04-09 16:00:00+00:00,50.32,50.7251,50.05,50.51,857869.0,50.3121,8870.0
2020-04-09 17:00:00+00:00,50.5,51.39,50.33,50.92,685762.0,50.7984,7267.0
2020-04-09 18:00:00+00:00,50.9102,51.035,48.34,48.725,890437.0,49.2731,11158.0
2020-04-09 19:00:00+00:00,48.725,50.7928,48.685,50.05,1329486.0,49.9951,18082.0
2020-04-09 20:00:00+00:00,50.1,50.25,50.1,50.2,334767.0,50.1007,35.0
2020-04-09 21:00:00+00:00,50.68,50.8,50.67,50.8,889.0,50.7017,14.0
2020-04-09 22:00:00+00:00,51.75,51.75,51.0,51.25,1238.0,51.1508,12.0
2020-04-09 23:00:00+00:00,51.2,51.21,51.1001,51.1001,2237.0,51.1854,6.0
2020-04-13 11:00:00+00:00,50.43,52.0,50.43,52.0,1112.0,51.3107,16.0
2020-04-13 12:00:00+00:00,51.0,52.19,51.0,52.01,3063.0,51.6377,29.0
2020-04-13 13:00:00+00:00,52.1865,52.2,50.1,51.6435,672400.0,51.2488,5395.0
2020-04-13 14:00:00+00:00,51.685,52.37,49.53,49.72,643303.0,50.9322,6833.0
2020-04-13 15:00:00+00:00,49.675,50.43,48.93,50.235,378447.0,49.8878,4700.0
2020-04-13 16:00:00+00:00,50.215,51.03,49.8501,50.16,468763.0,50.4987,4352.0
2020-04-13 17:00:00+00:00,50.145,50.56,49.65,50.23,444555.0,50.0848,4341.0
2020-04-13 18:00:00+00:00,50.26,50.39,49.01,49.13,602398.0,49.7337,6356.0
2020-04-13 19:00:00+00:00,49.09,50.23,49.05,49.74,1134922.0,49.6793,11635.0
2020-04-13 20:00:00+00:00,49.7,49.97,49.0,49.9,29358.0,49.6598,34.0
2020-04-13 21:00:00+00:00,49.75,49.75,49.0,49.7,94955.0,49.675,45.0
2020-04-13 22:00:00+00:00,49.25,49.26,49.25,49.26,1351.0,49.2517,6.0
2020-04-13 23:00:00+00:00,49.5,49.89,49.5,49.89,500.0,49.8082,5.0
2020-04-14 11:00:00+00:00,49.72,50.48,49.72,50.0,832.0,49.8948,12.0
2020-04-14 12:00:00+00:00,51.48,51.48,49.9,49.9,4637.0,50.1839,36.0
2020-04-14 13:00:00+00:00,49.7501,51.35,49.53,51.35,643687.0,50.2904,3743.0
2020-04-14 14:00:00+00:00,51.38,51.48,50.5,50.785,467058.0,50.9012,5166.0
2020-04-14 15:00:00+00:00,50.77,51.19,50.3,50.48,442173.0,50.6907,5131.0
2020-04-14 16:00:00+00:00,50.49,50.87,50.04,50.59,487751.0,50.5197,4224.0
2020-04-14 17:00:00+00:00,50.55,50.93,49.74,50.65,521377.0,50.3059,5247.0
2020-04-14 18:00:00+00:00,50.63,51.04,50.45,50.99,387675.0,50.8035,4421.0
2020-04-14 19:00:00+00:00,50.98,51.1,50.1674,50.94,915825.0,50.7313,9774.0
2020-04-14 20:00:00+00:00,50.51,50.95,50.51,50.85,34516.0,50.9483,32.0
2020-04-14 21:00:00+00:00,50.9,50.95,50.9,50.9,390.0,50.9192,4.0
2020-04-14 22:00:00+00:00,50.9999,50.9999,50.9999,50.9999,300.0,50.9999,2.0
2020-04-14 23:00:00+00:00,51.0,51.0,51.0,51.0,100.0,51.0,1.0
2020-04-15 11:00:00+00:00,49.72,49.72,49.52,49.52,835.0,49.7459,8.0
2020-04-15 12:00:00+00:00,50.0,50.0,48.9744,49.25,6531.0,49.4345,69.0
2020-04-15 13:00:00+00:00,49.0,49.07,46.71,47.07,747777.0,47.7536,5986.0
2020-04-15 14:00:00+00:00,47.08,47.93,46.01,46.4732,957260.0,46.9064,10339.0
2020-04-15 15:00:00+00:00,46.47,46.87,46.12,46.576,513089.0,46.428,6143.0
2020-04-15 16:00:00+00:00,46.58,47.59,46.34,47.31,474514.0,47.0301,5404.0
2020-04-15 17:00:00+00:00,47.25,47.81,46.87,46.96,392350.0,47.3279,4589.0
2020-04-15 18:00:00+00:00,46.955,47.29,46.68,47.09,413120.0,46.9537,5180.0
2020-04-15 19:00:00+00:00,47.096,47.8,46.63,46.76,1038368.0,46.9781,12332.0
2020-04-15 20:00:00+00:00,47.2,47.2,46.7,46.7,244094.0,46.7006,33.0
2020-04-15 21:00:00+00:00,46.75,46.75,46.7,46.7,300.0,46.725,4.0
2020-04-15 22:00:00+00:00,46.63,46.63,46.63,46.63,688.0,46.605,4.0
2020-04-15 23:00:00+00:00,46.55,46.58,46.45,46.45,1178.0,46.5008,11.0
2020-04-16 11:00:00+00:00,47.0,47.06,47.0,47.0,750.0,47.0533,8.0
2020-04-16 12:00:00+00:00,46.9,46.9,46.9,46.9,100.0,46.9,1.0
2020-04-16 13:00:00+00:00,47.0,47.69,44.88,44.92,673543.0,45.7599,6704.0
2020-04-16 14:00:00+00:00,44.92,45.67,44.44,45.14,1020512.0,45.054,11077.0
2020-04-16 15:00:00+00:00,45.17,45.43,44.53,45.065,651732.0,44.9702,7092.0
2020-04-16 16:00:00+00:00,45.08,45.325,44.86,45.0353,641500.0,45.0625,7231.0
2020-04-16 17:00:00+00:00,45.01,45.21,44.58,44.83,450922.0,44.8839,5290.0
2020-04-16 18:00:00+00:00,44.83,45.26,44.72,45.0,456010.0,45.0369,5094.0
2020-04-16 19:00:00+00:00,45.005,45.34,44.96,45.03,705509.0,45.0904,7951.0
2020-04-16 20:00:00+00:00,45.4,45.4,45.0,45.0,176734.0,45.0393,58.0
2020-04-16 21:00:00+00:00,46.0,47.35,45.56,47.35,2562.0,46.7199,27.0
2020-04-16 22:00:00+00:00,47.25,47.25,46.47,47.25,4152.0,47.0522,11.0
2020-04-16 23:00:00+00:00,47.0001,48.05,47.0,48.05,9080.0,47.3302,26.0
2020-04-17 11:00:00+00:00,47.8,47.8,47.01,47.01,1443.0,47.4274,8.0
2020-04-17 12:00:00+00:00,47.9,47.9,46.38,46.65,7278.0,46.9642,56.0
2020-04-17 13:00:00+00:00,46.6,48.14,45.75,48.01,937554.0,46.9865,6119.0
2020-04-17 14:00:00+00:00,48.015,48.6206,47.43,48.51,1185436.0,48.0846,9953.0
2020-04-17 15:00:00+00:00,48.5,49.83,48.39,49.7,814040.0,49.2204,7472.0
2020-04-17 16:00:00+00:00,49.685,50.66,49.5026,50.58,721306.0,50.0347,6609.0
2020-04-17 17:00:00+00:00,50.59,50.8799,50.16,50.33,500554.0,50.5376,5476.0
2020-04-17 18:00:00+00:00,50.37,50.77,50.23,50.57,575105.0,50.5054,5822.0
2020-04-17 19:00:00+00:00,50.53,51.91,50.46,51.76,1435169.0,51.2931,14405.0
2020-04-17 20:00:00+00:00,51.64,51.78,51.09,51.6,83868.0,51.7475,83.0
2020-04-17 21:00:00+00:00,51.59,52.0,51.59,51.8,5080.0,51.8323,13.0
2020-04-17 22:00:00+00:00,51.6,51.8,51.6,51.8,3601.0,51.6056,8.0
2020-04-17 23:00:00+00:00,51.7,51.8,51.7,51.8,1155.0,51.7827,9.0
2020-04-20 11:00:00+00:00,50.37,50.93,48.3,48.3,9249.0,49.4521,67.0
2020-04-20 12:00:00+00:00,49.5,49.5,48.15,48.22,31353.0,48.464,190.0
2020-04-20 13:00:00+00:00,48.3,51.13,48.28,50.79,832968.0,49.7337,6273.0
2020-04-20 14:00:00+00:00,50.84,52.0,50.17,51.94,696805.0,50.965,6728.0
2020-04-20 15:00:00+00:00,51.93,52.24,51.46,51.62,647962.0,51.8975,6258.0
2020-04-20 16:00:00+00:00,51.665,51.73,51.26,51.4,381602.0,51.536,4089.0
2020-04-20 17:00:00+00:00,51.437,51.46,50.855,51.115,440759.0,51.1416,5266.0
2020-04-20 18:00:00+00:00,51.03,51.28,49.84,50.12,736677.0,50.4815,8175.0
2020-04-20 19:00:00+00:00,50.14,51.09,49.97,50.3,1213903.0,50.4203,12871.0
2020-04-20 20:00:00+00:00,50.32,51.0,50.31,50.5,35763.0,50.3272,79.0
2020-04-20 23:00:00+00:00,50.99,51.0,50.99,51.0,502.0,50.9952,5.0
2020-04-21 08:00:00+00:00,49.01,49.01,48.9,48.9,2690.0,48.9821,18.0
2020-04-21 09:00:00+00:00,48.45,48.45,48.0,48.04,3100.0,48.0374,7.0
2020-04-21 10:00:00+00:00,48.3,48.3,48.05,48.05,1199.0,48.1048,4.0
2020-04-21 11:00:00+00:00,48.49,48.9,48.49,48.75,2451.0,48.5465,35.0
2020-04-21 12:00:00+00:00,48.6101,48.6101,48.11,48.11,25202.0,48.4259,168.0
2020-04-21 13:00:00+00:00,48.15,50.08,47.62,49.9,822190.0,48.698,5523.0
2020-04-21 14:00:00+00:00,49.83,50.8,49.33,50.62,897728.0,50.003,7383.0
2020-04-21 15:00:00+00:00,50.6,50.6199,49.73,50.11,772379.0,50.1522,7383.0
2020-04-21 16:00:00+00:00,50.15,50.48,49.74,50.03,478390.0,50.0337,5071.0
2020-04-21 17:00:00+00:00,49.9702,50.13,49.16,49.5,565123.0,49.6774,6610.0
2020-04-21 18:00:00+00:00,49.44,50.23,49.303,50.045,565986.0,49.7542,5330.0
2020-04-21 19:00:00+00:00,50.08,50.4139,49.41,49.46,1308626.0,49.8061,11963.0
2020-04-21 20:00:00+00:00,50.01,50.01,49.4498,49.4498,32938.0,49.4519,28.0
2020-04-21 21:00:00+00:00,49.6,49.6,49.6,49.6,501.0,49.6015,2.0
2020-04-21 22:00:00+00:00,49.61,49.61,49.45,49.45,5000.0,49.5872,7.0
2020-04-22 11:00:00+00:00,50.48,50.49,50.48,50.49,350.0,50.4829,2.0
2020-04-22 12:00:00+00:00,51.0,51.99,51.0,51.99,315.0,51.5088,6.0
2020-04-22 13:00:00+00:00,51.9727,52.74,51.2,51.54,775079.0,51.9039,5754.0
2020-04-22 14:00:00+00:00,51.52,52.13,50.88,51.665,782457.0,51.5055,5656.0
2020-04-22 15:00:00+00:00,51.69,52.26,51.3,51.72,557424.0,51.7536,4589.0
2020-04-22 16:00:00+00:00,51.7,51.8,50.71,50.71,460454.0,51.1911,3902.0
2020-04-22 17:00:00+00:00,50.71,51.52,50.54,50.675,361921.0,50.7831,3436.0
2020-04-22 18:00:00+00:00,50.675,50.765,50.36,50.58,425875.0,50.6044,4263.0
2020-04-22 19:00:00+00:00,50.6,50.78,50.4,50.6,1015966.0,50.5461,9341.0
2020-04-22 20:00:00+00:00,50.57,50.57,50.2,50.42,46309.0,50.5493,43.0
2020-04-22 21:00:00+00:00,50.42,50.45,50.25,50.3,7534.0,50.3522,20.0
2020-04-22 22:00:00+00:00,50.5,50.5,50.5,50.5,100.0,50.5,1.0
2020-04-22 23:00:00+00:00,50.8,50.8,50.8,50.8,800.0,50.7506,9.0
2020-04-23 12:00:00+00:00,51.6,52.0,50.57,51.96,3523.0,51.5979,24.0
2020-04-23 13:00:00+00:00,52.19,52.21,51.05,51.56,460050.0,51.6991,3483.0
2020-04-23 14:00:00+00:00,51.65,53.18,51.27,52.915,688149.0,52.4082,6687.0
2020-04-23 15:00:00+00:00,52.915,53.21,52.21,52.69,597268.0,52.7715,6113.0
2020-04-23 16:00:00+00:00,52.71,53.04,50.89,51.59,684063.0,52.1553,7173.0
2020-04-23 17:00:00+00:00,51.6,52.68,51.55,51.95,525704.0,52.161,5301.0
2020-04-23 18:00:00+00:00,51.9517,52.3858,51.585,52.28,570633.0,52.0745,5386.0
2020-04-23 19:00:00+00:00,52.27,52.58,51.99,52.07,1100098.0,52.2627,9344.0
2020-04-23 20:00:00+00:00,52.07,52.07,52.07,52.07,75837.0,52.0702,33.0
2020-04-23 21:00:00+00:00,52.0836,52.0836,52.0836,52.0836,100.0,52.0836,1.0
2020-04-23 23:00:00+00:00,51.7,51.8,51.7,51.7,3600.0,51.7556,13.0
2020-04-24 11:00:00+00:00,52.07,52.07,52.07,52.07,400.0,52.07,2.0
2020-04-24 12:00:00+00:00,52.07,52.81,52.07,52.8,4961.0,52.749,16.0
2020-04-24 13:00:00+00:00,52.88,53.55,52.44,52.505,480699.0,52.8577,3974.0
2020-04-24 14:00:00+00:00,52.5,52.87,51.71,52.58,398689.0,52.2974,5068.0
2020-04-24 15:00:00+00:00,52.6,52.65,51.64,51.9513,384778.0,52.1377,4731.0
2020-04-24 16:00:00+00:00,51.98,52.56,51.6084,52.42,339415.0,52.0822,3923.0
2020-04-24 17:00:00+00:00,52.46,52.8,52.22,52.715,249684.0,52.5335,3281.0
2020-04-24 18:00:00+00:00,52.69,53.33,52.69,53.2,393830.0,53.0667,4608.0
2020-04-24 19:00:00+00:00,53.205,53.3,52.15,52.5,1044295.0,52.7296,10826.0
2020-04-24 20:00:00+00:00,52.5,53.0,52.5,52.65,162292.0,52.5015,39.0
2020-04-24 23:00:00+00:00,52.65,52.65,52.65,52.65,1200.0,52.6498,7.0
2020-04-27 11:00:00+00:00,53.07,53.2,52.55,52.55,2974.0,52.9921,27.0
2020-04-27 12:00:00+00:00,53.2,53.2,52.75,52.75,3779.0,53.0076,17.0
2020-04-27 13:00:00+00:00,52.73,53.465,52.08,53.39,476634.0,52.7002,3408.0
2020-04-27 14:00:00+00:00,53.36,54.57,52.8435,53.9,695149.0,53.8077,6120.0
2020-04-27 15:00:00+00:00,53.89,55.11,53.64,54.84,551628.0,54.4199,5271.0
2020-04-27 16:00:00+00:00,54.87,55.18,54.5,55.115,450583.0,54.9188,4613.0
2020-04-27 17:00:00+00:00,55.11,55.2079,54.5501,55.1658,310410.0,54.9039,3017.0
2020-04-27 18:00:00+00:00,55.19,55.62,55.13,55.6,287080.0,55.346,3517.0
2020-04-27 19:00:00+00:00,55.61,56.27,55.54,55.59,779986.0,55.8248,8098.0
2020-04-27 20:00:00+00:00,55.57,55.9,55.55,55.9,62822.0,55.5824,39.0
2020-04-27 22:00:00+00:00,55.62,55.62,55.62,55.62,100.0,55.62,1.0
2020-04-27 23:00:00+00:00,55.8,55.8,55.62,55.62,817.0,55.6448,5.0
2020-04-28 12:00:00+00:00,56.7,56.8,56.7,56.8,800.0,56.7593,6.0
2020-04-28 13:00:00+00:00,56.95,59.2,56.95,58.425,738256.0,58.4135,5808.0
2020-04-28 14:00:00+00:00,58.42,59.14,56.42,56.44,946962.0,58.0906,9697.0
2020-04-28 15:00:00+00:00,56.45,58.4,56.41,58.11,635665.0,57.7266,6148.0
2020-04-28 16:00:00+00:00,58.13,58.2,57.61,58.05,356785.0,57.939,4092.0
2020-04-28 17:00:00+00:00,58.05,58.18,57.515,57.6558,314387.0,57.8619,3416.0
2020-04-28 18:00:00+00:00,57.645,58.55,57.64,58.27,402228.0,58.206,4187.0
2020-04-28 19:00:00+00:00,58.24,58.575,57.83,57.88,805998.0,58.2108,9074.0
2020-04-28 20:00:00+00:00,57.87,58.39,57.87,58.39,132617.0,57.8761,47.0
2020-04-28 21:00:00+00:00,58.1366,58.4898,58.1,58.1,774.0,58.1816,9.0
2020-04-28 22:00:00+00:00,58.25,58.49,58.25,58.49,1012.0,58.4508,4.0
2020-04-28 23:00:00+00:00,58.25,58.25,58.1,58.25,1600.0,58.2219,6.0
2020-04-29 08:00:00+00:00,58.1,58.1,58.1,58.1,100.0,58.1,1.0
2020-04-29 11:00:00+00:00,59.3,61.0,59.3,60.0,4601.0,60.1479,56.0
2020-04-29 12:00:00+00:00,61.25,61.25,59.81,60.2,6809.0,59.9969,67.0
2020-04-29 13:00:00+00:00,60.17,62.65,59.85,61.695,1118268.0,61.5054,6702.0
2020-04-29 14:00:00+00:00,61.59,65.36,61.2736,64.72,1985806.0,63.5294,17072.0
2020-04-29 15:00:00+00:00,64.76,65.86,64.01,64.43,1460150.0,64.7851,12678.0
2020-04-29 16:00:00+00:00,64.4657,65.77,64.31,65.01,1429648.0,65.2841,11913.0
2020-04-29 17:00:00+00:00,65.04,65.3759,64.33,64.889,970809.0,64.8546,8029.0
2020-04-29 18:00:00+00:00,64.8837,65.76,64.1,65.51,765197.0,65.0647,6435.0
2020-04-29 19:00:00+00:00,65.53,66.94,65.47,66.42,1641317.0,66.2222,15870.0
2020-04-29 20:00:00+00:00,65.72,66.9,65.72,66.8,142800.0,66.2875,85.0
2020-04-29 21:00:00+00:00,66.9899,67.49,66.28,67.49,2759.0,66.9793,27.0
2020-04-29 22:00:00+00:00,67.1,67.49,66.65,67.25,2368.0,67.1775,11.0
2020-04-29 23:00:00+00:00,67.5,67.65,67.35,67.65,2565.0,67.4529,13.0
2020-04-30 11:00:00+00:00,68.07,68.1,67.5,67.8,4597.0,67.851,15.0
2020-04-30 12:00:00+00:00,67.0,68.0,66.29,67.1,10588.0,67.4029,114.0
2020-04-30 13:00:00+00:00,67.1,67.8,64.3,66.025,974603.0,65.4351,8142.0
2020-04-30 14:00:00+00:00,66.13,66.57,64.465,64.72,859897.0,65.5858,8889.0
2020-04-30 15:00:00+00:00,64.725,65.04,63.62,63.7,762648.0,64.4573,7249.0
2020-04-30 16:00:00+00:00,63.73,63.73,62.18,63.28,1077686.0,62.9797,9477.0
2020-04-30 17:00:00+00:00,63.293,63.293,62.29,62.6064,584998.0,62.7792,5594.0
2020-04-30 18:00:00+00:00,62.6405,63.23,62.4,63.0,437410.0,62.8363,4961.0
2020-04-30 19:00:00+00:00,62.99,63.91,62.67,63.3,1049286.0,63.293,11254.0
2020-04-30 20:00:00+00:00,63.35,64.78,63.35,63.35,184018.0,63.3526,41.0
2020-04-30 21:00:00+00:00,62.3,62.35,62.3,62.35,592.0,62.5617,11.0
2020-04-30 22:00:00+00:00,63.0,63.0,62.3,62.3,725.0,62.4171,7.0
2020-05-01 11:00:00+00:00,62.15,62.15,61.0,61.0,1374.0,61.6975,11.0
2020-05-01 12:00:00+00:00,61.0,61.9,60.7,61.88,5839.0,61.1278,50.0
2020-05-01 13:00:00+00:00,61.9,61.99,58.8506,59.3,757904.0,60.594,6072.0
2020-05-01 14:00:00+00:00,59.34,59.94,58.92,59.64,802208.0,59.4011,8149.0
2020-05-01 15:00:00+00:00,59.64,59.96,58.38,58.61,620955.0,59.3412,6091.0
2020-05-01 16:00:00+00:00,58.57,59.23,58.35,58.55,419121.0,58.6417,5197.0
2020-05-01 17:00:00+00:00,58.57,58.98,58.335,58.72,342513.0,58.6643,4336.0
2020-05-01 18:00:00+00:00,58.72,59.6,58.57,58.89,488665.0,59.0104,5232.0
2020-05-01 19:00:00+00:00,58.87,58.93,58.37,58.83,868811.0,58.6451,11865.0
2020-05-01 20:00:00+00:00,58.76,59.99,58.59,58.8,51674.0,58.7741,51.0
2020-05-01 21:00:00+00:00,58.7501,58.81,58.7501,58.8,24848.0,58.7595,9.0
2020-05-01 23:00:00+00:00,59.2,59.2,59.2,59.2,200.0,59.141,3.0
2020-05-04 11:00:00+00:00,58.5,58.5,58.35,58.38,2947.0,58.4646,22.0
2020-05-04 12:00:00+00:00,58.0368,58.5,58.0,58.2,2441.0,58.1128,25.0
2020-05-04 13:00:00+00:00,58.085,60.74,57.8101,60.385,748670.0,59.5114,6031.0
2020-05-04 14:00:00+00:00,60.42,62.5,60.38,61.98,1349619.0,61.8263,11066.0
2020-05-04 15:00:00+00:00,61.965,62.37,61.16,61.22,911600.0,61.7243,8966.0
2020-05-04 16:00:00+00:00,61.2262,61.98,61.04,61.885,521428.0,61.3908,5916.0
2020-05-04 17:00:00+00:00,61.9,61.98,60.7738,61.185,488957.0,61.1636,5328.0
2020-05-04 18:00:00+00:00,61.2,62.12,61.185,62.07,377577.0,61.5611,4781.0
2020-05-04 19:00:00+00:00,62.05,63.73,61.945,63.68,1561498.0,63.2355,15128.0
2020-05-04 20:00:00+00:00,63.66,63.66,63.0902,63.3,74769.0,63.6489,58.0
2020-05-04 21:00:00+00:00,63.62,63.62,63.3,63.3,13226.0,63.6457,8.0
2020-05-04 22:00:00+00:00,63.3,63.66,63.3,63.66,1403.0,63.6087,10.0
2020-05-05 11:00:00+00:00,64.85,66.0,64.85,65.65,3006.0,65.4782,26.0
2020-05-05 12:00:00+00:00,65.1032,66.66,64.85,66.35,6887.0,65.8666,53.0
2020-05-05 13:00:00+00:00,66.35,66.55,65.325,65.56,1085818.0,65.8671,9746.0
2020-05-05 14:00:00+00:00,65.595,66.17,64.16,64.7,1056031.0,65.0815,9498.0
2020-05-05 15:00:00+00:00,64.7076,65.19,64.27,64.81,617427.0,64.7358,6021.0
2020-05-05 16:00:00+00:00,64.83,65.15,64.25,64.33,482673.0,64.7361,4905.0
2020-05-05 17:00:00+00:00,64.35,64.49,63.86,64.03,679630.0,64.1809,5353.0
2020-05-05 18:00:00+00:00,64.045,64.52,63.41,63.47,477321.0,63.9673,5359.0
2020-05-05 19:00:00+00:00,63.47,63.835,62.42,62.98,1246017.0,63.0765,13222.0
2020-05-05 20:00:00+00:00,63.02,63.1,63.02,63.0602,331051.0,63.0201,51.0
2020-05-05 21:00:00+00:00,63.99,63.99,63.0702,63.0702,500.0,63.4374,4.0
2020-05-05 22:00:00+00:00,63.07,63.07,63.07,63.07,1000.0,63.07,1.0
2020-05-05 23:00:00+00:00,63.1,63.95,63.1,63.95,489.0,63.5592,7.0
2020-05-06 11:00:00+00:00,64.1,64.1,64.1,64.1,187.0,64.1,1.0
2020-05-06 12:00:00+00:00,64.0,64.0,63.21,63.43,4609.0,63.6626,37.0
2020-05-06 13:00:00+00:00,63.18,64.04,61.66,61.988,488753.0,62.9677,4301.0
2020-05-06 14:00:00+00:00,61.98,62.64,61.24,61.44,760152.0,61.7404,7906.0
2020-05-06 15:00:00+00:00,61.46,61.5025,60.59,60.92,547870.0,61.0389,5934.0
2020-05-06 16:00:00+00:00,60.93,61.5699,60.62,61.26,350519.0,61.1524,3814.0
2020-05-06 17:00:00+00:00,61.3,61.42,60.75,61.42,314884.0,61.1068,3518.0
2020-05-06 18:00:00+00:00,61.4,61.55,60.96,61.43,346230.0,61.1759,4104.0
2020-05-06 19:00:00+00:00,61.46,61.49,60.815,60.925,1083861.0,61.0994,11769.0
2020-05-06 20:00:00+00:00,60.91,60.91,60.9,60.91,79194.0,60.9099,40.0
2020-05-06 21:00:00+00:00,60.91,60.91,60.91,60.91,1800.0,60.91,2.0
2020-05-06 22:00:00+00:00,60.91,60.91,60.91,60.91,1200.0,60.91,8.0
2020-05-07 11:00:00+00:00,62.0,62.47,62.0,62.47,3891.0,62.2914,15.0
2020-05-07 12:00:00+00:00,62.25,62.97,62.25,62.97,5079.0,62.4233,33.0
2020-05-07 13:00:00+00:00,62.97,64.05,61.7,63.34,672232.0,63.3035,6270.0
2020-05-07 14:00:00+00:00,63.33,63.336,62.1,62.22,646672.0,62.5567,7328.0
2020-05-07 15:00:00+00:00,62.22,62.5029,61.76,61.829,353089.0,62.1789,4507.0
2020-05-07 16:00:00+00:00,61.815,62.7799,61.545,61.835,475550.0,62.1579,5149.0
2020-05-07 17:00:00+00:00,61.8,61.81,61.06,61.42,472740.0,61.3378,4597.0
2020-05-07 18:00:00+00:00,61.41,61.525,60.92,61.06,389274.0,61.2004,4419.0
2020-05-07 19:00:00+00:00,61.06,61.33,60.86,61.3,758007.0,61.1568,8784.0
2020-05-07 20:00:00+00:00,61.26,61.41,61.26,61.4,133897.0,61.2612,40.0
2020-05-07 21:00:00+00:00,61.7,61.7,61.7,61.7,200.0,61.7,1.0
2020-05-07 22:00:00+00:00,61.3,61.45,61.3,61.45,653.0,61.3786,8.0
2020-05-07 23:00:00+00:00,61.4,61.69,61.4,61.69,200.0,61.545,2.0
2020-05-08 11:00:00+00:00,63.77,63.77,62.6,62.6,2072.0,63.4692,5.0
2020-05-08 12:00:00+00:00,63.7599,63.7599,62.0,62.58,5134.0,62.3758,33.0
2020-05-08 13:00:00+00:00,62.58,63.23,61.555,63.13,529994.0,62.535,4397.0
2020-05-08 14:00:00+00:00,63.12,64.17,62.96,64.11,706948.0,63.6191,6787.0
2020-05-08 15:00:00+00:00,64.085,64.84,63.62,64.5136,487166.0,64.3298,5244.0
2020-05-08 16:00:00+00:00,64.51,64.7,64.09,64.63,367778.0,64.4682,3562.0
2020-05-08 17:00:00+00:00,64.63,66.05,64.55,65.59,765003.0,65.4217,6195.0
2020-05-08 18:00:00+00:00,65.59,66.22,65.521,65.77,515688.0,65.8334,5505.0
2020-05-08 19:00:00+00:00,65.8,66.19,65.6701,65.91,751246.0,65.9278,8117.0
2020-05-08 20:00:00+00:00,65.92,66.2,65.9,66.0,36031.0,65.924,42.0
2020-05-08 21:00:00+00:00,65.92,66.22,65.62,65.62,4146.0,66.0584,27.0
2020-05-08 22:00:00+00:00,65.62,65.92,65.62,65.92,400.0,65.6952,3.0
2020-05-08 23:00:00+00:00,66.0,66.2,66.0,66.2,4222.0,66.0817,6.0
2020-05-11 11:00:00+00:00,65.9,65.9,64.8,64.8,1607.0,65.1604,18.0
2020-05-11 12:00:00+00:00,64.88,65.95,64.88,65.76,7491.0,65.5665,39.0
2020-05-11 13:00:00+00:00,65.74,66.25,65.02,65.935,997833.0,65.7544,6464.0
2020-05-11 14:00:00+00:00,65.98,66.71,65.64,65.78,1063610.0,66.239,9712.0
2020-05-11 15:00:00+00:00,65.75,66.415,65.61,66.185,556008.0,66.03,4872.0
2020-05-11 16:00:00+00:00,66.1703,66.65,65.7972,65.88,377049.0,66.2586,3753.0
2020-05-11 17:00:00+00:00,65.86,66.08,65.15,65.29,352044.0,65.5785,3304.0
2020-05-11 18:00:00+00:00,65.3,65.9,65.18,65.675,394786.0,65.5139,3864.0
2020-05-11 19:00:00+00:00,65.69,66.21,65.53,65.57,814898.0,65.8956,8740.0
2020-05-11 20:00:00+00:00,65.57,65.75,65.57,65.57,57226.0,65.5713,64.0
2020-05-11 21:00:00+00:00,65.75,65.75,65.7,65.7,853.0,65.7416,8.0
2020-05-11 22:00:00+00:00,65.57,65.57,65.57,65.57,500.0,65.57,2.0
2020-05-11 23:00:00+00:00,65.61,65.61,65.58,65.58,321.0,65.5969,4.0
2020-05-12 11:00:00+00:00,65.75,66.45,65.75,66.45,942.0,66.125,6.0
2020-05-12 12:00:00+00:00,66.4999,66.69,66.4998,66.6,2717.0,66.5186,26.0
2020-05-12 13:00:00+00:00,66.54,66.87,64.46,64.76,726609.0,65.7215,6096.0
2020-05-12 14:00:00+00:00,64.75,65.24,64.13,64.2696,635909.0,64.6999,6300.0
2020-05-12 15:00:00+00:00,64.25,64.87,64.2,64.6762,541359.0,64.5673,5881.0
2020-05-12 16:00:00+00:00,64.64,65.51,64.64,65.38,421442.0,65.2122,4639.0
2020-05-12 17:00:00+00:00,65.37,65.43,64.08,64.55,461843.0,64.5136,5095.0
2020-05-12 18:00:00+00:00,64.55,64.63,63.88,64.37,578397.0,64.2332,5577.0
2020-05-12 19:00:00+00:00,64.36,64.59,63.34,63.39,1244374.0,63.9898,11187.0
2020-05-12 20:00:00+00:00,63.34,64.19,63.0,63.0,112675.0,63.3299,114.0
2020-05-12 21:00:00+00:00,62.99,63.0,62.1,63.0,508.0,62.8171,10.0
2020-05-12 22:00:00+00:00,63.0,63.15,63.0,63.15,2290.0,63.0712,8.0
2020-05-12 23:00:00+00:00,63.3,63.35,63.02,63.03,2778.0,63.0878,17.0
2020-05-13 11:00:00+00:00,62.6,63.0,62.6,63.0,477.0,62.8109,5.0
2020-05-13 12:00:00+00:00,62.419,63.36,62.419,62.85,5787.0,62.9124,34.0
2020-05-13 13:00:00+00:00,62.7,62.72,60.39,61.03,640466.0,61.2961,5615.0
2020-05-13 14:00:00+00:00,61.09,62.03,60.2,60.27,765141.0,61.1216,8150.0
2020-05-13 15:00:00+00:00,60.26,60.57,59.4402,59.69,753606.0,59.968,8886.0
2020-05-13 16:00:00+00:00,59.66,60.38,59.32,60.26,594119.0,59.8198,6969.0
2020-05-13 17:00:00+00:00,60.31,60.72,59.62,59.67,495844.0,60.1983,5891.0
2020-05-13 18:00:00+00:00,59.65,59.86,58.98,58.99,515451.0,59.4626,6488.0
2020-05-13 19:00:00+00:00,58.99,59.42,58.725,59.11,1553673.0,59.0669,15967.0
2020-05-13 20:00:00+00:00,59.05,60.67,59.05,60.67,23722.0,59.0767,24.0
2020-05-13 21:00:00+00:00,59.06,59.06,59.06,59.06,1000.0,59.06,1.0
2020-05-13 22:00:00+00:00,59.7,59.7,59.69,59.7,1100.0,59.6946,5.0
2020-05-13 23:00:00+00:00,59.8,59.8,59.7,59.7,601.0,59.7266,2.0
2020-05-14 11:00:00+00:00,59.31,59.31,58.13,58.13,2835.0,58.7469,21.0
2020-05-14 12:00:00+00:00,58.1001,58.89,57.5,57.55,5946.0,58.1752,33.0
2020-05-14 13:00:00+00:00,57.7,57.99,55.8101,56.3,674994.0,56.9575,5614.0
2020-05-14 14:00:00+00:00,56.34,60.4,56.02,59.885,1111113.0,58.3988,10299.0
2020-05-14 15:00:00+00:00,59.94,60.65,58.2,58.86,760088.0,59.6996,7674.0
2020-05-14 16:00:00+00:00,58.86,60.01,58.71,59.73,254939.0,59.3325,3181.0
2020-05-14 17:00:00+00:00,59.76,59.88,59.18,59.205,583467.0,59.5205,5244.0
2020-05-14 18:00:00+00:00,59.1903,59.46,58.79,59.2,319002.0,59.1679,3691.0
2020-05-14 19:00:00+00:00,59.15,59.44,58.69,59.42,823049.0,59.129,9894.0
2020-05-14 20:00:00+00:00,59.41,59.46,59.41,59.46,52174.0,59.412,27.0
2020-05-14 21:00:00+00:00,59.9,59.9,59.9,59.9,741.0,59.9001,3.0
2020-05-14 23:00:00+00:00,59.4201,59.4201,59.4201,59.4201,3940.0,59.4201,1.0
2020-05-15 11:00:00+00:00,59.8,59.8,59.41,59.41,1100.0,59.4455,3.0
2020-05-15 12:00:00+00:00,58.61,59.25,58.61,59.25,1501.0,58.7684,5.0
2020-05-15 13:00:00+00:00,59.2,60.03,57.79,59.758,522439.0,59.0949,3556.0
2020-05-15 14:00:00+00:00,59.63,60.5,59.29,59.64,668875.0,60.0341,5243.0
2020-05-15 15:00:00+00:00,59.6,60.15,59.16,59.84,391391.0,59.7399,4641.0
2020-05-15 16:00:00+00:00,59.83,60.37,59.6,59.7,270746.0,60.0755,3212.0
2020-05-15 17:00:00+00:00,59.71,59.855,59.44,59.74,327183.0,59.5949,3390.0
2020-05-15 18:00:00+00:00,59.75,60.194,59.5,59.5,301881.0,59.8269,3800.0
2020-05-15 19:00:00+00:00,59.49,59.59,58.53,58.75,920007.0,59.0326,11202.0
2020-05-15 20:00:00+00:00,58.78,58.88,58.52,58.71,60191.0,58.7775,58.0
2020-05-15 21:00:00+00:00,58.72,58.8,58.72,58.8,382.0,58.7621,4.0
2020-05-15 22:00:00+00:00,58.8,58.8,58.8,58.8,200.0,58.8002,2.0
2020-05-15 23:00:00+00:00,59.0,59.0,59.0,59.0,800.0,58.9988,4.0
2020-05-18 11:00:00+00:00,60.52,61.75,60.4,61.75,5028.0,61.195,37.0
2020-05-18 12:00:00+00:00,61.0,62.0,61.0,61.8,21109.0,61.7284,70.0
2020-05-18 13:00:00+00:00,61.7,63.57,61.61,63.04,880129.0,62.6359,6576.0
2020-05-18 14:00:00+00:00,63.08,64.37,62.78,63.99,826931.0,63.6285,8063.0
2020-05-18 15:00:00+00:00,64.0,64.71,63.93,64.35,537957.0,64.2885,5243.0
2020-05-18 16:00:00+00:00,64.31,64.56,63.8301,64.09,335070.0,64.2807,3553.0
2020-05-18 17:00:00+00:00,64.12,64.82,64.12,64.66,305415.0,64.5352,3254.0
2020-05-18 18:00:00+00:00,64.6678,64.77,64.02,64.65,331167.0,64.4621,3748.0
2020-05-18 19:00:00+00:00,64.6,64.905,64.2,64.35,914802.0,64.5893,10065.0
2020-05-18 20:00:00+00:00,64.35,64.35,64.3425,64.3499,59553.0,64.3487,38.0
2020-05-18 21:00:00+00:00,64.35,64.35,64.35,64.35,100.0,64.35,1.0
2020-05-18 22:00:00+00:00,64.0,64.35,64.0,64.35,2400.0,64.3354,7.0
2020-05-18 23:00:00+00:00,64.5,64.5,64.5,64.5,660.0,64.5,5.0
2020-05-19 11:00:00+00:00,64.5,64.5,64.5,64.5,100.0,64.5,1.0
2020-05-19 12:00:00+00:00,64.29,64.5,64.29,64.4799,1344.0,64.3843,11.0
2020-05-19 13:00:00+00:00,64.4,64.5,62.51,64.02,590790.0,63.4493,5806.0
2020-05-19 14:00:00+00:00,63.996,64.67,63.42,64.29,436438.0,64.0394,5320.0
2020-05-19 15:00:00+00:00,64.31,64.89,63.91,64.26,401808.0,64.4022,4419.0
2020-05-19 16:00:00+00:00,64.25,64.77,64.18,64.495,315731.0,64.5302,3293.0
2020-05-19 17:00:00+00:00,64.51,65.28,64.355,65.15,462494.0,64.9253,4242.0
2020-05-19 18:00:00+00:00,65.16,65.71,64.66,64.8,691112.0,65.3439,6651.0
2020-05-19 19:00:00+00:00,64.78,65.64,64.04,64.06,1419270.0,64.8947,14190.0
2020-05-19 20:00:00+00:00,64.05,64.055,64.0,64.0,58338.0,64.0495,36.0
2020-05-19 21:00:00+00:00,64.05,64.06,64.05,64.06,447.0,64.0522,3.0
2020-05-19 23:00:00+00:00,64.1,64.2,64.1,64.2,317.0,64.1402,5.0
2020-05-20 11:00:00+00:00,65.2,65.2,65.2,65.2,108.0,65.2,1.0
2020-05-20 12:00:00+00:00,65.54,65.99,64.05,64.05,3892.0,65.0072,15.0
2020-05-20 13:00:00+00:00,65.9,67.46,65.73,67.45,692365.0,66.5458,5737.0
2020-05-20 14:00:00+00:00,67.45,67.85,66.48,67.42,1124057.0,67.2801,10078.0
2020-05-20 15:00:00+00:00,67.425,67.95,67.05,67.87,706834.0,67.612,6773.0
2020-05-20 16:00:00+00:00,67.87,68.1162,67.38,67.885,509327.0,67.7313,5093.0
2020-05-20 17:00:00+00:00,67.895,68.23,67.71,68.1499,430941.0,68.0101,3965.0
2020-05-20 18:00:00+00:00,68.14,68.25,67.6,67.73,471910.0,67.9882,5018.0
2020-05-20 19:00:00+00:00,67.73,67.95,67.05,67.32,1050812.0,67.4406,11165.0
2020-05-20 20:00:00+00:00,67.34,67.9,67.26,67.5,58192.0,67.3452,37.0
2020-05-21 11:00:00+00:00,67.35,67.35,67.35,67.35,201.0,67.3498,2.0
2020-05-21 12:00:00+00:00,66.977,67.5,66.977,67.3,1310.0,67.314,14.0
2020-05-21 13:00:00+00:00,67.25,67.79,66.39,66.95,438419.0,67.0002,3977.0
2020-05-21 14:00:00+00:00,66.98,67.73,66.41,66.64,526025.0,67.1103,5952.0
2020-05-21 15:00:00+00:00,66.58,66.58,65.36,65.785,406631.0,65.8631,5042.0
2020-05-21 16:00:00+00:00,65.8178,66.56,65.8163,66.01,216519.0,66.1645,2839.0
2020-05-21 17:00:00+00:00,66.0,66.41,65.89,66.0305,212243.0,66.1551,2727.0
2020-05-21 18:00:00+00:00,66.02,66.45,65.92,65.96,270426.0,66.2082,3090.0
2020-05-21 19:00:00+00:00,65.99,66.21,65.52,65.68,644483.0,65.84,7807.0
2020-05-21 20:00:00+00:00,65.73,66.01,65.73,65.73,68584.0,65.7312,46.0
2020-05-21 21:00:00+00:00,65.73,65.73,65.73,65.73,103.0,65.7233,3.0
2020-05-21 22:00:00+00:00,65.99,65.99,65.99,65.99,193.0,65.9874,2.0
2020-05-22 08:00:00+00:00,64.5,64.5,64.5,64.5,106.0,64.504,2.0
2020-05-22 11:00:00+00:00,65.3,65.5,64.6,65.5,643.0,65.2057,7.0
2020-05-22 12:00:00+00:00,64.6445,65.3,64.6445,65.3,1254.0,65.0442,14.0
2020-05-22 13:00:00+00:00,65.782,65.782,64.253,64.69,498597.0,64.9373,4027.0
2020-05-22 14:00:00+00:00,64.62,65.21,63.95,64.5,506920.0,64.5087,6077.0
2020-05-22 15:00:00+00:00,64.455,65.07,64.38,64.869,330449.0,64.761,4180.0
2020-05-22 16:00:00+00:00,64.854,65.4768,64.77,65.0506,540951.0,65.1435,5134.0
2020-05-22 17:00:00+00:00,65.05,65.53,64.77,65.48,357816.0,65.0834,4013.0
2020-05-22 18:00:00+00:00,65.48,65.78,65.4,65.78,386258.0,65.6125,4267.0
2020-05-22 19:00:00+00:00,65.75,65.98,65.38,65.68,699714.0,65.6423,8463.0
2020-05-22 20:00:00+00:00,65.68,65.72,65.68,65.72,17360.0,65.6815,23.0
2020-05-22 21:00:00+00:00,65.75,65.75,65.75,65.75,487.0,65.75,1.0
2020-05-22 23:00:00+00:00,65.84,65.84,65.74,65.74,1000.0,65.75,3.0
2020-05-26 11:00:00+00:00,67.64,67.64,67.01,67.01,1093.0,67.4027,11.0
2020-05-26 12:00:00+00:00,67.6399,67.64,67.01,67.5,6156.0,67.5932,51.0
2020-05-26 13:00:00+00:00,67.64,70.15,67.62,69.62,906217.0,69.0583,6676.0
2020-05-26 14:00:00+00:00,69.605,69.79,69.16,69.285,626737.0,69.5255,6965.0
2020-05-26 15:00:00+00:00,69.25,69.48,68.69,68.75,386749.0,69.2037,5034.0
2020-05-26 16:00:00+00:00,68.78,69.06,68.58,68.7,306558.0,68.8101,3761.0
2020-05-26 17:00:00+00:00,68.685,69.4793,68.685,69.29,286926.0,69.2419,3588.0
2020-05-26 18:00:00+00:00,69.26,70.03,69.255,69.68,484997.0,69.7202,5324.0
2020-05-26 19:00:00+00:00,69.69,69.865,68.57,68.7,1204324.0,69.2619,12456.0
2020-05-26 20:00:00+00:00,68.7,69.34,68.7,68.77,31399.0,68.717,32.0
2020-05-26 22:00:00+00:00,69.27,69.27,68.7,68.7,816.0,68.9374,6.0
2020-05-26 23:00:00+00:00,68.7,68.7,68.7,68.7,1501.0,68.7,5.0
2020-05-27 12:00:00+00:00,70.2499,70.2499,69.6,70.0,9423.0,70.0767,59.0
2020-05-27 13:00:00+00:00,69.51,71.285,69.345,69.465,701307.0,70.2756,6066.0
2020-05-27 14:00:00+00:00,69.44,70.6,68.75,69.29,837931.0,69.5982,8688.0
2020-05-27 15:00:00+00:00,69.29,70.78,69.16,70.655,625905.0,69.9619,7261.0
2020-05-27 16:00:00+00:00,70.65,70.8,70.08,70.12,370191.0,70.5616,4702.0
2020-05-27 17:00:00+00:00,70.11,70.5,69.79,70.35,342515.0,70.2241,3974.0
2020-05-27 18:00:00+00:00,70.36,70.64,69.74,69.74,332432.0,70.3416,4513.0
2020-05-27 19:00:00+00:00,69.73,70.38,69.63,70.19,849643.0,70.0823,10207.0
2020-05-27 20:00:00+00:00,70.18,70.19,69.22,70.19,29729.0,70.1705,40.0
2020-05-27 22:00:00+00:00,70.22,70.22,70.21,70.21,200.0,70.215,2.0
2020-05-27 23:00:00+00:00,70.18,70.18,70.18,70.18,600.0,70.1861,5.0
2020-05-28 12:00:00+00:00,69.77,70.0,69.36,70.0,1575.0,69.4866,29.0
2020-05-28 13:00:00+00:00,70.1,70.88,68.05,68.74,591175.0,69.1538,4560.0
2020-05-28 14:00:00+00:00,68.74,69.29,68.09,69.17,576924.0,68.6875,5784.0
2020-05-28 15:00:00+00:00,69.17,69.63,68.4,69.49,580803.0,68.9945,5847.0
2020-05-28 16:00:00+00:00,69.52,69.7,68.919,69.105,325198.0,69.291,3229.0
2020-05-28 17:00:00+00:00,69.13,69.205,68.6722,69.0,364696.0,68.8796,4104.0
2020-05-28 18:00:00+00:00,68.99,69.07,68.1,68.325,400035.0,68.5485,4141.0
2020-05-28 19:00:00+00:00,68.32,68.42,66.53,67.13,1340716.0,67.4094,14284.0
2020-05-28 20:00:00+00:00,67.13,68.99,66.26,67.95,268398.0,67.1456,53.0
2020-05-28 21:00:00+00:00,67.93,67.94,67.5,67.5,2034.0,67.8341,15.0
2020-05-28 22:00:00+00:00,67.7,67.7,67.7,67.7,450.0,67.7,1.0
2020-05-28 23:00:00+00:00,67.41,67.7,67.4,67.7,1825.0,67.4253,10.0
2020-05-29 11:00:00+00:00,67.74,67.74,67.54,67.54,1562.0,67.6063,9.0
2020-05-29 12:00:00+00:00,68.0,68.0,66.99,67.0,3568.0,67.2571,22.0
2020-05-29 13:00:00+00:00,66.95,67.33,65.92,66.445,470093.0,66.6441,3760.0
2020-05-29 14:00:00+00:00,66.38,67.44,65.7916,66.29,482125.0,66.5901,5256.0
2020-05-29 15:00:00+00:00,66.31,66.94,66.3,66.37,326747.0,66.6288,4486.0
2020-05-29 16:00:00+00:00,66.38,66.55,65.75,66.36,260722.0,66.1545,3550.0
2020-05-29 17:00:00+00:00,66.38,66.55,66.087,66.5,243764.0,66.339,3217.0
2020-05-29 18:00:00+00:00,66.46,67.63,66.3,67.62,459503.0,66.8732,6158.0
2020-05-29 19:00:00+00:00,67.62,67.93,66.34,66.64,1250958.0,67.0233,15529.0
2020-05-29 20:00:00+00:00,66.64,66.67,66.64,66.64,500695.0,66.6405,63.0
2020-05-29 21:00:00+00:00,66.88,67.0,66.88,67.0,1001.0,66.8921,7.0
2020-05-29 22:00:00+00:00,67.0,67.0,67.0,67.0,600.0,67.0,2.0
2020-05-29 23:00:00+00:00,67.19,67.19,67.18,67.18,992.0,67.189,3.0
2020-06-01 11:00:00+00:00,66.33,67.2,66.33,67.2,880.0,67.0372,6.0
2020-06-01 12:00:00+00:00,67.5,67.5,67.3,67.3,1956.0,67.3993,16.0
2020-06-01 13:00:00+00:00,67.49,67.49,65.3,66.44,673525.0,66.2113,5783.0
2020-06-01 14:00:00+00:00,66.48,67.34,66.16,66.3,521549.0,66.8655,6017.0
2020-06-01 15:00:00+00:00,66.32,66.56,65.75,65.875,464972.0,66.0598,5447.0
2020-06-01 16:00:00+00:00,65.8632,66.39,65.815,66.245,402797.0,66.117,4502.0
2020-06-01 17:00:00+00:00,66.26,66.8599,66.168,66.62,391036.0,66.5787,5241.0
2020-06-01 18:00:00+00:00,66.62,66.77,66.21,66.59,431959.0,66.5294,4411.0
2020-06-01 19:00:00+00:00,66.62,67.03,66.41,66.59,799894.0,66.6185,9747.0
2020-06-01 20:00:00+00:00,66.58,66.99,66.34,66.58,42694.0,66.5785,40.0
2020-06-01 22:00:00+00:00,66.58,66.58,66.58,66.58,115.0,66.58,1.0
2020-06-01 23:00:00+00:00,66.33,66.33,66.1,66.25,800.0,66.2232,8.0
2020-06-02 11:00:00+00:00,67.2,67.68,67.2,67.68,1411.0,67.3199,6.0
2020-06-02 12:00:00+00:00,67.45,67.76,67.4498,67.75,1749.0,67.4853,9.0
2020-06-02 13:00:00+00:00,67.28,67.85,66.5225,67.5,455553.0,67.2646,3822.0
2020-06-02 14:00:00+00:00,67.56,68.2616,67.46,68.16,600017.0,67.9042,6201.0
2020-06-02 15:00:00+00:00,68.19,68.29,67.71,68.195,498006.0,67.9872,5256.0
2020-06-02 16:00:00+00:00,68.1945,68.6899,68.09,68.27,455034.0,68.3873,4213.0
2020-06-02 17:00:00+00:00,68.265,68.56,68.17,68.38,291592.0,68.3799,3530.0
2020-06-02 18:00:00+00:00,68.36,68.48,67.8357,68.1668,260878.0,68.1383,3357.0
2020-06-02 19:00:00+00:00,68.155,68.21,67.655,68.21,828469.0,67.9284,9191.0
2020-06-02 20:00:00+00:00,68.19,68.49,67.57,67.74,34690.0,68.1858,40.0
2020-06-02 22:00:00+00:00,68.0,68.4,68.0,68.4,200.0,68.2,2.0
2020-06-02 23:00:00+00:00,67.8,67.8,67.8,67.8,450.0,67.85,4.0
2020-06-03 11:00:00+00:00,68.5,68.79,68.5,68.79,1398.0,68.7049,10.0
2020-06-03 12:00:00+00:00,68.689,69.1,68.6,68.6,2792.0,68.9443,25.0
2020-06-03 13:00:00+00:00,69.1,70.41,68.72,69.59,560176.0,69.6913,3828.0
2020-06-03 14:00:00+00:00,69.675,70.4,69.02,69.46,724189.0,69.7885,7268.0
2020-06-03 15:00:00+00:00,69.42,70.02,69.13,69.325,518285.0,69.5564,5588.0
2020-06-03 16:00:00+00:00,69.3433,69.41,68.9,68.95,412825.0,69.1881,4489.0
2020-06-03 17:00:00+00:00,68.96,69.155,68.65,69.12,391331.0,68.8989,4597.0
2020-06-03 18:00:00+00:00,69.115,70.35,69.08,70.245,584463.0,69.962,6363.0
2020-06-03 19:00:00+00:00,70.24,70.93,69.91,70.55,1193522.0,70.5218,12565.0
2020-06-03 20:00:00+00:00,70.54,70.54,70.14,70.53,134901.0,70.5392,38.0
2020-06-03 21:00:00+00:00,70.12,70.53,70.12,70.53,516.0,70.3622,11.0
2020-06-03 23:00:00+00:00,70.54,70.54,70.54,70.54,500.0,70.5397,7.0
2020-06-04 11:00:00+00:00,70.48,70.48,70.48,70.48,332.0,70.453,4.0
2020-06-04 12:00:00+00:00,69.83,70.43,69.38,69.5001,2977.0,69.6243,24.0
2020-06-04 13:00:00+00:00,69.72,70.4208,69.16,69.2976,385892.0,69.5293,3782.0
2020-06-04 14:00:00+00:00,69.2536,70.54,69.22,70.246,521133.0,69.9522,5964.0
2020-06-04 15:00:00+00:00,70.265,70.27,69.41,69.79,368571.0,69.7322,4074.0
2020-06-04 16:00:00+00:00,69.81,69.83,69.1849,69.395,301926.0,69.4139,4124.0
2020-06-04 17:00:00+00:00,69.38,70.19,69.19,70.19,419463.0,69.7422,4730.0
2020-06-04 18:00:00+00:00,70.2,70.59,69.98,69.98,299357.0,70.3213,3891.0
2020-06-04 19:00:00+00:00,69.98,70.09,69.36,70.05,617063.0,69.7558,7615.0
2020-06-04 20:00:00+00:00,70.05,70.05,70.01,70.01,44473.0,70.0497,29.0
2020-06-04 21:00:00+00:00,70.48,70.48,69.9,70.01,738.0,70.0959,8.0
2020-06-04 22:00:00+00:00,70.0,70.0,70.0,70.0,800.0,70.0,2.0
2020-06-04 23:00:00+00:00,70.0,70.0,70.0,70.0,204.0,70.0,2.0
2020-06-05 11:00:00+00:00,69.68,71.98,69.68,71.98,4829.0,71.2139,34.0
2020-06-05 12:00:00+00:00,71.5,73.17,71.5,73.09,14064.0,72.2207,84.0
2020-06-05 13:00:00+00:00,73.078,75.245,72.26,74.29,911481.0,74.1383,8415.0
2020-06-05 14:00:00+00:00,74.2337,75.0,73.7,74.61,675347.0,74.3652,8750.0
2020-06-05 15:00:00+00:00,74.59,75.6241,74.58,75.1852,661678.0,75.1989,7809.0
2020-06-05 16:00:00+00:00,75.21,75.5,74.55,75.375,590293.0,75.1416,7085.0
2020-06-05 17:00:00+00:00,75.38,75.71,75.03,75.525,393887.0,75.4324,5081.0
2020-06-05 18:00:00+00:00,75.54,75.75,74.96,74.96,550288.0,75.481,6140.0
2020-06-05 19:00:00+00:00,74.97,75.05,73.96,74.67,998487.0,74.4291,11709.0
2020-06-05 20:00:00+00:00,74.64,74.64,74.05,74.35,317278.0,74.6361,72.0
2020-06-05 21:00:00+00:00,74.5,74.5,74.2,74.24,866.0,74.29,6.0
2020-06-08 11:00:00+00:00,75.56,78.05,75.56,78.05,5408.0,77.5693,52.0
2020-06-08 12:00:00+00:00,75.85,78.12,75.85,76.76,10820.0,77.565,156.0
2020-06-08 13:00:00+00:00,76.73,77.11,75.76,76.92,681442.0,76.4294,6809.0
2020-06-08 14:00:00+00:00,76.86,76.893,74.54,75.3032,705843.0,75.5049,8492.0
2020-06-08 15:00:00+00:00,75.32,75.58,74.86,74.95,420501.0,75.2188,5174.0
2020-06-08 16:00:00+00:00,74.98,75.28,74.73,75.03,369866.0,75.0041,4626.0
2020-06-08 17:00:00+00:00,75.04,75.085,74.5,74.6418,469371.0,74.86,4751.0
2020-06-08 18:00:00+00:00,74.64,74.66,74.225,74.615,461429.0,74.4692,4870.0
2020-06-08 19:00:00+00:00,74.62,75.64,74.58,75.61,810143.0,75.1574,10402.0
2020-06-08 20:00:00+00:00,75.62,75.85,75.01,75.62,69921.0,75.6228,83.0
2020-06-08 21:00:00+00:00,75.62,75.62,75.62,75.62,2946.0,75.62,1.0
2020-06-08 22:00:00+00:00,75.11,75.62,74.9,75.62,5100.0,75.003,16.0
2020-06-08 23:00:00+00:00,75.62,75.62,75.5,75.62,1189.0,75.5997,7.0
2020-06-09 11:00:00+00:00,75.0,75.0,73.72,74.0,2540.0,73.9109,18.0
2020-06-09 12:00:00+00:00,74.0,74.5,73.75,73.75,15550.0,73.8918,77.0
2020-06-09 13:00:00+00:00,73.77,73.77,72.13,72.6802,540241.0,73.1294,4719.0
2020-06-09 14:00:00+00:00,72.74,72.95,71.69,72.53,843962.0,72.2446,10210.0
2020-06-09 15:00:00+00:00,72.52,72.76,71.56,71.91,572176.0,72.0928,7214.0
2020-06-09 16:00:00+00:00,71.93,71.93,71.03,71.1687,492422.0,71.4834,6224.0
2020-06-09 17:00:00+00:00,71.14,72.19,71.06,72.09,524746.0,71.7173,5568.0
2020-06-09 18:00:00+00:00,72.12,72.12,71.18,71.7,443695.0,71.5462,5832.0
2020-06-09 19:00:00+00:00,71.7,71.74,71.14,71.29,1024868.0,71.4535,13868.0
2020-06-09 20:00:00+00:00,71.27,71.35,71.2501,71.27,55167.0,71.2694,39.0
2020-06-09 21:00:00+00:00,71.29,71.55,71.21,71.21,2478.0,71.2732,24.0
2020-06-09 22:00:00+00:00,71.74,71.74,71.21,71.5,1105.0,71.5893,9.0
2020-06-09 23:00:00+00:00,71.5,71.64,71.25,71.27,1996.0,71.415,15.0
2020-06-10 09:00:00+00:00,71.1,71.1,71.1,71.1,100.0,71.1,1.0
2020-06-10 11:00:00+00:00,71.0,71.01,70.55,70.55,1039.0,70.9037,16.0
2020-06-10 12:00:00+00:00,70.6666,71.25,70.6666,71.25,567.0,71.0077,8.0
2020-06-10 13:00:00+00:00,71.002,71.82,69.72,69.93,470641.0,70.6213,4673.0
2020-06-10 14:00:00+00:00,70.0,70.075,68.68,69.05,663566.0,69.4041,7780.0
2020-06-10 15:00:00+00:00,69.03,70.9435,69.0,70.83,494675.0,70.159,5857.0
2020-06-10 16:00:00+00:00,70.85,71.5,70.76,70.965,476825.0,71.1924,4789.0
2020-06-10 17:00:00+00:00,70.96,71.19,70.69,71.02,265498.0,70.9228,3314.0
2020-06-10 18:00:00+00:00,71.0,72.35,70.04,70.35,611075.0,71.3224,7990.0
2020-06-10 19:00:00+00:00,70.35,70.43,69.04,69.05,1057130.0,69.6571,12815.0
2020-06-10 20:00:00+00:00,69.05,70.301,69.01,69.05,151649.0,69.1735,62.0
2020-06-10 21:00:00+00:00,69.04,69.04,69.0,69.0,341.0,69.0117,5.0
2020-06-10 22:00:00+00:00,69.01,69.01,69.0,69.0,911.0,69.0027,8.0
2020-06-10 23:00:00+00:00,68.9,68.9,68.5,68.5,1107.0,68.6086,10.0
2020-06-11 11:00:00+00:00,67.5,67.96,65.6,65.86,7099.0,66.2274,79.0
2020-06-11 12:00:00+00:00,67.79,67.79,64.5,64.5,20021.0,65.4428,162.0
2020-06-11 13:00:00+00:00,64.91,66.52,63.52,66.22,779678.0,64.9292,6276.0
2020-06-11 14:00:00+00:00,66.25,66.48,64.46,64.64,760241.0,65.5597,8115.0
2020-06-11 15:00:00+00:00,64.62,64.81,62.83,63.14,769037.0,63.6482,8363.0
2020-06-11 16:00:00+00:00,63.13,63.13,62.01,62.33,787284.0,62.4906,8836.0
2020-06-11 17:00:00+00:00,62.315,63.15,62.2,62.495,530196.0,62.6064,6149.0
2020-06-11 18:00:00+00:00,62.48,62.5,61.0201,61.18,771002.0,61.8495,8244.0
2020-06-11 19:00:00+00:00,61.195,61.77,60.275,60.68,1376335.0,60.7829,16439.0
2020-06-11 20:00:00+00:00,60.68,60.68,60.43,60.68,24760.0,60.6744,65.0
2020-06-11 21:00:00+00:00,60.66,61.35,60.66,61.35,5362.0,60.7352,49.0
2020-06-11 22:00:00+00:00,61.24,61.36,60.6,61.03,3820.0,61.1051,28.0
2020-06-11 23:00:00+00:00,61.03,61.44,61.03,61.35,2106.0,61.2735,17.0
2020-06-12 11:00:00+00:00,63.96,63.96,63.5,63.54,1355.0,63.5827,10.0
2020-06-12 12:00:00+00:00,62.02,63.8,61.7,63.16,7180.0,63.2638,75.0
2020-06-12 13:00:00+00:00,63.18,64.65,63.18,63.79,717032.0,63.9813,5838.0
2020-06-12 14:00:00+00:00,63.725,64.63,62.205,62.225,494084.0,63.5622,6281.0
2020-06-12 15:00:00+00:00,62.22,63.06,61.905,63.02,440179.0,62.3834,6150.0
2020-06-12 16:00:00+00:00,63.0288,63.16,62.12,62.83,308954.0,62.6772,4254.0
2020-06-12 17:00:00+00:00,62.86,63.06,61.72,61.76,243094.0,62.4528,3906.0
2020-06-12 18:00:00+00:00,61.79,62.66,61.665,62.44,248283.0,62.228,3958.0
2020-06-12 19:00:00+00:00,62.55,63.85,62.53,63.79,776077.0,63.3531,10615.0
2020-06-12 20:00:00+00:00,63.79,63.8,62.78,63.8,7060.0,63.6535,29.0
2020-06-12 21:00:00+00:00,63.8,63.8,63.8,63.8,16336.0,63.8,1.0
2020-06-12 22:00:00+00:00,63.8,63.82,63.8,63.82,1398.0,63.8143,7.0
2020-06-12 23:00:00+00:00,63.82,63.82,63.79,63.82,416.0,63.8056,5.0
2020-06-15 11:00:00+00:00,62.06,62.55,61.03,61.03,3304.0,61.6726,32.0
2020-06-15 12:00:00+00:00,61.3801,62.95,60.88,62.0,16540.0,61.4499,71.0
2020-06-15 13:00:00+00:00,61.05,62.88,59.56,60.4858,889142.0,60.4878,7741.0
2020-06-15 14:00:00+00:00,60.46,61.66,60.06,61.58,819621.0,60.7856,9191.0
2020-06-15 15:00:00+00:00,61.58,62.31,61.31,61.705,461771.0,61.7053,5322.0
2020-06-15 16:00:00+00:00,61.67,63.305,61.63,63.3,507626.0,62.4542,4923.0
2020-06-15 17:00:00+00:00,63.28,63.7,62.43,62.455,416783.0,63.0921,4674.0
2020-06-15 18:00:00+00:00,62.5,63.97,62.48,63.265,478217.0,63.321,5623.0
2020-06-15 19:00:00+00:00,63.27,63.85,62.82,63.63,723574.0,63.3525,8986.0
2020-06-15 20:00:00+00:00,63.59,63.99,63.59,63.59,85606.0,63.5907,35.0
2020-06-15 21:00:00+00:00,63.76,64.0,63.61,63.61,4270.0,63.6853,11.0
2020-06-15 22:00:00+00:00,64.0,64.0,64.0,64.0,244.0,64.0,3.0
2020-06-15 23:00:00+00:00,63.65,64.33,63.65,64.32,654.0,64.3158,9.0
2020-06-16 09:00:00+00:00,65.21,65.21,65.21,65.21,200.0,65.1831,3.0
2020-06-16 10:00:00+00:00,65.32,66.0,65.32,66.0,1000.0,65.801,5.0
2020-06-16 11:00:00+00:00,64.77,65.96,64.75,65.33,3109.0,65.4919,21.0
2020-06-16 12:00:00+00:00,65.92,66.5,65.3001,66.4999,17801.0,65.936,100.0
2020-06-16 13:00:00+00:00,66.5,67.7,65.75,66.64,589392.0,66.537,5118.0
2020-06-16 14:00:00+00:00,66.63,67.77,65.0401,65.19,689681.0,66.8524,7504.0
2020-06-16 15:00:00+00:00,65.14,66.41,64.41,65.54,614672.0,65.7408,7162.0
2020-06-16 16:00:00+00:00,65.58,66.88,65.21,66.58,252112.0,66.1002,3585.0
2020-06-16 17:00:00+00:00,66.58,66.73,65.95,66.21,237096.0,66.3699,3568.0
2020-06-16 18:00:00+00:00,66.22,67.13,66.17,66.53,383840.0,66.6545,5458.0
2020-06-16 19:00:00+00:00,66.57,66.57,65.65,66.26,850224.0,66.0445,11470.0
2020-06-16 20:00:00+00:00,66.16,66.17,66.16,66.16,78264.0,66.16,31.0
2020-06-16 21:00:00+00:00,66.16,66.25,66.0,66.1,1206.0,66.1476,12.0
2020-06-16 22:00:00+00:00,65.5,65.79,65.5,65.5,1397.0,65.5564,6.0
2020-06-16 23:00:00+00:00,65.72,65.72,65.72,65.72,100.0,65.72,1.0
2020-06-17 11:00:00+00:00,66.46,66.46,66.46,66.46,390.0,66.3954,3.0
2020-06-17 12:00:00+00:00,65.7,65.71,65.17,65.17,8202.0,65.5557,27.0
2020-06-17 13:00:00+00:00,65.1502,65.84,63.42,63.49,673537.0,64.4882,5593.0
2020-06-17 14:00:00+00:00,63.5,64.37,62.71,63.94,1021917.0,63.4685,8051.0
2020-06-17 15:00:00+00:00,63.8731,64.15,62.86,63.275,535974.0,63.3331,5081.0
2020-06-17 16:00:00+00:00,63.25,63.43,63.0213,63.25,293813.0,63.2407,3242.0
2020-06-17 17:00:00+00:00,63.25,63.73,63.17,63.3,448997.0,63.4691,4112.0
2020-06-17 18:00:00+00:00,63.29,63.87,63.17,63.62,300733.0,63.4405,3479.0
2020-06-17 19:00:00+00:00,63.61,63.61,62.3,62.31,962658.0,62.7619,10580.0
2020-06-17 20:00:00+00:00,62.32,62.32,62.3,62.32,55401.0,62.3197,58.0
2020-06-17 21:00:00+00:00,62.3198,62.32,62.3198,62.32,300.0,62.3199,4.0
2020-06-17 22:00:00+00:00,62.32,62.32,62.24,62.24,3691.0,62.305,30.0
2020-06-17 23:00:00+00:00,62.32,62.32,62.15,62.15,1496.0,62.2898,10.0
2020-06-18 08:00:00+00:00,62.32,62.32,62.32,62.32,100.0,62.32,1.0
2020-06-18 11:00:00+00:00,62.0,62.0,62.0,62.0,400.0,62.0061,6.0
2020-06-18 12:00:00+00:00,62.75,62.75,61.59,61.8,8771.0,61.8432,58.0
2020-06-18 13:00:00+00:00,61.75,63.87,61.34,63.32,392741.0,62.7424,3337.0
2020-06-18 14:00:00+00:00,63.39,65.04,63.31,64.99,744789.0,64.5152,6900.0
2020-06-18 15:00:00+00:00,64.88,64.92,64.31,64.51,353888.0,64.5846,3863.0
2020-06-18 16:00:00+00:00,64.47,65.35,64.33,64.87,349360.0,64.9047,4040.0
2020-06-18 17:00:00+00:00,64.92,65.12,64.72,64.95,265626.0,64.9472,3106.0
2020-06-18 18:00:00+00:00,64.97,65.04,64.57,64.59,325584.0,64.7865,3826.0
2020-06-18 19:00:00+00:00,64.59,64.71,64.185,64.61,812229.0,64.433,8924.0
2020-06-18 20:00:00+00:00,64.63,65.08,64.0,65.08,104231.0,64.6429,50.0
2020-06-18 21:00:00+00:00,65.0301,65.1,65.0,65.0,2100.0,65.0228,14.0
2020-06-18 22:00:00+00:00,64.83,64.83,64.83,64.83,575.0,64.8535,6.0
2020-06-19 11:00:00+00:00,66.08,66.1,66.08,66.1,590.0,66.0771,6.0
2020-06-19 12:00:00+00:00,66.6214,66.6214,66.0,66.4412,2363.0,66.4325,21.0
2020-06-19 13:00:00+00:00,66.32,66.86,64.81,64.84,1430380.0,65.8865,7468.0
2020-06-19 14:00:00+00:00,64.81,65.1,64.02,64.85,629286.0,64.6336,6588.0
2020-06-19 15:00:00+00:00,64.89,65.83,64.8165,65.8,464225.0,65.4209,5236.0
2020-06-19 16:00:00+00:00,65.8499,65.8499,64.5,65.46,667265.0,65.1464,7010.0
2020-06-19 17:00:00+00:00,65.43,65.46,64.12,64.14,408972.0,64.8512,4721.0
2020-06-19 18:00:00+00:00,64.19,64.72,63.88,64.62,379428.0,64.2873,4614.0
2020-06-19 19:00:00+00:00,64.61,64.61,63.02,63.17,1282329.0,63.6408,14789.0
2020-06-19 20:00:00+00:00,63.16,63.1615,62.77,62.96,1297500.0,63.1593,82.0
2020-06-19 21:00:00+00:00,63.16,63.16,63.0,63.16,2500.0,63.1057,17.0
2020-06-19 22:00:00+00:00,63.16,63.21,63.16,63.21,1977.0,63.1674,8.0
2020-06-19 23:00:00+00:00,63.6,63.6,63.6,63.6,280.0,63.5821,5.0
2020-06-22 11:00:00+00:00,62.75,63.0,62.75,63.0,1767.0,62.862,11.0
2020-06-22 12:00:00+00:00,63.2999,63.3,62.03,63.2581,13494.0,62.8275,33.0
2020-06-22 13:00:00+00:00,63.1,63.1999,61.46,62.47,472908.0,62.1766,3936.0
2020-06-22 14:00:00+00:00,62.47,62.65,61.67,61.735,352856.0,62.2242,4207.0
2020-06-22 15:00:00+00:00,61.67,62.11,61.55,61.725,389499.0,61.8059,4269.0
2020-06-22 16:00:00+00:00,61.73,62.83,61.73,62.7301,356230.0,62.2995,3814.0
2020-06-22 17:00:00+00:00,62.778,63.0,62.41,62.93,261261.0,62.7231,3235.0
2020-06-22 18:00:00+00:00,62.9,62.92,62.415,62.7534,262319.0,62.6405,3240.0
2020-06-22 19:00:00+00:00,62.75,62.83,62.18,62.57,619328.0,62.4518,7527.0
2020-06-22 20:00:00+00:00,62.66,62.76,62.48,62.4999,111770.0,62.6461,100.0
2020-06-22 21:00:00+00:00,62.5,62.5,62.5,62.5,397.0,62.5,4.0
2020-06-22 22:00:00+00:00,62.75,62.75,62.75,62.75,100.0,62.75,1.0
2020-06-22 23:00:00+00:00,62.75,62.85,62.75,62.85,1025.0,62.7793,5.0
2020-06-23 11:00:00+00:00,63.25,63.25,62.9,63.04,1797.0,63.1748,18.0
2020-06-23 12:00:00+00:00,62.89,63.61,62.89,63.6,14003.0,63.5158,44.0
2020-06-23 13:00:00+00:00,63.22,63.75,62.68,63.026,348050.0,63.276,2985.0
2020-06-23 14:00:00+00:00,62.99,63.4,62.68,63.08,357208.0,63.0921,4330.0
2020-06-23 15:00:00+00:00,63.0985,63.6799,62.91,63.49,273670.0,63.4048,3533.0
2020-06-23 16:00:00+00:00,63.51,63.73,63.32,63.405,218406.0,63.515,2849.0
2020-06-23 17:00:00+00:00,63.42,63.48,63.01,63.29,185108.0,63.2769,2672.0
2020-06-23 18:00:00+00:00,63.285,63.285,62.93,62.96,243421.0,63.0772,3481.0
2020-06-23 19:00:00+00:00,62.945,62.97,62.5,62.66,646772.0,62.7208,7453.0
2020-06-23 20:00:00+00:00,62.65,63.0197,62.65,62.65,150833.0,62.802,40.0
2020-06-23 22:00:00+00:00,62.65,62.7,62.65,62.7,2980.0,62.6664,11.0
2020-06-23 23:00:00+00:00,62.5,62.65,62.5,62.65,284.0,62.5529,3.0
2020-06-24 11:00:00+00:00,62.0,62.01,61.99,61.99,2082.0,61.9966,15.0
2020-06-24 12:00:00+00:00,62.4,62.4,61.65,61.9999,3826.0,61.8471,22.0
2020-06-24 13:00:00+00:00,62.0,62.33,59.85,59.87,752609.0,60.6853,5537.0
2020-06-24 14:00:00+00:00,59.89,60.32,59.08,59.15,813939.0,59.7814,8507.0
2020-06-24 15:00:00+00:00,59.11,61.075,57.29,57.93,1046729.0,58.1762,10922.0
2020-06-24 16:00:00+00:00,57.94,58.37,57.58,58.3,599959.0,58.0028,6607.0
2020-06-24 17:00:00+00:00,58.273,58.44,57.75,58.01,456662.0,58.1178,4123.0
2020-06-24 18:00:00+00:00,57.995,58.4,57.8,58.01,419662.0,58.1075,4952.0
2020-06-24 19:00:00+00:00,58.05,58.93,58.0,58.03,1099240.0,58.3936,12309.0
2020-06-24 20:00:00+00:00,58.02,58.86,58.02,58.02,31738.0,58.0298,36.0
2020-06-24 21:00:00+00:00,58.25,58.25,58.02,58.02,2144.0,58.1696,7.0
2020-06-24 22:00:00+00:00,58.24,58.5,58.05,58.05,638.0,58.2807,7.0
2020-06-24 23:00:00+00:00,58.05,58.05,58.02,58.03,550.0,58.0525,10.0
2020-06-25 08:00:00+00:00,58.0,58.0,58.0,58.0,154.0,58.0,1.0
2020-06-25 11:00:00+00:00,57.49,57.49,57.49,57.49,718.0,57.5148,5.0
2020-06-25 12:00:00+00:00,58.99,58.99,57.23,57.23,3813.0,57.552,47.0
2020-06-25 13:00:00+00:00,57.2699,57.99,56.71,57.86,481373.0,57.2676,3998.0
2020-06-25 14:00:00+00:00,57.81,58.45,57.25,57.45,562394.0,57.8892,6762.0
2020-06-25 15:00:00+00:00,57.445,57.5199,56.585,56.845,642861.0,57.0595,7758.0
2020-06-25 16:00:00+00:00,56.845,57.415,56.845,57.09,549749.0,57.1313,6069.0
2020-06-25 17:00:00+00:00,57.09,57.26,56.85,57.06,342480.0,57.0419,4369.0
2020-06-25 18:00:00+00:00,57.0664,57.0664,56.59,56.79,422068.0,56.7742,5232.0
2020-06-25 19:00:00+00:00,56.78,57.36,56.715,57.31,1271218.0,57.1831,12468.0
2020-06-25 20:00:00+00:00,57.28,57.4,57.28,57.3,98388.0,57.2824,46.0
2020-06-25 21:00:00+00:00,57.28,57.3,57.28,57.28,25932.0,57.2807,8.0
2020-06-25 22:00:00+00:00,57.28,57.28,57.28,57.28,1118.0,57.28,2.0
2020-06-25 23:00:00+00:00,57.29,57.45,57.29,57.45,919.0,57.3348,5.0
2020-06-26 11:00:00+00:00,57.32,57.33,57.32,57.33,349.0,57.3257,2.0
2020-06-26 12:00:00+00:00,57.5,57.5,56.83,56.83,2563.0,57.2007,27.0
2020-06-26 13:00:00+00:00,56.95,57.28,56.45,56.67,280259.0,56.7959,2437.0
2020-06-26 14:00:00+00:00,56.65,56.67,55.66,56.1,775474.0,56.023,7809.0
2020-06-26 15:00:00+00:00,56.13,56.57,55.97,56.42,380695.0,56.2593,4574.0
2020-06-26 16:00:00+00:00,56.43,56.85,56.145,56.71,259149.0,56.5194,3458.0
2020-06-26 17:00:00+00:00,56.64,56.92,56.53,56.78,262657.0,56.728,3060.0
2020-06-26 18:00:00+00:00,56.74,56.78,55.94,56.36,466861.0,56.199,5901.0
2020-06-26 19:00:00+00:00,56.365,56.77,56.19,56.31,1020067.0,56.4218,11464.0
2020-06-26 20:00:00+00:00,56.32,56.36,56.32,56.36,52512.0,56.3217,29.0
2020-06-26 21:00:00+00:00,56.53,56.55,56.53,56.55,328.0,56.5422,2.0
2020-06-26 22:00:00+00:00,56.32,56.5,56.32,56.5,473.0,56.3603,6.0
2020-06-29 11:00:00+00:00,56.32,56.99,56.25,56.99,3468.0,56.7704,26.0
2020-06-29 12:00:00+00:00,56.93,56.93,56.79,56.79,1359.0,56.8442,10.0
2020-06-29 13:00:00+00:00,56.78,57.515,56.51,57.325,354617.0,57.0057,3218.0
2020-06-29 14:00:00+00:00,57.3,58.19,57.3,57.99,464030.0,57.8519,4979.0
2020-06-29 15:00:00+00:00,58.01,58.05,57.02,57.0308,404462.0,57.4078,4184.0
2020-06-29 16:00:00+00:00,57.0604,57.98,57.04,57.65,296134.0,57.5144,3820.0
2020-06-29 17:00:00+00:00,57.65,58.0399,57.48,57.49,293049.0,57.7291,3048.0
2020-06-29 18:00:00+00:00,57.49,57.495,56.28,56.295,395030.0,56.8007,4562.0
2020-06-29 19:00:00+00:00,56.295,56.99,56.06,56.99,839625.0,56.5616,9550.0
2020-06-29 20:00:00+00:00,56.95,57.4,56.95,57.01,150040.0,56.9565,76.0
2020-06-29 21:00:00+00:00,57.59,57.59,57.59,57.59,1000.0,57.59,1.0
2020-06-29 22:00:00+00:00,57.26,57.26,57.26,57.26,200.0,57.26,1.0
2020-06-30 11:00:00+00:00,56.58,57.0,56.58,57.0,2400.0,56.93,3.0
2020-06-30 12:00:00+00:00,56.62,56.62,56.62,56.62,400.0,56.6386,3.0
2020-06-30 13:00:00+00:00,56.6219,56.7,55.77,55.95,413809.0,56.162,2966.0
2020-06-30 14:00:00+00:00,56.06,57.0547,55.78,56.98,423749.0,56.3855,4226.0
2020-06-30 15:00:00+00:00,56.99,57.53,56.92,57.52,647649.0,57.1905,4170.0
2020-06-30 16:00:00+00:00,57.54,57.84,57.4,57.471,293633.0,57.5878,3313.0
2020-06-30 17:00:00+00:00,57.47,57.55,57.1,57.445,366795.0,57.2619,4099.0
2020-06-30 18:00:00+00:00,57.45,58.29,57.28,58.225,369071.0,57.783,4206.0
2020-06-30 19:00:00+00:00,58.23,59.1,57.79,58.81,1144661.0,58.6417,11306.0
2020-06-30 20:00:00+00:00,58.82,58.82,58.5101,58.71,495363.0,58.8197,43.0
2020-06-30 21:00:00+00:00,58.81,58.81,58.81,58.81,165.0,58.8139,2.0
2020-06-30 23:00:00+00:00,58.8,58.8,58.8,58.8,100.0,58.8,1.0
2020-07-01 11:00:00+00:00,58.53,58.53,58.51,58.51,563.0,58.5274,3.0
2020-07-01 12:00:00+00:00,58.64,58.88,58.2,58.81,4208.0,58.5858,44.0
2020-07-01 13:00:00+00:00,59.1,60.3,58.85,59.04,301843.0,59.5736,2598.0
2020-07-01 14:00:00+00:00,59.3737,59.44,57.93,58.25,463688.0,58.5525,4467.0
2020-07-01 15:00:00+00:00,58.26,58.29,56.96,57.47,411905.0,57.5049,4611.0
2020-07-01 16:00:00+00:00,57.47,57.48,56.89,56.97,321261.0,57.1961,4140.0
2020-07-01 17:00:00+00:00,56.99,57.21,56.374,56.39,354655.0,56.856,3933.0
2020-07-01 18:00:00+00:00,56.395,57.0308,56.395,56.63,282951.0,56.6896,3443.0
2020-07-01 19:00:00+00:00,56.63,57.07,56.4,56.44,709971.0,56.651,7869.0
2020-07-01 20:00:00+00:00,56.44,56.5,56.44,56.44,61017.0,56.4414,72.0
2020-07-01 21:00:00+00:00,56.44,56.45,56.44,56.44,1176.0,56.4413,11.0
2020-07-01 22:00:00+00:00,56.46,56.65,56.46,56.65,576.0,56.5494,10.0
2020-07-01 23:00:00+00:00,56.77,56.77,56.77,56.77,919.0,56.7573,2.0
2020-07-02 12:00:00+00:00,57.4899,57.8,57.2,57.75,7417.0,57.4737,43.0
2020-07-02 13:00:00+00:00,57.75,58.05,57.11,57.77,469726.0,57.6832,4063.0
2020-07-02 14:00:00+00:00,57.78,58.28,56.81,56.85,529464.0,57.6489,6129.0
2020-07-02 15:00:00+00:00,56.82,56.97,56.15,56.512,584502.0,56.4227,7023.0
2020-07-02 16:00:00+00:00,56.54,57.0,56.39,56.81,260513.0,56.6755,3062.0
2020-07-02 17:00:00+00:00,56.82,57.2922,56.43,57.0624,363436.0,56.8103,3569.0
2020-07-02 18:00:00+00:00,57.05,57.22,56.9272,56.99,244867.0,57.0715,3285.0
2020-07-02 19:00:00+00:00,56.9845,57.01,56.26,56.34,879913.0,56.5426,8379.0
2020-07-02 20:00:00+00:00,56.34,56.39,56.34,56.36,44411.0,56.3406,35.0
2020-07-02 21:00:00+00:00,56.3599,56.36,56.34,56.36,2681.0,56.3589,14.0
2020-07-02 22:00:00+00:00,56.5,56.55,56.5,56.5,2200.0,56.5409,5.0
2020-07-02 23:00:00+00:00,56.55,56.63,56.5,56.63,602.0,56.5734,6.0
2020-07-06 11:00:00+00:00,58.0,58.0,57.25,57.25,625.0,57.514,3.0
2020-07-06 12:00:00+00:00,57.4999,57.5,57.27,57.39,6026.0,57.4476,23.0
2020-07-06 13:00:00+00:00,57.39,57.8,56.9,57.305,393485.0,57.3361,3984.0
2020-07-06 14:00:00+00:00,57.38,57.5,56.05,56.485,492127.0,56.5773,5933.0
2020-07-06 15:00:00+00:00,56.48,56.49,55.26,55.2839,413534.0,56.0494,5103.0
2020-07-06 16:00:00+00:00,55.28,56.14,55.15,56.11,400151.0,55.5667,4216.0
2020-07-06 17:00:00+00:00,56.12,56.48,55.93,56.3853,273108.0,56.2334,3042.0
2020-07-06 18:00:00+00:00,56.385,56.49,56.17,56.43,222725.0,56.3435,3016.0
2020-07-06 19:00:00+00:00,56.43,56.775,56.15,56.46,1014434.0,56.4321,8625.0
2020-07-06 20:00:00+00:00,56.47,56.88,56.4,56.88,77918.0,56.4246,30.0
2020-07-06 21:00:00+00:00,56.47,56.47,56.47,56.47,1026.0,56.4704,5.0
2020-07-07 11:00:00+00:00,56.0,56.0,56.0,56.0,161.0,56.0056,4.0
2020-07-07 12:00:00+00:00,55.942,55.942,55.94,55.94,200.0,55.941,2.0
2020-07-07 13:00:00+00:00,55.75,55.98,54.61,54.93,596990.0,54.9725,5273.0
2020-07-07 14:00:00+00:00,54.9161,55.5299,54.11,54.29,786959.0,54.6678,8712.0
2020-07-07 15:00:00+00:00,54.29,54.74,54.01,54.08,558245.0,54.3129,6393.0
2020-07-07 16:00:00+00:00,54.08,54.34,53.16,53.18,971606.0,53.7458,9491.0
2020-07-07 17:00:00+00:00,53.1815,53.9,53.155,53.86,874477.0,53.373,8145.0
2020-07-07 18:00:00+00:00,53.8699,53.93,53.305,53.4,560073.0,53.6327,7225.0
2020-07-07 19:00:00+00:00,53.4,55.5,53.01,53.14,1379339.0,53.2106,15414.0
2020-07-07 20:00:00+00:00,53.12,53.15,53.1198,53.13,53090.0,53.1205,52.0
2020-07-07 21:00:00+00:00,53.21,53.33,53.21,53.33,2068.0,53.32,10.0
2020-07-07 23:00:00+00:00,53.32,53.4,53.26,53.26,2963.0,53.3862,10.0
2020-07-08 11:00:00+00:00,53.23,53.49,52.86,52.86,7411.0,53.0012,62.0
2020-07-08 12:00:00+00:00,52.96,52.96,52.5,52.51,4845.0,52.7275,55.0
2020-07-08 13:00:00+00:00,52.52,54.05,52.12,53.765,794643.0,53.0844,5497.0
2020-07-08 14:00:00+00:00,53.765,54.13,53.5229,53.66,753477.0,53.7785,7480.0
2020-07-08 15:00:00+00:00,53.66,53.7,53.18,53.295,493585.0,53.3757,5911.0
2020-07-08 16:00:00+00:00,53.33,53.675,53.25,53.62,444920.0,53.452,4954.0
2020-07-08 17:00:00+00:00,53.61,53.68,52.95,53.0499,457135.0,53.3001,4884.0
2020-07-08 18:00:00+00:00,53.0596,53.26,52.745,52.97,443498.0,53.0396,5225.0
2020-07-08 19:00:00+00:00,52.97,53.45,52.55,52.97,1717134.0,52.9638,16398.0
2020-07-08 20:00:00+00:00,52.98,53.09,52.98,53.09,41507.0,52.9816,38.0
2020-07-08 21:00:00+00:00,53.35,53.35,53.35,53.35,100.0,53.35,1.0
2020-07-08 23:00:00+00:00,53.3,53.3,53.3,53.3,100.0,53.3,1.0
2020-07-09 11:00:00+00:00,52.95,52.95,52.95,52.95,211.0,52.9526,2.0
2020-07-09 12:00:00+00:00,53.29,53.3,53.14,53.3,1230.0,53.2213,9.0
2020-07-09 13:00:00+00:00,53.15,53.6464,51.185,51.2,998227.0,51.843,7432.0
2020-07-09 14:00:00+00:00,51.205,51.6,50.03,50.06,1380031.0,50.8078,12374.0
2020-07-09 15:00:00+00:00,50.06,50.635,49.8699,50.56,953197.0,50.24,10284.0
2020-07-09 16:00:00+00:00,50.56,50.98,50.52,50.7802,463442.0,50.7766,5056.0
2020-07-09 17:00:00+00:00,50.755,51.12,50.662,50.925,411265.0,50.9366,4499.0
2020-07-09 18:00:00+00:00,50.91,51.075,50.53,50.7,470820.0,50.8099,5093.0
2020-07-09 19:00:00+00:00,50.7,50.94,50.11,50.22,1280322.0,50.5128,13421.0
2020-07-09 20:00:00+00:00,50.22,50.22,50.01,50.22,287859.0,50.2194,55.0
2020-07-09 21:00:00+00:00,50.22,50.22,50.2,50.2,787.0,50.2127,4.0
2020-07-09 22:00:00+00:00,50.25,50.25,50.25,50.25,200.0,50.25,1.0
2020-07-09 23:00:00+00:00,50.25,50.3,50.25,50.27,800.0,50.2775,11.0
2020-07-10 11:00:00+00:00,50.22,50.22,50.0,50.0,780.0,50.041,9.0
2020-07-10 12:00:00+00:00,49.94,49.94,49.3,49.8999,9415.0,49.6219,99.0
2020-07-10 13:00:00+00:00,49.89,51.3525,49.75,51.14,651755.0,50.8828,4522.0
2020-07-10 14:00:00+00:00,51.12,51.96,50.79,51.88,758295.0,51.449,7582.0
2020-07-10 15:00:00+00:00,51.88,52.28,51.735,52.035,554197.0,52.0338,5814.0
2020-07-10 16:00:00+00:00,52.02,52.32,51.89,52.21,379917.0,52.1058,4689.0
2020-07-10 17:00:00+00:00,52.21,52.71,51.92,52.71,491986.0,52.2663,5306.0
2020-07-10 18:00:00+00:00,52.7,52.88,52.36,52.37,519821.0,52.6593,5016.0
2020-07-10 19:00:00+00:00,52.36,53.66,52.28,53.66,1314350.0,53.2724,12080.0
2020-07-10 20:00:00+00:00,53.65,53.65,53.31,53.65,117154.0,53.6494,48.0
2020-07-10 21:00:00+00:00,53.7,53.7,53.63,53.65,2474.0,53.6808,17.0
2020-07-10 22:00:00+00:00,53.65,53.65,53.64,53.65,1597.0,53.6494,6.0
2020-07-10 23:00:00+00:00,53.64,53.65,53.64,53.65,800.0,53.6438,5.0
2020-07-13 08:00:00+00:00,54.0,54.0,54.0,54.0,200.0,54.0,1.0
2020-07-13 11:00:00+00:00,53.7,54.98,53.7,54.77,1487.0,54.3694,22.0
2020-07-13 12:00:00+00:00,54.25,54.78,54.15,54.5,7184.0,54.4248,21.0
2020-07-13 13:00:00+00:00,54.57,54.6,52.51,52.7161,509075.0,53.4964,3812.0
2020-07-13 14:00:00+00:00,52.74,53.84,52.54,53.83,544704.0,53.4236,6480.0
2020-07-13 15:00:00+00:00,53.81,53.83,53.33,53.665,476992.0,53.6339,5945.0
2020-07-13 16:00:00+00:00,53.65,53.97,53.58,53.96,335471.0,53.7503,4372.0
2020-07-13 17:00:00+00:00,53.96,54.43,53.72,54.3,448930.0,54.1049,5752.0
2020-07-13 18:00:00+00:00,54.3,54.54,54.1231,54.44,642375.0,54.3593,7836.0
2020-07-13 19:00:00+00:00,54.45,54.49,53.14,53.24,1096562.0,53.7097,12482.0
2020-07-13 20:00:00+00:00,53.23,53.23,52.64,53.23,38318.0,53.2263,38.0
2020-07-13 22:00:00+00:00,53.2,53.23,53.17,53.23,2042.0,53.2068,19.0
2020-07-14 12:00:00+00:00,53.25,53.25,53.0,53.0,7115.0,53.004,6.0
2020-07-14 13:00:00+00:00,53.0,54.13,52.36,54.1,353993.0,53.0523,3004.0
2020-07-14 14:00:00+00:00,54.1,54.41,53.42,54.065,577949.0,53.9304,6471.0
2020-07-14 15:00:00+00:00,54.1,54.51,54.02,54.41,317149.0,54.2865,4207.0
2020-07-14 16:00:00+00:00,54.425,54.49,54.05,54.13,230163.0,54.2271,3214.0
2020-07-14 17:00:00+00:00,54.15,54.235,53.77,54.03,256829.0,53.9368,3361.0
2020-07-14 18:00:00+00:00,54.01,54.29,53.84,54.22,300629.0,54.0231,3702.0
2020-07-14 19:00:00+00:00,54.235,54.5,54.1,54.41,880050.0,54.3293,9526.0
2020-07-14 20:00:00+00:00,54.4,54.45,54.4,54.4,622232.0,54.4,27.0
2020-07-14 21:00:00+00:00,54.39,54.85,54.39,54.75,4135.0,54.7042,29.0
2020-07-14 22:00:00+00:00,54.75,55.0,54.75,55.0,1072.0,54.9245,15.0
2020-07-14 23:00:00+00:00,55.0,55.06,55.0,55.06,4742.0,55.0304,15.0
2020-07-15 11:00:00+00:00,55.75,55.75,55.51,55.51,1002.0,55.6101,6.0
2020-07-15 12:00:00+00:00,55.7,56.42,55.67,55.98,5773.0,56.1155,53.0
2020-07-15 13:00:00+00:00,56.03,56.58,55.49,56.345,708092.0,56.1055,5620.0
2020-07-15 14:00:00+00:00,56.37,57.33,55.58,57.23,662322.0,56.3258,7015.0
2020-07-15 15:00:00+00:00,57.24,57.35,56.3,56.3,419700.0,56.663,5910.0
2020-07-15 16:00:00+00:00,56.3,56.64,56.16,56.64,338695.0,56.4776,3987.0
2020-07-15 17:00:00+00:00,56.64,56.975,56.41,56.73,371398.0,56.6722,4301.0
2020-07-15 18:00:00+00:00,56.715,57.2,56.48,56.8,348568.0,56.8122,4129.0
2020-07-15 19:00:00+00:00,56.8,57.447,56.74,57.2,835169.0,57.1344,9185.0
2020-07-15 20:00:00+00:00,57.23,57.23,57.0,57.23,35715.0,57.2284,27.0
2020-07-15 21:00:00+00:00,57.23,57.23,57.23,57.23,100.0,57.23,1.0
2020-07-15 22:00:00+00:00,57.23,57.45,57.23,57.45,1381.0,57.3135,17.0
2020-07-15 23:00:00+00:00,57.5,57.5,57.5,57.5,400.0,57.4998,3.0
2020-07-16 11:00:00+00:00,56.52,56.9,56.52,56.9,2004.0,56.7105,8.0
2020-07-16 12:00:00+00:00,57.23,57.23,56.75,56.81,3332.0,57.1186,19.0
2020-07-16 13:00:00+00:00,56.63,57.06,55.76,56.15,276104.0,56.3419,2556.0
2020-07-16 14:00:00+00:00,56.19,57.21,55.96,57.08,310171.0,56.7273,3690.0
2020-07-16 15:00:00+00:00,57.12,57.84,56.9655,57.695,348471.0,57.4715,4031.0
2020-07-16 16:00:00+00:00,57.68,57.74,57.17,57.205,251512.0,57.4546,2970.0
2020-07-16 17:00:00+00:00,57.19,57.41,56.98,57.1017,222712.0,57.1908,2737.0
2020-07-16 18:00:00+00:00,57.08,57.16,56.3197,56.36,227789.0,56.7785,3051.0
2020-07-16 19:00:00+00:00,56.36,56.74,56.24,56.62,658221.0,56.5339,8017.0
2020-07-16 20:00:00+00:00,56.58,56.58,56.25,56.26,19465.0,56.5715,30.0
2020-07-16 21:00:00+00:00,56.4,56.4,56.4,56.4,3560.0,56.4,6.0
2020-07-16 22:00:00+00:00,56.57,57.77,56.5,56.5,2398.0,57.1345,13.0
2020-07-16 23:00:00+00:00,56.5,56.5,56.5,56.5,300.0,56.5,2.0
2020-07-17 12:00:00+00:00,56.59,56.7,56.58,56.59,1502.0,56.6106,5.0
2020-07-17 13:00:00+00:00,56.98,57.92,56.74,57.42,519606.0,57.2208,3020.0
2020-07-17 14:00:00+00:00,57.37,57.615,55.81,56.295,675534.0,56.5666,7392.0
2020-07-17 15:00:00+00:00,56.3,56.52,56.02,56.1844,342178.0,56.211,3868.0
2020-07-17 16:00:00+00:00,56.19,56.2,55.61,55.6704,255729.0,55.8663,3063.0
2020-07-17 17:00:00+00:00,55.68,55.98,55.5,55.6,236645.0,55.7175,2760.0
2020-07-17 18:00:00+00:00,55.5922,55.66,55.325,55.4,280644.0,55.4747,3151.0
2020-07-17 19:00:00+00:00,55.4,55.79,55.323,55.46,487032.0,55.5422,5621.0
2020-07-17 20:00:00+00:00,55.47,55.47,55.47,55.47,72052.0,55.4702,19.0
2020-07-17 21:00:00+00:00,55.65,55.65,55.65,55.65,100.0,55.65,1.0
2020-07-17 23:00:00+00:00,55.65,55.65,55.65,55.65,1000.0,55.6492,3.0
2020-07-20 11:00:00+00:00,55.8,55.8,55.79,55.8,1658.0,55.7982,5.0
2020-07-20 12:00:00+00:00,55.99,56.06,55.6,55.9,4833.0,55.8023,43.0
2020-07-20 13:00:00+00:00,55.87,56.14,54.66,54.815,394961.0,55.3295,3650.0
2020-07-20 14:00:00+00:00,54.825,55.69,54.48,55.33,427602.0,54.8992,4505.0
2020-07-20 15:00:00+00:00,55.32,55.78,55.2,55.53,175743.0,55.4581,2389.0
2020-07-20 16:00:00+00:00,55.55,55.6,55.22,55.265,191036.0,55.4367,2359.0
2020-07-20 17:00:00+00:00,55.27,55.287,54.85,54.97,200127.0,55.0169,2564.0
2020-07-20 18:00:00+00:00,54.95,54.99,54.575,54.5809,214997.0,54.7275,2564.0
2020-07-20 19:00:00+00:00,54.59,54.65,54.26,54.32,570129.0,54.4152,7204.0
2020-07-20 20:00:00+00:00,54.33,54.33,54.25,54.3101,25039.0,54.3269,58.0
2020-07-20 21:00:00+00:00,54.33,54.5,54.3,54.5,1516.0,54.3368,12.0
2020-07-20 22:00:00+00:00,54.49,54.49,54.49,54.49,700.0,54.49,2.0
2020-07-20 23:00:00+00:00,54.5,54.6,54.5,54.55,600.0,54.5333,3.0
2020-07-21 12:00:00+00:00,54.68,55.87,54.68,55.4,1784.0,55.2306,12.0
2020-07-21 13:00:00+00:00,55.42,56.88,54.89,56.6513,465482.0,56.0388,3311.0
2020-07-21 14:00:00+00:00,56.68,57.2,56.15,56.99,633056.0,56.673,5084.0
2020-07-21 15:00:00+00:00,56.99,57.83,56.88,57.615,546963.0,57.4332,5376.0
2020-07-21 16:00:00+00:00,57.625,57.7385,57.19,57.67,367302.0,57.484,4009.0
2020-07-21 17:00:00+00:00,57.675,57.835,57.38,57.49,400418.0,57.6271,4477.0
2020-07-21 18:00:00+00:00,57.4837,57.94,57.27,57.91,345502.0,57.5598,4196.0
2020-07-21 19:00:00+00:00,57.9,57.9,57.19,57.59,810997.0,57.4573,9117.0
2020-07-21 20:00:00+00:00,57.58,57.58,57.58,57.58,33887.0,57.58,26.0
2020-07-21 21:00:00+00:00,57.6,57.6,57.6,57.6,202.0,57.6026,2.0
2020-07-21 22:00:00+00:00,57.75,57.75,57.75,57.75,300.0,57.75,3.0
2020-07-21 23:00:00+00:00,57.6,57.6,57.58,57.58,550.0,57.5929,5.0
2020-07-22 11:00:00+00:00,57.37,57.48,57.37,57.48,500.0,57.436,2.0
2020-07-22 12:00:00+00:00,57.37,57.38,57.13,57.15,2892.0,57.2166,15.0
2020-07-22 13:00:00+00:00,57.14,57.5915,56.02,57.015,339178.0,56.7969,2563.0
2020-07-22 14:00:00+00:00,57.02,57.94,56.63,57.67,367639.0,57.2448,4518.0
2020-07-22 15:00:00+00:00,57.64,57.77,56.88,56.955,271151.0,57.2557,3581.0
2020-07-22 16:00:00+00:00,56.94,57.22,56.8,57.13,218639.0,56.9599,2845.0
2020-07-22 17:00:00+00:00,57.15,57.2125,56.515,56.535,206699.0,56.9101,2891.0
2020-07-22 18:00:00+00:00,56.52,57.19,56.5039,57.13,420175.0,56.9307,5003.0
2020-07-22 19:00:00+00:00,57.15,57.23,56.885,57.07,668686.0,57.0337,7481.0
2020-07-22 20:00:00+00:00,57.07,57.07,57.07,57.07,21999.0,57.0699,25.0
2020-07-22 21:00:00+00:00,57.07,57.07,57.07,57.07,10690.0,57.07,1.0
2020-07-22 22:00:00+00:00,57.01,57.01,57.01,57.01,166.0,57.01,1.0
2020-07-22 23:00:00+00:00,57.01,57.05,56.98,56.98,801.0,57.0071,3.0
2020-07-23 12:00:00+00:00,57.99,57.99,56.94,56.94,12324.0,57.8308,24.0
2020-07-23 13:00:00+00:00,56.51,57.48,56.19,57.03,367790.0,56.76,2552.0
2020-07-23 14:00:00+00:00,57.16,57.27,56.59,56.9,359409.0,56.8697,3690.0
2020-07-23 15:00:00+00:00,56.92,57.33,56.85,57.16,272396.0,57.0818,3027.0
2020-07-23 16:00:00+00:00,57.15,57.81,57.08,57.425,438162.0,57.5256,4074.0
2020-07-23 17:00:00+00:00,57.425,57.4881,57.09,57.42,436749.0,57.322,4179.0
2020-07-23 18:00:00+00:00,57.39,57.53,56.8,57.13,556462.0,57.1387,5811.0
2020-07-23 19:00:00+00:00,57.16,57.73,56.88,57.68,809681.0,57.3189,8930.0
2020-07-23 20:00:00+00:00,57.67,57.67,57.0,57.11,55151.0,57.6559,33.0
2020-07-23 22:00:00+00:00,57.7,57.7,57.7,57.7,100.0,57.7,1.0
2020-07-24 10:00:00+00:00,57.7,57.7,57.7,57.7,100.0,57.7,1.0
2020-07-24 12:00:00+00:00,57.5,57.5,57.5,57.5,362.0,57.4458,5.0
2020-07-24 13:00:00+00:00,57.65,58.75,57.51,58.005,408866.0,58.1428,3320.0
2020-07-24 14:00:00+00:00,57.98,58.63,57.89,58.205,378231.0,58.2366,4053.0
2020-07-24 15:00:00+00:00,58.2,58.325,57.46,57.82,409497.0,57.8938,4588.0
2020-07-24 16:00:00+00:00,57.81,58.4458,57.81,58.265,285299.0,58.1073,3514.0
2020-07-24 17:00:00+00:00,58.28,58.35,57.87,57.96,290897.0,57.989,2996.0
2020-07-24 18:00:00+00:00,57.95,58.22,57.865,58.1,248773.0,58.0425,3089.0
2020-07-24 19:00:00+00:00,58.09,58.34,57.84,57.98,777469.0,58.0158,8110.0
2020-07-24 20:00:00+00:00,57.98,58.52,57.98,57.98,25662.0,57.9905,25.0
2020-07-24 21:00:00+00:00,57.8,57.91,57.8,57.9,428.0,57.8825,5.0
2020-07-24 22:00:00+00:00,57.98,57.98,57.98,57.98,6820.0,57.98,1.0
2020-07-24 23:00:00+00:00,57.8999,57.8999,57.8999,57.8999,100.0,57.8999,1.0
2020-07-27 12:00:00+00:00,58.4489,58.4489,58.25,58.25,806.0,58.3759,8.0
2020-07-27 13:00:00+00:00,58.5,58.5,56.81,57.71,373744.0,57.3937,3052.0
2020-07-27 14:00:00+00:00,57.71,58.14,57.52,57.81,390544.0,57.7804,4519.0
2020-07-27 15:00:00+00:00,57.8,57.94,57.2956,57.36,346015.0,57.7559,6848.0
2020-07-27 16:00:00+00:00,57.39,57.682,57.29,57.45,184848.0,57.4773,4833.0
2020-07-27 17:00:00+00:00,57.445,57.53,57.23,57.385,145722.0,57.3837,4195.0
2020-07-27 18:00:00+00:00,57.385,57.83,57.28,57.71,256769.0,57.6249,5461.0
2020-07-27 19:00:00+00:00,57.7,58.05,57.58,58.02,619859.0,57.847,11279.0
2020-07-27 20:00:00+00:00,58.03,58.03,58.03,58.03,23114.0,58.0302,31.0
2020-07-27 21:00:00+00:00,58.03,58.03,58.03,58.03,56328.0,58.03,5.0
2020-07-27 22:00:00+00:00,58.1,58.2,58.1,58.2,750.0,58.1584,6.0
2020-07-28 11:00:00+00:00,58.01,58.01,58.0,58.0,1100.0,58.0055,5.0
2020-07-28 12:00:00+00:00,57.85,57.85,57.85,57.85,150.0,57.85,1.0
2020-07-28 13:00:00+00:00,57.83,58.54,57.3,57.405,539642.0,57.7765,2610.0
2020-07-28 14:00:00+00:00,57.38,57.73,56.55,56.925,504803.0,57.0992,5342.0
2020-07-28 15:00:00+00:00,56.93,57.33,56.72,57.17,270774.0,57.0852,3164.0
2020-07-28 16:00:00+00:00,57.16,57.215,56.825,57.1935,270203.0,57.0156,3154.0
2020-07-28 17:00:00+00:00,57.19,57.27,56.52,56.68,267825.0,56.848,3050.0
2020-07-28 18:00:00+00:00,56.69,57.22,56.69,57.015,237634.0,57.0238,3110.0
2020-07-28 19:00:00+00:00,57.02,57.05,56.82,56.88,635390.0,56.9174,8213.0
2020-07-28 20:00:00+00:00,56.89,56.9001,56.89,56.9,290414.0,56.89,20.0
2020-07-28 21:00:00+00:00,56.9002,56.9002,56.9,56.9,898.0,56.9003,4.0
2020-07-28 23:00:00+00:00,56.9,56.9,56.9,56.9,100.0,56.9,1.0
2020-07-29 12:00:00+00:00,57.25,57.25,56.9025,56.9025,1775.0,57.0237,8.0
2020-07-29 13:00:00+00:00,56.89,58.37,56.89,58.165,478835.0,57.6287,3780.0
2020-07-29 14:00:00+00:00,58.14,58.98,58.049,58.8206,724361.0,58.5956,7220.0
2020-07-29 15:00:00+00:00,58.81,59.47,58.5,59.2,535434.0,58.9833,5030.0
2020-07-29 16:00:00+00:00,59.2,59.48,59.12,59.13,288036.0,59.344,3883.0
2020-07-29 17:00:00+00:00,59.145,59.26,58.81,58.89,285079.0,59.0852,3178.0
2020-07-29 18:00:00+00:00,58.87,59.62,58.84,59.34,368502.0,59.2405,4246.0
2020-07-29 19:00:00+00:00,59.34,59.76,59.21,59.66,1029096.0,59.6044,10276.0
2020-07-29 20:00:00+00:00,59.66,59.8,59.66,59.75,249210.0,59.6909,54.0
2020-07-29 21:00:00+00:00,59.75,59.88,59.69,59.69,3244.0,59.8043,23.0
2020-07-29 22:00:00+00:00,59.69,59.69,59.69,59.69,456.0,59.69,1.0
2020-07-29 23:00:00+00:00,59.69,59.99,59.69,59.97,2317.0,59.9641,16.0
2020-07-30 11:00:00+00:00,60.0,60.76,60.0,60.0,7667.0,60.1606,43.0
2020-07-30 12:00:00+00:00,59.75,60.5002,58.29,58.73,8483.0,59.0799,115.0
2020-07-30 13:00:00+00:00,59.06,59.06,55.515,55.76,790675.0,56.2545,6736.0
2020-07-30 14:00:00+00:00,55.73,56.32,54.52,54.55,1474781.0,55.4002,13116.0
2020-07-30 15:00:00+00:00,54.56,55.62,54.4011,55.2,801067.0,55.0429,6990.0
2020-07-30 16:00:00+00:00,55.2,56.38,55.12,56.2557,608752.0,55.7668,5055.0
2020-07-30 17:00:00+00:00,56.27,56.44,55.38,55.69,469464.0,55.9109,4366.0
2020-07-30 18:00:00+00:00,55.6929,56.48,55.69,56.01,602785.0,56.0529,6726.0
2020-07-30 19:00:00+00:00,56.02,56.72,55.95,56.38,1179331.0,56.386,12291.0
2020-07-30 20:00:00+00:00,56.33,56.98,56.33,56.6,34752.0,56.409,47.0
2020-07-30 21:00:00+00:00,56.48,56.6,56.46,56.46,1468.0,56.5272,12.0
2020-07-30 22:00:00+00:00,56.6,56.6,56.6,56.6,234.0,56.6,3.0
2020-07-31 11:00:00+00:00,57.34,57.34,56.1,56.1,2391.0,56.6817,17.0
2020-07-31 12:00:00+00:00,56.22,56.68,56.2,56.2,1483.0,56.3328,22.0
2020-07-31 13:00:00+00:00,56.15,56.18,55.07,55.78,604909.0,55.549,5074.0
2020-07-31 14:00:00+00:00,55.77,56.43,55.545,55.8,435821.0,55.8948,5232.0
2020-07-31 15:00:00+00:00,55.79,56.24,55.59,55.79,389049.0,55.9146,4466.0
2020-07-31 16:00:00+00:00,55.78,56.2,55.53,55.5855,356793.0,55.7903,4485.0
2020-07-31 17:00:00+00:00,55.57,55.982,55.52,55.96,280561.0,55.7761,3764.0
2020-07-31 18:00:00+00:00,55.95,56.14,55.83,56.13,443169.0,55.9771,4664.0
2020-07-31 19:00:00+00:00,56.12,56.46,55.76,56.22,1176738.0,56.1319,11943.0
2020-07-31 20:00:00+00:00,56.23,56.29,56.23,56.27,330415.0,56.2305,50.0
2020-07-31 21:00:00+00:00,56.36,56.36,56.34,56.34,653.0,56.3581,4.0
2020-07-31 22:00:00+00:00,56.2701,56.34,56.27,56.2701,1290.0,56.2808,8.0
2020-07-31 23:00:00+00:00,56.3,56.3,56.27,56.3,1654.0,56.2918,5.0
2020-08-03 08:00:00+00:00,55.27,55.27,55.27,55.27,200.0,55.27,2.0
2020-08-03 10:00:00+00:00,55.27,55.27,55.27,55.27,823.0,55.27,3.0
2020-08-03 11:00:00+00:00,55.4,55.55,55.4,55.55,300.0,55.45,2.0
2020-08-03 12:00:00+00:00,55.81,55.81,55.4,55.61,7200.0,55.5878,46.0
2020-08-03 13:00:00+00:00,55.61,55.61,54.53,55.025,964541.0,55.0075,6434.0
2020-08-03 14:00:00+00:00,55.02,55.66,53.8,53.845,1018390.0,54.7084,10072.0
2020-08-03 15:00:00+00:00,53.86,54.25,53.72,53.93,632751.0,53.97,7124.0
2020-08-03 16:00:00+00:00,53.9,53.92,53.58,53.655,565565.0,53.7457,6261.0
2020-08-03 17:00:00+00:00,53.67,54.15,53.625,54.09,370162.0,53.9349,4547.0
2020-08-03 18:00:00+00:00,54.09,54.31,54.005,54.235,364720.0,54.1625,4293.0
2020-08-03 19:00:00+00:00,54.235,54.54,53.86,53.91,1164853.0,54.1721,11886.0
2020-08-03 20:00:00+00:00,53.91,53.91,53.8502,53.86,63980.0,53.9091,53.0
2020-08-03 21:00:00+00:00,53.91,53.91,53.91,53.91,411.0,53.91,6.0
2020-08-03 22:00:00+00:00,53.91,53.91,53.91,53.91,100.0,53.91,1.0
2020-08-03 23:00:00+00:00,53.91,53.91,53.91,53.91,1000.0,53.91,3.0
2020-08-04 11:00:00+00:00,53.91,53.91,53.91,53.91,941.0,53.91,3.0
2020-08-04 12:00:00+00:00,53.8001,53.8001,53.75,53.78,3538.0,53.7825,51.0
2020-08-04 13:00:00+00:00,53.7,53.79,51.93,52.27,1118539.0,52.8391,7763.0
2020-08-04 14:00:00+00:00,52.28,53.0,52.11,52.8091,895219.0,52.5545,9689.0
2020-08-04 15:00:00+00:00,52.83,53.69,52.66,53.48,626707.0,53.1766,6544.0
2020-08-04 16:00:00+00:00,53.48,53.7,53.355,53.37,503432.0,53.5071,5514.0
2020-08-04 17:00:00+00:00,53.36,53.93,53.29,53.585,386741.0,53.6953,4296.0
2020-08-04 18:00:00+00:00,53.57,53.78,52.97,53.18,724697.0,53.234,7014.0
2020-08-04 19:00:00+00:00,53.16,53.355,52.81,53.03,1128054.0,53.0249,12254.0
2020-08-04 20:00:00+00:00,53.02,53.03,53.02,53.02,49821.0,53.0201,35.0
2020-08-04 21:00:00+00:00,53.1,53.1,53.02,53.02,1225.0,53.043,7.0
2020-08-04 23:00:00+00:00,53.3,53.3,53.3,53.3,250.0,53.3,1.0
2020-08-05 11:00:00+00:00,54.2,54.2,54.19,54.2,2230.0,54.1936,6.0
2020-08-05 12:00:00+00:00,54.0,54.19,53.64,53.64,3804.0,53.8459,37.0
2020-08-05 13:00:00+00:00,53.64,54.5,53.01,53.1,469193.0,53.6559,3392.0
2020-08-05 14:00:00+00:00,53.14,53.66,52.93,53.22,476954.0,53.2577,4790.0
2020-08-05 15:00:00+00:00,53.22,53.38,52.6,52.6,556251.0,52.9225,6330.0
2020-08-05 16:00:00+00:00,52.6,52.81,52.21,52.25,512225.0,52.4386,5561.0
2020-08-05 17:00:00+00:00,52.25,52.25,51.71,51.86,572712.0,51.9519,5878.0
2020-08-05 18:00:00+00:00,51.86,51.99,51.45,51.5943,696813.0,51.6282,7245.0
2020-08-05 19:00:00+00:00,51.585,52.29,51.29,51.67,1648289.0,51.6783,16215.0
2020-08-05 20:00:00+00:00,51.62,51.62,51.34,51.34,70062.0,51.6101,91.0
2020-08-05 21:00:00+00:00,51.59,51.62,51.59,51.62,1289.0,51.6057,13.0
2020-08-05 22:00:00+00:00,51.62,51.62,51.58,51.62,2798.0,51.6081,12.0
2020-08-05 23:00:00+00:00,51.7,51.76,51.62,51.76,3675.0,51.6769,11.0
2020-08-06 11:00:00+00:00,51.5,51.99,51.34,51.34,2277.0,51.5377,23.0
2020-08-06 12:00:00+00:00,51.3401,51.89,51.3401,51.65,12495.0,51.6643,51.0
2020-08-06 13:00:00+00:00,51.85,52.84,51.1,52.7568,613163.0,51.9749,4790.0
2020-08-06 14:00:00+00:00,52.8,52.98,52.1763,52.57,628376.0,52.5722,7426.0
2020-08-06 15:00:00+00:00,52.555,52.58,51.63,51.825,385943.0,52.0414,5190.0
2020-08-06 16:00:00+00:00,51.8,51.94,51.51,51.7,347963.0,51.7141,4595.0
2020-08-06 17:00:00+00:00,51.695,51.8686,51.515,51.54,375981.0,51.7395,4889.0
2020-08-06 18:00:00+00:00,51.54,51.66,51.32,51.5,400477.0,51.4846,5363.0
2020-08-06 19:00:00+00:00,51.48,51.52,51.195,51.48,971844.0,51.3685,11005.0
2020-08-06 20:00:00+00:00,51.48,51.48,51.4,51.48,37912.0,51.4792,48.0
2020-08-06 21:00:00+00:00,51.53,51.53,51.53,51.53,135.0,51.533,2.0
2020-08-06 22:00:00+00:00,51.45,51.55,51.4,51.55,907.0,51.4599,6.0
2020-08-07 11:00:00+00:00,51.47,51.47,51.28,51.28,662.0,51.3564,11.0
2020-08-07 12:00:00+00:00,51.35,51.6,51.09,51.55,12526.0,51.3677,46.0
2020-08-07 13:00:00+00:00,51.12,51.79,50.73,51.255,343327.0,51.1179,3006.0
2020-08-07 14:00:00+00:00,51.24,51.5578,50.92,51.21,595583.0,51.2035,5978.0
2020-08-07 15:00:00+00:00,51.22,51.48,51.01,51.19,352544.0,51.1702,4229.0
2020-08-07 16:00:00+00:00,51.21,51.63,51.14,51.5352,398897.0,51.3681,4441.0
2020-08-07 17:00:00+00:00,51.545,52.0201,51.4916,51.7254,316472.0,51.7418,4006.0
2020-08-07 18:00:00+00:00,51.71,52.31,51.63,52.2266,332597.0,52.0126,3882.0
2020-08-07 19:00:00+00:00,52.22,52.865,52.12,52.66,748887.0,52.5609,8930.0
2020-08-07 20:00:00+00:00,52.66,52.75,52.5,52.75,18915.0,52.6585,39.0
2020-08-07 21:00:00+00:00,52.7598,52.76,52.5,52.5,1897.0,52.7218,20.0
2020-08-07 22:00:00+00:00,52.53,52.63,52.53,52.63,4204.0,52.58,6.0
2020-08-07 23:00:00+00:00,52.51,52.5101,52.51,52.5101,200.0,52.5101,2.0
2020-08-10 11:00:00+00:00,52.76,53.0,52.76,53.0,1775.0,52.9002,12.0
2020-08-10 12:00:00+00:00,52.93,53.11,52.91,52.91,9184.0,52.9899,57.0
2020-08-10 13:00:00+00:00,53.0,53.65,52.7,52.98,355677.0,53.0843,2683.0
2020-08-10 14:00:00+00:00,52.98,53.5,52.675,52.81,455104.0,53.1134,4982.0
2020-08-10 15:00:00+00:00,52.75,52.95,52.39,52.82,419135.0,52.6683,4727.0
2020-08-10 16:00:00+00:00,52.82,53.24,52.79,52.965,326479.0,53.0311,3367.0
2020-08-10 17:00:00+00:00,52.98,53.16,52.6501,53.15,239941.0,52.9309,3101.0
2020-08-10 18:00:00+00:00,53.16,53.45,53.0,53.33,265656.0,53.2588,2936.0
2020-08-10 19:00:00+00:00,53.33,53.77,53.27,53.56,719105.0,53.5328,8037.0
2020-08-10 20:00:00+00:00,53.55,53.65,53.55,53.55,848822.0,53.5501,32.0
2020-08-10 21:00:00+00:00,53.64,53.64,53.64,53.64,1247.0,53.64,4.0
2020-08-10 22:00:00+00:00,53.5999,53.5999,53.55,53.55,2315.0,53.5649,24.0
2020-08-10 23:00:00+00:00,53.55,53.6,53.35,53.35,1474.0,53.4245,5.0
2020-08-11 10:00:00+00:00,54.0,54.3,54.0,54.3,1188.0,54.2402,5.0
2020-08-11 11:00:00+00:00,53.8,54.55,53.8,54.5,3918.0,54.1518,18.0
2020-08-11 12:00:00+00:00,54.0999,54.9,53.9999,54.85,9734.0,54.4543,75.0
2020-08-11 13:00:00+00:00,54.75,55.73,54.67,54.765,704337.0,55.1892,4365.0
2020-08-11 14:00:00+00:00,54.765,55.015,54.155,54.995,627899.0,54.5668,5493.0
2020-08-11 15:00:00+00:00,55.01,55.21,54.49,55.12,461201.0,54.9003,4396.0
2020-08-11 16:00:00+00:00,55.1,55.12,54.26,54.35,286322.0,54.5906,3424.0
2020-08-11 17:00:00+00:00,54.365,54.71,54.1201,54.45,266245.0,54.453,2998.0
2020-08-11 18:00:00+00:00,54.445,54.9,54.445,54.605,288342.0,54.6584,3283.0
2020-08-11 19:00:00+00:00,54.605,54.605,53.45,53.68,847042.0,53.9676,9651.0
2020-08-11 20:00:00+00:00,53.65,53.65,53.65,53.65,477064.0,53.65,26.0
2020-08-11 21:00:00+00:00,53.75,53.96,53.65,53.96,5100.0,53.7451,18.0
2020-08-11 22:00:00+00:00,53.7,53.7,53.67,53.67,416.0,53.7149,8.0
2020-08-11 23:00:00+00:00,53.7,53.7,53.7,53.7,349.0,53.6944,2.0
2020-08-12 11:00:00+00:00,54.65,54.65,54.08,54.08,838.0,54.4371,10.0
2020-08-12 12:00:00+00:00,54.44,54.7,54.44,54.7,623.0,54.6199,6.0
2020-08-12 13:00:00+00:00,54.68,54.92,53.5,53.65,402401.0,54.404,2870.0
2020-08-12 14:00:00+00:00,53.62,54.66,53.57,54.5253,407231.0,54.3021,4226.0
2020-08-12 15:00:00+00:00,54.5,54.59,53.98,53.995,346099.0,54.2023,3517.0
2020-08-12 16:00:00+00:00,53.995,54.48,53.9,54.38,229172.0,54.2227,2619.0
2020-08-12 17:00:00+00:00,54.36,54.87,53.99,54.8342,305795.0,54.453,3542.0
2020-08-12 18:00:00+00:00,54.85,55.03,54.615,54.92,422519.0,54.8286,4448.0
2020-08-12 19:00:00+00:00,54.935,55.15,54.75,55.13,696225.0,54.9735,8605.0
2020-08-12 20:00:00+00:00,55.12,55.43,55.12,55.41,119596.0,55.1211,35.0
2020-08-12 21:00:00+00:00,55.01,55.35,55.01,55.15,726.0,55.1977,12.0
2020-08-12 22:00:00+00:00,55.25,55.25,55.15,55.15,699.0,55.179,5.0
2020-08-12 23:00:00+00:00,55.15,55.15,55.15,55.15,1000.0,55.1503,3.0
2020-08-13 12:00:00+00:00,55.11,55.11,54.7,55.11,1830.0,55.0358,12.0
2020-08-13 13:00:00+00:00,54.65,54.85,54.1,54.605,414777.0,54.4863,2832.0
2020-08-13 14:00:00+00:00,54.605,54.94,54.35,54.4176,380030.0,54.6432,3626.0
2020-08-13 15:00:00+00:00,54.41,54.415,53.8551,54.18,301669.0,54.102,3227.0
2020-08-13 16:00:00+00:00,54.185,54.62,54.13,54.49,210132.0,54.3791,2356.0
2020-08-13 17:00:00+00:00,54.465,54.55,53.91,54.05,261283.0,54.2074,2993.0
2020-08-13 18:00:00+00:00,54.05,54.065,53.13,53.13,499757.0,53.599,4568.0
2020-08-13 19:00:00+00:00,53.15,53.7,53.1,53.19,851836.0,53.398,9254.0
2020-08-13 20:00:00+00:00,53.19,53.19,53.18,53.19,19226.0,53.1907,51.0
2020-08-13 21:00:00+00:00,53.25,53.25,53.25,53.25,433.0,53.2501,6.0
2020-08-13 22:00:00+00:00,53.45,53.45,53.25,53.25,1980.0,53.351,5.0
2020-08-13 23:00:00+00:00,53.18,53.18,53.06,53.06,794.0,53.1079,6.0
2020-08-14 11:00:00+00:00,53.03,53.03,52.95,53.0,2403.0,53.0084,15.0
2020-08-14 12:00:00+00:00,52.98,53.44,52.98,53.0,1546.0,53.0944,13.0
2020-08-14 13:00:00+00:00,53.0,53.59,52.65,53.53,387022.0,53.1959,2669.0
2020-08-14 14:00:00+00:00,53.54,53.615,53.04,53.215,436994.0,53.3406,4974.0
2020-08-14 15:00:00+00:00,53.24,53.65,53.05,53.63,304530.0,53.3406,3658.0
2020-08-14 16:00:00+00:00,53.65,53.775,53.46,53.575,251019.0,53.5978,3020.0
2020-08-14 17:00:00+00:00,53.56,53.85,53.43,53.8299,250081.0,53.65,2957.0
2020-08-14 18:00:00+00:00,53.8,54.095,53.74,53.96,265192.0,53.9469,3366.0
2020-08-14 19:00:00+00:00,53.95,54.52,53.78,54.48,1337325.0,54.1866,11023.0
2020-08-14 20:00:00+00:00,54.46,54.59,54.46,54.47,54901.0,54.4624,52.0
2020-08-14 21:00:00+00:00,54.5,54.5,54.5,54.5,2656.0,54.5,9.0
2020-08-14 22:00:00+00:00,54.5,54.5,54.46,54.46,1305.0,54.4934,7.0
2020-08-17 11:00:00+00:00,54.6,54.75,54.6,54.75,2500.0,54.63,2.0
2020-08-17 12:00:00+00:00,54.52,54.69,54.52,54.69,593.0,54.6084,8.0
2020-08-17 13:00:00+00:00,54.55,55.56,54.1683,55.26,451934.0,54.9514,3434.0
2020-08-17 14:00:00+00:00,55.23,55.82,54.665,55.61,485685.0,55.3613,4972.0
2020-08-17 15:00:00+00:00,55.5762,55.72,55.33,55.5552,483648.0,55.5107,4798.0
2020-08-17 16:00:00+00:00,55.56,55.85,55.49,55.805,405860.0,55.7066,4113.0
2020-08-17 17:00:00+00:00,55.82,56.18,55.56,55.665,531393.0,55.8982,4739.0
2020-08-17 18:00:00+00:00,55.69,55.9,55.61,55.71,444044.0,55.754,4077.0
2020-08-17 19:00:00+00:00,55.69,55.86,55.4,55.6,1199378.0,55.6231,10007.0
2020-08-17 20:00:00+00:00,55.6,55.75,55.6,55.75,55204.0,55.6003,22.0
2020-08-17 21:00:00+00:00,55.6,55.6,55.5,55.5,550.0,55.5275,5.0
2020-08-18 12:00:00+00:00,55.85,55.85,55.85,55.85,318.0,55.8167,2.0
2020-08-18 13:00:00+00:00,55.7499,55.7499,54.94,55.23,429634.0,55.2508,3412.0
2020-08-18 14:00:00+00:00,55.2,55.56,54.99,55.56,419903.0,55.2294,4854.0
2020-08-18 15:00:00+00:00,55.55,55.78,55.13,55.18,287448.0,55.3966,4016.0
2020-08-18 16:00:00+00:00,55.19,55.3263,55.02,55.25,251251.0,55.1679,3361.0
2020-08-18 17:00:00+00:00,55.25,55.3049,54.84,55.02,196211.0,55.0505,2857.0
2020-08-18 18:00:00+00:00,55.02,55.025,54.64,54.68,191232.0,54.8327,3082.0
2020-08-18 19:00:00+00:00,54.68,54.81,54.62,54.75,530977.0,54.7025,7457.0
2020-08-18 20:00:00+00:00,54.74,54.8098,54.63,54.74,28965.0,54.7329,40.0
2020-08-19 13:00:00+00:00,54.56,54.74,53.66,54.26,292532.0,54.267,2318.0
2020-08-19 14:00:00+00:00,54.231,54.96,54.03,54.56,338351.0,54.5391,4207.0
2020-08-19 15:00:00+00:00,54.54,54.89,54.48,54.78,297899.0,54.6905,3863.0
2020-08-19 16:00:00+00:00,54.79,54.9,54.4873,54.57,220997.0,54.6978,2797.0
2020-08-19 17:00:00+00:00,54.57,54.94,54.55,54.91,227536.0,54.7597,2707.0
2020-08-19 18:00:00+00:00,54.91,54.9799,54.5,54.61,246474.0,54.7162,3363.0
2020-08-19 19:00:00+00:00,54.61,54.8025,54.2025,54.26,519523.0,54.4491,6402.0
2020-08-19 20:00:00+00:00,54.26,54.26,54.26,54.26,24811.0,54.26,22.0
2020-08-19 23:00:00+00:00,54.26,54.26,54.25,54.25,1323.0,54.2574,4.0
2020-08-20 11:00:00+00:00,54.0,54.0,54.0,54.0,100.0,54.0,1.0
2020-08-20 12:00:00+00:00,54.15,54.24,53.99,54.24,502.0,54.1723,4.0
2020-08-20 13:00:00+00:00,53.78,53.95,52.93,53.07,416756.0,53.3597,3946.0
2020-08-20 14:00:00+00:00,53.04,53.08,52.2,52.255,753836.0,52.7169,7835.0
2020-08-20 15:00:00+00:00,52.23,52.85,51.9802,52.745,635022.0,52.3275,6456.0
2020-08-20 16:00:00+00:00,52.74,53.05,52.55,52.93,270759.0,52.8197,3426.0
2020-08-20 17:00:00+00:00,52.925,53.13,52.66,52.71,229079.0,52.9253,2805.0
2020-08-20 18:00:00+00:00,52.68,53.02,52.68,52.985,214451.0,52.8658,2521.0
2020-08-20 19:00:00+00:00,52.985,53.16,52.7,52.71,852364.0,52.9024,9098.0
2020-08-20 20:00:00+00:00,52.7,52.7,52.05,52.67,47448.0,52.5642,68.0
2020-08-20 21:00:00+00:00,52.7,52.7,52.67,52.67,5409.0,52.6987,6.0
2020-08-20 22:00:00+00:00,52.67,52.7,52.63,52.63,1770.0,52.671,15.0
2020-08-20 23:00:00+00:00,52.7,53.2,52.7,53.19,4742.0,52.7591,44.0
2020-08-21 11:00:00+00:00,52.7,52.7,52.5,52.5,3715.0,52.6214,16.0
2020-08-21 12:00:00+00:00,52.4,52.47,52.4,52.42,4030.0,52.4285,26.0
2020-08-21 13:00:00+00:00,52.5,52.87,52.2,52.825,347118.0,52.5418,1924.0
2020-08-21 14:00:00+00:00,52.85,53.23,52.57,52.68,390594.0,52.9388,4359.0
2020-08-21 15:00:00+00:00,52.68,52.8378,52.1,52.1,220972.0,52.4964,2835.0
2020-08-21 16:00:00+00:00,52.12,52.39,52.11,52.23,203434.0,52.2557,2436.0
2020-08-21 17:00:00+00:00,52.23,52.48,52.16,52.34,209934.0,52.3402,2485.0
2020-08-21 18:00:00+00:00,52.355,52.41,52.07,52.1134,236817.0,52.2703,2743.0
2020-08-21 19:00:00+00:00,52.11,52.72,52.04,52.63,872022.0,52.3589,9118.0
2020-08-21 20:00:00+00:00,52.62,52.62,52.21,52.6,61273.0,52.6156,39.0
2020-08-24 11:00:00+00:00,53.29,53.29,53.29,53.29,900.0,53.2898,4.0
2020-08-24 12:00:00+00:00,53.3,53.59,52.69,53.4,4943.0,53.405,33.0
2020-08-24 13:00:00+00:00,53.31,53.71,52.78,53.44,298405.0,53.1218,2138.0
2020-08-24 14:00:00+00:00,53.48,55.0,53.45,54.85,539156.0,54.4109,6197.0
2020-08-24 15:00:00+00:00,54.81,55.17,54.6,54.86,389593.0,54.8724,3760.0
2020-08-24 16:00:00+00:00,54.88,54.923,54.38,54.49,188222.0,54.6274,2326.0
2020-08-24 17:00:00+00:00,54.47,54.94,54.39,54.56,305752.0,54.6634,3212.0
2020-08-24 18:00:00+00:00,54.56,55.1537,54.51,55.06,296466.0,54.7975,3380.0
2020-08-24 19:00:00+00:00,55.04,55.18,54.765,55.03,877964.0,54.9323,9182.0
2020-08-24 20:00:00+00:00,54.99,55.0,54.7,54.99,48900.0,54.9396,70.0
2020-08-24 21:00:00+00:00,54.52,54.87,54.52,54.87,5493.0,54.7135,13.0
2020-08-24 22:00:00+00:00,54.61,54.95,54.61,54.9,1413.0,54.7528,12.0
2020-08-24 23:00:00+00:00,54.62,54.9,54.62,54.9,4600.0,54.6626,14.0
2020-08-25 11:00:00+00:00,55.1,55.1,55.0,55.0,1650.0,55.0497,11.0
2020-08-25 12:00:00+00:00,55.2,55.4,55.0,55.25,3942.0,55.2358,36.0
2020-08-25 13:00:00+00:00,55.27,55.81,54.55,54.92,736168.0,55.1125,4626.0
2020-08-25 14:00:00+00:00,54.92,55.04,54.1147,54.25,404891.0,54.4182,4670.0
2020-08-25 15:00:00+00:00,54.26,54.415,53.76,53.8,430649.0,54.0882,4912.0
2020-08-25 16:00:00+00:00,53.79,54.26,53.7,54.19,284365.0,54.014,3895.0
2020-08-25 17:00:00+00:00,54.19,54.25,53.9701,54.15,241607.0,54.1173,3127.0
2020-08-25 18:00:00+00:00,54.15,54.2,53.835,53.835,292332.0,54.0129,3872.0
2020-08-25 19:00:00+00:00,53.84,54.34,53.83,54.245,796123.0,54.1637,8893.0
2020-08-25 20:00:00+00:00,54.25,54.25,54.05,54.12,24643.0,54.2415,46.0
2020-08-25 21:00:00+00:00,54.25,54.25,54.25,54.25,200.0,54.247,4.0
2020-08-25 23:00:00+00:00,54.52,54.6,54.51,54.6,1694.0,54.5213,12.0
2020-08-26 12:00:00+00:00,54.5,54.5,54.448,54.448,350.0,54.5223,3.0
2020-08-26 13:00:00+00:00,54.15,54.66,53.56,54.5431,469123.0,54.1962,3767.0
2020-08-26 14:00:00+00:00,54.5,54.5,53.58,53.65,559369.0,54.0267,5663.0
2020-08-26 15:00:00+00:00,53.66,53.82,53.26,53.54,294821.0,53.5302,3496.0
2020-08-26 16:00:00+00:00,53.5454,53.7,53.31,53.665,393263.0,53.5683,2906.0
2020-08-26 17:00:00+00:00,53.665,53.9,53.4301,53.52,381773.0,53.6628,3353.0
2020-08-26 18:00:00+00:00,53.5208,53.71,53.295,53.43,530071.0,53.5075,4552.0
2020-08-26 19:00:00+00:00,53.43,54.01,53.4,53.7,1160396.0,53.7269,11906.0
2020-08-26 20:00:00+00:00,53.7,53.7,53.7,53.7,34963.0,53.7,24.0
2020-08-26 23:00:00+00:00,53.85,54.0,53.85,54.0,3300.0,53.8815,27.0
2020-08-27 11:00:00+00:00,54.0,54.02,53.85,54.02,3210.0,53.9937,20.0
2020-08-27 12:00:00+00:00,54.0,54.06,53.8,53.8,3174.0,53.9654,26.0
2020-08-27 13:00:00+00:00,54.02,54.17,52.34,52.59,625834.0,52.9573,5771.0
2020-08-27 14:00:00+00:00,52.6024,53.04,52.3327,52.94,573011.0,52.604,5700.0
2020-08-27 15:00:00+00:00,52.92,52.965,52.38,52.6178,343385.0,52.524,3987.0
2020-08-27 16:00:00+00:00,52.595,52.81,52.4193,52.785,263928.0,52.6226,3189.0
2020-08-27 17:00:00+00:00,52.77,53.08,52.61,52.76,230319.0,52.8464,2730.0
2020-08-27 18:00:00+00:00,52.7584,52.94,52.51,52.76,206018.0,52.669,2760.0
2020-08-27 19:00:00+00:00,52.73,53.605,52.71,53.43,1007261.0,53.3618,9544.0
2020-08-27 20:00:00+00:00,53.44,53.44,53.26,53.44,13188.0,53.4346,29.0
2020-08-27 21:00:00+00:00,53.43,53.84,53.43,53.84,10362.0,53.691,70.0
2020-08-27 22:00:00+00:00,53.48,53.48,53.48,53.48,200.0,53.5339,3.0
2020-08-28 11:00:00+00:00,53.7,53.7,53.7,53.7,900.0,53.7,1.0
2020-08-28 12:00:00+00:00,54.0,54.0,53.9287,53.9287,243.0,53.8846,5.0
2020-08-28 13:00:00+00:00,53.61,54.48,53.6,54.135,467938.0,54.0412,4079.0
2020-08-28 14:00:00+00:00,54.135,54.53,53.9,54.01,460999.0,54.1731,5700.0
2020-08-28 15:00:00+00:00,54.0,54.44,53.9,54.13,384054.0,54.2259,4851.0
2020-08-28 16:00:00+00:00,54.165,54.39,54.0401,54.32,307048.0,54.2293,3890.0
2020-08-28 17:00:00+00:00,54.32,54.63,54.28,54.53,399844.0,54.4484,3765.0
2020-08-28 18:00:00+00:00,54.52,54.97,54.42,54.91,397161.0,54.7411,4452.0
2020-08-28 19:00:00+00:00,54.91,55.02,54.65,54.89,764299.0,54.8292,8567.0
2020-08-28 20:00:00+00:00,54.89,54.89,54.37,54.89,199384.0,54.8884,31.0
2020-08-28 21:00:00+00:00,54.89,54.89,54.89,54.89,1881.0,54.8876,20.0
2020-08-28 22:00:00+00:00,54.66,54.66,54.66,54.66,2550.0,54.66,4.0
2020-08-31 11:00:00+00:00,54.89,54.89,54.89,54.89,449.0,54.8927,6.0
2020-08-31 12:00:00+00:00,54.89,55.0,54.89,55.0,781.0,54.9069,11.0
2020-08-31 13:00:00+00:00,54.85,55.25,53.47,53.74,436660.0,54.4422,3336.0
2020-08-31 14:00:00+00:00,53.73,53.84,53.43,53.7708,360225.0,53.6078,4876.0
2020-08-31 15:00:00+00:00,53.77,53.815,53.16,53.345,360379.0,53.4472,4699.0
2020-08-31 16:00:00+00:00,53.33,53.35,52.9,53.059,269127.0,53.1353,3183.0
2020-08-31 17:00:00+00:00,53.03,53.04,52.79,52.8561,488271.0,52.8952,3937.0
2020-08-31 18:00:00+00:00,52.84,52.84,52.53,52.65,492707.0,52.6912,5149.0
2020-08-31 19:00:00+00:00,52.635,52.88,52.55,52.55,841009.0,52.7119,9063.0
2020-08-31 20:00:00+00:00,52.59,52.7,52.55,52.59,376240.0,52.5909,98.0
2020-08-31 21:00:00+00:00,52.6085,52.64,52.6,52.64,934.0,52.6247,13.0
2020-08-31 22:00:00+00:00,52.81,52.81,52.81,52.81,100.0,52.81,1.0
2020-08-31 23:00:00+00:00,52.75,52.75,52.75,52.75,100.0,52.75,1.0
2020-09-01 12:00:00+00:00,52.9999,53.0,52.73,52.73,8480.0,52.8518,34.0
2020-09-01 13:00:00+00:00,52.7,52.74,51.59,52.41,522878.0,52.1564,4055.0
2020-09-01 14:00:00+00:00,52.41,53.403,52.1,53.25,614667.0,52.787,6233.0
2020-09-01 15:00:00+00:00,53.2501,53.2501,52.72,52.86,388670.0,52.9987,4566.0
2020-09-01 16:00:00+00:00,52.87,52.9,52.52,52.7373,234299.0,52.6832,3288.0
2020-09-01 17:00:00+00:00,52.73,52.78,52.3413,52.405,239323.0,52.5511,2932.0
2020-09-01 18:00:00+00:00,52.405,52.56,52.27,52.2902,263188.0,52.398,3381.0
2020-09-01 19:00:00+00:00,52.29,52.52,52.0931,52.46,626561.0,52.3445,6881.0
2020-09-01 20:00:00+00:00,52.47,52.56,52.47,52.5,46328.0,52.4719,48.0
2020-09-01 21:00:00+00:00,52.52,52.52,52.52,52.52,200.0,52.52,1.0
2020-09-01 22:00:00+00:00,52.47,52.47,52.47,52.47,623.0,52.47,3.0
2020-09-01 23:00:00+00:00,52.48,52.4801,52.47,52.4801,1704.0,52.4782,3.0
2020-09-02 11:00:00+00:00,52.52,52.52,52.52,52.52,100.0,52.52,1.0
2020-09-02 12:00:00+00:00,52.8499,52.8787,52.55,52.8787,753.0,52.718,9.0
2020-09-02 13:00:00+00:00,52.61,52.83,51.9,52.42,546643.0,52.3467,4098.0
2020-09-02 14:00:00+00:00,52.43,53.37,52.34,53.05,569768.0,52.8852,6489.0
2020-09-02 15:00:00+00:00,53.06,53.38,52.72,52.8795,356900.0,52.9781,5224.0
2020-09-02 16:00:00+00:00,52.861,52.93,52.5,52.5944,255644.0,52.7207,3717.0
2020-09-02 17:00:00+00:00,52.575,52.8,52.45,52.51,231594.0,52.6048,3294.0
2020-09-02 18:00:00+00:00,52.49,52.86,52.4106,52.62,350177.0,52.6105,4497.0
2020-09-02 19:00:00+00:00,52.63,53.03,52.3999,52.892,822695.0,52.7901,9844.0
2020-09-02 20:00:00+00:00,52.91,52.91,52.91,52.91,327165.0,52.91,35.0
2020-09-02 21:00:00+00:00,52.69,52.69,52.69,52.69,300.0,52.69,1.0
2020-09-02 22:00:00+00:00,52.9,52.9,52.9,52.9,200.0,52.9,2.0
2020-09-02 23:00:00+00:00,53.04,53.04,53.04,53.04,976.0,53.0398,5.0
2020-09-03 11:00:00+00:00,52.81,52.81,52.81,52.81,100.0,52.81,1.0
2020-09-03 12:00:00+00:00,52.7,52.7,52.51,52.51,875.0,52.5502,5.0
2020-09-03 13:00:00+00:00,52.5028,54.48,52.5,53.93,422935.0,53.708,3093.0
2020-09-03 14:00:00+00:00,53.9248,54.01,53.24,53.31,553471.0,53.6178,6144.0
2020-09-03 15:00:00+00:00,53.32,53.33,52.25,53.13,530596.0,52.8919,5814.0
2020-09-03 16:00:00+00:00,53.13,53.3345,52.63,52.78,338733.0,53.0964,4454.0
2020-09-03 17:00:00+00:00,52.78,52.91,52.42,52.58,322337.0,52.6422,4059.0
2020-09-03 18:00:00+00:00,52.56,52.66,51.7,51.73,551063.0,52.2279,6688.0
2020-09-03 19:00:00+00:00,51.73,52.35,51.66,52.32,675319.0,52.0796,9073.0
2020-09-03 20:00:00+00:00,52.33,52.5,52.33,52.33,43163.0,52.3304,28.0
2020-09-03 21:00:00+00:00,52.51,52.51,52.51,52.51,167.0,52.51,1.0
2020-09-03 22:00:00+00:00,52.33,52.34,52.33,52.34,241.0,52.335,3.0
2020-09-03 23:00:00+00:00,52.34,52.34,52.34,52.34,113.0,52.34,2.0
2020-09-04 08:00:00+00:00,52.33,54.27,52.33,54.27,1100.0,52.6827,2.0
2020-09-04 11:00:00+00:00,53.85,53.85,52.4,52.58,1437.0,52.7266,17.0
2020-09-04 12:00:00+00:00,52.38,53.0,52.38,52.976,1329.0,52.9265,6.0
2020-09-04 13:00:00+00:00,52.99,53.12,52.135,52.26,408128.0,52.7231,3112.0
2020-09-04 14:00:00+00:00,52.21,52.39,51.07,51.28,621606.0,51.6621,7243.0
2020-09-04 15:00:00+00:00,51.25,51.38,50.66,51.25,615757.0,50.9991,7042.0
2020-09-04 16:00:00+00:00,51.25,51.8,51.054,51.46,308231.0,51.4394,4384.0
2020-09-04 17:00:00+00:00,51.49,51.5159,51.08,51.37,277972.0,51.2663,4330.0
2020-09-04 18:00:00+00:00,51.36,51.66,51.23,51.46,371644.0,51.4704,4655.0
2020-09-04 19:00:00+00:00,51.475,51.52,51.08,51.23,877921.0,51.2708,10116.0
2020-09-04 20:00:00+00:00,51.22,51.66,51.2,51.66,57115.0,51.222,61.0
2020-09-04 21:00:00+00:00,51.61,51.61,51.2201,51.2201,497.0,51.4576,5.0
2020-09-04 22:00:00+00:00,51.35,51.35,51.35,51.35,784.0,51.35,4.0
2020-09-04 23:00:00+00:00,51.55,51.55,51.55,51.55,222.0,51.55,1.0
2020-09-08 08:00:00+00:00,51.01,51.01,51.0,51.0,382.0,51.0048,3.0
2020-09-08 11:00:00+00:00,51.23,51.23,50.51,50.51,4563.0,50.8023,40.0
2020-09-08 12:00:00+00:00,51.2529,51.2529,50.5,50.5,2281.0,50.7066,35.0
2020-09-08 13:00:00+00:00,50.35,51.0,49.88,50.235,595676.0,50.4076,5084.0
2020-09-08 14:00:00+00:00,50.21,50.3,49.3,49.42,773193.0,49.7336,8711.0
2020-09-08 15:00:00+00:00,49.44,50.13,49.33,49.5,371305.0,49.7783,5204.0
2020-09-08 16:00:00+00:00,49.49,50.091,49.46,49.78,232809.0,49.8003,3522.0
2020-09-08 17:00:00+00:00,49.81,49.85,49.38,49.39,315830.0,49.6628,3952.0
2020-09-08 18:00:00+00:00,49.42,49.5,48.76,49.19,658787.0,49.0473,6825.0
2020-09-08 19:00:00+00:00,49.17,49.185,48.68,48.73,1118642.0,48.913,13123.0
2020-09-08 20:00:00+00:00,48.73,48.9,48.73,48.75,63365.0,48.7379,92.0
2020-09-08 21:00:00+00:00,48.75,48.75,48.35,48.35,4113.0,48.6771,58.0
2020-09-08 22:00:00+00:00,48.35,48.75,48.3,48.73,1480.0,48.4556,16.0
2020-09-08 23:00:00+00:00,48.71,48.71,48.71,48.71,171.0,48.7153,5.0
2020-09-09 11:00:00+00:00,49.0,49.5,48.97,49.44,5693.0,49.3406,16.0
2020-09-09 12:00:00+00:00,49.3639,49.3639,49.25,49.25,365.0,49.2764,10.0
2020-09-09 13:00:00+00:00,49.4335,49.51,48.21,48.725,550288.0,48.6845,4336.0
2020-09-09 14:00:00+00:00,48.725,48.75,47.34,47.58,814056.0,47.8582,8483.0
2020-09-09 15:00:00+00:00,47.6,47.92,47.5,47.565,524070.0,47.7291,6401.0
2020-09-09 16:00:00+00:00,47.56,47.68,47.37,47.5,382568.0,47.5302,4623.0
2020-09-09 17:00:00+00:00,47.5,48.14,47.43,48.085,437366.0,47.8681,5334.0
2020-09-09 18:00:00+00:00,48.1,48.38,48.01,48.15,370159.0,48.1958,4265.0
2020-09-09 19:00:00+00:00,48.15,48.31,47.71,47.76,850278.0,47.9706,10041.0
2020-09-09 20:00:00+00:00,47.75,47.75,47.7,47.7098,126542.0,47.7498,50.0
2020-09-09 21:00:00+00:00,47.72,47.72,47.7,47.7,330.0,47.7127,8.0
2020-09-09 22:00:00+00:00,47.72,47.75,47.72,47.75,301.0,47.735,4.0
2020-09-10 11:00:00+00:00,47.75,47.75,47.75,47.75,814.0,47.75,2.0
2020-09-10 12:00:00+00:00,48.5,48.5,47.48,47.59,1421.0,47.6111,16.0
2020-09-10 13:00:00+00:00,47.84,48.06,47.28,47.37,605841.0,47.6512,4902.0
2020-09-10 14:00:00+00:00,47.4,47.75,46.97,47.05,591632.0,47.4402,6559.0
2020-09-10 15:00:00+00:00,47.05,47.29,46.665,46.69,593596.0,46.9799,6078.0
2020-09-10 16:00:00+00:00,46.6794,46.87,46.08,46.32,504228.0,46.492,6164.0
2020-09-10 17:00:00+00:00,46.315,46.72,46.0301,46.12,378056.0,46.388,4837.0
2020-09-10 18:00:00+00:00,46.11,46.24,45.75,45.9495,590247.0,46.0255,7266.0
2020-09-10 19:00:00+00:00,45.945,45.945,45.38,45.62,1166672.0,45.6786,12565.0
2020-09-10 20:00:00+00:00,45.63,45.99,45.56,45.56,71423.0,45.6336,98.0
2020-09-10 21:00:00+00:00,45.95,45.95,45.95,45.95,431.0,45.9334,6.0
2020-09-10 22:00:00+00:00,45.65,45.65,45.65,45.65,180.0,45.65,1.0
2020-09-10 23:00:00+00:00,46.0,46.0,46.0,46.0,112.0,46.0,2.0
2020-09-11 11:00:00+00:00,46.0,46.0,46.0,46.0,1466.0,46.0951,19.0
2020-09-11 12:00:00+00:00,45.88,46.13,45.88,46.13,5296.0,45.8914,9.0
2020-09-11 13:00:00+00:00,45.6,46.3,45.1375,46.14,789418.0,45.8176,5078.0
2020-09-11 14:00:00+00:00,46.1684,46.57,46.06,46.2695,499972.0,46.3479,5420.0
2020-09-11 15:00:00+00:00,46.26,46.78,46.25,46.35,438789.0,46.5126,4936.0
2020-09-11 16:00:00+00:00,46.36,46.77,46.145,46.4,431909.0,46.4152,4840.0
2020-09-11 17:00:00+00:00,46.4,46.49,46.03,46.21,359104.0,46.2587,4481.0
2020-09-11 18:00:00+00:00,46.23,46.55,46.0701,46.49,366276.0,46.2629,4488.0
2020-09-11 19:00:00+00:00,46.5,46.78,46.32,46.38,821690.0,46.5249,10294.0
2020-09-11 20:00:00+00:00,46.39,46.45,46.39,46.4,39850.0,46.391,49.0
2020-09-11 21:00:00+00:00,46.3998,46.3998,46.25,46.25,515.0,46.2828,9.0
2020-09-11 22:00:00+00:00,46.59,46.59,46.59,46.59,226.0,46.5655,3.0
2020-09-14 11:00:00+00:00,46.6,46.6,46.6,46.6,4025.0,46.6,15.0
2020-09-14 12:00:00+00:00,46.65,47.0,46.5,46.64,2857.0,46.5917,18.0
2020-09-14 13:00:00+00:00,46.63,47.53,46.54,47.03,385838.0,46.9766,3568.0
2020-09-14 14:00:00+00:00,47.03,47.25,46.77,46.9,435277.0,47.0154,5105.0
2020-09-14 15:00:00+00:00,46.88,47.38,46.76,47.245,639115.0,47.0511,6289.0
2020-09-14 16:00:00+00:00,47.25,47.925,47.25,47.79,399292.0,47.6893,4162.0
2020-09-14 17:00:00+00:00,47.73,47.97,47.65,47.81,414029.0,47.8229,4168.0
2020-09-14 18:00:00+00:00,47.81,48.08,47.71,47.87,372890.0,47.9086,3782.0
2020-09-14 19:00:00+00:00,47.87,47.93,47.455,47.51,1213825.0,47.6207,11429.0
2020-09-14 20:00:00+00:00,47.51,47.51,47.5,47.5,872434.0,47.51,37.0
2020-09-14 22:00:00+00:00,47.51,47.51,47.51,47.51,2503.0,47.51,19.0
2020-09-15 11:00:00+00:00,48.1,48.1,48.01,48.01,1450.0,48.0276,3.0
2020-09-15 12:00:00+00:00,47.9,47.99,47.9,47.99,1116.0,47.9418,10.0
2020-09-15 13:00:00+00:00,48.13,48.17,47.36,47.39,309996.0,47.7732,2826.0
2020-09-15 14:00:00+00:00,47.37,48.11,46.94,48.0,315896.0,47.4292,4555.0
2020-09-15 15:00:00+00:00,48.0,48.1,47.628,47.64,282653.0,47.918,4040.0
2020-09-15 16:00:00+00:00,47.63,47.7299,47.33,47.5,253777.0,47.5235,3289.0
2020-09-15 17:00:00+00:00,47.49,47.56,47.31,47.39,171955.0,47.4311,2879.0
2020-09-15 18:00:00+00:00,47.4,47.405,47.04,47.095,250061.0,47.2129,3865.0
2020-09-15 19:00:00+00:00,47.1,47.155,46.54,46.56,1025706.0,46.7812,10436.0
2020-09-15 20:00:00+00:00,46.56,46.65,46.56,46.65,416758.0,46.56,32.0
2020-09-15 21:00:00+00:00,46.65,46.99,46.65,46.99,2272.0,46.7045,4.0
2020-09-15 22:00:00+00:00,46.7,46.7,46.7,46.7,210.0,46.6936,6.0
2020-09-15 23:00:00+00:00,46.66,46.69,46.65,46.69,1576.0,46.6731,11.0
2020-09-16 11:00:00+00:00,47.0,47.0,47.0,47.0,518.0,47.0,2.0
2020-09-16 12:00:00+00:00,47.0,47.0,47.0,47.0,3417.0,46.9993,15.0
2020-09-16 13:00:00+00:00,46.8,47.14,46.57,47.04,320156.0,46.9307,2282.0
2020-09-16 14:00:00+00:00,47.05,47.88,47.01,47.8229,434918.0,47.5463,4719.0
2020-09-16 15:00:00+00:00,47.81,48.69,47.81,48.685,377177.0,48.23,4052.0
2020-09-16 16:00:00+00:00,48.66,49.14,48.4162,48.92,432192.0,48.7924,4257.0
2020-09-16 17:00:00+00:00,48.93,49.44,48.81,49.1349,501334.0,49.1511,4525.0
2020-09-16 18:00:00+00:00,49.13,50.04,49.13,49.965,681067.0,49.6768,5824.0
2020-09-16 19:00:00+00:00,49.965,50.0,48.86,49.11,1598827.0,49.1834,15697.0
2020-09-16 20:00:00+00:00,49.1,50.14,46.6765,49.99,148117.0,49.0885,49.0
2020-09-16 21:00:00+00:00,49.9,49.95,49.25,49.55,2810.0,49.5839,28.0
2020-09-16 22:00:00+00:00,49.5,49.5,49.5,49.5,500.0,49.5,1.0
2020-09-16 23:00:00+00:00,49.45,49.45,49.45,49.45,247.0,49.4595,3.0
2020-09-17 08:00:00+00:00,48.7,48.7,48.7,48.7,500.0,48.7,4.0
2020-09-17 12:00:00+00:00,49.9899,49.9899,48.28,48.72,2415.0,48.6498,20.0
2020-09-17 13:00:00+00:00,48.63,48.69,47.84,48.54,472450.0,48.3009,4371.0
2020-09-17 14:00:00+00:00,48.53,48.83,48.22,48.31,990255.0,48.5782,9368.0
2020-09-17 15:00:00+00:00,48.32,48.86,48.32,48.45,582468.0,48.5772,7075.0
2020-09-17 16:00:00+00:00,48.44,48.52,48.105,48.5,567117.0,48.3073,7132.0
2020-09-17 17:00:00+00:00,48.5,48.74,48.36,48.66,415300.0,48.5639,4876.0
2020-09-17 18:00:00+00:00,48.665,48.86,48.37,48.585,460786.0,48.6124,5154.0
2020-09-17 19:00:00+00:00,48.6,49.03,48.28,49.01,1188464.0,48.7074,12543.0
2020-09-17 20:00:00+00:00,49.0,49.1,48.99,49.04,129143.0,49.0185,45.0
2020-09-17 21:00:00+00:00,49.07,49.07,49.0,49.0,450.0,49.0467,3.0
2020-09-17 23:00:00+00:00,49.25,49.25,49.25,49.25,100.0,49.25,1.0
2020-09-18 11:00:00+00:00,49.25,49.25,49.25,49.25,110.0,49.25,2.0
2020-09-18 12:00:00+00:00,49.05,49.05,49.0,49.0,2180.0,49.0488,5.0
2020-09-18 13:00:00+00:00,48.81,48.9,48.33,48.52,1204633.0,48.529,3409.0
2020-09-18 14:00:00+00:00,48.52,49.1,48.35,48.5,454176.0,48.7939,5341.0
2020-09-18 15:00:00+00:00,48.48,49.08,48.4,48.8,440718.0,48.8041,5235.0
2020-09-18 16:00:00+00:00,48.78,48.9,48.3,48.365,393947.0,48.6993,4593.0
2020-09-18 17:00:00+00:00,48.37,48.42,47.78,48.0314,593282.0,48.0192,6425.0
2020-09-18 18:00:00+00:00,48.02,48.42,47.92,48.2,577807.0,48.2069,6401.0
2020-09-18 19:00:00+00:00,48.21,49.03,48.16,48.65,1661959.0,48.6661,15265.0
2020-09-18 20:00:00+00:00,48.71,48.7117,48.71,48.7117,229141.0,48.71,56.0
2020-09-18 21:00:00+00:00,48.71,48.71,48.71,48.71,455.0,48.71,1.0
2020-09-18 22:00:00+00:00,48.67,48.67,48.67,48.67,646.0,48.6704,3.0
2020-09-21 08:00:00+00:00,47.33,47.33,47.33,47.33,200.0,47.5174,5.0
2020-09-21 11:00:00+00:00,48.0,48.0,47.58,47.58,561.0,47.7185,5.0
2020-09-21 12:00:00+00:00,47.5728,47.85,47.5,47.74,9162.0,47.6999,28.0
2020-09-21 13:00:00+00:00,47.6,47.9,46.3,47.015,855954.0,46.8716,6762.0
2020-09-21 14:00:00+00:00,47.015,47.38,46.39,46.495,870344.0,46.8932,8961.0
2020-09-21 15:00:00+00:00,46.5,46.92,46.31,46.81,678931.0,46.5673,6517.0
2020-09-21 16:00:00+00:00,46.78,47.19,46.715,46.91,442042.0,46.9647,4129.0
2020-09-21 17:00:00+00:00,46.93,47.18,46.84,47.11,297398.0,47.0603,3525.0
2020-09-21 18:00:00+00:00,47.11,47.16,46.68,46.965,368930.0,46.8799,4349.0
2020-09-21 19:00:00+00:00,46.98,47.39,46.91,47.35,780234.0,47.153,9322.0
2020-09-21 20:00:00+00:00,47.36,47.36,47.36,47.36,176557.0,47.3599,28.0
2020-09-21 21:00:00+00:00,47.53,47.53,47.53,47.53,801.0,47.5286,10.0
2020-09-21 22:00:00+00:00,47.59,47.6,47.59,47.6,615.0,47.5907,7.0
2020-09-22 11:00:00+00:00,47.5,47.51,47.5,47.51,1308.0,47.501,7.0
2020-09-22 13:00:00+00:00,47.88,47.95,47.0,47.46,363620.0,47.4453,3145.0
2020-09-22 14:00:00+00:00,47.48,47.84,47.2701,47.47,580684.0,47.5544,6035.0
2020-09-22 15:00:00+00:00,47.465,47.7,47.3,47.66,334101.0,47.5082,4407.0
2020-09-22 16:00:00+00:00,47.65,47.74,47.07,47.16,372337.0,47.3919,4253.0
2020-09-22 17:00:00+00:00,47.165,47.485,47.0167,47.45,328140.0,47.2302,3497.0
2020-09-22 18:00:00+00:00,47.44,47.62,47.35,47.405,392777.0,47.5121,3400.0
2020-09-22 19:00:00+00:00,47.42,47.5,47.16,47.41,895240.0,47.3165,9081.0
2020-09-22 20:00:00+00:00,47.42,47.6,47.42,47.5,147836.0,47.4261,67.0
2020-09-22 21:00:00+00:00,47.5,47.5,47.42,47.42,632.0,47.4327,2.0
2020-09-22 23:00:00+00:00,47.42,47.42,47.3,47.3,1975.0,47.3608,13.0
2020-09-23 12:00:00+00:00,47.9599,47.9599,47.9599,47.9599,208.0,47.9599,1.0
2020-09-23 13:00:00+00:00,47.408,47.56,46.8,46.91,429452.0,47.177,3112.0
2020-09-23 14:00:00+00:00,46.91,47.05,46.4751,46.824,571935.0,46.7364,5975.0
2020-09-23 15:00:00+00:00,46.815,47.03,46.62,46.74,360380.0,46.8147,4110.0
2020-09-23 16:00:00+00:00,46.74,47.27,46.685,47.025,328847.0,46.9782,3692.0
2020-09-23 17:00:00+00:00,47.0334,47.23,46.57,46.6,463873.0,46.8654,5004.0
2020-09-23 18:00:00+00:00,46.58,46.6,45.42,45.42,511800.0,45.9715,5765.0
2020-09-23 19:00:00+00:00,45.44,45.55,44.47,44.52,1312067.0,44.8838,13983.0
2020-09-23 20:00:00+00:00,44.51,44.75,44.51,44.75,56627.0,44.5111,65.0
2020-09-23 21:00:00+00:00,44.86,44.86,44.77,44.77,1482.0,44.852,8.0
2020-09-23 22:00:00+00:00,44.61,44.75,44.61,44.75,437.0,44.7194,6.0
2020-09-23 23:00:00+00:00,44.75,44.8,44.57,44.6,1757.0,44.6652,26.0
2020-09-24 12:00:00+00:00,45.5815,45.5815,44.5,44.5,1625.0,44.6272,20.0
2020-09-24 13:00:00+00:00,44.14,44.6235,42.93,43.52,585662.0,43.7136,4458.0
2020-09-24 14:00:00+00:00,43.52,44.37,43.51,43.8,533365.0,43.9416,6072.0
2020-09-24 15:00:00+00:00,43.77,44.4,43.33,44.355,363759.0,43.7534,4383.0
2020-09-24 16:00:00+00:00,44.36,44.57,44.17,44.56,379231.0,44.3718,3293.0
2020-09-24 17:00:00+00:00,44.56,45.55,44.56,45.331,452099.0,45.159,4514.0
2020-09-24 18:00:00+00:00,45.34,45.38,44.58,44.59,397862.0,44.9857,3940.0
2020-09-24 19:00:00+00:00,44.5868,44.82,44.39,44.58,826908.0,44.6214,10740.0
2020-09-24 20:00:00+00:00,44.58,45.23,44.58,45.23,34342.0,44.5848,42.0
2020-09-25 11:00:00+00:00,44.49,44.49,44.49,44.49,202.0,44.49,3.0
2020-09-25 12:00:00+00:00,44.4,44.4,44.21,44.26,488.0,44.267,6.0
2020-09-25 13:00:00+00:00,44.19,44.19,43.35,43.7692,473173.0,43.7407,3343.0
2020-09-25 14:00:00+00:00,43.77,43.96,43.24,43.34,559472.0,43.5468,6473.0
2020-09-25 15:00:00+00:00,43.36,43.53,43.025,43.13,662426.0,43.2606,7776.0
2020-09-25 16:00:00+00:00,43.13,43.57,43.02,43.55,541125.0,43.2924,6218.0
2020-09-25 17:00:00+00:00,43.56,43.98,43.46,43.77,487970.0,43.6871,5978.0
2020-09-25 18:00:00+00:00,43.77,43.88,43.57,43.86,581081.0,43.721,6126.0
2020-09-25 19:00:00+00:00,43.88,44.19,43.745,43.91,987696.0,43.9247,12573.0
2020-09-25 20:00:00+00:00,43.92,43.92,43.92,43.92,20371.0,43.9203,38.0
2020-09-25 21:00:00+00:00,43.93,43.93,43.93,43.93,100.0,43.93,1.0
2020-09-25 22:00:00+00:00,43.9,43.9,43.9,43.9,1050.0,43.9,6.0
2020-09-25 23:00:00+00:00,44.03,44.03,44.03,44.03,350.0,44.0315,5.0
2020-09-28 10:00:00+00:00,44.57,44.58,44.57,44.58,599.0,44.5783,4.0
2020-09-28 11:00:00+00:00,44.51,44.51,44.51,44.51,163.0,44.51,2.0
2020-09-28 12:00:00+00:00,44.5,44.99,44.5,44.99,340.0,44.6441,3.0
2020-09-28 13:00:00+00:00,44.6,45.48,44.55,45.25,378468.0,45.0377,2807.0
2020-09-28 14:00:00+00:00,45.271,45.32,44.79,45.18,410039.0,45.0639,4417.0
2020-09-28 15:00:00+00:00,45.195,45.2,44.8,45.07,295732.0,44.9626,2979.0
2020-09-28 16:00:00+00:00,45.06,45.53,45.04,45.34,207860.0,45.3135,2828.0
2020-09-28 17:00:00+00:00,45.35,45.57,45.0,45.015,334808.0,45.2515,3287.0
2020-09-28 18:00:00+00:00,45.015,45.4,44.885,45.385,380924.0,45.1218,3493.0
2020-09-28 19:00:00+00:00,45.39,45.39,44.72,44.84,823672.0,44.9297,8474.0
2020-09-28 20:00:00+00:00,44.82,44.83,44.82,44.83,13851.0,44.8198,25.0
2020-09-29 12:00:00+00:00,44.9,44.9,44.83,44.85,5867.0,44.8948,6.0
2020-09-29 13:00:00+00:00,44.86,45.01,43.81,44.46,530216.0,44.2995,3289.0
2020-09-29 14:00:00+00:00,44.48,44.99,44.35,44.58,333405.0,44.6373,4060.0
2020-09-29 15:00:00+00:00,44.58,44.62,43.42,43.5157,829362.0,44.1074,4634.0
2020-09-29 16:00:00+00:00,43.502,43.694,43.18,43.315,369501.0,43.4901,3749.0
2020-09-29 17:00:00+00:00,43.307,43.525,43.105,43.335,366518.0,43.2795,4195.0
2020-09-29 18:00:00+00:00,43.335,43.6,43.22,43.4,521823.0,43.3903,4821.0
2020-09-29 19:00:00+00:00,43.41,43.67,43.34,43.39,1095258.0,43.4887,10843.0
2020-09-29 20:00:00+00:00,43.41,43.73,43.36,43.73,62305.0,43.412,45.0
2020-09-29 21:00:00+00:00,43.4408,43.73,43.4408,43.73,1146.0,43.6932,2.0
2020-09-30 11:00:00+00:00,43.25,43.25,43.25,43.25,514.0,43.2541,3.0
2020-09-30 12:00:00+00:00,43.35,43.35,43.35,43.35,1167.0,43.3536,7.0
2020-09-30 13:00:00+00:00,43.37,44.37,43.3488,44.16,379714.0,43.8521,2878.0
2020-09-30 14:00:00+00:00,44.16,44.4,43.49,44.035,591790.0,43.9086,6023.0
2020-09-30 15:00:00+00:00,44.045,44.0658,43.33,43.6,435019.0,43.6045,5012.0
2020-09-30 16:00:00+00:00,43.63,44.09,43.31,44.05,440401.0,43.6069,4563.0
2020-09-30 17:00:00+00:00,44.05,44.06,43.73,43.85,307319.0,43.8939,3574.0
2020-09-30 18:00:00+00:00,43.85,44.09,43.03,43.37,555329.0,43.4971,5987.0
2020-09-30 19:00:00+00:00,43.31,43.46,42.93,43.32,1150221.0,43.183,12717.0
2020-09-30 20:00:00+00:00,43.32,43.32,43.1102,43.1102,140069.0,43.3197,35.0
2020-09-30 21:00:00+00:00,43.3,43.32,43.3,43.32,2022.0,43.3133,15.0
2020-10-01 08:00:00+00:00,43.2,43.2,42.53,42.95,4123.0,42.7141,16.0
2020-10-01 10:00:00+00:00,42.62,42.62,42.56,42.56,200.0,42.59,2.0
2020-10-01 11:00:00+00:00,42.9,42.94,42.7,42.7,3587.0,42.8482,37.0
2020-10-01 12:00:00+00:00,42.8,42.94,42.27,42.3118,34623.0,42.5362,303.0
2020-10-01 13:00:00+00:00,42.3,42.39,41.02,41.14,1499221.0,41.4721,9936.0
2020-10-01 14:00:00+00:00,41.11,41.16,40.26,40.29,1673526.0,40.659,14238.0
2020-10-01 15:00:00+00:00,40.29,40.335,39.72,39.825,1990410.0,39.9278,15381.0
2020-10-01 16:00:00+00:00,39.82,40.1225,39.75,39.975,1223334.0,39.9625,9557.0
2020-10-01 17:00:00+00:00,39.96,40.43,39.96,40.17,1155297.0,40.2178,8077.0
2020-10-01 18:00:00+00:00,40.17,40.25,39.77,40.14,908743.0,40.0354,7505.0
2020-10-01 19:00:00+00:00,40.12,40.3,39.885,40.28,1594956.0,40.1509,14691.0
2020-10-01 20:00:00+00:00,40.28,40.42,40.0,40.1,91437.0,40.2563,76.0
2020-10-01 21:00:00+00:00,40.27,40.28,40.1,40.1,3971.0,40.2214,19.0
2020-10-01 22:00:00+00:00,40.27,40.3,40.27,40.3,2117.0,40.2806,13.0
2020-10-01 23:00:00+00:00,40.3,40.4199,40.28,40.28,2460.0,40.3102,12.0
2020-10-02 08:00:00+00:00,39.84,39.84,39.83,39.83,200.0,39.835,2.0
2020-10-02 11:00:00+00:00,39.32,39.38,39.23,39.26,2052.0,39.2785,15.0
2020-10-02 12:00:00+00:00,39.26,39.95,38.89,38.9,21126.0,39.1442,186.0
2020-10-02 13:00:00+00:00,38.8604,40.4,38.75,39.25,1233870.0,39.6295,8283.0
2020-10-02 14:00:00+00:00,39.235,39.63,38.87,39.0086,1321658.0,39.1887,12358.0
2020-10-02 15:00:00+00:00,38.99,40.14,38.96,39.84,993808.0,39.5628,9401.0
2020-10-02 16:00:00+00:00,39.85,40.83,39.82,40.68,835337.0,40.5354,9208.0
2020-10-02 17:00:00+00:00,40.6927,41.05,40.56,40.72,463994.0,40.8061,5859.0
2020-10-02 18:00:00+00:00,40.705,41.24,40.705,41.0043,584257.0,41.0515,6507.0
2020-10-02 19:00:00+00:00,41.0052,41.1,40.7,40.71,1131400.0,40.8567,13310.0
2020-10-02 20:00:00+00:00,40.73,40.73,40.6001,40.73,44168.0,40.7297,33.0
2020-10-02 21:00:00+00:00,40.7,40.7,40.7,40.7,1078.0,40.7,6.0
2020-10-02 22:00:00+00:00,40.49,40.64,40.15,40.15,2705.0,40.2588,7.0
2020-10-02 23:00:00+00:00,40.69,40.69,40.69,40.69,200.0,40.69,2.0
2020-10-05 11:00:00+00:00,41.77,41.8,41.49,41.49,1990.0,41.7116,17.0
2020-10-05 12:00:00+00:00,41.6,41.6899,41.1,41.47,2317.0,41.3824,29.0
2020-10-05 13:00:00+00:00,41.45,42.42,41.03,41.81,625282.0,41.9023,4585.0
2020-10-05 14:00:00+00:00,41.84,42.49,41.53,42.445,796004.0,42.0403,7391.0
2020-10-05 15:00:00+00:00,42.46,42.6998,42.27,42.57,765967.0,42.4778,5858.0
2020-10-05 16:00:00+00:00,42.56,42.84,42.4,42.6,414851.0,42.6313,4214.0
2020-10-05 17:00:00+00:00,42.61,43.02,42.41,42.88,443912.0,42.8006,4841.0
2020-10-05 18:00:00+00:00,42.87,43.12,42.6,42.955,527758.0,42.8969,5444.0
2020-10-05 19:00:00+00:00,42.97,43.12,42.84,43.1,1070980.0,43.0042,10761.0
2020-10-05 20:00:00+00:00,43.07,43.15,43.01,43.1,36449.0,43.0733,39.0
2020-10-05 21:00:00+00:00,43.0998,43.0998,43.0998,43.0998,201.0,43.0983,3.0
2020-10-05 23:00:00+00:00,43.0,43.08,43.0,43.08,2202.0,43.0094,11.0
2020-10-06 11:00:00+00:00,43.07,43.25,43.07,43.24,631.0,43.2057,6.0
2020-10-06 12:00:00+00:00,43.1,43.5398,43.1,43.5398,1700.0,43.2517,17.0
2020-10-06 13:00:00+00:00,43.27,44.1,43.07,43.13,622206.0,43.7637,4432.0
2020-10-06 14:00:00+00:00,43.1,44.265,43.03,43.58,638320.0,43.7253,6673.0
2020-10-06 15:00:00+00:00,43.56,44.32,43.49,44.165,529230.0,43.9603,5690.0
2020-10-06 16:00:00+00:00,44.18,44.25,43.67,43.94,323748.0,43.8988,3685.0
2020-10-06 17:00:00+00:00,43.95,44.21,43.69,43.72,303645.0,43.9723,3695.0
2020-10-06 18:00:00+00:00,43.72,44.02,42.39,42.7,482825.0,43.3945,5595.0
2020-10-06 19:00:00+00:00,42.65,42.715,42.09,42.32,1083340.0,42.383,11546.0
2020-10-06 20:00:00+00:00,42.33,42.33,42.33,42.33,141239.0,42.33,22.0
2020-10-06 21:00:00+00:00,42.32,42.33,42.11,42.11,2401.0,42.293,19.0
2020-10-06 22:00:00+00:00,42.13,42.13,42.13,42.13,100.0,42.13,1.0
2020-10-06 23:00:00+00:00,42.18,42.33,42.1,42.33,2339.0,42.1311,25.0
2020-10-07 12:00:00+00:00,43.1379,43.2299,42.67,43.2299,468.0,43.0483,4.0
2020-10-07 13:00:00+00:00,42.99,43.15,42.1,42.19,354135.0,42.4657,2524.0
2020-10-07 14:00:00+00:00,42.11,42.45,41.86,42.36,621370.0,42.1604,6079.0
2020-10-07 15:00:00+00:00,42.35,42.52,41.91,42.08,444930.0,42.1875,5065.0
2020-10-07 16:00:00+00:00,42.0732,42.26,41.98,42.1,332706.0,42.129,4146.0
2020-10-07 17:00:00+00:00,42.11,42.45,42.015,42.2868,329078.0,42.1885,4020.0
2020-10-07 18:00:00+00:00,42.2655,42.47,42.17,42.27,579900.0,42.314,5650.0
2020-10-07 19:00:00+00:00,42.28,42.6785,42.27,42.38,936794.0,42.444,10979.0
2020-10-07 20:00:00+00:00,42.35,42.5,42.35,42.35,48977.0,42.3525,59.0
2020-10-08 12:00:00+00:00,42.71,43.0,42.7,43.0,1521.0,42.8425,10.0
2020-10-08 13:00:00+00:00,42.73,43.06,42.26,42.925,377756.0,42.68,2802.0
2020-10-08 14:00:00+00:00,42.91,43.43,42.5576,43.2,421264.0,43.0907,4095.0
2020-10-08 15:00:00+00:00,43.21,43.33,42.815,43.17,302601.0,43.0627,3622.0
2020-10-08 16:00:00+00:00,43.11,43.45,43.05,43.1923,201665.0,43.261,2529.0
2020-10-08 17:00:00+00:00,43.19,43.61,43.1,43.44,391149.0,43.3813,3458.0
2020-10-08 18:00:00+00:00,43.46,44.08,43.41,44.05,389778.0,43.751,4005.0
2020-10-08 19:00:00+00:00,44.06,44.38,43.98,44.36,780202.0,44.1907,8232.0
2020-10-08 20:00:00+00:00,44.36,44.38,44.36,44.36,56575.0,44.3602,60.0
2020-10-08 21:00:00+00:00,44.64,44.64,44.37,44.37,58397.0,44.3611,3.0
2020-10-08 22:00:00+00:00,44.63,44.64,44.38,44.38,1178.0,44.5874,7.0
2020-10-09 12:00:00+00:00,44.5,44.64,44.5,44.64,2423.0,44.6253,12.0
2020-10-09 13:00:00+00:00,44.6,44.885,43.55,43.85,532239.0,44.1295,4038.0
2020-10-09 14:00:00+00:00,43.89,43.95,43.235,43.5005,472800.0,43.5613,4632.0
2020-10-09 15:00:00+00:00,43.54,43.85,43.15,43.69,452270.0,43.5158,4864.0
2020-10-09 16:00:00+00:00,43.69,43.79,43.25,43.31,649924.0,43.4697,6127.0
2020-10-09 17:00:00+00:00,43.32,43.91,43.2,43.87,414064.0,43.6739,4358.0
2020-10-09 18:00:00+00:00,43.885,43.95,43.701,43.866,552846.0,43.8105,5338.0
2020-10-09 19:00:00+00:00,43.89,43.945,43.62,43.63,1205559.0,43.7643,10632.0
2020-10-09 20:00:00+00:00,43.64,43.64,43.52,43.52,488487.0,43.64,42.0
2020-10-09 21:00:00+00:00,43.52,43.52,43.52,43.52,1100.0,43.52,3.0
2020-10-09 22:00:00+00:00,43.55,43.55,43.55,43.55,200.0,43.55,1.0
2020-10-12 11:00:00+00:00,43.5,43.89,43.5,43.86,11695.0,43.8367,18.0
2020-10-12 12:00:00+00:00,43.88,43.88,43.6,43.6,1811.0,43.6777,14.0
2020-10-12 13:00:00+00:00,43.61,43.65,42.59,42.7487,608764.0,42.9617,3592.0
2020-10-12 14:00:00+00:00,42.755,43.23,42.6201,42.765,612281.0,42.8812,5448.0
2020-10-12 15:00:00+00:00,42.774,42.95,42.63,42.6464,366826.0,42.7905,3565.0
2020-10-12 16:00:00+00:00,42.63,42.83,42.42,42.5,445072.0,42.6098,4344.0
2020-10-12 17:00:00+00:00,42.52,42.62,42.28,42.3583,265867.0,42.4499,3373.0
2020-10-12 18:00:00+00:00,42.3492,42.75,42.22,42.75,411221.0,42.4598,4088.0
2020-10-12 19:00:00+00:00,42.76,43.19,42.7133,43.07,745500.0,43.0359,7776.0
2020-10-12 20:00:00+00:00,43.09,43.11,43.09,43.11,65247.0,43.09,45.0
2020-10-13 09:00:00+00:00,43.0,43.0,43.0,43.0,300.0,43.0,1.0
2020-10-13 11:00:00+00:00,43.11,43.11,43.09,43.1,1120.0,43.0991,4.0
2020-10-13 12:00:00+00:00,42.8,42.8,42.8,42.8,200.0,42.8,1.0
2020-10-13 13:00:00+00:00,43.0,43.1,42.01,42.09,543035.0,42.4303,2583.0
2020-10-13 14:00:00+00:00,42.1,42.66,41.5,41.79,745959.0,41.9872,6904.0
2020-10-13 15:00:00+00:00,41.8,41.95,41.42,41.65,434491.0,41.6855,4579.0
2020-10-13 16:00:00+00:00,41.6332,41.97,41.61,41.865,438241.0,41.7962,4451.0
2020-10-13 17:00:00+00:00,41.878,41.96,41.68,41.86,347280.0,41.8481,3637.0
2020-10-13 18:00:00+00:00,41.8609,42.03,41.41,41.45,402138.0,41.7543,4815.0
2020-10-13 19:00:00+00:00,41.43,41.795,41.4,41.42,652414.0,41.5256,8257.0
2020-10-13 20:00:00+00:00,41.43,41.43,41.4,41.4,88346.0,41.4298,76.0
2020-10-13 21:00:00+00:00,41.38,41.43,41.38,41.4298,1836.0,41.4243,10.0
2020-10-13 22:00:00+00:00,41.43,41.43,41.43,41.43,1000.0,41.43,6.0
2020-10-13 23:00:00+00:00,41.43,41.43,41.43,41.43,2001.0,41.4302,9.0
2020-10-14 08:00:00+00:00,41.93,41.93,41.92,41.92,400.0,41.9225,2.0
2020-10-14 10:00:00+00:00,41.43,41.43,41.43,41.43,321.0,41.4353,5.0
2020-10-14 12:00:00+00:00,41.5,41.53,41.5,41.53,3247.0,41.4998,10.0
2020-10-14 13:00:00+00:00,41.97,42.35,41.45,42.01,541395.0,41.8565,3185.0
2020-10-14 14:00:00+00:00,42.0119,42.03,41.6203,41.825,560217.0,41.8589,5758.0
2020-10-14 15:00:00+00:00,41.84,42.585,41.76,42.25,506007.0,42.1847,5148.0
2020-10-14 16:00:00+00:00,42.28,42.6236,42.07,42.15,402405.0,42.3714,4182.0
2020-10-14 17:00:00+00:00,42.1575,42.35,42.14,42.16,380659.0,42.2414,4193.0
2020-10-14 18:00:00+00:00,42.15,42.165,41.76,41.79,428435.0,41.9693,3800.0
2020-10-14 19:00:00+00:00,41.78,41.95,41.62,41.71,681866.0,41.7654,8322.0
2020-10-14 20:00:00+00:00,41.71,41.71,41.65,41.71,41797.0,41.7052,35.0
2020-10-14 21:00:00+00:00,41.71,41.78,41.71,41.78,681.0,41.7208,6.0
2020-10-14 22:00:00+00:00,41.78,41.78,41.78,41.78,220.0,41.78,2.0
2020-10-14 23:00:00+00:00,41.78,41.78,41.71,41.71,610.0,41.7343,5.0
2020-10-15 11:00:00+00:00,41.31,41.31,41.02,41.02,4170.0,41.0876,48.0
2020-10-15 12:00:00+00:00,41.0,41.16,40.91,41.16,5292.0,41.0295,37.0
2020-10-15 13:00:00+00:00,40.86,41.46,39.98,40.07,552224.0,40.4734,3940.0
2020-10-15 14:00:00+00:00,40.07,40.47,39.78,39.94,1176188.0,40.0993,11008.0
2020-10-15 15:00:00+00:00,39.9527,40.52,39.91,40.29,992578.0,40.2201,9331.0
2020-10-15 16:00:00+00:00,40.28,40.83,40.25,40.73,643150.0,40.4745,6209.0
2020-10-15 17:00:00+00:00,40.72,41.13,40.66,41.085,508098.0,40.9416,5196.0
2020-10-15 18:00:00+00:00,41.09,41.27,40.94,41.21,447682.0,41.0882,4525.0
2020-10-15 19:00:00+00:00,41.21,41.72,41.12,41.55,1059777.0,41.5445,9700.0
2020-10-15 20:00:00+00:00,41.56,41.6,41.56,41.6,31105.0,41.5611,34.0
2020-10-15 22:00:00+00:00,41.7,41.7,41.7,41.7,400.0,41.6982,4.0
2020-10-16 12:00:00+00:00,41.56,41.66,40.9338,41.66,1095.0,41.2394,13.0
2020-10-16 13:00:00+00:00,41.9249,41.93,40.34,40.445,676827.0,41.0621,3657.0
2020-10-16 14:00:00+00:00,40.42,40.74,40.3,40.44,669275.0,40.5106,7037.0
2020-10-16 15:00:00+00:00,40.45,41.15,40.44,40.88,761171.0,40.8527,7196.0
2020-10-16 16:00:00+00:00,40.875,40.9,40.515,40.518,417292.0,40.7165,4767.0
2020-10-16 17:00:00+00:00,40.5161,40.665,40.41,40.625,468057.0,40.5082,4960.0
2020-10-16 18:00:00+00:00,40.62,40.8,40.32,40.3943,610810.0,40.542,5927.0
2020-10-16 19:00:00+00:00,40.39,40.3999,40.16,40.19,1338201.0,40.2925,13364.0
2020-10-16 20:00:00+00:00,40.22,40.22,40.18,40.2198,95510.0,40.2329,73.0
2020-10-16 21:00:00+00:00,40.22,40.22,40.1501,40.18,1466.0,40.1901,18.0
2020-10-16 22:00:00+00:00,40.22,40.22,40.22,40.22,250.0,40.22,3.0
2020-10-16 23:00:00+00:00,40.16,40.22,40.16,40.22,892.0,40.1869,8.0
2020-10-19 12:00:00+00:00,40.22,40.63,40.22,40.3,1642.0,40.4031,17.0
2020-10-19 13:00:00+00:00,40.36,40.42,39.29,39.645,652395.0,39.7417,5382.0
2020-10-19 14:00:00+00:00,39.689,40.46,39.61,40.305,765116.0,40.1094,7865.0
2020-10-19 15:00:00+00:00,40.3,40.38,39.98,40.2161,479599.0,40.163,5826.0
2020-10-19 16:00:00+00:00,40.22,40.38,40.07,40.08,430903.0,40.2608,5195.0
2020-10-19 17:00:00+00:00,40.077,40.1,39.66,39.814,419159.0,39.8792,5363.0
2020-10-19 18:00:00+00:00,39.805,39.82,39.32,39.32,574572.0,39.627,6271.0
2020-10-19 19:00:00+00:00,39.31,39.53,39.15,39.29,1228155.0,39.3231,12965.0
2020-10-19 20:00:00+00:00,39.29,39.3502,39.29,39.35,178163.0,39.2909,82.0
2020-10-19 21:00:00+00:00,39.4999,39.4999,39.49,39.49,600.0,39.4933,4.0
2020-10-19 22:00:00+00:00,39.5,39.5,39.5,39.5,212.0,39.5,4.0
2020-10-20 10:00:00+00:00,39.87,39.95,39.87,39.89,2972.0,39.8958,12.0
2020-10-20 11:00:00+00:00,39.98,40.0,39.77,39.77,2446.0,39.9258,15.0
2020-10-20 12:00:00+00:00,39.98,39.98,39.4,39.4,1217.0,39.6273,31.0
2020-10-20 13:00:00+00:00,39.761,40.67,39.43,40.59,521314.0,40.268,3043.0
2020-10-20 14:00:00+00:00,40.575,40.8534,40.02,40.61,723504.0,40.4892,6190.0
2020-10-20 15:00:00+00:00,40.6,41.02,40.375,40.51,464737.0,40.7146,4950.0
2020-10-20 16:00:00+00:00,40.51,41.05,40.43,41.0101,440960.0,40.6754,4130.0
2020-10-20 17:00:00+00:00,41.03,41.06,40.64,40.72,299628.0,40.8525,3654.0
2020-10-20 18:00:00+00:00,40.7,41.13,40.665,40.79,406720.0,40.9234,4576.0
2020-10-20 19:00:00+00:00,40.8,40.9299,40.56,40.7,1009884.0,40.7353,10724.0
2020-10-20 20:00:00+00:00,40.7,40.7,40.7,40.7,28268.0,40.7,37.0
2020-10-20 21:00:00+00:00,40.7,40.7,40.7,40.7,200.0,40.697,4.0
2020-10-20 22:00:00+00:00,40.7,40.96,40.7,40.96,18485.0,40.8212,18.0
2020-10-21 11:00:00+00:00,40.36,40.5,40.36,40.5,711.0,40.4803,5.0
2020-10-21 12:00:00+00:00,40.69,40.7,40.5,40.5,753.0,40.6182,6.0
2020-10-21 13:00:00+00:00,40.26,40.41,39.75,40.15,419711.0,40.0858,2825.0
2020-10-21 14:00:00+00:00,40.165,40.83,40.08,40.64,567808.0,40.5634,5431.0
2020-10-21 15:00:00+00:00,40.68,41.11,40.35,41.065,778084.0,40.7383,6596.0
2020-10-21 16:00:00+00:00,41.08,41.54,40.98,41.13,781104.0,41.2453,7126.0
2020-10-21 17:00:00+00:00,41.14,41.21,40.8,40.93,470573.0,40.9592,5035.0
2020-10-21 18:00:00+00:00,40.93,41.18,40.82,40.86,584270.0,40.9779,6174.0
2020-10-21 19:00:00+00:00,40.86,40.89,40.51,40.54,1260987.0,40.6708,13579.0
2020-10-21 20:00:00+00:00,40.54,40.54,40.5398,40.5398,141557.0,40.54,53.0
2020-10-21 22:00:00+00:00,40.5,40.52,40.5,40.52,364.0,40.5055,6.0
2020-10-21 23:00:00+00:00,40.5,40.5,40.5,40.5,600.0,40.5,5.0
2020-10-22 11:00:00+00:00,40.2,42.0,40.2,40.8,3337.0,40.6809,28.0
2020-10-22 12:00:00+00:00,40.0001,41.35,40.0,41.22,10906.0,40.7462,39.0
2020-10-22 13:00:00+00:00,41.01,41.01,38.4201,40.0,1132272.0,39.5443,8386.0
2020-10-22 14:00:00+00:00,40.0,40.22,39.04,39.995,1160522.0,39.5439,9558.0
2020-10-22 15:00:00+00:00,40.01,40.7,39.93,40.56,737382.0,40.3754,6341.0
2020-10-22 16:00:00+00:00,40.56,40.99,40.49,40.9,426735.0,40.7348,4641.0
2020-10-22 17:00:00+00:00,40.9,41.22,40.34,40.525,835674.0,40.7147,7481.0
2020-10-22 18:00:00+00:00,40.525,41.15,40.52,40.885,595684.0,40.8681,6121.0
2020-10-22 19:00:00+00:00,40.88,41.393,40.77,41.27,1159875.0,41.1546,11754.0
2020-10-22 20:00:00+00:00,41.28,41.2802,41.28,41.2802,78928.0,41.2538,44.0
2020-10-22 21:00:00+00:00,41.28,41.28,41.28,41.28,1530.0,41.28,15.0
2020-10-22 22:00:00+00:00,41.34,41.34,41.28,41.28,4600.0,41.2829,10.0
2020-10-22 23:00:00+00:00,41.34,41.34,41.34,41.34,200.0,41.3388,3.0
2020-10-23 11:00:00+00:00,41.44,41.44,41.44,41.44,200.0,41.44,1.0
2020-10-23 12:00:00+00:00,41.54,41.84,41.28,41.28,1142.0,41.5278,8.0
2020-10-23 13:00:00+00:00,41.3,43.42,41.3,42.795,1227078.0,42.7824,7032.0
2020-10-23 14:00:00+00:00,42.81,43.16,41.95,42.03,1118332.0,42.4535,10449.0
2020-10-23 15:00:00+00:00,42.02,42.05,41.335,41.39,570210.0,41.63,6196.0
2020-10-23 16:00:00+00:00,41.36,41.495,41.19,41.225,418498.0,41.3246,5071.0
2020-10-23 17:00:00+00:00,41.225,41.49,40.99,41.36,471837.0,41.3783,4995.0
2020-10-23 18:00:00+00:00,41.35,41.62,41.12,41.535,442278.0,41.3803,5222.0
2020-10-23 19:00:00+00:00,41.535,42.11,41.475,41.96,1129973.0,41.8153,12848.0
2020-10-23 20:00:00+00:00,41.97,41.97,41.77,41.77,392556.0,41.9685,27.0
2020-10-23 21:00:00+00:00,41.97,41.97,41.97,41.97,453.0,41.97,1.0
2020-10-23 23:00:00+00:00,41.97,41.97,41.97,41.97,174.0,41.97,1.0
2020-10-26 11:00:00+00:00,41.49,41.49,41.42,41.42,9218.0,41.4217,7.0
2020-10-26 12:00:00+00:00,41.19,41.35,41.19,41.25,8410.0,41.2539,47.0
2020-10-26 13:00:00+00:00,41.2189,41.3,40.33,40.8,539192.0,40.7962,4009.0
2020-10-26 14:00:00+00:00,40.79,41.035,40.13,40.16,589687.0,40.5248,5858.0
2020-10-26 15:00:00+00:00,40.17,40.391,40.01,40.1796,570950.0,40.1539,7003.0
2020-10-26 16:00:00+00:00,40.16,40.285,39.52,39.7,634498.0,39.8005,7098.0
2020-10-26 17:00:00+00:00,39.7001,39.73,39.21,39.52,546980.0,39.4535,6267.0
2020-10-26 18:00:00+00:00,39.5165,39.72,39.36,39.49,461274.0,39.5338,5918.0
2020-10-26 19:00:00+00:00,39.4978,39.71,39.31,39.55,1025741.0,39.4993,10684.0
2020-10-26 20:00:00+00:00,39.54,39.54,39.5,39.53,35554.0,39.5396,56.0
2020-10-26 21:00:00+00:00,39.45,39.54,39.45,39.53,3454.0,39.4806,19.0
2020-10-26 22:00:00+00:00,39.54,39.75,39.54,39.75,620.0,39.5739,7.0
2020-10-26 23:00:00+00:00,39.56,39.5999,39.55,39.55,427.0,39.564,4.0
2020-10-27 10:00:00+00:00,40.0,40.0,40.0,40.0,156.0,39.9807,2.0
2020-10-27 11:00:00+00:00,39.98,39.98,39.75,39.75,1486.0,39.8154,11.0
2020-10-27 12:00:00+00:00,39.96,39.99,39.68,39.68,4725.0,39.8723,26.0
2020-10-27 13:00:00+00:00,39.6,39.6,38.3,38.87,630746.0,38.7412,4345.0
2020-10-27 14:00:00+00:00,38.8634,39.02,38.365,38.4,600926.0,38.6861,6166.0
2020-10-27 15:00:00+00:00,38.395,39.02,38.22,38.95,587651.0,38.5199,6235.0
2020-10-27 16:00:00+00:00,38.96,39.06,38.53,38.6,468060.0,38.8141,4629.0
2020-10-27 17:00:00+00:00,38.59,38.89,38.45,38.88,409900.0,38.6591,4337.0
2020-10-27 18:00:00+00:00,38.88,39.0,38.43,38.46,536336.0,38.6824,5396.0
2020-10-27 19:00:00+00:00,38.468,38.56,38.25,38.25,1345044.0,38.3495,14640.0
2020-10-27 20:00:00+00:00,38.26,38.26,38.09,38.25,50054.0,38.2396,125.0
2020-10-27 21:00:00+00:00,38.26,38.26,38.1,38.1,4270.0,38.125,18.0
2020-10-27 22:00:00+00:00,38.1,38.16,38.07,38.16,4034.0,38.1343,22.0
2020-10-27 23:00:00+00:00,38.2,38.2,38.2,38.2,100.0,38.2,1.0
2020-10-28 08:00:00+00:00,37.77,37.77,37.77,37.77,236.0,37.807,4.0
2020-10-28 10:00:00+00:00,37.48,37.5,37.4,37.4,1124.0,37.4302,9.0
2020-10-28 11:00:00+00:00,37.06,37.4,37.06,37.15,6257.0,37.2374,60.0
2020-10-28 12:00:00+00:00,37.26,37.4,36.97,36.9731,25333.0,37.1416,148.0
2020-10-28 13:00:00+00:00,37.0,37.72,36.32,36.42,893418.0,36.8389,5335.0
2020-10-28 14:00:00+00:00,36.4142,36.6522,36.06,36.123,1065023.0,36.3111,9259.0
2020-10-28 15:00:00+00:00,36.1218,37.17,35.99,37.13,910383.0,36.5723,9306.0
2020-10-28 16:00:00+00:00,37.12,37.49,36.99,37.1301,500931.0,37.2392,5532.0
2020-10-28 17:00:00+00:00,37.13,37.23,36.81,37.07,719897.0,36.9676,5882.0
2020-10-28 18:00:00+00:00,37.07,37.07,36.57,36.74,497398.0,36.7827,5849.0
2020-10-28 19:00:00+00:00,36.745,36.78,36.14,36.22,1362584.0,36.4294,13844.0
2020-10-28 20:00:00+00:00,36.19,36.44,36.1,36.19,39657.0,36.1912,53.0
2020-10-28 21:00:00+00:00,36.5,36.5,36.36,36.36,821.0,36.3771,5.0
2020-10-28 22:00:00+00:00,36.36,36.36,36.36,36.36,100.0,36.36,1.0
2020-10-28 23:00:00+00:00,36.36,36.36,36.36,36.36,200.0,36.36,1.0
2020-10-29 09:00:00+00:00,38.48,38.48,37.57,37.57,1660.0,37.692,9.0
2020-10-29 10:00:00+00:00,36.2,36.2,36.2,36.2,177.0,36.2076,3.0
2020-10-29 11:00:00+00:00,36.84,36.84,36.2,36.2,2705.0,36.4395,15.0
2020-10-29 12:00:00+00:00,36.67,36.67,36.01,36.04,13341.0,36.2627,105.0
2020-10-29 13:00:00+00:00,36.07,36.54,35.44,36.43,554967.0,35.9261,3639.0
2020-10-29 14:00:00+00:00,36.3534,37.7,36.3,37.11,1137902.0,36.978,11037.0
2020-10-29 15:00:00+00:00,37.09,37.43,36.85,37.03,413899.0,37.1124,4294.0
2020-10-29 16:00:00+00:00,37.05,37.29,36.87,36.95,361540.0,37.0913,4196.0
2020-10-29 17:00:00+00:00,36.96,37.1,36.5401,37.04,534254.0,36.8109,5578.0
2020-10-29 18:00:00+00:00,37.0301,37.557,37.03,37.53,523113.0,37.2483,5522.0
2020-10-29 19:00:00+00:00,37.52,37.73,37.28,37.53,1088994.0,37.5665,11415.0
2020-10-29 20:00:00+00:00,37.53,37.53,37.02,37.02,50676.0,37.5261,56.0
2020-10-29 22:00:00+00:00,37.25,37.25,37.25,37.25,100.0,37.25,1.0
2020-10-29 23:00:00+00:00,37.35,37.4,37.35,37.4,1001.0,37.3751,4.0
2020-10-30 12:00:00+00:00,37.52,37.52,36.7253,36.7253,2838.0,36.7715,7.0
2020-10-30 13:00:00+00:00,37.29,37.92,36.962,37.815,439257.0,37.4418,2919.0
2020-10-30 14:00:00+00:00,37.76,37.88,36.91,37.2,960536.0,37.3345,9922.0
2020-10-30 15:00:00+00:00,37.18,37.97,37.18,37.92,594442.0,37.5764,6731.0
2020-10-30 16:00:00+00:00,37.89,38.04,37.26,37.55,429191.0,37.5779,5426.0
2020-10-30 17:00:00+00:00,37.53,37.94,37.47,37.925,317150.0,37.6449,4623.0
2020-10-30 18:00:00+00:00,37.9341,38.36,37.82,38.23,510298.0,38.0897,6520.0
2020-10-30 19:00:00+00:00,38.23,38.65,37.97,38.61,1331509.0,38.3566,14472.0
2020-10-30 20:00:00+00:00,38.61,38.68,38.55,38.59,219682.0,38.6101,118.0
2020-10-30 21:00:00+00:00,38.59,38.61,38.5,38.52,6288.0,38.5572,23.0
2020-10-30 23:00:00+00:00,38.74,38.74,38.54,38.54,1110.0,38.5942,5.0
2020-11-02 09:00:00+00:00,37.72,37.72,37.72,37.72,108.0,37.72,2.0
2020-11-02 10:00:00+00:00,38.6,38.6,38.6,38.6,100.0,38.6,1.0
2020-11-02 12:00:00+00:00,38.6,38.75,38.6,38.65,527.0,38.6574,6.0
2020-11-02 13:00:00+00:00,38.9412,39.0,38.6701,38.6701,1753.0,38.8518,13.0
2020-11-02 14:00:00+00:00,38.6701,39.5,38.45,39.29,461998.0,39.109,3863.0
2020-11-02 15:00:00+00:00,39.34,39.97,39.34,39.69,612871.0,39.6417,6142.0
2020-11-02 16:00:00+00:00,39.7,40.17,39.63,40.05,638808.0,39.8814,6305.0
2020-11-02 17:00:00+00:00,40.05,40.27,39.82,40.06,486221.0,40.0574,5406.0
2020-11-02 18:00:00+00:00,40.065,40.07,39.5118,39.66,434694.0,39.7196,5753.0
2020-11-02 19:00:00+00:00,39.619,40.2999,39.57,40.075,538894.0,40.0169,7298.0
2020-11-02 20:00:00+00:00,40.065,40.24,39.78,39.89,1010176.0,39.9727,13284.0
2020-11-02 21:00:00+00:00,39.9,40.14,39.9,39.9,132470.0,39.9009,60.0
2020-11-02 22:00:00+00:00,40.0,40.0,40.0,40.0,300.0,40.0,1.0
2020-11-03 12:00:00+00:00,40.1,40.6,40.1,40.56,1458.0,40.3109,17.0
2020-11-03 13:00:00+00:00,40.61,40.77,40.56,40.66,9324.0,40.7202,25.0
2020-11-03 14:00:00+00:00,40.73,40.73,40.17,40.32,379104.0,40.4739,2832.0
2020-11-03 15:00:00+00:00,40.2801,40.42,39.7,40.16,521906.0,39.9966,5627.0
2020-11-03 16:00:00+00:00,40.15,40.3,39.77,39.85,408240.0,39.9865,4257.0
2020-11-03 17:00:00+00:00,39.85,39.9275,39.32,39.37,443259.0,39.6571,4071.0
2020-11-03 18:00:00+00:00,39.41,39.54,38.9627,39.09,448056.0,39.2501,5433.0
2020-11-03 19:00:00+00:00,39.087,39.535,39.075,39.46,451816.0,39.3699,6017.0
2020-11-03 20:00:00+00:00,39.47,39.69,39.195,39.5,1073389.0,39.4528,12935.0
2020-11-03 21:00:00+00:00,39.48,39.48,39.35,39.39,42048.0,39.4718,51.0
2020-11-03 22:00:00+00:00,39.4798,39.4798,39.4798,39.4798,300.0,39.4798,2.0
2020-11-03 23:00:00+00:00,39.48,39.58,39.48,39.52,2294.0,39.5086,17.0
2020-11-04 00:00:00+00:00,39.64,40.22,39.51,39.51,9254.0,39.9457,24.0
2020-11-04 12:00:00+00:00,40.18,40.22,40.18,40.22,2350.0,40.1967,11.0
2020-11-04 13:00:00+00:00,39.99,40.04,39.86,39.92,4390.0,39.9344,31.0
2020-11-04 14:00:00+00:00,39.86,39.87,37.88,38.35,774990.0,38.5559,6338.0
2020-11-04 15:00:00+00:00,38.33,39.68,38.19,39.475,1178965.0,38.6673,11198.0
2020-11-04 16:00:00+00:00,39.4894,39.8321,39.43,39.8,416440.0,39.5817,4540.0
2020-11-04 17:00:00+00:00,39.73,39.9799,39.67,39.87,331830.0,39.8601,3441.0
2020-11-04 18:00:00+00:00,39.875,40.1066,39.47,39.5267,424693.0,39.8595,4001.0
2020-11-04 19:00:00+00:00,39.535,39.66,39.19,39.29,337506.0,39.3459,3661.0
2020-11-04 20:00:00+00:00,39.3,39.35,38.91,38.93,859217.0,39.1213,9962.0
2020-11-04 21:00:00+00:00,38.97,38.97,38.9699,38.97,120553.0,38.97,46.0
2020-11-04 23:00:00+00:00,38.51,38.75,38.51,38.75,980.0,38.6291,4.0
2020-11-05 12:00:00+00:00,39.35,39.35,39.35,39.35,200.0,39.35,3.0
2020-11-05 13:00:00+00:00,39.1,39.34,39.1,39.1,1037.0,39.1373,11.0
2020-11-05 14:00:00+00:00,39.02,39.98,38.9,39.42,376971.0,39.3144,2749.0
2020-11-05 15:00:00+00:00,39.415,40.09,39.28,39.7,481648.0,39.7486,4785.0
2020-11-05 16:00:00+00:00,39.65,39.845,39.376,39.3999,459825.0,39.5664,5029.0
2020-11-05 17:00:00+00:00,39.36,39.67,39.04,39.6601,633438.0,39.3566,7014.0
2020-11-05 18:00:00+00:00,39.67,40.03,39.66,39.99,724686.0,39.841,7913.0
2020-11-05 19:00:00+00:00,39.99,40.27,39.5325,39.645,546345.0,40.0055,6448.0
2020-11-05 20:00:00+00:00,39.635,39.89,39.51,39.53,898934.0,39.6767,11313.0
2020-11-05 21:00:00+00:00,39.53,39.53,39.5,39.53,138136.0,39.53,78.0
2020-11-05 23:00:00+00:00,39.53,39.53,39.4,39.4,1683.0,39.4741,11.0
2020-11-06 12:00:00+00:00,39.2,39.5,39.2,39.5,2348.0,39.3028,19.0
2020-11-06 13:00:00+00:00,39.53,39.58,39.2,39.53,5747.0,39.3464,14.0
2020-11-06 14:00:00+00:00,39.8372,39.9,38.97,39.48,449451.0,39.3983,3563.0
2020-11-06 15:00:00+00:00,39.5,39.66,38.88,38.9199,561863.0,39.3743,5302.0
2020-11-06 16:00:00+00:00,38.92,39.12,38.53,38.53,471647.0,38.7573,5085.0
2020-11-06 17:00:00+00:00,38.545,38.7815,38.382,38.4078,429235.0,38.5527,4957.0
2020-11-06 18:00:00+00:00,38.4158,38.5,38.16,38.21,523121.0,38.3096,5421.0
2020-11-06 19:00:00+00:00,38.21,38.26,37.975,38.1,547825.0,38.1174,6132.0
2020-11-06 20:00:00+00:00,38.105,38.52,38.035,38.17,1091049.0,38.2255,12816.0
2020-11-06 21:00:00+00:00,38.17,38.18,38.1,38.17,66529.0,38.1699,78.0
2020-11-06 22:00:00+00:00,38.35,38.35,38.35,38.35,150.0,38.35,1.0
2020-11-07 00:00:00+00:00,38.35,38.59,38.35,38.58,720.0,38.5036,9.0
2020-11-09 12:00:00+00:00,40.0,42.78,39.53,42.51,72794.0,41.4369,716.0
2020-11-09 13:00:00+00:00,40.1999,43.5498,39.0,43.25,167067.0,42.7874,1055.0
2020-11-09 14:00:00+00:00,43.25,49.08,43.25,47.635,3647189.0,47.8171,23428.0
2020-11-09 15:00:00+00:00,47.635,48.17,46.66,48.05,3397348.0,47.5109,28709.0
2020-11-09 16:00:00+00:00,48.06,49.34,47.88,49.0374,2181559.0,48.6471,21152.0
2020-11-09 17:00:00+00:00,49.07,50.32,48.92,50.09,1623060.0,49.5757,14726.0
2020-11-09 18:00:00+00:00,50.1,50.91,49.43,49.84,1630390.0,50.381,14155.0
2020-11-09 19:00:00+00:00,49.86,50.8,49.83,50.015,1675295.0,50.1848,13749.0
2020-11-09 20:00:00+00:00,50.02,50.78,49.96,50.11,3824015.0,50.2628,26845.0
2020-11-09 21:00:00+00:00,50.08,50.4,39.0,39.0,191932.0,50.0525,113.0
2020-11-09 22:00:00+00:00,49.28,50.1,49.28,50.1,3034.0,49.625,51.0
2020-11-09 23:00:00+00:00,50.0,50.3,50.0,50.3,3557.0,50.1547,15.0
2020-11-10 00:00:00+00:00,50.0,50.3,50.0,50.0,5203.0,50.0673,21.0
2020-11-10 09:00:00+00:00,49.99,49.99,49.99,49.99,100.0,49.99,1.0
2020-11-10 10:00:00+00:00,50.0,51.0,50.0,51.0,700.0,50.6143,4.0
2020-11-10 12:00:00+00:00,50.45,51.42,50.12,50.45,35996.0,50.8436,89.0
2020-11-10 13:00:00+00:00,51.3999,51.3999,50.0,50.23,21525.0,50.5652,171.0
2020-11-10 14:00:00+00:00,50.1,51.06,49.33,49.85,1819246.0,50.2344,11942.0
2020-11-10 15:00:00+00:00,49.84,50.03,48.25,49.12,1461637.0,49.1076,12441.0
2020-11-10 16:00:00+00:00,49.08,49.22,48.0,48.7527,1117011.0,48.6682,8260.0
2020-11-10 17:00:00+00:00,48.74,49.3,48.45,48.93,674300.0,48.8784,6720.0
2020-11-10 18:00:00+00:00,48.935,49.24,48.62,49.045,542191.0,48.921,5641.0
2020-11-10 19:00:00+00:00,49.04,49.75,48.74,49.69,791971.0,49.2906,7570.0
2020-11-10 20:00:00+00:00,49.71,50.03,49.47,49.97,1772151.0,49.8558,16656.0
2020-11-10 21:00:00+00:00,49.96,50.04,49.6198,50.03,70353.0,49.9567,59.0
2020-11-10 22:00:00+00:00,50.03,50.04,50.0,50.01,60927.0,50.0291,10.0
2020-11-11 00:00:00+00:00,50.25,50.4,49.96,49.96,4104.0,50.1327,8.0
2020-11-11 12:00:00+00:00,50.67,50.67,50.59,50.59,2267.0,50.6505,11.0
2020-11-11 13:00:00+00:00,51.51,51.51,50.23,50.703,2244.0,50.7362,31.0
2020-11-11 14:00:00+00:00,50.64,50.83,49.7,49.97,837766.0,50.2022,4359.0
2020-11-11 15:00:00+00:00,49.95,50.0,49.35,49.565,710255.0,49.6725,6737.0
2020-11-11 16:00:00+00:00,49.54,50.2398,49.22,49.84,786918.0,49.8089,7965.0
2020-11-11 17:00:00+00:00,49.82,49.85,49.265,49.7184,461132.0,49.5335,4770.0
2020-11-11 18:00:00+00:00,49.74,49.95,49.515,49.61,472457.0,49.7579,4922.0
2020-11-11 19:00:00+00:00,49.63,49.64,49.07,49.42,862048.0,49.2959,7988.0
2020-11-11 20:00:00+00:00,49.44,49.91,49.23,49.78,1293329.0,49.6149,13108.0
2020-11-11 21:00:00+00:00,49.79,50.0,49.79,49.7902,254241.0,49.7925,56.0
2020-11-11 23:00:00+00:00,49.79,50.0,49.79,50.0,3372.0,49.9172,19.0
2020-11-12 00:00:00+00:00,49.81,49.82,49.6,49.6,3099.0,49.6965,13.0
2020-11-12 10:00:00+00:00,49.65,49.65,49.65,49.65,349.0,49.65,1.0
2020-11-12 11:00:00+00:00,49.67,49.67,49.65,49.65,604.0,49.6535,4.0
2020-11-12 13:00:00+00:00,49.03,49.03,48.98,48.98,2088.0,49.0107,11.0
2020-11-12 14:00:00+00:00,49.12,49.14,48.15,48.56,660451.0,48.5294,3822.0
2020-11-12 15:00:00+00:00,48.48,49.25,48.05,49.24,803446.0,48.6035,7345.0
2020-11-12 16:00:00+00:00,49.23,49.99,48.94,49.6345,674435.0,49.6333,6905.0
2020-11-12 17:00:00+00:00,49.63,49.63,48.37,48.46,602640.0,49.1736,6195.0
2020-11-12 18:00:00+00:00,48.46,48.57,48.13,48.46,508837.0,48.3674,5323.0
2020-11-12 19:00:00+00:00,48.45,48.54,47.2,47.21,799294.0,47.7319,7006.0
2020-11-12 20:00:00+00:00,47.2,47.4299,46.96,47.3,1162284.0,47.235,12973.0
2020-11-12 21:00:00+00:00,47.28,48.4499,47.1,47.37,182243.0,47.2854,141.0
2020-11-12 22:00:00+00:00,47.37,47.37,47.34,47.34,835.0,47.3573,11.0
2020-11-12 23:00:00+00:00,47.1,47.35,47.02,47.35,2298.0,47.1927,26.0
2020-11-13 00:00:00+00:00,47.1,47.35,47.1,47.3,441.0,47.202,3.0
2020-11-13 10:00:00+00:00,47.3,47.3,47.3,47.3,200.0,47.3276,3.0
2020-11-13 11:00:00+00:00,47.83,48.0,47.83,47.97,739.0,47.9363,7.0
2020-11-13 12:00:00+00:00,47.99,48.0,47.6,47.6,4684.0,47.8149,33.0
2020-11-13 13:00:00+00:00,47.6,47.8,47.5,47.8,7765.0,47.6567,69.0
2020-11-13 14:00:00+00:00,47.78,49.49,47.55,49.39,629376.0,48.6668,4133.0
2020-11-13 15:00:00+00:00,49.375,50.0329,49.07,49.89,841584.0,49.518,7856.0
2020-11-13 16:00:00+00:00,49.9,50.62,49.69,50.57,621992.0,50.1457,6466.0
2020-11-13 17:00:00+00:00,50.59,50.98,50.54,50.97,550698.0,50.8033,5755.0
2020-11-13 18:00:00+00:00,50.965,51.39,50.94,50.995,796546.0,51.1536,7608.0
2020-11-13 19:00:00+00:00,51.01,51.365,50.92,51.3498,504993.0,51.176,5957.0
2020-11-13 20:00:00+00:00,51.33,51.39,50.8,50.91,1024917.0,51.0492,11508.0
2020-11-13 21:00:00+00:00,50.92,51.0,50.785,51.0,331113.0,50.9166,70.0
2020-11-13 22:00:00+00:00,50.9,50.9006,50.9,50.9006,3886.0,50.9,6.0
2020-11-13 23:00:00+00:00,50.85,50.85,50.85,50.85,196.0,50.85,1.0
2020-11-14 00:00:00+00:00,50.85,50.99,50.85,50.99,4669.0,50.9445,10.0
2020-11-16 09:00:00+00:00,51.79,51.79,51.79,51.79,200.0,51.7044,3.0
2020-11-16 11:00:00+00:00,52.47,52.92,52.47,52.91,1701.0,52.7029,16.0
2020-11-16 12:00:00+00:00,52.02,54.5,52.0,53.91,32727.0,53.3022,281.0
2020-11-16 13:00:00+00:00,52.78,54.84,51.85,53.2,92256.0,53.5016,172.0
2020-11-16 14:00:00+00:00,53.29,56.0,52.46,53.1066,1784641.0,54.1894,11757.0
2020-11-16 15:00:00+00:00,53.09,56.0,52.61,54.785,1488388.0,54.0395,14614.0
2020-11-16 16:00:00+00:00,54.835,55.6799,54.43,55.545,915045.0,55.0696,9833.0
2020-11-16 17:00:00+00:00,55.545,55.57,54.47,54.55,1022988.0,54.9076,8093.0
2020-11-16 18:00:00+00:00,54.57,54.81,54.0659,54.72,588655.0,54.4719,6571.0
2020-11-16 19:00:00+00:00,54.71,55.86,54.67,55.67,828646.0,55.4466,8297.0
2020-11-16 20:00:00+00:00,55.71,55.75,55.19,55.7,1893017.0,55.5235,18357.0
2020-11-16 21:00:00+00:00,55.67,55.88,55.67,55.67,65529.0,55.6876,114.0
2020-11-16 22:00:00+00:00,55.71,55.87,55.5,55.87,16400.0,55.6783,50.0
2020-11-16 23:00:00+00:00,55.87,55.87,55.67,55.68,5203.0,55.7644,14.0
2020-11-17 00:00:00+00:00,55.7,55.88,55.67,55.88,4644.0,55.7893,28.0
2020-11-17 09:00:00+00:00,55.4,55.4,55.4,55.4,200.0,55.4,1.0
2020-11-17 10:00:00+00:00,54.51,55.0,54.5,54.95,1024.0,54.803,11.0
2020-11-17 12:00:00+00:00,54.4,54.4,54.0,54.05,4122.0,54.0786,16.0
2020-11-17 13:00:00+00:00,54.05,54.93,53.2537,53.2537,22358.0,53.8956,124.0
2020-11-17 14:00:00+00:00,53.4003,53.7,51.98,52.094,1344243.0,52.5979,9253.0
2020-11-17 15:00:00+00:00,52.1,52.97,52.03,52.75,869108.0,52.6365,8744.0
2020-11-17 16:00:00+00:00,52.8,53.62,52.52,53.44,896650.0,53.1536,8654.0
2020-11-17 17:00:00+00:00,53.47,54.13,53.22,53.5,579535.0,53.6979,6180.0
2020-11-17 18:00:00+00:00,53.5132,53.57,53.0,53.2582,374633.0,53.2793,4777.0
2020-11-17 19:00:00+00:00,53.26,53.73,53.25,53.58,491638.0,53.5655,5965.0
2020-11-17 20:00:00+00:00,53.55,54.2891,53.16,54.16,1036115.0,53.7737,10931.0
2020-11-17 21:00:00+00:00,54.15,54.16,54.15,54.15,40280.0,54.1502,38.0
2020-11-17 22:00:00+00:00,53.26,53.26,53.26,53.26,120.0,53.26,1.0
2020-11-17 23:00:00+00:00,53.89,54.1,53.89,54.1,1069.0,54.0244,11.0
2020-11-18 00:00:00+00:00,54.15,54.15,54.15,54.15,440.0,54.1523,6.0
2020-11-18 10:00:00+00:00,53.39,53.47,53.39,53.47,300.0,53.4433,2.0
2020-11-18 11:00:00+00:00,53.8,53.8,53.79,53.79,264.0,53.7951,4.0
2020-11-18 12:00:00+00:00,54.49,55.0,54.49,54.97,1819.0,54.706,10.0
2020-11-18 13:00:00+00:00,54.97,54.99,53.65,54.6,5411.0,54.813,32.0
2020-11-18 14:00:00+00:00,54.1718,55.0,53.73,53.78,632046.0,54.1336,3503.0
2020-11-18 15:00:00+00:00,53.82,54.24,53.16,53.44,721038.0,53.6041,6804.0
2020-11-18 16:00:00+00:00,53.42,54.09,53.42,53.955,597645.0,53.8328,6165.0
2020-11-18 17:00:00+00:00,53.97,54.0,53.06,53.6688,551230.0,53.4468,6232.0
2020-11-18 18:00:00+00:00,53.65,53.88,52.94,53.1324,681318.0,53.2295,6256.0
2020-11-18 19:00:00+00:00,53.11,53.34,52.27,52.39,484829.0,52.6363,6461.0
2020-11-18 20:00:00+00:00,52.38,52.38,51.24,51.26,1466350.0,51.7203,17310.0
2020-11-18 21:00:00+00:00,51.25,51.25,51.09,51.09,131674.0,51.2483,80.0
2020-11-18 22:00:00+00:00,51.24,51.25,51.1,51.1,2001.0,51.1476,14.0
2020-11-18 23:00:00+00:00,51.25,51.25,51.25,51.25,560.0,51.2447,6.0
2020-11-19 00:00:00+00:00,51.1,51.2499,51.1,51.2499,1990.0,51.1075,2.0
2020-11-19 11:00:00+00:00,51.25,51.25,51.25,51.25,218.0,51.2326,4.0
2020-11-19 12:00:00+00:00,52.75,52.75,51.25,51.25,910.0,51.8904,5.0
2020-11-19 13:00:00+00:00,51.25,51.5399,51.0,51.25,2013.0,51.2479,17.0
2020-11-19 14:00:00+00:00,51.11,51.32,49.4,51.02,790071.0,50.5163,6035.0
2020-11-19 15:00:00+00:00,51.04,51.11,50.18,50.65,687035.0,50.7509,8245.0
2020-11-19 16:00:00+00:00,50.64,50.7,50.31,50.51,486940.0,50.4883,6439.0
2020-11-19 17:00:00+00:00,50.53,50.87,50.3775,50.73,382913.0,50.5983,5155.0
2020-11-19 18:00:00+00:00,50.73,51.08,50.6302,50.92,370896.0,50.8432,5493.0
2020-11-19 19:00:00+00:00,50.91,51.34,50.69,51.08,594772.0,50.9859,5864.0
2020-11-19 20:00:00+00:00,51.085,51.45,50.895,51.22,1046611.0,51.2257,11180.0
2020-11-19 21:00:00+00:00,51.21,51.21,50.82,50.82,54188.0,51.2072,57.0
2020-11-19 22:00:00+00:00,50.87,50.9,50.8201,50.8201,1602.0,50.8577,16.0
2020-11-19 23:00:00+00:00,50.8,50.8,50.8,50.8,1593.0,50.8015,10.0
2020-11-20 00:00:00+00:00,50.3,50.31,50.04,50.31,2232.0,50.2583,23.0
2020-11-20 12:00:00+00:00,50.74,51.22,50.74,51.08,1340.0,51.0166,18.0
2020-11-20 13:00:00+00:00,51.18,51.722,50.0191,51.25,5879.0,51.1194,24.0
2020-11-20 14:00:00+00:00,51.01,51.86,50.74,50.83,443766.0,51.2587,2545.0
2020-11-20 15:00:00+00:00,50.86,51.21,50.37,51.13,658567.0,50.7692,6890.0
2020-11-20 16:00:00+00:00,51.16,51.19,50.86,51.06,197848.0,51.0637,3218.0
2020-11-20 17:00:00+00:00,51.06,51.06,50.765,51.0572,252160.0,50.8716,3334.0
2020-11-20 18:00:00+00:00,51.055,51.31,50.94,51.1533,178969.0,51.1023,2931.0
2020-11-20 19:00:00+00:00,51.13,51.19,50.91,51.1,302028.0,51.0319,3965.0
2020-11-20 20:00:00+00:00,51.085,51.2347,50.72,50.82,693657.0,50.9576,8662.0
2020-11-20 21:00:00+00:00,50.82,50.82,50.63,50.63,56221.0,50.8101,47.0
2020-11-20 22:00:00+00:00,50.81,50.81,50.81,50.81,225.0,50.8094,4.0
2020-11-23 10:00:00+00:00,52.05,52.23,52.05,52.23,298.0,52.169,4.0
2020-11-23 11:00:00+00:00,51.8,51.84,51.8,51.8,1153.0,51.8113,12.0
2020-11-23 12:00:00+00:00,51.47,52.3,51.42,51.43,4744.0,51.8002,29.0
2020-11-23 13:00:00+00:00,52.0,52.0,51.7,51.75,4546.0,51.765,59.0
2020-11-23 14:00:00+00:00,51.53,53.85,51.36,53.242,767400.0,52.8237,5715.0
2020-11-23 15:00:00+00:00,53.24,54.22,53.16,53.98,1352276.0,53.7022,9918.0
2020-11-23 16:00:00+00:00,53.95,54.36,53.56,54.115,572887.0,54.0111,6400.0
2020-11-23 17:00:00+00:00,54.115,54.45,53.98,54.43,440349.0,54.2656,5437.0
2020-11-23 18:00:00+00:00,54.42,54.91,54.35,54.91,622381.0,54.6736,6328.0
2020-11-23 19:00:00+00:00,54.91,55.62,54.88,55.52,980177.0,55.2881,10488.0
2020-11-23 20:00:00+00:00,55.51,56.17,55.23,56.1,1931649.0,55.7715,19940.0
2020-11-23 21:00:00+00:00,56.09,56.2,55.83,56.2,125995.0,56.0909,102.0
2020-11-23 22:00:00+00:00,56.09,56.18,56.09,56.18,505.0,56.1444,6.0
2020-11-23 23:00:00+00:00,56.2,56.3,56.18,56.3,2168.0,56.1897,4.0
2020-11-24 00:00:00+00:00,56.41,56.41,56.25,56.25,255.0,56.3451,4.0
2020-11-24 10:00:00+00:00,57.37,57.4,56.73,56.89,983.0,57.1393,7.0
2020-11-24 11:00:00+00:00,57.22,57.22,56.89,57.22,1345.0,57.0188,4.0
2020-11-24 12:00:00+00:00,57.61,58.31,57.61,58.31,7145.0,57.9885,91.0
2020-11-24 13:00:00+00:00,57.9899,58.4499,57.55,58.2,17591.0,58.1983,132.0
2020-11-24 14:00:00+00:00,58.0,58.86,56.79,58.5768,1596209.0,58.0999,8627.0
2020-11-24 15:00:00+00:00,58.58,59.92,58.56,59.71,1580595.0,59.4342,14565.0
2020-11-24 16:00:00+00:00,59.71,59.77,58.78,59.4725,1052487.0,59.3224,11014.0
2020-11-24 17:00:00+00:00,59.47,59.56,58.86,59.025,638582.0,59.2477,7441.0
2020-11-24 18:00:00+00:00,59.03,59.7205,58.39,58.4,922815.0,59.2842,8247.0
2020-11-24 19:00:00+00:00,58.4,58.42,57.27,58.165,888581.0,57.8391,9589.0
2020-11-24 20:00:00+00:00,58.15,58.57,57.965,58.48,1493424.0,58.3152,15138.0
2020-11-24 21:00:00+00:00,58.49,58.97,58.49,58.97,86591.0,58.4966,50.0
2020-11-24 22:00:00+00:00,58.96,59.0,58.85,58.8502,7570.0,58.8746,20.0
2020-11-24 23:00:00+00:00,58.6,58.8,58.6,58.8,300.0,58.6733,4.0
2020-11-25 00:00:00+00:00,58.63,58.8,58.63,58.8,710.0,58.7232,5.0
2020-11-25 09:00:00+00:00,58.49,58.49,58.49,58.49,348.0,58.49,2.0
2020-11-25 13:00:00+00:00,58.03,58.03,57.55,57.62,2777.0,57.7178,29.0
2020-11-25 14:00:00+00:00,57.56,57.95,56.65,56.9042,527266.0,57.2276,3688.0
2020-11-25 15:00:00+00:00,56.9184,57.25,56.52,57.0348,603917.0,56.8308,6137.0
2020-11-25 16:00:00+00:00,57.03,57.27,56.42,56.85,490642.0,56.8183,5233.0
2020-11-25 17:00:00+00:00,56.88,57.0,56.36,56.84,304033.0,56.751,3607.0
2020-11-25 18:00:00+00:00,56.835,57.5299,56.8,57.45,448507.0,57.2194,4596.0
2020-11-25 19:00:00+00:00,57.45,57.55,56.85,57.24,495354.0,57.1418,5708.0
2020-11-25 20:00:00+00:00,57.24,57.42,56.41,56.43,1010783.0,56.8514,10280.0
2020-11-25 21:00:00+00:00,56.43,56.43,56.2,56.2,43436.0,56.4284,57.0
2020-11-27 14:00:00+00:00,55.93,57.06,55.8,56.28,257186.0,56.2766,2440.0
2020-11-27 15:00:00+00:00,56.21,57.03,55.951,56.98,419228.0,56.3579,5130.0
2020-11-27 18:00:00+00:00,56.62,56.62,56.6,56.62,11553.0,56.6194,28.0
2020-11-27 19:00:00+00:00,56.62,56.62,56.62,56.62,800.0,56.62,7.0
2020-11-27 21:00:00+00:00,56.62,56.62,56.62,56.62,200.0,56.62,1.0
2020-11-30 13:00:00+00:00,56.1,56.22,56.0,56.05,2746.0,56.0628,36.0
2020-11-30 14:00:00+00:00,56.11,56.39,55.15,56.07,415611.0,55.7934,2949.0
2020-11-30 15:00:00+00:00,56.05,56.15,54.4,54.96,722451.0,55.0127,6264.0
2020-11-30 16:00:00+00:00,54.99,55.31,54.54,54.85,425048.0,54.9607,5282.0
2020-11-30 17:00:00+00:00,54.86,55.4,54.6493,55.26,317452.0,55.0236,3801.0
2020-11-30 18:00:00+00:00,55.24,55.3302,54.66,54.72,342209.0,54.9695,3689.0
2020-11-30 19:00:00+00:00,54.71,54.97,54.43,54.93,478316.0,54.7209,5381.0
2020-11-30 20:00:00+00:00,54.93,54.99,53.71,53.77,1460685.0,54.1498,15302.0
2020-11-30 21:00:00+00:00,53.77,53.77,53.77,53.77,324258.0,53.7698,135.0
2020-11-30 22:00:00+00:00,53.77,53.776721,53.763279,53.77,8639.0,53.7666,16.0
2020-11-30 23:00:00+00:00,53.77,54.0,53.77,54.0,11264.0,53.7802,30.0
2020-12-01 00:00:00+00:00,54.2,54.23,53.96,54.23,3615.0,54.1605,16.0
2020-12-01 11:00:00+00:00,55.89,57.55,55.89,57.45,656.0,56.9469,11.0
2020-12-01 12:00:00+00:00,55.37,55.57,55.02,55.02,2955.0,55.2942,22.0
2020-12-01 13:00:00+00:00,55.05,55.2,55.0,55.08,4254.0,55.0646,31.0
2020-12-01 14:00:00+00:00,55.0,55.7,54.5,55.04,564518.0,55.0997,3803.0
2020-12-01 15:00:00+00:00,55.01,55.81,54.42,55.64,726276.0,55.3318,7630.0
2020-12-01 16:00:00+00:00,55.635,55.71,54.86,54.86,616129.0,55.2361,7114.0
2020-12-01 17:00:00+00:00,54.82,54.97,54.32,54.59,365716.0,54.5463,4443.0
2020-12-01 18:00:00+00:00,54.59,54.66,54.27,54.45,268725.0,54.4465,4097.0
2020-12-01 19:00:00+00:00,54.46,54.85,54.41,54.72,307791.0,54.6323,4748.0
2020-12-01 20:00:00+00:00,54.71,54.97,54.38,54.4,791028.0,54.6342,10784.0
2020-12-01 21:00:00+00:00,54.4,54.99,54.4,54.99,43936.0,54.402,54.0
2020-12-01 23:00:00+00:00,54.4,54.4,54.39,54.39,1695.0,54.3993,12.0
2020-12-02 10:00:00+00:00,54.5,54.5,54.5,54.5,100.0,54.5,1.0
2020-12-02 11:00:00+00:00,54.52,54.96,54.5,54.96,400.0,54.7371,5.0
2020-12-02 12:00:00+00:00,54.35,54.35,54.2,54.28,1714.0,54.2748,21.0
2020-12-02 13:00:00+00:00,54.35,54.3525,54.0,54.3,7603.0,54.1131,21.0
2020-12-02 14:00:00+00:00,54.01,54.75,53.55,54.75,336179.0,53.9949,2396.0
2020-12-02 15:00:00+00:00,54.745,57.5,54.72,57.47,805468.0,56.1993,8295.0
2020-12-02 16:00:00+00:00,57.47,57.95,57.121,57.715,639092.0,57.5268,7131.0
2020-12-02 17:00:00+00:00,57.7,57.93,57.4001,57.7325,579503.0,57.7333,6012.0
2020-12-02 18:00:00+00:00,57.7,57.93,57.07,57.07,464641.0,57.6531,5666.0
2020-12-02 19:00:00+00:00,57.07,57.47,56.87,57.23,404440.0,57.1521,5500.0
2020-12-02 20:00:00+00:00,57.25,58.16,57.16,58.08,1444480.0,57.7735,14858.0
2020-12-02 21:00:00+00:00,58.07,58.08,57.21,58.06,109578.0,58.0658,74.0
2020-12-02 22:00:00+00:00,57.77,57.77,57.76,57.77,602.0,57.7658,7.0
2020-12-02 23:00:00+00:00,57.78,58.05,57.77,58.05,3127.0,57.8507,21.0
2020-12-03 00:00:00+00:00,58.06,58.29,58.06,58.29,3489.0,58.1109,32.0
2020-12-03 12:00:00+00:00,58.15,58.15,58.0,58.0,1565.0,58.0893,6.0
2020-12-03 13:00:00+00:00,58.1,58.33,57.95,58.33,5850.0,58.167,41.0
2020-12-03 14:00:00+00:00,58.1501,58.5,57.65,57.69,527665.0,58.1185,3650.0
2020-12-03 15:00:00+00:00,57.7,58.97,57.07,58.97,715494.0,58.0516,7862.0
2020-12-03 16:00:00+00:00,58.97,59.16,58.0747,58.2,615343.0,58.6378,7509.0
2020-12-03 17:00:00+00:00,58.2,58.46,57.85,58.46,394944.0,58.1614,5596.0
2020-12-03 18:00:00+00:00,58.47,58.87,58.1,58.21,330813.0,58.5616,4755.0
2020-12-03 19:00:00+00:00,58.19,58.65,58.155,58.4502,230529.0,58.3665,3656.0
2020-12-03 20:00:00+00:00,58.46,58.77,57.34,57.92,856387.0,58.0619,10144.0
2020-12-03 21:00:00+00:00,57.91,58.92,57.91,58.1,61091.0,57.9272,60.0
2020-12-03 22:00:00+00:00,57.92,57.92,57.91,57.91,910.0,57.9122,5.0
2020-12-04 12:00:00+00:00,58.6,59.14,58.6,59.14,6218.0,58.9633,22.0
2020-12-04 13:00:00+00:00,59.1885,59.1885,58.72,58.72,1758.0,58.9469,13.0
2020-12-04 14:00:00+00:00,58.82,60.67,58.52,60.26,727597.0,59.91,5068.0
2020-12-04 15:00:00+00:00,60.215,61.67,60.095,60.91,834140.0,60.9893,9071.0
2020-12-04 16:00:00+00:00,60.91,61.23,60.37,60.96,527317.0,60.7586,6283.0
2020-12-04 17:00:00+00:00,60.95,61.16,60.19,60.665,331785.0,60.5579,4590.0
2020-12-04 18:00:00+00:00,60.66,60.81,60.39,60.52,274120.0,60.5898,4143.0
2020-12-04 19:00:00+00:00,60.525,60.84,60.43,60.64,465699.0,60.6129,5850.0
2020-12-04 20:00:00+00:00,60.65,61.3,60.24,61.28,1284732.0,60.8838,14672.0
2020-12-04 21:00:00+00:00,61.27,61.35,60.51,61.29,213406.0,61.2441,82.0
2020-12-04 22:00:00+00:00,61.25,61.25,61.19,61.2,550.0,61.1883,6.0
2020-12-04 23:00:00+00:00,61.1999,61.1999,61.1999,61.1999,170.0,61.1952,2.0
2020-12-05 00:00:00+00:00,61.19,61.25,61.19,61.25,1831.0,61.2096,16.0
2020-12-07 12:00:00+00:00,60.5,60.5,60.5,60.5,402.0,60.5,2.0
2020-12-07 13:00:00+00:00,60.98,60.98,60.5,60.55,3215.0,60.6563,35.0
2020-12-07 14:00:00+00:00,60.75,61.0,59.16,59.59,664195.0,60.01,5490.0
2020-12-07 15:00:00+00:00,59.6,60.62,59.0701,60.52,618354.0,59.6999,6916.0
2020-12-07 16:00:00+00:00,60.5032,60.87,60.09,60.75,388988.0,60.5772,5570.0
2020-12-07 17:00:00+00:00,60.75,60.75,60.285,60.35,327996.0,60.4812,4553.0
2020-12-07 18:00:00+00:00,60.34,60.36,59.66,59.75,329119.0,60.0592,4438.0
2020-12-07 19:00:00+00:00,59.75,59.83,59.45,59.645,423830.0,59.6311,5674.0
2020-12-07 20:00:00+00:00,59.65,59.93,59.21,59.47,992983.0,59.5673,12394.0
2020-12-07 21:00:00+00:00,59.46,59.46,59.22,59.39,290504.0,59.4595,45.0
2020-12-07 22:00:00+00:00,59.37,59.37,59.37,59.37,368.0,59.37,1.0
2020-12-07 23:00:00+00:00,59.3301,59.3301,59.3301,59.3301,350.0,59.3301,1.0
2020-12-08 00:00:00+00:00,59.4,59.4,59.4,59.4,300.0,59.4,2.0
2020-12-08 11:00:00+00:00,59.48,59.48,59.48,59.48,201.0,59.4799,2.0
2020-12-08 12:00:00+00:00,59.22,59.22,59.2,59.2,1043.0,59.1596,11.0
2020-12-08 13:00:00+00:00,59.03,59.03,58.9,58.97,1562.0,58.965,25.0
2020-12-08 14:00:00+00:00,59.0,60.0,58.3512,59.2502,658425.0,59.3011,6295.0
2020-12-08 15:00:00+00:00,59.2085,60.09,58.51,59.7591,705719.0,59.448,8608.0
2020-12-08 16:00:00+00:00,59.75,59.95,58.73,58.885,593028.0,59.3274,7046.0
2020-12-08 17:00:00+00:00,58.889,59.15,58.46,58.5977,536030.0,58.8031,6502.0
2020-12-08 18:00:00+00:00,58.61,58.88,58.48,58.63,378052.0,58.6557,5549.0
2020-12-08 19:00:00+00:00,58.64,58.97,58.56,58.59,409201.0,58.7369,6335.0
2020-12-08 20:00:00+00:00,58.55,59.1,58.47,58.99,835504.0,58.8505,11123.0
2020-12-08 21:00:00+00:00,58.98,59.0,58.82,58.9,103382.0,58.9778,48.0
2020-12-08 22:00:00+00:00,58.91,58.91,58.8,58.8,1601.0,58.8277,10.0
2020-12-09 00:00:00+00:00,58.97,59.08,58.97,59.08,1405.0,58.9967,15.0
2020-12-09 12:00:00+00:00,59.45,59.49,59.4,59.49,1424.0,59.4239,10.0
2020-12-09 13:00:00+00:00,59.5,59.95,59.4,59.9,9376.0,59.6955,72.0
2020-12-09 14:00:00+00:00,59.8,61.05,59.78,61.01,704891.0,60.3744,4579.0
2020-12-09 15:00:00+00:00,61.0,61.32,58.71,58.76,892883.0,60.1166,9502.0
2020-12-09 16:00:00+00:00,58.74,59.3757,58.1146,59.3,526335.0,58.6744,7236.0
2020-12-09 17:00:00+00:00,59.315,59.595,58.95,59.12,411273.0,59.2814,5798.0
2020-12-09 18:00:00+00:00,59.12,59.12,57.825,57.835,406511.0,58.5155,5775.0
2020-12-09 19:00:00+00:00,57.86,58.77,57.72,58.4,468696.0,58.2566,5925.0
2020-12-09 20:00:00+00:00,58.4,59.02,58.13,58.79,734268.0,58.5748,9728.0
2020-12-09 21:00:00+00:00,58.8,58.8,58.8,58.8,27303.0,58.7997,36.0
2020-12-09 22:00:00+00:00,58.8,58.8,58.8,58.8,700.0,58.8,8.0
2020-12-10 12:00:00+00:00,59.25,59.26,59.24,59.26,902.0,59.25,6.0
2020-12-10 13:00:00+00:00,59.09,59.38,58.8,58.8,6112.0,59.0776,51.0
2020-12-10 14:00:00+00:00,58.0,59.97,58.0,59.825,492343.0,59.0995,3290.0
2020-12-10 15:00:00+00:00,59.8178,61.45,59.66,61.45,749654.0,60.4673,7479.0
2020-12-10 16:00:00+00:00,61.4621,61.47,59.93,60.2055,494537.0,60.8066,5246.0
2020-12-10 17:00:00+00:00,60.205,60.445,59.66,59.78,355681.0,60.1464,3730.0
2020-12-10 18:00:00+00:00,59.755,59.795,59.42,59.47,392244.0,59.6139,4015.0
2020-12-10 19:00:00+00:00,59.49,59.555,59.055,59.48,349847.0,59.3168,4039.0
2020-12-10 20:00:00+00:00,59.46,59.94,59.46,59.88,648258.0,59.7799,7966.0
2020-12-10 21:00:00+00:00,59.87,60.99,59.77,60.17,18484.0,59.8819,48.0
2020-12-10 22:00:00+00:00,59.75,59.75,59.75,59.75,109.0,59.75,1.0
2020-12-10 23:00:00+00:00,60.0699,60.07,60.0699,60.07,970.0,60.0699,2.0
2020-12-11 00:00:00+00:00,60.4,60.5,60.4,60.5,4572.0,60.4935,33.0
2020-12-11 11:00:00+00:00,59.34,59.34,59.32,59.32,400.0,59.33,3.0
2020-12-11 12:00:00+00:00,59.3,59.95,59.3,59.8,1908.0,59.5909,16.0
2020-12-11 13:00:00+00:00,60.486,60.486,60.0,60.04,10158.0,60.0801,58.0
2020-12-11 14:00:00+00:00,60.0002,60.7,59.15,59.66,476522.0,59.9611,3669.0
2020-12-11 15:00:00+00:00,59.7,60.024,59.03,59.065,335215.0,59.331,4154.0
2020-12-11 16:00:00+00:00,59.05,59.1,58.31,58.49,465006.0,58.6429,5414.0
2020-12-11 17:00:00+00:00,58.53,58.76,58.28,58.64,254423.0,58.5145,3359.0
2020-12-11 18:00:00+00:00,58.65,58.825,58.42,58.78,466260.0,58.5863,4160.0
2020-12-11 19:00:00+00:00,58.78,59.02,58.58,58.89,355500.0,58.8704,4228.0
2020-12-11 20:00:00+00:00,58.9,59.1,58.725,59.03,884917.0,58.9322,10368.0
2020-12-11 21:00:00+00:00,59.03,59.03,58.51,59.03,60329.0,59.0258,46.0
2020-12-11 23:00:00+00:00,58.75,58.75,58.75,58.75,200.0,58.75,1.0
2020-12-12 00:00:00+00:00,58.8,59.03,58.78,59.03,610.0,58.9252,7.0
2020-12-14 12:00:00+00:00,59.9,60.03,59.9,60.03,11156.0,59.9973,29.0
2020-12-14 13:00:00+00:00,59.12,60.47,59.12,60.24,6249.0,59.8198,63.0
2020-12-14 14:00:00+00:00,60.35,60.39,58.33,58.37,364163.0,59.2843,2851.0
2020-12-14 15:00:00+00:00,58.36,58.57,56.7,56.81,680108.0,57.6526,6523.0
2020-12-14 16:00:00+00:00,56.83,57.34,56.61,57.12,455211.0,57.0278,4760.0
2020-12-14 17:00:00+00:00,57.1535,57.3499,56.92,57.065,291657.0,57.1323,3429.0
2020-12-14 18:00:00+00:00,57.09,57.23,56.84,56.9,369835.0,57.0331,4110.0
2020-12-14 19:00:00+00:00,56.91,57.03,56.6,56.7,347234.0,56.8232,4182.0
2020-12-14 20:00:00+00:00,56.73,56.82,56.24,56.42,912736.0,56.5389,10048.0
2020-12-14 21:00:00+00:00,56.39,56.42,56.3,56.39,96606.0,56.3868,91.0
2020-12-14 22:00:00+00:00,56.59,56.6,56.41,56.5,1745.0,56.5663,22.0
2020-12-14 23:00:00+00:00,56.5,56.5,56.5,56.5,415.0,56.5,4.0
2020-12-15 00:00:00+00:00,56.5,56.53,56.5,56.53,1058.0,56.5052,4.0
2020-12-15 12:00:00+00:00,57.1,57.1,57.1,57.1,243.0,57.0969,3.0
2020-12-15 13:00:00+00:00,56.5,56.81,56.5,56.81,2009.0,56.7556,28.0
2020-12-15 14:00:00+00:00,56.82,57.47,56.35,56.44,391458.0,56.9693,3069.0
2020-12-15 15:00:00+00:00,56.42,57.03,56.17,56.9,468344.0,56.5743,5644.0
2020-12-15 16:00:00+00:00,56.9,57.2274,56.69,56.75,353334.0,56.9661,4190.0
2020-12-15 17:00:00+00:00,56.77,57.6206,56.65,57.59,339704.0,57.2083,3898.0
2020-12-15 18:00:00+00:00,57.6095,57.88,57.53,57.85,343253.0,57.7015,4226.0
2020-12-15 19:00:00+00:00,57.845,58.33,57.73,57.93,502571.0,58.0524,5242.0
2020-12-15 20:00:00+00:00,57.93,58.03,57.24,57.475,733467.0,57.5503,7885.0
2020-12-15 21:00:00+00:00,57.48,58.0,57.48,57.65,25385.0,57.4833,42.0
2020-12-15 23:00:00+00:00,57.48,57.48,57.48,57.48,900.0,57.48,1.0
2020-12-16 00:00:00+00:00,57.48,57.48,57.48,57.48,1500.0,57.48,8.0
2020-12-16 13:00:00+00:00,57.58,57.58,57.58,57.58,267.0,57.58,2.0
2020-12-16 14:00:00+00:00,57.9163,57.9163,56.3,56.96,422500.0,56.7293,2981.0
2020-12-16 15:00:00+00:00,56.99,57.44,56.65,57.0,463525.0,56.9737,5447.0
2020-12-16 16:00:00+00:00,56.98,57.7258,56.83,57.71,537462.0,57.2943,5097.0
2020-12-16 17:00:00+00:00,57.72,57.785,57.43,57.7,365600.0,57.6007,3886.0
2020-12-16 18:00:00+00:00,57.73,57.87,57.3706,57.565,318082.0,57.6328,3697.0
2020-12-16 19:00:00+00:00,57.59,57.72,56.94,57.25,441439.0,57.2277,5151.0
2020-12-16 20:00:00+00:00,57.24,57.25,56.75,56.91,906715.0,56.9505,11672.0
2020-12-16 21:00:00+00:00,56.92,56.92,56.92,56.92,37440.0,56.9203,50.0
2020-12-16 23:00:00+00:00,56.91,56.92,56.7,56.7,1601.0,56.8836,6.0
2020-12-17 09:00:00+00:00,57.49,57.49,57.49,57.49,100.0,57.49,1.0
2020-12-17 13:00:00+00:00,57.7412,57.9383,56.9557,57.0271,1039.0,57.6032,11.0
2020-12-17 14:00:00+00:00,57.5499,57.5499,55.8,56.0185,471083.0,56.6432,4176.0
2020-12-17 15:00:00+00:00,56.0272,56.59,55.8,56.46,594278.0,56.2114,7292.0
2020-12-17 16:00:00+00:00,56.47,56.8528,56.35,56.525,342925.0,56.5476,5533.0
2020-12-17 17:00:00+00:00,56.525,56.66,56.26,56.546,294184.0,56.4767,4408.0
2020-12-17 18:00:00+00:00,56.56,56.57,56.2605,56.35,296429.0,56.415,4444.0
2020-12-17 19:00:00+00:00,56.353,56.64,56.22,56.595,331533.0,56.4401,5079.0
2020-12-17 20:00:00+00:00,56.58,56.76,56.19,56.34,872009.0,56.4149,12108.0
2020-12-17 21:00:00+00:00,56.34,56.57,56.34,56.57,51547.0,56.3405,49.0
2020-12-17 22:00:00+00:00,56.3401,56.3401,56.3401,56.3401,100.0,56.3401,1.0
2020-12-17 23:00:00+00:00,56.4,56.4,56.4,56.4,1500.0,56.4,5.0
2020-12-18 00:00:00+00:00,56.35,56.37,56.34,56.34,1232.0,56.3498,15.0
2020-12-18 13:00:00+00:00,56.6,56.6,56.08,56.08,8249.0,56.3078,13.0
2020-12-18 14:00:00+00:00,56.42,56.4951,55.54,55.6214,1512231.0,55.9704,3168.0
2020-12-18 15:00:00+00:00,55.64,55.96,55.15,55.56,604459.0,55.4862,6191.0
2020-12-18 16:00:00+00:00,55.565,55.67,54.98,55.05,571225.0,55.2363,5197.0
2020-12-18 17:00:00+00:00,55.06,55.31,54.97,55.1,403889.0,55.1212,4221.0
2020-12-18 18:00:00+00:00,55.1,55.105,54.78,54.87,364626.0,54.9317,4388.0
2020-12-18 19:00:00+00:00,54.865,54.98,54.63,54.865,684362.0,54.8153,6219.0
2020-12-18 20:00:00+00:00,54.86,54.97,54.34,54.77,1776522.0,54.6607,17839.0
2020-12-18 21:00:00+00:00,54.77,54.77,54.5,54.77,770771.0,54.7701,92.0
2020-12-18 22:00:00+00:00,54.77,54.77,54.74,54.77,3065.0,54.7541,16.0
2020-12-18 23:00:00+00:00,54.77,54.77,54.77,54.77,626.0,54.77,7.0
2020-12-19 00:00:00+00:00,54.77,54.77,54.7699,54.77,6062.0,54.77,8.0
2020-12-21 09:00:00+00:00,53.95,53.95,53.4,53.4,498.0,53.6264,3.0
2020-12-21 10:00:00+00:00,52.87,52.87,51.74,51.74,1196.0,52.354,11.0
2020-12-21 11:00:00+00:00,51.74,51.74,51.6,51.6,1508.0,51.6575,9.0
2020-12-21 12:00:00+00:00,52.39,52.7,52.39,52.67,17261.0,52.4752,128.0
2020-12-21 13:00:00+00:00,52.75,52.99,51.75,52.45,25132.0,52.2562,218.0
2020-12-21 14:00:00+00:00,52.39,54.77,51.9,54.04,802849.0,53.312,6520.0
2020-12-21 15:00:00+00:00,53.96,55.0,53.39,54.65,609018.0,54.2572,7852.0
2020-12-21 16:00:00+00:00,54.65,55.05,53.5,53.725,432579.0,54.4084,5866.0
2020-12-21 17:00:00+00:00,53.73,53.984,53.63,53.89,290865.0,53.7853,4128.0
2020-12-21 18:00:00+00:00,53.89,54.41,53.78,54.288,316431.0,54.0259,4319.0
2020-12-21 19:00:00+00:00,54.28,54.73,54.1,54.1855,318068.0,54.4242,4557.0
2020-12-21 20:00:00+00:00,54.19,54.3427,53.82,53.99,809159.0,54.0146,10440.0
2020-12-21 21:00:00+00:00,54.05,54.05,54.02,54.02,292237.0,54.0501,54.0
2020-12-21 23:00:00+00:00,54.0,54.0,53.8,53.8,1649.0,53.8471,15.0
2020-12-22 00:00:00+00:00,53.82,53.82,53.82,53.82,198.0,53.82,1.0
2020-12-22 13:00:00+00:00,54.5,54.5,54.5,54.5,477.0,54.4363,6.0
2020-12-22 14:00:00+00:00,53.97,54.2755,53.64,53.76,307185.0,53.8612,2278.0
2020-12-22 15:00:00+00:00,53.7496,54.5499,53.71,54.33,304416.0,54.227,4165.0
2020-12-22 16:00:00+00:00,54.37,54.55,54.03,54.41,290981.0,54.2958,4114.0
2020-12-22 17:00:00+00:00,54.38,54.61,54.2,54.52,422680.0,54.3686,4006.0
2020-12-22 18:00:00+00:00,54.53,54.6,54.19,54.535,220684.0,54.428,3490.0
2020-12-22 19:00:00+00:00,54.54,54.74,54.43,54.53,465913.0,54.5993,5112.0
2020-12-22 20:00:00+00:00,54.52,54.54,53.55,53.7,1138681.0,53.9184,12259.0
2020-12-22 21:00:00+00:00,53.7,54.034,53.7,53.7,21929.0,53.719,38.0
2020-12-22 22:00:00+00:00,53.56,53.6,53.56,53.6,908.0,53.5956,2.0
2020-12-22 23:00:00+00:00,53.7,53.7,53.6,53.6,9349.0,53.6914,3.0
2020-12-23 00:00:00+00:00,53.72,53.8,53.55,53.55,1390.0,53.6963,17.0
2020-12-23 09:00:00+00:00,53.8,53.8,53.8,53.8,200.0,53.8,1.0
2020-12-23 12:00:00+00:00,54.0,54.0,53.87,53.99,1747.0,53.9274,20.0
2020-12-23 13:00:00+00:00,53.9899,54.0,53.9,54.0,7323.0,53.994,20.0
2020-12-23 14:00:00+00:00,53.9998,55.13,53.85,54.95,369230.0,54.5849,2551.0
2020-12-23 15:00:00+00:00,54.96,55.47,54.59,55.45,466851.0,55.0296,5444.0
2020-12-23 16:00:00+00:00,55.42,55.93,55.26,55.53,435298.0,55.6837,4748.0
2020-12-23 17:00:00+00:00,55.515,55.73,55.18,55.594,334000.0,55.4449,3684.0
2020-12-23 18:00:00+00:00,55.62,55.78,55.35,55.5143,241643.0,55.542,3247.0
2020-12-23 19:00:00+00:00,55.51,55.7399,55.32,55.51,366979.0,55.4819,4637.0
2020-12-23 20:00:00+00:00,55.46,55.965,55.4114,55.79,672161.0,55.7597,8626.0
2020-12-23 21:00:00+00:00,55.79,55.79,55.7,55.79,99496.0,55.7857,51.0
2020-12-23 22:00:00+00:00,55.79,55.79,55.79,55.79,18806.0,55.79,3.0
2020-12-23 23:00:00+00:00,55.79,55.79,55.79,55.79,1000.0,55.79,3.0
2020-12-24 00:00:00+00:00,55.79,55.79,55.79,55.79,900.0,55.7881,7.0
2020-12-24 13:00:00+00:00,55.79,55.79,55.6,55.78,1058.0,55.7142,5.0
2020-12-24 14:00:00+00:00,54.8306,55.89,54.56,55.11,382159.0,55.04,3346.0
2020-12-24 15:00:00+00:00,55.11,55.64,54.7,55.592,244011.0,55.0941,3116.0
2020-12-24 16:00:00+00:00,55.59,55.63,55.17,55.53,190984.0,55.3482,2565.0
2020-12-24 17:00:00+00:00,55.53,55.74,55.36,55.68,383613.0,55.5669,5358.0
2020-12-24 18:00:00+00:00,55.68,55.68,55.68,55.68,115827.0,55.68,1.0
2020-12-24 20:00:00+00:00,55.68,55.68,55.68,55.68,0.0,,
2020-12-24 21:00:00+00:00,55.68,55.68,55.68,55.68,1320.0,55.68,6.0
2020-12-28 12:00:00+00:00,55.99,55.99,55.99,55.99,292.0,55.9906,8.0
2020-12-28 13:00:00+00:00,55.76,56.42,55.76,56.05,791.0,56.1658,7.0
2020-12-28 14:00:00+00:00,56.0501,56.45,55.6743,56.41,263070.0,56.1417,2259.0
2020-12-28 15:00:00+00:00,56.38,56.925,55.27,55.285,467096.0,56.3226,5499.0
2020-12-28 16:00:00+00:00,55.2986,55.61,55.25,55.59,228490.0,55.4135,3392.0
2020-12-28 17:00:00+00:00,55.5701,55.69,55.33,55.385,154192.0,55.5097,2448.0
2020-12-28 18:00:00+00:00,55.37,55.51,55.135,55.17,268476.0,55.284,3247.0
2020-12-28 19:00:00+00:00,55.16,55.37,55.06,55.115,229963.0,55.2076,3363.0
2020-12-28 20:00:00+00:00,55.1,55.19,54.883,55.05,502951.0,55.0287,6797.0
2020-12-28 21:00:00+00:00,55.09,55.09,54.94,55.0,76780.0,55.0856,33.0
2020-12-28 22:00:00+00:00,55.09,55.09,55.09,55.09,3108.0,55.09,1.0
2020-12-28 23:00:00+00:00,55.08,55.09,55.08,55.09,240.0,55.0827,3.0
2020-12-29 00:00:00+00:00,55.1,55.1,55.1,55.1,800.0,55.1,5.0
2020-12-29 13:00:00+00:00,55.5,55.5,55.3,55.35,1562.0,55.4115,8.0
2020-12-29 14:00:00+00:00,55.38,55.79,54.95,55.0,295154.0,55.4129,2101.0
2020-12-29 15:00:00+00:00,54.97,55.41,54.528,55.39,377237.0,54.9402,4654.0
2020-12-29 16:00:00+00:00,55.415,55.6517,55.21,55.48,377504.0,55.4175,4464.0
2020-12-29 17:00:00+00:00,55.4984,55.8799,55.26,55.41,301822.0,55.561,3189.0
2020-12-29 18:00:00+00:00,55.4,55.62,55.29,55.405,200079.0,55.4624,2951.0
2020-12-29 19:00:00+00:00,55.41,55.45,55.01,55.18,245394.0,55.152,3426.0
2020-12-29 20:00:00+00:00,55.18,55.615,55.11,55.47,426848.0,55.4708,6003.0
2020-12-29 21:00:00+00:00,55.45,55.46,55.45,55.45,42914.0,55.4501,40.0
2020-12-29 22:00:00+00:00,55.65,55.65,55.65,55.65,329.0,55.6404,3.0
2020-12-30 13:00:00+00:00,55.61,55.8,55.61,55.7,2240.0,55.7037,6.0
2020-12-30 14:00:00+00:00,55.7,56.8494,55.3983,56.72,304562.0,56.2431,2232.0
2020-12-30 15:00:00+00:00,56.72,56.73,56.16,56.541,419079.0,56.4728,4424.0
2020-12-30 16:00:00+00:00,56.51,56.6,56.1101,56.19,264887.0,56.3364,3310.0
2020-12-30 17:00:00+00:00,56.21,56.605,56.16,56.48,221393.0,56.4441,2686.0
2020-12-30 18:00:00+00:00,56.4601,56.51,56.215,56.24,170073.0,56.3751,2073.0
2020-12-30 19:00:00+00:00,56.25,56.49,56.24,56.3872,211373.0,56.3818,2695.0
2020-12-30 20:00:00+00:00,56.41,56.84,56.3,56.7787,534508.0,56.6522,6663.0
2020-12-30 21:00:00+00:00,56.72,56.72,56.72,56.72,16253.0,56.72,25.0
2020-12-30 22:00:00+00:00,56.72,56.72,56.72,56.72,3009.0,56.72,1.0
2020-12-30 23:00:00+00:00,56.72,56.72,56.72,56.72,2500.0,56.7198,18.0
2020-12-31 12:00:00+00:00,56.72,56.72,56.5,56.5,1143.0,56.5468,4.0
2020-12-31 13:00:00+00:00,56.5,56.5,56.45,56.45,1165.0,56.4642,8.0
2020-12-31 14:00:00+00:00,56.45,56.74,55.96,56.2758,181085.0,56.4019,1494.0
2020-12-31 15:00:00+00:00,56.32,56.81,56.1088,56.75,197416.0,56.4918,2529.0
2020-12-31 16:00:00+00:00,56.74,57.12,56.72,56.865,277022.0,56.9098,3121.0
2020-12-31 17:00:00+00:00,56.86,56.96,56.545,56.69,269113.0,56.8028,3487.0
2020-12-31 18:00:00+00:00,56.7,56.87,56.63,56.73,196928.0,56.7545,2442.0
2020-12-31 19:00:00+00:00,56.73,57.14,56.61,56.7,299637.0,56.924,3018.0
2020-12-31 20:00:00+00:00,56.71,56.99,56.47,56.54,704302.0,56.7392,7954.0
2020-12-31 21:00:00+00:00,56.57,57.12,55.77,57.12,35332.0,56.6507,45.0
2020-12-31 22:00:00+00:00,57.12,57.12,57.12,57.12,500.0,57.12,1.0
2020-12-31 23:00:00+00:00,57.1,57.1,57.1,57.1,300.0,57.1,1.0
2021-01-04 12:00:00+00:00,57.29,57.29,57.12,57.12,407.0,57.1824,8.0
2021-01-04 13:00:00+00:00,57.2907,57.34,57.14,57.28,2491.0,57.3185,19.0
2021-01-04 14:00:00+00:00,57.34,57.68,56.65,56.96,349240.0,57.0964,2756.0
2021-01-04 15:00:00+00:00,57.02,57.105,54.9,55.1,596276.0,55.7734,5993.0
2021-01-04 16:00:00+00:00,55.09,55.43,54.775,55.16,343251.0,55.0536,4375.0
2021-01-04 17:00:00+00:00,55.1499,55.59,55.14,55.39,252523.0,55.3154,3266.0
2021-01-04 18:00:00+00:00,55.382,56.06,55.38,55.976,285148.0,55.8542,3928.0
2021-01-04 19:00:00+00:00,55.9609,55.99,55.25,55.79,296091.0,55.5964,4140.0
2021-01-04 20:00:00+00:00,55.75,55.83,55.36,55.73,495800.0,55.6045,7533.0
2021-01-04 21:00:00+00:00,55.73,55.73,55.65,55.65,36809.0,55.7297,40.0
2021-01-04 22:00:00+00:00,55.73,55.73,55.73,55.73,430.0,55.73,2.0
2021-01-04 23:00:00+00:00,55.5,55.6001,55.5,55.6001,700.0,55.5858,3.0
2021-01-05 00:00:00+00:00,55.73,55.73,55.73,55.73,828.0,55.7293,7.0
2021-01-05 13:00:00+00:00,55.74,55.74,55.65,55.65,1219.0,55.686,8.0
2021-01-05 14:00:00+00:00,55.64,57.2812,55.63,56.89,341030.0,56.7687,3169.0
2021-01-05 15:00:00+00:00,56.92,57.46,56.59,57.42,399371.0,57.0083,5076.0
2021-01-05 16:00:00+00:00,57.37,58.44,57.2992,58.08,517913.0,57.993,5854.0
2021-01-05 17:00:00+00:00,58.12,58.69,58.02,58.51,416624.0,58.4893,4685.0
2021-01-05 18:00:00+00:00,58.51,58.93,58.37,58.59,559171.0,58.6681,5258.0
2021-01-05 19:00:00+00:00,58.61,58.71,57.68,57.68,479925.0,58.4139,5507.0
2021-01-05 20:00:00+00:00,57.69,57.92,57.17,57.33,778053.0,57.3993,9163.0
2021-01-05 21:00:00+00:00,57.32,57.7,57.25,57.7,53445.0,57.3208,56.0
2021-01-05 22:00:00+00:00,57.6,57.6,57.5,57.6,17684.0,57.3517,16.0
2021-01-05 23:00:00+00:00,57.7,57.7,57.4,57.4,3400.0,57.6486,12.0
2021-01-06 00:00:00+00:00,57.79,57.79,57.79,57.79,1700.0,57.7915,6.0
2021-01-06 11:00:00+00:00,57.84,57.9,57.84,57.9,582.0,57.7708,6.0
2021-01-06 12:00:00+00:00,59.0,59.06,58.01,58.01,4113.0,58.6681,64.0
2021-01-06 13:00:00+00:00,58.1,58.84,57.9,58.0,5414.0,58.2018,39.0
2021-01-06 14:00:00+00:00,58.0002,59.3,57.245,57.27,618580.0,58.2253,4430.0
2021-01-06 15:00:00+00:00,57.27,58.98,57.27,58.76,898644.0,58.2475,9801.0
2021-01-06 16:00:00+00:00,58.78,59.03,57.96,58.465,722508.0,58.4968,7680.0
2021-01-06 17:00:00+00:00,58.47,59.23,58.16,58.95,635991.0,58.6895,5899.0
2021-01-06 18:00:00+00:00,58.9349,59.45,58.71,58.85,477735.0,59.0671,5414.0
2021-01-06 19:00:00+00:00,58.845,58.89,57.6472,58.2,621361.0,58.2318,6721.0
2021-01-06 20:00:00+00:00,58.16,58.69,57.78,58.61,920497.0,58.3801,12561.0
2021-01-06 21:00:00+00:00,58.6,58.71,58.38,58.61,304204.0,58.5984,71.0
2021-01-06 22:00:00+00:00,58.6,58.7,58.6,58.7,2100.0,58.6048,2.0
2021-01-06 23:00:00+00:00,58.7,58.7,58.6,58.6,2550.0,58.6216,5.0
2021-01-07 00:00:00+00:00,58.63,58.65,58.63,58.65,300.0,58.6367,2.0
2021-01-07 09:00:00+00:00,58.72,59.25,58.72,59.25,357.0,59.0971,6.0
2021-01-07 10:00:00+00:00,58.9,58.9,58.9,58.9,110.0,58.9,2.0
2021-01-07 13:00:00+00:00,59.7758,59.7758,58.93,58.94,1751.0,59.0289,6.0
2021-01-07 14:00:00+00:00,59.2,59.3,58.29,59.12,286626.0,58.9094,2237.0
2021-01-07 15:00:00+00:00,59.1799,59.91,58.685,59.64,381143.0,59.3088,4412.0
2021-01-07 16:00:00+00:00,59.68,59.69,59.1,59.31,260027.0,59.3906,3983.0
2021-01-07 17:00:00+00:00,59.29,59.54,59.1,59.31,234791.0,59.3348,3434.0
2021-01-07 18:00:00+00:00,59.34,59.4,58.74,58.87,327749.0,58.9989,4544.0
2021-01-07 19:00:00+00:00,58.89,59.4403,58.78,59.43,287276.0,59.1389,4414.0
2021-01-07 20:00:00+00:00,59.43,60.01,59.43,59.68,713910.0,59.7715,9410.0
2021-01-07 21:00:00+00:00,59.67,59.67,59.13,59.27,142493.0,59.6691,56.0
2021-01-07 22:00:00+00:00,59.67,59.67,59.67,59.67,1542.0,59.6697,10.0
2021-01-07 23:00:00+00:00,59.9,59.95,59.9,59.95,1958.0,59.9236,7.0
2021-01-08 09:00:00+00:00,60.5,60.5,60.5,60.5,300.0,60.5,4.0
2021-01-08 12:00:00+00:00,60.24,60.24,60.03,60.13,2202.0,60.1432,17.0
2021-01-08 13:00:00+00:00,60.24,60.45,60.24,60.31,4904.0,60.3456,82.0
2021-01-08 14:00:00+00:00,60.38,60.38,58.82,59.03,383995.0,59.5917,2862.0
2021-01-08 15:00:00+00:00,59.01,59.14,58.0,58.71,517644.0,58.4187,5768.0
2021-01-08 16:00:00+00:00,58.69,59.24,58.55,59.1,342975.0,58.9855,3977.0
2021-01-08 17:00:00+00:00,59.11,59.11,58.49,58.51,269904.0,58.7521,3647.0
2021-01-08 18:00:00+00:00,58.52,58.6,57.29,57.3507,505245.0,57.7588,6236.0
2021-01-08 19:00:00+00:00,57.34,57.96,57.33,57.655,449847.0,57.6633,5666.0
2021-01-08 20:00:00+00:00,57.66,58.09,57.61,57.66,805626.0,57.7997,9631.0
2021-01-08 21:00:00+00:00,57.71,57.79,57.63,57.7099,109981.0,57.71,100.0
2021-01-08 22:00:00+00:00,57.71,57.71,57.71,57.71,700.0,57.71,3.0
2021-01-09 00:00:00+00:00,57.7,57.71,57.57,57.71,4950.0,57.637,27.0
2021-01-11 10:00:00+00:00,57.22,57.22,57.22,57.22,110.0,57.2455,2.0
2021-01-11 11:00:00+00:00,57.22,57.22,57.2,57.2,348.0,57.2103,5.0
2021-01-11 12:00:00+00:00,57.1,57.37,57.01,57.1,2646.0,57.1448,21.0
2021-01-11 13:00:00+00:00,57.0556,57.19,56.75,56.77,9104.0,57.0109,45.0
2021-01-11 14:00:00+00:00,56.55,57.76,55.69,57.6456,345281.0,56.7004,3178.0
2021-01-11 15:00:00+00:00,57.62,57.81,57.075,57.49,357079.0,57.4501,4231.0
2021-01-11 16:00:00+00:00,57.52,58.81,57.37,58.81,327662.0,58.1784,3735.0
2021-01-11 17:00:00+00:00,58.8,59.19,58.42,58.88,247621.0,58.7621,2819.0
2021-01-11 18:00:00+00:00,58.9,59.04,58.44,58.645,291393.0,58.7494,3212.0
2021-01-11 19:00:00+00:00,58.6582,58.9,58.47,58.8,256664.0,58.7043,3872.0
2021-01-11 20:00:00+00:00,58.79,58.9199,58.46,58.61,584890.0,58.6853,7485.0
2021-01-11 21:00:00+00:00,58.64,58.7,58.26,58.69,23082.0,58.6345,54.0
2021-01-11 23:00:00+00:00,58.75,58.75,58.75,58.75,100.0,58.75,1.0
2021-01-12 12:00:00+00:00,59.2,59.25,59.2,59.25,1874.0,59.2133,7.0
2021-01-12 13:00:00+00:00,59.621,59.621,59.2,59.2,1153.0,59.3448,20.0
2021-01-12 14:00:00+00:00,59.2,59.6,58.5223,59.14,278645.0,59.0778,2147.0
2021-01-12 15:00:00+00:00,59.14,59.8,58.93,59.34,431261.0,59.3415,5434.0
2021-01-12 16:00:00+00:00,59.36,59.46,58.83,59.32,329391.0,59.1555,4580.0
2021-01-12 17:00:00+00:00,59.325,59.4,58.98,59.368,285144.0,59.2334,3716.0
2021-01-12 18:00:00+00:00,59.38,59.475,59.12,59.26,347661.0,59.3066,4749.0
2021-01-12 19:00:00+00:00,59.26,59.42,59.09,59.3599,346079.0,59.2735,4591.0
2021-01-12 20:00:00+00:00,59.355,59.65,59.28,59.49,866637.0,59.5022,9494.0
2021-01-12 21:00:00+00:00,59.51,59.52,59.49,59.5099,122213.0,59.5098,56.0
2021-01-12 22:00:00+00:00,59.1,59.5098,59.1,59.49,800.0,59.4047,5.0
2021-01-12 23:00:00+00:00,59.5,59.51,59.5,59.51,1000.0,59.507,4.0
2021-01-13 00:00:00+00:00,59.51,59.51,59.47,59.51,1500.0,59.4833,8.0
2021-01-13 10:00:00+00:00,59.42,59.42,59.42,59.42,219.0,59.42,2.0
2021-01-13 11:00:00+00:00,58.15,58.15,58.15,58.15,200.0,58.2062,6.0
2021-01-13 12:00:00+00:00,59.45,59.45,59.0,59.0,3730.0,59.137,29.0
2021-01-13 13:00:00+00:00,59.44,59.44,59.1,59.1,646.0,59.2642,12.0
2021-01-13 14:00:00+00:00,59.11,59.42,58.435,58.64,417339.0,58.9595,3203.0
2021-01-13 15:00:00+00:00,58.62,58.94,58.05,58.29,463847.0,58.5099,5029.0
2021-01-13 16:00:00+00:00,58.29,58.31,57.64,57.69,416114.0,57.9318,4431.0
2021-01-13 17:00:00+00:00,57.7,58.115,57.435,57.89,505973.0,57.7018,5436.0
2021-01-13 18:00:00+00:00,57.8999,58.2,57.69,58.13,485259.0,57.898,5049.0
2021-01-13 19:00:00+00:00,58.11,58.42,57.85,57.97,574183.0,58.1399,6062.0
2021-01-13 20:00:00+00:00,57.96,58.1,57.67,57.69,1050811.0,57.8311,11010.0
2021-01-13 21:00:00+00:00,57.7,57.7,57.7,57.7,32348.0,57.7002,56.0
2021-01-13 22:00:00+00:00,57.7,57.7,57.69,57.7,2428.0,57.6996,19.0
2021-01-13 23:00:00+00:00,57.7,57.7,57.7,57.7,1198.0,57.6956,6.0
2021-01-14 00:00:00+00:00,57.7,57.7,57.7,57.7,1401.0,57.7,12.0
2021-01-14 12:00:00+00:00,57.7,57.97,57.7,57.95,1625.0,57.8009,15.0
2021-01-14 13:00:00+00:00,58.122,58.122,57.85,57.85,3237.0,57.9588,28.0
2021-01-14 14:00:00+00:00,57.85,58.855,57.78,58.6351,377230.0,58.4012,2709.0
2021-01-14 15:00:00+00:00,58.635,59.29,58.48,59.26,624656.0,58.8871,5938.0
2021-01-14 16:00:00+00:00,59.265,59.855,59.265,59.6,376446.0,59.5961,4278.0
2021-01-14 17:00:00+00:00,59.66,60.47,59.59,60.45,458772.0,60.0386,4548.0
2021-01-14 18:00:00+00:00,60.45,61.01,60.28,60.74,494564.0,60.6186,6498.0
2021-01-14 19:00:00+00:00,60.76,60.88,60.26,60.565,573420.0,60.6024,7048.0
2021-01-14 20:00:00+00:00,60.57,60.69,60.09,60.27,1077641.0,60.3398,12827.0
2021-01-14 21:00:00+00:00,60.27,60.27,60.27,60.27,56096.0,60.2698,51.0
2021-01-14 23:00:00+00:00,60.4,60.4,60.28,60.28,533.0,60.325,2.0
2021-01-15 00:00:00+00:00,60.51,60.51,60.51,60.51,238.0,60.6102,8.0
2021-01-15 12:00:00+00:00,60.0,60.0,59.2,59.27,1769.0,59.3697,15.0
2021-01-15 13:00:00+00:00,59.45,59.75,59.2101,59.37,5383.0,59.4316,40.0
2021-01-15 14:00:00+00:00,59.4,59.64,58.93,59.112,543224.0,59.4229,2537.0
2021-01-15 15:00:00+00:00,59.1,59.12,57.2,58.94,865097.0,58.231,9304.0
2021-01-15 16:00:00+00:00,58.88,59.08,58.32,58.64,314339.0,58.7141,3953.0
2021-01-15 17:00:00+00:00,58.62,59.2636,58.55,59.2636,259420.0,58.8554,3436.0
2021-01-15 18:00:00+00:00,59.2875,59.32,58.66,59.03,286593.0,58.9867,3639.0
2021-01-15 19:00:00+00:00,59.04,59.12,58.49,58.67,336765.0,58.8227,4584.0
2021-01-15 20:00:00+00:00,58.69,58.76,58.2,58.28,702389.0,58.4277,8554.0
2021-01-15 21:00:00+00:00,58.3,58.32,58.23,58.32,34388.0,58.2947,54.0
2021-01-15 22:00:00+00:00,58.37,58.37,58.32,58.32,700.0,58.3394,5.0
2021-01-16 00:00:00+00:00,58.34,58.81,58.34,58.34,498.0,58.4759,7.0
2021-01-19 12:00:00+00:00,59.0,59.73,59.0,59.49,2414.0,59.3744,42.0
2021-01-19 13:00:00+00:00,58.88,59.37,58.88,59.21,1578.0,59.1476,30.0
2021-01-19 14:00:00+00:00,59.0,60.15,58.73,59.88,496669.0,59.5039,3641.0
2021-01-19 15:00:00+00:00,59.92,60.6,59.59,60.26,673189.0,60.0713,6904.0
2021-01-19 16:00:00+00:00,60.27,60.86,60.2,60.205,439737.0,60.5631,5119.0
2021-01-19 17:00:00+00:00,60.209,60.41,59.7901,60.41,313987.0,60.0511,3807.0
2021-01-19 18:00:00+00:00,60.415,60.6274,60.18,60.5621,286795.0,60.4057,3459.0
2021-01-19 19:00:00+00:00,60.555,60.95,60.49,60.7688,385645.0,60.7173,4619.0
2021-01-19 20:00:00+00:00,60.79,60.95,60.46,60.51,827515.0,60.6975,9638.0
2021-01-19 21:00:00+00:00,60.54,60.8,60.54,60.75,93024.0,60.5417,66.0
2021-01-19 22:00:00+00:00,60.76,60.76,60.7599,60.7599,600.0,60.7599,2.0
2021-01-20 00:00:00+00:00,60.75,60.75,60.75,60.75,500.0,60.75,1.0
2021-01-20 12:00:00+00:00,60.96,61.0,60.96,61.0,529.0,60.9683,8.0
2021-01-20 13:00:00+00:00,61.0,61.0,61.0,61.0,1492.0,60.976,9.0
2021-01-20 14:00:00+00:00,60.9,61.99,59.88,61.0,523403.0,61.1505,3658.0
2021-01-20 15:00:00+00:00,60.94,61.25,59.95,60.065,340954.0,60.7214,4292.0
2021-01-20 16:00:00+00:00,60.0499,60.27,59.51,60.02,337941.0,59.9197,4181.0
2021-01-20 17:00:00+00:00,60.03,60.42,59.915,60.075,238880.0,60.1597,3184.0
2021-01-20 18:00:00+00:00,60.08,60.45,59.98,60.254,278615.0,60.2075,3777.0
2021-01-20 19:00:00+00:00,60.27,60.44,60.08,60.39,276643.0,60.274,4127.0
2021-01-20 20:00:00+00:00,60.4,60.63,60.2218,60.545,805951.0,60.4188,9004.0
2021-01-20 21:00:00+00:00,60.57,60.57,60.57,60.57,81200.0,60.57,39.0
2021-01-20 22:00:00+00:00,60.36,60.36,60.35,60.35,1587.0,60.3544,6.0
2021-01-20 23:00:00+00:00,60.57,60.57,60.57,60.57,393.0,60.5678,5.0
2021-01-21 11:00:00+00:00,60.3,60.3,60.3,60.3,981.0,60.3,3.0
2021-01-21 13:00:00+00:00,60.3001,60.46,60.3,60.3,1200.0,60.3271,11.0
2021-01-21 14:00:00+00:00,60.3,60.49,59.36,59.5,357563.0,59.8801,2931.0
2021-01-21 15:00:00+00:00,59.5207,59.6437,58.94,59.185,428749.0,59.225,5355.0
2021-01-21 16:00:00+00:00,59.1861,59.57,58.88,59.18,315413.0,59.2702,4258.0
2021-01-21 17:00:00+00:00,59.19,59.32,58.96,58.97,191468.0,59.1156,3089.0
2021-01-21 18:00:00+00:00,58.98,59.0088,58.51,58.9,338687.0,58.7492,4746.0
2021-01-21 19:00:00+00:00,58.91,59.5,58.9,59.27,315114.0,59.204,4623.0
2021-01-21 20:00:00+00:00,59.28,59.36,58.8,58.86,735967.0,59.0671,9459.0
2021-01-21 21:00:00+00:00,58.86,58.86,58.75,58.86,35673.0,58.8568,67.0
2021-01-21 22:00:00+00:00,58.86,58.86,58.86,58.86,1172.0,58.8592,10.0
2021-01-21 23:00:00+00:00,58.57,58.57,58.57,58.57,385.0,58.5792,6.0
2021-01-22 00:00:00+00:00,58.69,58.69,58.69,58.69,113.0,58.69,1.0
2021-01-22 12:00:00+00:00,58.0,58.0,57.4,57.4,3443.0,57.6186,27.0
2021-01-22 13:00:00+00:00,57.5,58.0,57.31,57.5,5839.0,57.5039,39.0
2021-01-22 14:00:00+00:00,57.37,58.91,57.2,58.63,346034.0,58.0682,2435.0
2021-01-22 15:00:00+00:00,58.59,58.78,57.9381,58.21,309118.0,58.3064,4295.0
2021-01-22 16:00:00+00:00,58.2,58.74,58.13,58.57,267030.0,58.388,3588.0
2021-01-22 17:00:00+00:00,58.55,58.97,58.37,58.9,328948.0,58.5818,3382.0
2021-01-22 18:00:00+00:00,58.95,59.28,58.73,59.19,297474.0,59.0494,4550.0
2021-01-22 19:00:00+00:00,59.2,59.39,59.08,59.255,335607.0,59.2105,5418.0
2021-01-22 20:00:00+00:00,59.25,59.64,59.25,59.47,608447.0,59.5045,8804.0
2021-01-22 21:00:00+00:00,59.45,59.45,58.67,59.32,187778.0,59.4461,57.0
2021-01-22 23:00:00+00:00,59.4,59.4,59.4,59.4,196.0,59.4,2.0
2021-01-23 00:00:00+00:00,59.44,59.44,59.44,59.44,559.0,59.44,7.0
2021-01-25 12:00:00+00:00,59.45,59.45,58.78,58.78,2372.0,58.8937,14.0
2021-01-25 13:00:00+00:00,59.4023,59.4023,58.51,58.66,6796.0,59.0609,62.0
2021-01-25 14:00:00+00:00,58.88,58.99,57.86,58.4128,420429.0,58.44,3151.0
2021-01-25 15:00:00+00:00,58.39,59.68,58.29,58.645,466843.0,59.0386,6112.0
2021-01-25 16:00:00+00:00,58.625,58.99,58.05,58.92,388202.0,58.5968,5203.0
2021-01-25 17:00:00+00:00,58.92,59.0599,58.0879,58.19,382384.0,58.4736,4937.0
2021-01-25 18:00:00+00:00,58.22,58.74,58.02,58.54,267439.0,58.463,3923.0
2021-01-25 19:00:00+00:00,58.55,59.16,58.5,58.98,328165.0,58.8723,4214.0
2021-01-25 20:00:00+00:00,59.0,59.6454,59.0,59.4,600422.0,59.3807,8904.0
2021-01-25 21:00:00+00:00,59.41,59.45,59.41,59.45,36071.0,59.4111,48.0
2021-01-25 23:00:00+00:00,59.2,59.2,59.2,59.2,100.0,59.2,1.0
2021-01-26 00:00:00+00:00,59.41,59.41,59.41,59.41,723.0,59.41,1.0
2021-01-26 09:00:00+00:00,58.9,58.9,58.9,58.9,186.0,58.8538,2.0
2021-01-26 12:00:00+00:00,59.41,59.5,59.41,59.5,2241.0,59.4373,15.0
2021-01-26 13:00:00+00:00,59.6,59.65,59.6,59.65,1274.0,59.6124,18.0
2021-01-26 14:00:00+00:00,59.61,60.61,59.6,59.74,389879.0,60.1746,3112.0
2021-01-26 15:00:00+00:00,59.66,60.39,59.53,59.68,486654.0,60.0272,5248.0
2021-01-26 16:00:00+00:00,59.7,59.75,58.37,58.4066,378191.0,59.0133,4411.0
2021-01-26 17:00:00+00:00,58.42,58.91,58.17,58.8,284581.0,58.5439,3262.0
2021-01-26 18:00:00+00:00,58.8,59.06,58.73,58.79,227226.0,58.8989,2472.0
2021-01-26 19:00:00+00:00,58.78,58.98,58.515,58.68,216332.0,58.7497,3184.0
2021-01-26 20:00:00+00:00,58.66,58.735,58.15,58.17,692327.0,58.3414,8472.0
2021-01-26 21:00:00+00:00,58.15,58.15,58.0,58.15,39922.0,58.1368,84.0
2021-01-26 22:00:00+00:00,58.1,58.1,58.1,58.1,2465.0,58.0986,16.0
2021-01-26 23:00:00+00:00,58.1,58.16,58.1,58.15,6046.0,58.1275,16.0
2021-01-27 00:00:00+00:00,58.15,58.15,58.15,58.15,650.0,58.15,4.0
2021-01-27 10:00:00+00:00,56.94,56.94,56.94,56.94,300.0,57.0358,7.0
2021-01-27 12:00:00+00:00,57.79,57.95,57.29,57.29,4542.0,57.83,54.0
2021-01-27 13:00:00+00:00,57.1,57.81,57.1,57.4,1791.0,57.2431,29.0
2021-01-27 14:00:00+00:00,57.5,58.33,56.87,57.38,724349.0,57.5578,5768.0
2021-01-27 15:00:00+00:00,57.46,58.409,57.12,58.27,586415.0,57.8807,7784.0
2021-01-27 16:00:00+00:00,58.28,59.64,58.23,59.445,423506.0,59.0929,6320.0
2021-01-27 17:00:00+00:00,59.4,60.25,59.31,60.1497,589846.0,59.9375,6981.0
2021-01-27 18:00:00+00:00,60.15,60.56,59.5,59.7,342884.0,59.9647,4669.0
2021-01-27 19:00:00+00:00,59.7,59.83,58.9,59.25,413199.0,59.3342,5792.0
2021-01-27 20:00:00+00:00,59.24,59.98,58.72,58.73,1283077.0,59.152,15681.0
2021-01-27 21:00:00+00:00,58.73,59.86,58.71,58.71,45577.0,58.7345,60.0
2021-01-27 22:00:00+00:00,58.02,58.5,58.02,58.5,693.0,58.2192,6.0
2021-01-27 23:00:00+00:00,58.51,58.51,58.51,58.51,600.0,58.51,2.0
2021-01-28 00:00:00+00:00,58.51,58.51,58.5,58.5,531.0,58.5056,3.0
2021-01-28 12:00:00+00:00,58.6,58.73,58.6,58.73,631.0,58.7199,7.0
2021-01-28 13:00:00+00:00,58.35,59.7825,58.35,59.6,1922.0,59.0379,21.0
2021-01-28 14:00:00+00:00,59.7599,60.54,59.0,59.66,482553.0,59.7694,4481.0
2021-01-28 15:00:00+00:00,59.65,59.65,57.65,57.79,655854.0,58.367,7010.0
2021-01-28 16:00:00+00:00,57.81,58.55,57.15,57.53,583158.0,57.6963,6352.0
2021-01-28 17:00:00+00:00,57.56,57.85,57.235,57.63,455103.0,57.4955,5358.0
2021-01-28 18:00:00+00:00,57.65,58.98,57.35,58.96,487141.0,58.0871,5755.0
2021-01-28 19:00:00+00:00,58.98,59.16,58.31,58.83,635213.0,58.6754,6428.0
2021-01-28 20:00:00+00:00,58.82,58.85,58.24,58.31,817269.0,58.4892,11167.0
2021-01-28 21:00:00+00:00,58.33,58.46,58.32,58.46,37422.0,58.3341,62.0
2021-01-28 22:00:00+00:00,58.1,58.3,58.1,58.3,600.0,58.1333,3.0
2021-01-28 23:00:00+00:00,58.3,58.3,58.3,58.3,500.0,58.3,2.0
2021-01-29 00:00:00+00:00,58.3,58.3,58.2,58.2,1103.0,58.2431,4.0
2021-01-29 12:00:00+00:00,58.2,58.2,58.0,58.0,214.0,58.1065,4.0
2021-01-29 13:00:00+00:00,57.65,58.27,57.32,57.98,7221.0,57.7479,50.0
2021-01-29 14:00:00+00:00,57.98,59.95,57.75,59.13,744168.0,59.0984,5962.0
2021-01-29 15:00:00+00:00,59.08,59.7288,58.92,59.0,469309.0,59.2906,6114.0
2021-01-29 16:00:00+00:00,59.0,59.39,57.98,58.46,449044.0,58.5824,5845.0
2021-01-29 17:00:00+00:00,58.43,58.44,56.25,56.86,699355.0,57.3747,8278.0
2021-01-29 18:00:00+00:00,56.85,57.22,56.575,56.73,392186.0,56.8906,5871.0
2021-01-29 19:00:00+00:00,56.7,57.12,55.94,56.0564,603007.0,56.4279,7581.0
2021-01-29 20:00:00+00:00,56.06,56.82,55.97,56.39,1262427.0,56.4375,15523.0
2021-01-29 21:00:00+00:00,56.91,56.97,56.43,56.5,94310.0,56.4353,83.0
2021-01-29 22:00:00+00:00,56.4899,56.75,56.3,56.75,2500.0,56.484,7.0
2021-01-29 23:00:00+00:00,56.75,56.75,56.75,56.75,160.0,56.75,2.0
2021-01-30 00:00:00+00:00,56.75,56.75,56.75,56.75,300.0,56.75,3.0
2021-02-01 10:00:00+00:00,57.61,57.61,57.6,57.6,356.0,57.6056,2.0
2021-02-01 12:00:00+00:00,57.49,57.58,57.0,57.0,2219.0,57.2826,22.0
2021-02-01 13:00:00+00:00,57.49,57.49,56.74,57.27,1455.0,57.2043,20.0
2021-02-01 14:00:00+00:00,57.33,57.5,55.17,55.275,571033.0,56.3681,5215.0
2021-02-01 15:00:00+00:00,55.25,55.73,54.84,55.14,856840.0,55.1646,9982.0
2021-02-01 16:00:00+00:00,55.14,55.96,55.01,55.63,423746.0,55.5303,5745.0
2021-02-01 17:00:00+00:00,55.63,55.69,55.1,55.57,493089.0,55.3717,5460.0
2021-02-01 18:00:00+00:00,55.58,55.87,55.38,55.86,300051.0,55.6384,4597.0
2021-02-01 19:00:00+00:00,55.85,56.83,55.78,56.42,436892.0,56.4321,5754.0
2021-02-01 20:00:00+00:00,56.42,56.53,56.08,56.27,711252.0,56.2816,10309.0
2021-02-01 21:00:00+00:00,56.24,56.24,56.23,56.24,45244.0,56.2399,59.0
2021-02-01 23:00:00+00:00,56.24,56.24,56.24,56.24,808.0,56.24,5.0
2021-02-02 12:00:00+00:00,57.15,57.15,57.15,57.15,416.0,57.117,16.0
2021-02-02 13:00:00+00:00,57.4636,57.49,57.2,57.24,8564.0,57.4189,59.0
2021-02-02 14:00:00+00:00,57.49,58.21,56.5,56.835,549823.0,57.4527,4522.0
2021-02-02 15:00:00+00:00,56.83,58.271,56.78,58.255,548761.0,57.7723,5850.0
2021-02-02 16:00:00+00:00,58.255,59.09,58.22,58.65,661364.0,58.7295,7043.0
2021-02-02 17:00:00+00:00,58.65,58.84,58.31,58.375,449729.0,58.5983,5406.0
2021-02-02 18:00:00+00:00,58.38,58.45,57.93,57.97,300607.0,58.1797,4019.0
2021-02-02 19:00:00+00:00,57.97,58.26,57.71,58.03,378936.0,57.9458,4794.0
2021-02-02 20:00:00+00:00,58.01,58.25,57.63,57.76,708604.0,57.8786,9149.0
2021-02-02 21:00:00+00:00,57.77,58.94,57.77,58.94,58694.0,57.779,47.0
2021-02-02 22:00:00+00:00,58.0,58.0,58.0,58.0,163.0,58.0,1.0
2021-02-02 23:00:00+00:00,57.81,57.81,57.75,57.77,7000.0,57.7634,25.0
2021-02-03 00:00:00+00:00,57.77,57.77,57.77,57.77,1000.0,57.77,1.0
2021-02-03 13:00:00+00:00,57.99,58.0,57.99,58.0,551.0,57.9926,8.0
2021-02-03 14:00:00+00:00,57.7475,59.43,57.7475,59.4,297112.0,58.6356,2622.0
2021-02-03 15:00:00+00:00,59.345,60.3553,59.255,60.1049,1240362.0,59.4607,9438.0
2021-02-03 16:00:00+00:00,60.13,61.12,59.99,60.7,830531.0,60.4725,9024.0
2021-02-03 17:00:00+00:00,60.69,60.92,60.39,60.44,483848.0,60.6553,5639.0
2021-02-03 18:00:00+00:00,60.47,60.47,59.795,59.97,423041.0,60.0739,5142.0
2021-02-03 19:00:00+00:00,59.97,60.56,59.96,60.42,417752.0,60.3067,4633.0
2021-02-03 20:00:00+00:00,60.41,60.46,59.9102,60.1,1127577.0,60.0748,13165.0
2021-02-03 21:00:00+00:00,60.1,60.1,60.01,60.1,48906.0,60.0997,54.0
2021-02-03 22:00:00+00:00,60.71,60.71,60.71,60.71,116.0,60.71,1.0
2021-02-04 00:00:00+00:00,60.59,60.59,60.59,60.59,100.0,60.59,1.0
2021-02-04 13:00:00+00:00,60.95,60.95,60.65,60.69,1224.0,60.6931,14.0
2021-02-04 14:00:00+00:00,60.59,61.92,60.59,61.3,519113.0,61.2332,4241.0
2021-02-04 15:00:00+00:00,61.335,61.61,60.13,60.82,613619.0,60.8291,5976.0
2021-02-04 16:00:00+00:00,60.83,61.45,60.77,61.38,473136.0,61.1552,5347.0
2021-02-04 17:00:00+00:00,61.36,61.37,60.935,61.05,400950.0,61.1267,4461.0
2021-02-04 18:00:00+00:00,61.059,61.43,61.01,61.04,228108.0,61.141,3834.0
2021-02-04 19:00:00+00:00,61.035,61.37,61.01,61.16,320989.0,61.1873,4593.0
2021-02-04 20:00:00+00:00,61.16,61.16,60.55,61.07,726740.0,60.8147,8839.0
2021-02-04 21:00:00+00:00,61.06,61.27,61.06,61.26,45337.0,61.0624,65.0
2021-02-04 22:00:00+00:00,61.26,61.27,61.06,61.27,3935.0,61.1322,13.0
2021-02-05 00:00:00+00:00,61.2699,61.2699,61.2699,61.2699,100.0,61.2699,1.0
2021-02-05 11:00:00+00:00,61.31,61.31,61.31,61.31,202.0,61.31,2.0
2021-02-05 12:00:00+00:00,61.9,61.9,61.9,61.9,156.0,61.8974,4.0
2021-02-05 13:00:00+00:00,61.99,61.99,61.75,61.79,2128.0,61.7871,30.0
2021-02-05 14:00:00+00:00,61.6,62.4192,61.415,61.825,364069.0,61.9544,2851.0
2021-02-05 15:00:00+00:00,61.815,62.5697,61.272,62.12,539160.0,62.0671,5551.0
2021-02-05 16:00:00+00:00,62.14,62.265,61.53,61.64,297366.0,61.9438,4106.0
2021-02-05 17:00:00+00:00,61.61,61.89,61.47,61.82,233560.0,61.7256,3506.0
2021-02-05 18:00:00+00:00,61.8203,61.975,61.5818,61.885,254425.0,61.7862,3637.0
2021-02-05 19:00:00+00:00,61.885,62.22,61.83,62.01,327179.0,62.001,4362.0
2021-02-05 20:00:00+00:00,62.02,62.02,61.47,61.73,663706.0,61.689,7752.0
2021-02-05 21:00:00+00:00,61.72,61.84,61.72,61.72,19450.0,61.7222,48.0
2021-02-05 22:00:00+00:00,62.0,62.0,61.86,61.86,670.0,61.9009,3.0
2021-02-05 23:00:00+00:00,61.73,61.73,61.73,61.73,100.0,61.73,1.0
2021-02-06 00:00:00+00:00,62.0,62.0,61.75,61.75,313.0,61.9097,3.0
2021-02-08 10:00:00+00:00,63.1,63.1,63.1,63.1,475.0,63.0202,5.0
2021-02-08 12:00:00+00:00,62.99,63.0,62.49,62.49,1987.0,62.8164,37.0
2021-02-08 13:00:00+00:00,61.75,62.5,61.75,62.5,1828.0,62.4523,18.0
2021-02-08 14:00:00+00:00,62.44,63.59,62.34,63.31,485518.0,62.8731,3306.0
2021-02-08 15:00:00+00:00,63.3,64.45,63.11,63.775,654930.0,63.9042,7241.0
2021-02-08 16:00:00+00:00,63.775,64.26,63.59,63.8699,348397.0,63.9529,4819.0
2021-02-08 17:00:00+00:00,63.91,64.91,63.91,64.86,526168.0,64.5693,5595.0
2021-02-08 18:00:00+00:00,64.865,65.07,64.581,64.85,540203.0,64.8417,5779.0
2021-02-08 19:00:00+00:00,64.83,65.54,64.7632,65.3,507088.0,65.2923,6056.0
2021-02-08 20:00:00+00:00,65.3,65.315,64.5,64.8,822179.0,64.7961,9920.0
2021-02-08 21:00:00+00:00,64.79,64.98,64.79,64.96,63745.0,64.7951,63.0
2021-02-08 22:00:00+00:00,64.97,64.97,64.85,64.85,389.0,64.906,3.0
2021-02-08 23:00:00+00:00,64.97,65.0,64.96,65.0,2300.0,64.9779,13.0
2021-02-09 00:00:00+00:00,64.95,64.95,64.95,64.95,474.0,64.95,2.0
2021-02-09 11:00:00+00:00,64.77,64.77,64.77,64.77,463.0,64.7707,5.0
2021-02-09 12:00:00+00:00,64.69,65.0,64.51,64.6,1738.0,64.6381,15.0
2021-02-09 13:00:00+00:00,64.53,64.82,64.5,64.5,16599.0,64.5292,48.0
2021-02-09 14:00:00+00:00,64.43,65.1984,63.39,64.955,668418.0,64.4358,4734.0
2021-02-09 15:00:00+00:00,64.92,65.085,64.4,64.87,587110.0,64.7843,6793.0
2021-02-09 16:00:00+00:00,64.9,64.9,64.23,64.4,452540.0,64.6158,4567.0
2021-02-09 17:00:00+00:00,64.4,64.99,64.4,64.74,291495.0,64.7296,3685.0
2021-02-09 18:00:00+00:00,64.74,64.96,64.55,64.8,349993.0,64.7825,4142.0
2021-02-09 19:00:00+00:00,64.81,65.029,64.66,64.72,373779.0,64.861,4589.0
2021-02-09 20:00:00+00:00,64.72,64.85,64.51,64.595,787375.0,64.6649,9933.0
2021-02-09 21:00:00+00:00,64.59,64.59,64.5601,64.59,86516.0,64.5897,62.0
2021-02-09 22:00:00+00:00,64.58,64.89,64.58,64.79,1858.0,64.6988,18.0
2021-02-09 23:00:00+00:00,64.59,64.84,64.59,64.84,2326.0,64.656,7.0
2021-02-10 00:00:00+00:00,64.62,64.7,64.62,64.69,550.0,64.6621,7.0
2021-02-10 09:00:00+00:00,63.01,63.01,63.01,63.01,560.0,63.0546,5.0
2021-02-10 12:00:00+00:00,63.67,63.88,63.67,63.88,3820.0,63.6958,13.0
2021-02-10 13:00:00+00:00,63.6,64.59,63.6,64.2,17866.0,63.9999,100.0
2021-02-10 14:00:00+00:00,64.11,64.58,63.5807,64.1,377727.0,64.1162,2812.0
2021-02-10 15:00:00+00:00,64.09,64.52,63.39,64.4,581496.0,64.052,6449.0
2021-02-10 16:00:00+00:00,64.41,64.95,64.205,64.72,408215.0,64.5712,5193.0
2021-02-10 17:00:00+00:00,64.7,65.02,64.45,64.84,345320.0,64.77,3998.0
2021-02-10 18:00:00+00:00,64.82,65.08,64.68,64.8,297931.0,64.9144,3975.0
2021-02-10 19:00:00+00:00,64.84,65.2,64.58,65.19,290337.0,64.81,3662.0
2021-02-10 20:00:00+00:00,65.18,65.3957,64.63,65.12,812071.0,64.9737,9171.0
2021-02-10 21:00:00+00:00,65.11,65.2,65.08,65.11,96724.0,65.1102,46.0
2021-02-10 22:00:00+00:00,65.11,65.11,65.11,65.11,3580.0,65.11,13.0
2021-02-10 23:00:00+00:00,65.11,65.11,65.11,65.11,1759.0,65.11,14.0
2021-02-11 00:00:00+00:00,65.12,65.13,64.86,64.86,2645.0,65.01,16.0
2021-02-11 12:00:00+00:00,64.45,65.05,64.45,64.98,707.0,64.6548,9.0
2021-02-11 13:00:00+00:00,64.42,65.12,64.42,65.08,2069.0,65.0205,24.0
2021-02-11 14:00:00+00:00,65.09,65.09,63.98,64.5,326814.0,64.6114,2679.0
2021-02-11 15:00:00+00:00,64.51,64.66,63.975,64.25,393621.0,64.2742,4442.0
2021-02-11 16:00:00+00:00,64.19,64.19,63.05,63.6499,349742.0,63.5458,4133.0
2021-02-11 17:00:00+00:00,63.66,63.8,62.88,63.46,264498.0,63.3274,3750.0
2021-02-11 18:00:00+00:00,63.45,64.01,63.35,63.9,185467.0,63.803,3002.0
2021-02-11 19:00:00+00:00,63.89,63.99,63.705,63.98,228973.0,63.8427,3218.0
2021-02-11 20:00:00+00:00,63.97,64.62,63.97,64.54,500166.0,64.3545,6978.0
2021-02-11 21:00:00+00:00,64.55,64.55,64.55,64.55,38919.0,64.55,39.0
2021-02-11 22:00:00+00:00,64.3,64.3,64.3,64.3,300.0,64.3,2.0
2021-02-12 00:00:00+00:00,64.3,64.3,64.3,64.3,200.0,64.3,1.0
2021-02-12 09:00:00+00:00,64.4,64.4,64.4,64.4,300.0,64.4,2.0
2021-02-12 13:00:00+00:00,64.0,64.2,64.0,64.2,348.0,64.0358,7.0
2021-02-12 14:00:00+00:00,63.72,64.49,63.72,64.385,395944.0,64.0962,3279.0
2021-02-12 15:00:00+00:00,64.34,64.67,63.95,64.18,500995.0,64.3123,6135.0
2021-02-12 16:00:00+00:00,64.185,64.52,63.89,64.32,331985.0,64.1948,4585.0
2021-02-12 17:00:00+00:00,64.325,64.7,64.275,64.33,267435.0,64.5231,3611.0
2021-02-12 18:00:00+00:00,64.33,64.5573,64.24,64.32,223781.0,64.4136,3051.0
2021-02-12 19:00:00+00:00,64.33,64.33,64.06,64.2,194325.0,64.1771,3356.0
2021-02-12 20:00:00+00:00,64.22,64.78,64.22,64.76,500628.0,64.5495,6707.0
2021-02-12 21:00:00+00:00,64.74,64.74,64.65,64.74,16520.0,64.7346,38.0
2021-02-12 23:00:00+00:00,64.74,64.74,64.74,64.74,1960.0,64.7386,3.0
2021-02-13 00:00:00+00:00,64.39,64.39,64.39,64.39,517.0,64.39,4.0
2021-02-16 10:00:00+00:00,65.5,65.5,65.03,65.03,428.0,65.2283,5.0
2021-02-16 12:00:00+00:00,65.72,65.72,65.52,65.52,3252.0,65.723,24.0
2021-02-16 13:00:00+00:00,66.0,66.0,64.74,65.88,14233.0,65.6848,75.0
2021-02-16 14:00:00+00:00,65.75,67.39,65.72,67.345,644658.0,66.4731,4397.0
2021-02-16 15:00:00+00:00,67.37,67.73,66.18,66.59,485565.0,66.8792,5911.0
2021-02-16 16:00:00+00:00,66.55,66.894,65.96,65.98,317518.0,66.5963,4335.0
2021-02-16 17:00:00+00:00,65.97,66.44,65.735,66.29,271904.0,66.0747,4009.0
2021-02-16 18:00:00+00:00,66.29,66.365,65.93,66.015,255137.0,66.1239,3813.0
2021-02-16 19:00:00+00:00,66.0,66.93,66.0,66.85,290082.0,66.5545,4179.0
2021-02-16 20:00:00+00:00,66.85,67.135,66.6,66.92,932694.0,66.8864,11891.0
2021-02-16 21:00:00+00:00,66.96,67.07,66.96,67.0,135019.0,66.9607,72.0
2021-02-16 22:00:00+00:00,67.21,67.21,67.21,67.21,100.0,67.21,1.0
2021-02-16 23:00:00+00:00,67.1,67.1,67.1,67.1,480.0,67.1,1.0
2021-02-17 00:00:00+00:00,67.0,67.08,66.96,66.96,2505.0,66.9856,12.0
2021-02-17 12:00:00+00:00,67.05,67.38,67.05,67.3,1963.0,67.2987,24.0
2021-02-17 13:00:00+00:00,67.38,67.74,67.38,67.74,3176.0,67.534,42.0
2021-02-17 14:00:00+00:00,67.4999,67.88,66.5,67.54,439564.0,67.2024,3299.0
2021-02-17 15:00:00+00:00,67.57,68.58,67.02,67.37,613551.0,67.8262,7733.0
2021-02-17 16:00:00+00:00,67.36,67.36,66.3655,67.05,460491.0,66.7949,6311.0
2021-02-17 17:00:00+00:00,67.07,67.5,66.835,67.3861,320698.0,67.2068,4488.0
2021-02-17 18:00:00+00:00,67.36,68.16,67.35,67.67,294120.0,67.6631,4054.0
2021-02-17 19:00:00+00:00,67.67,67.95,67.6031,67.76,293645.0,67.7908,4076.0
2021-02-17 20:00:00+00:00,67.77,68.23,67.54,68.12,753036.0,67.9564,9724.0
2021-02-17 21:00:00+00:00,68.12,68.13,68.0,68.12,29482.0,68.1134,50.0
2021-02-17 22:00:00+00:00,68.08,68.3,68.08,68.3,648.0,68.114,3.0
2021-02-17 23:00:00+00:00,68.13,68.13,68.12,68.12,500.0,68.124,2.0
2021-02-18 00:00:00+00:00,68.15,68.15,68.14,68.14,1868.0,68.1429,8.0
2021-02-18 09:00:00+00:00,68.58,68.58,68.5,68.5,776.0,68.5235,7.0
2021-02-18 12:00:00+00:00,67.92,67.92,67.92,67.92,261.0,67.9227,5.0
2021-02-18 13:00:00+00:00,67.99,67.99,67.6,67.6,2339.0,67.6927,17.0
2021-02-18 14:00:00+00:00,67.4,67.85,66.9,67.4,296218.0,67.4796,2655.0
2021-02-18 15:00:00+00:00,67.4,67.44,66.35,66.99,429615.0,66.9018,5509.0
2021-02-18 16:00:00+00:00,67.01,68.31,67.01,68.03,586285.0,67.8564,6806.0
2021-02-18 17:00:00+00:00,68.03,68.04,67.63,67.74,231321.0,67.8371,3325.0
2021-02-18 18:00:00+00:00,67.725,68.25,67.5,67.94,256423.0,67.9384,3657.0
2021-02-18 19:00:00+00:00,67.9281,68.41,67.83,68.27,328296.0,68.166,4392.0
2021-02-18 20:00:00+00:00,68.23,68.23,67.83,67.87,680691.0,67.9888,8825.0
2021-02-18 21:00:00+00:00,67.83,67.83,67.69,67.71,27987.0,67.8266,47.0
2021-02-18 22:00:00+00:00,67.79,67.8,67.79,67.8,834.0,67.7988,4.0
2021-02-18 23:00:00+00:00,67.8,67.8,67.8,67.8,248.0,67.8,1.0
2021-02-19 00:00:00+00:00,67.6,67.6,67.6,67.6,100.0,67.6,1.0
2021-02-19 12:00:00+00:00,67.67,67.67,67.16,67.16,1405.0,67.4191,11.0
2021-02-19 13:00:00+00:00,67.16,68.0,67.16,68.0,2107.0,67.7652,25.0
2021-02-19 14:00:00+00:00,68.08,71.62,68.08,71.4,1278849.0,69.7705,8380.0
2021-02-19 15:00:00+00:00,71.42,72.15,71.02,71.31,1344946.0,71.5134,9273.0
2021-02-19 16:00:00+00:00,71.32,71.48,70.68,70.6807,542118.0,71.0688,5806.0
2021-02-19 17:00:00+00:00,70.665,71.55,70.64,70.86,425967.0,71.1463,4784.0
2021-02-19 18:00:00+00:00,70.885,71.961,70.765,71.87,410025.0,71.3569,4964.0
2021-02-19 19:00:00+00:00,71.905,72.02,71.4,71.95,352293.0,71.7649,4436.0
2021-02-19 20:00:00+00:00,71.93,72.0279,71.52,71.55,987153.0,71.8055,11899.0
2021-02-19 21:00:00+00:00,71.53,71.53,71.51,71.53,61493.0,71.5298,80.0
2021-02-19 22:00:00+00:00,71.53,71.53,71.53,71.53,146.0,71.53,1.0
2021-02-19 23:00:00+00:00,71.6,71.6,71.6,71.6,246.0,71.6056,2.0
2021-02-22 12:00:00+00:00,71.25,71.25,71.25,71.25,216.0,71.3403,4.0
2021-02-22 13:00:00+00:00,71.45,71.64,71.25,71.64,10598.0,71.411,29.0
2021-02-22 14:00:00+00:00,71.54,73.35,71.01,73.25,522266.0,72.3207,4607.0
2021-02-22 15:00:00+00:00,73.26,74.72,73.1501,74.09,876400.0,74.1458,10259.0
2021-02-22 16:00:00+00:00,74.07,74.875,73.87,74.85,560253.0,74.3018,7286.0
2021-02-22 17:00:00+00:00,74.85,75.3,74.57,75.24,517593.0,74.9183,7015.0
2021-02-22 18:00:00+00:00,75.24,75.25,74.47,74.73,410413.0,74.874,5593.0
2021-02-22 19:00:00+00:00,74.77,75.38,74.54,75.195,344645.0,75.0555,5654.0
2021-02-22 20:00:00+00:00,75.2,75.35,74.1301,74.25,985657.0,74.532,13150.0
2021-02-22 21:00:00+00:00,74.25,74.25,74.25,74.25,108309.0,74.2501,44.0
2021-02-22 22:00:00+00:00,74.25,74.25,74.25,74.25,200.0,74.2546,3.0
2021-02-23 00:00:00+00:00,74.45,74.45,74.29,74.29,629.0,74.4267,7.0
2021-02-23 10:00:00+00:00,74.83,74.83,74.83,74.83,581.0,74.7961,8.0
2021-02-23 11:00:00+00:00,74.83,74.97,74.83,74.97,1050.0,74.8799,4.0
2021-02-23 12:00:00+00:00,75.0,75.0,74.5,74.5,1416.0,74.8975,10.0
2021-02-23 13:00:00+00:00,75.4894,75.7789,74.5,74.6,12410.0,75.0322,79.0
2021-02-23 14:00:00+00:00,74.6,75.49,72.78,74.19,574957.0,74.2084,6289.0
2021-02-23 15:00:00+00:00,74.195,75.05,73.33,73.59,960015.0,74.093,10534.0
2021-02-23 16:00:00+00:00,73.62,73.925,72.87,73.735,558196.0,73.5008,6485.0
2021-02-23 17:00:00+00:00,73.735,74.77,73.67,74.39,350181.0,74.2863,4564.0
2021-02-23 18:00:00+00:00,74.41,74.84,74.19,74.84,408343.0,74.4815,5699.0
2021-02-23 19:00:00+00:00,74.81,75.79,74.75,75.645,612932.0,75.43,7226.0
2021-02-23 20:00:00+00:00,75.63,76.2,75.5,75.83,1011391.0,75.9038,12789.0
2021-02-23 21:00:00+00:00,75.81,75.97,75.75,75.97,32788.0,75.81,42.0
2021-02-23 22:00:00+00:00,75.51,75.9,75.51,75.9,836.0,75.7561,6.0
2021-02-23 23:00:00+00:00,75.81,75.81,75.81,75.81,3000.0,75.81,2.0
2021-02-24 12:00:00+00:00,76.03,76.67,76.01,76.67,3362.0,76.4116,53.0
2021-02-24 13:00:00+00:00,76.67,76.75,76.1,76.1,3923.0,76.6088,29.0
2021-02-24 14:00:00+00:00,76.1,77.8833,75.99,77.78,670405.0,76.8933,5299.0
2021-02-24 15:00:00+00:00,77.8,78.2,77.02,77.265,725843.0,77.5033,7897.0
2021-02-24 16:00:00+00:00,77.24,78.26,77.24,77.78,533882.0,77.8834,6250.0
2021-02-24 17:00:00+00:00,77.8,78.1,77.51,77.94,378633.0,77.8568,4663.0
2021-02-24 18:00:00+00:00,77.93,78.41,77.88,78.29,384869.0,78.1643,4643.0
2021-02-24 19:00:00+00:00,78.3,78.42,77.62,78.37,417978.0,78.0029,6203.0
2021-02-24 20:00:00+00:00,78.38,78.43,77.72,78.16,1006415.0,78.0903,11778.0
2021-02-24 21:00:00+00:00,78.16,78.67,78.16,78.67,44627.0,78.1709,40.0
2021-02-24 22:00:00+00:00,78.49,78.49,78.12,78.12,770.0,78.1964,13.0
2021-02-24 23:00:00+00:00,77.22,78.0,77.22,78.0,1407.0,77.7884,5.0
2021-02-25 11:00:00+00:00,76.67,76.67,76.67,76.67,132.0,76.67,1.0
2021-02-25 12:00:00+00:00,79.01,79.01,78.91,78.91,407.0,78.9436,9.0
2021-02-25 13:00:00+00:00,78.02,78.99,78.01,78.8,5457.0,78.3761,17.0
2021-02-25 14:00:00+00:00,78.8,78.92,77.42,78.4033,641588.0,78.3815,5249.0
2021-02-25 15:00:00+00:00,78.42,78.66,77.95,78.24,804782.0,78.2813,9585.0
2021-02-25 16:00:00+00:00,78.235,78.4,77.8,78.25,554314.0,78.1693,7155.0
2021-02-25 17:00:00+00:00,78.21,78.71,77.455,77.55,833262.0,78.221,9368.0
2021-02-25 18:00:00+00:00,77.51,78.93,77.05,78.85,809263.0,78.2176,10683.0
2021-02-25 19:00:00+00:00,78.85,79.46,78.76,79.045,744859.0,79.1146,10750.0
2021-02-25 20:00:00+00:00,79.03,79.13,77.8,78.15,1639260.0,78.4626,21168.0
2021-02-25 21:00:00+00:00,78.1,78.16,77.88,77.88,127981.0,78.1497,46.0
2021-02-25 22:00:00+00:00,77.7,77.7,77.7,77.7,423.0,77.7073,7.0
2021-02-25 23:00:00+00:00,77.27,78.0,77.26,78.0,550.0,77.5313,8.0
2021-02-26 00:00:00+00:00,78.13,78.13,77.25,77.25,200.0,77.69,2.0
2021-02-26 11:00:00+00:00,77.24,77.24,76.46,76.52,5282.0,77.0891,33.0
2021-02-26 12:00:00+00:00,76.87,77.25,76.56,76.56,3015.0,76.8885,46.0
2021-02-26 13:00:00+00:00,77.25,77.25,76.11,76.73,5006.0,76.564,67.0
2021-02-26 14:00:00+00:00,76.75,77.7,75.2,75.27,749738.0,76.6038,6480.0
2021-02-26 15:00:00+00:00,75.27,76.25,73.26,75.165,1209484.0,74.5105,13661.0
2021-02-26 16:00:00+00:00,75.22,77.04,75.0301,76.7901,542676.0,76.5085,7817.0
2021-02-26 17:00:00+00:00,76.79,77.92,76.78,77.04,426640.0,77.3995,6130.0
2021-02-26 18:00:00+00:00,77.0014,77.685,76.74,77.02,330619.0,77.1451,5604.0
2021-02-26 19:00:00+00:00,76.9942,77.18,76.27,76.96,327590.0,76.7032,6074.0
2021-02-26 20:00:00+00:00,76.96,78.03,76.9,76.93,989992.0,77.4315,13808.0
2021-02-26 21:00:00+00:00,76.98,77.03,76.98,76.98,94552.0,76.98,72.0
2021-02-26 22:00:00+00:00,76.98,76.98,76.62,76.98,454.0,76.8966,5.0
2021-02-26 23:00:00+00:00,76.8,76.8,76.8,76.8,100.0,76.8,1.0
2021-02-27 00:00:00+00:00,76.7,76.7,76.7,76.7,150.0,76.7,2.0
2021-03-01 10:00:00+00:00,78.2,78.5,78.2,78.5,331.0,78.2906,4.0
2021-03-01 11:00:00+00:00,78.76,78.99,78.76,78.99,1000.0,78.9644,6.0
2021-03-01 12:00:00+00:00,78.4,78.4,77.9,78.3,657.0,78.1823,7.0
2021-03-01 13:00:00+00:00,78.49,78.4999,76.74,78.06,3846.0,78.0465,18.0
2021-03-01 14:00:00+00:00,78.1,78.92,77.81,78.205,416139.0,78.4006,3398.0
2021-03-01 15:00:00+00:00,78.3,78.84,77.825,78.23,408536.0,78.2768,5797.0
2021-03-01 16:00:00+00:00,78.18,78.4239,77.84,78.275,297749.0,78.1948,4412.0
2021-03-01 17:00:00+00:00,78.322,78.825,78.25,78.2578,298208.0,78.5467,4046.0
2021-03-01 18:00:00+00:00,78.24,78.61,77.715,78.595,305480.0,78.0918,4406.0
2021-03-01 19:00:00+00:00,78.6,79.2,78.41,78.96,315745.0,78.7655,4704.0
2021-03-01 20:00:00+00:00,78.98,78.98,77.79,77.79,607968.0,78.2476,9374.0
2021-03-01 21:00:00+00:00,77.8,78.33,77.8,78.18,29000.0,77.8269,55.0
2021-03-02 00:00:00+00:00,78.05,78.05,78.05,78.05,470.0,78.05,4.0
2021-03-02 11:00:00+00:00,77.58,77.58,77.58,77.58,349.0,77.5377,3.0
2021-03-02 12:00:00+00:00,77.78,77.82,77.78,77.82,534.0,77.8039,9.0
2021-03-02 13:00:00+00:00,77.83,77.83,77.78,77.78,1374.0,77.811,15.0
2021-03-02 14:00:00+00:00,77.67,78.76,77.4,78.3,331871.0,78.0668,3477.0
2021-03-02 15:00:00+00:00,78.33,78.75,77.69,77.75,367003.0,78.1933,5281.0
2021-03-02 16:00:00+00:00,77.72,77.9,76.69,76.855,411456.0,77.2017,5350.0
2021-03-02 17:00:00+00:00,76.88,77.53,76.744,77.45,311892.0,77.2214,4087.0
2021-03-02 18:00:00+00:00,77.4621,77.55,77.26,77.35,266200.0,77.4118,3600.0
2021-03-02 19:00:00+00:00,77.376,77.5,76.735,77.13,377863.0,77.1016,4797.0
2021-03-02 20:00:00+00:00,77.15,77.45,76.6,76.63,912980.0,77.0403,11476.0
2021-03-02 21:00:00+00:00,76.63,76.63,76.54,76.63,73828.0,76.6296,67.0
2021-03-02 22:00:00+00:00,76.63,76.94,76.55,76.62,1734.0,76.6721,12.0
2021-03-02 23:00:00+00:00,76.53,76.53,76.53,76.53,379.0,76.5641,5.0
2021-03-03 00:00:00+00:00,76.5,76.5,76.5,76.5,177.0,76.5212,5.0
2021-03-03 13:00:00+00:00,75.645,77.01,75.645,76.82,2791.0,75.9716,11.0
2021-03-03 14:00:00+00:00,77.18,78.54,77.18,77.767,403050.0,77.8616,3253.0
2021-03-03 15:00:00+00:00,77.75,78.7,76.9701,78.09,838288.0,77.8871,8498.0
2021-03-03 16:00:00+00:00,78.07,78.628,77.68,78.39,291849.0,78.2056,4309.0
2021-03-03 17:00:00+00:00,78.38,79.25,78.26,78.83,551108.0,78.863,7319.0
2021-03-03 18:00:00+00:00,78.83,79.76,78.73,78.815,480598.0,79.2153,6550.0
2021-03-03 19:00:00+00:00,78.81,78.83,78.19,78.6145,288908.0,78.5696,5455.0
2021-03-03 20:00:00+00:00,78.622,78.84,77.405,77.53,798363.0,77.9217,11647.0
2021-03-03 21:00:00+00:00,77.53,78.1799,77.53,77.6,122331.0,77.6318,65.0
2021-03-03 23:00:00+00:00,77.53,77.53,77.53,77.53,631.0,77.5387,8.0
2021-03-04 00:00:00+00:00,77.53,77.53,77.36,77.53,898.0,77.4857,8.0
2021-03-04 12:00:00+00:00,77.33,77.56,77.33,77.55,992.0,77.5009,18.0
2021-03-04 13:00:00+00:00,78.15,78.32,78.15,78.32,1123.0,78.1672,16.0
2021-03-04 14:00:00+00:00,78.17,78.57,76.91,77.91,456231.0,77.9036,3251.0
2021-03-04 15:00:00+00:00,77.855,78.37,77.1,78.34,759407.0,77.7177,9156.0
2021-03-04 16:00:00+00:00,78.3818,78.61,76.74,76.92,889605.0,77.5452,10853.0
2021-03-04 17:00:00+00:00,76.96,77.076,75.01,75.24,1077220.0,76.072,12961.0
2021-03-04 18:00:00+00:00,75.29,75.68,73.8001,73.8001,935928.0,74.8287,13205.0
2021-03-04 19:00:00+00:00,73.82,75.87,73.8,75.59,657885.0,75.246,9319.0
2021-03-04 20:00:00+00:00,75.54,76.38,74.83,76.38,1075653.0,75.8014,14664.0
2021-03-04 21:00:00+00:00,76.37,76.49,76.37,76.45,63482.0,76.3704,63.0
2021-03-05 00:00:00+00:00,76.38,76.38,76.37,76.37,3898.0,76.3707,39.0
2021-03-05 12:00:00+00:00,77.52,77.73,77.49,77.49,2481.0,77.576,14.0
2021-03-05 13:00:00+00:00,77.73,78.4,76.71,78.21,11558.0,77.6572,124.0
2021-03-05 14:00:00+00:00,78.2,78.34,77.2,77.61,605465.0,77.7957,5866.0
2021-03-05 15:00:00+00:00,77.65,78.08,76.91,76.97,801771.0,77.4877,12214.0
2021-03-05 16:00:00+00:00,76.96,77.06,74.82,76.4,619458.0,75.8608,9626.0
2021-03-05 17:00:00+00:00,76.37,77.71,76.17,77.37,397274.0,77.061,6675.0
2021-03-05 18:00:00+00:00,77.36,78.25,77.03,78.17,354623.0,77.8841,6099.0
2021-03-05 19:00:00+00:00,78.17,78.41,77.52,78.18,386097.0,78.0303,6400.0
2021-03-05 20:00:00+00:00,78.22,79.06,78.2,79.04,890831.0,78.7455,14462.0
2021-03-05 21:00:00+00:00,79.03,79.5,79.03,79.03,89108.0,79.0328,62.0
2021-03-05 22:00:00+00:00,79.4,79.4,79.4,79.4,162.0,79.3749,2.0
2021-03-05 23:00:00+00:00,79.03,79.03,79.03,79.03,1000.0,79.03,1.0
2021-03-08 12:00:00+00:00,79.47,79.5,79.31,79.31,1667.0,79.4326,20.0
2021-03-08 13:00:00+00:00,79.8002,79.8002,79.15,79.27,2974.0,79.3664,32.0
2021-03-08 14:00:00+00:00,79.52,81.31,79.5,80.16,636221.0,80.3708,5878.0
2021-03-08 15:00:00+00:00,80.215,81.72,79.84,81.36,893022.0,80.7527,11034.0
2021-03-08 16:00:00+00:00,81.4,81.6,80.8,81.01,464954.0,81.2147,6232.0
2021-03-08 17:00:00+00:00,80.985,82.6,80.96,82.34,460006.0,82.0986,6702.0
2021-03-08 18:00:00+00:00,82.32,82.4352,80.7601,80.89,425855.0,81.6941,6335.0
2021-03-08 19:00:00+00:00,80.92,82.14,80.9,81.27,516205.0,81.5719,7078.0
2021-03-08 20:00:00+00:00,81.2235,81.46,80.5,80.55,956687.0,80.9533,13245.0
2021-03-08 21:00:00+00:00,80.56,80.93,80.4,80.93,123264.0,80.5606,95.0
2021-03-08 23:00:00+00:00,80.66,80.66,80.66,80.66,312.0,80.6561,6.0
2021-03-09 00:00:00+00:00,80.85,80.85,80.85,80.85,100.0,80.85,1.0
2021-03-09 13:00:00+00:00,80.57,80.57,80.56,80.56,964.0,80.5764,23.0
2021-03-09 14:00:00+00:00,80.5,80.63,78.4301,78.84,759244.0,79.2269,6388.0
2021-03-09 15:00:00+00:00,78.88,81.08,78.46,81.07,784527.0,79.7803,10016.0
2021-03-09 16:00:00+00:00,81.1387,81.34,80.07,80.62,489510.0,80.8238,6741.0
2021-03-09 17:00:00+00:00,80.63,80.63,78.72,78.87,343160.0,79.4693,5087.0
2021-03-09 18:00:00+00:00,78.87,78.8979,77.85,78.31,476749.0,78.3268,6099.0
2021-03-09 19:00:00+00:00,78.3,78.43,77.87,77.87,653209.0,78.0923,6877.0
2021-03-09 20:00:00+00:00,77.9,78.1,76.51,76.59,1389415.0,77.1566,16219.0
2021-03-09 21:00:00+00:00,76.58,76.6,76.4,76.58,88441.0,76.5791,92.0
2021-03-09 22:00:00+00:00,76.55,76.58,76.5,76.55,11872.0,76.5661,127.0
2021-03-09 23:00:00+00:00,76.51,76.55,76.5,76.5,2450.0,76.5224,23.0
2021-03-10 00:00:00+00:00,76.5,76.58,76.5,76.58,411.0,76.5313,3.0
2021-03-10 09:00:00+00:00,78.11,78.11,77.44,77.44,394.0,77.7191,8.0
2021-03-10 10:00:00+00:00,77.43,77.44,77.43,77.44,304.0,77.4364,4.0
2021-03-10 13:00:00+00:00,76.8999,76.9,76.6,76.9,5719.0,76.7878,52.0
2021-03-10 14:00:00+00:00,77.6,79.68,76.87,79.04,671557.0,78.5365,4967.0
2021-03-10 15:00:00+00:00,79.05,80.9846,78.88,80.54,838350.0,80.089,9019.0
2021-03-10 16:00:00+00:00,80.57,80.95,79.73,80.36,492271.0,80.4755,5715.0
2021-03-10 17:00:00+00:00,80.41,80.55,79.92,80.05,296079.0,80.1978,3939.0
2021-03-10 18:00:00+00:00,80.01,80.78,79.86,80.76,278953.0,80.4135,3718.0
2021-03-10 19:00:00+00:00,80.72,81.39,80.68,81.06,392528.0,81.1353,4903.0
2021-03-10 20:00:00+00:00,81.06,81.5,80.68,81.38,797784.0,81.1719,10255.0
2021-03-10 21:00:00+00:00,81.37,81.37,81.16,81.18,42940.0,81.3681,70.0
2021-03-10 22:00:00+00:00,81.3701,81.38,81.37,81.37,700.0,81.3715,4.0
2021-03-10 23:00:00+00:00,81.37,81.37,81.37,81.37,500.0,81.37,1.0
2021-03-11 00:00:00+00:00,81.48,81.5,81.48,81.5,851.0,81.4812,7.0
2021-03-11 11:00:00+00:00,81.17,81.17,81.17,81.17,624.0,81.2097,9.0
2021-03-11 12:00:00+00:00,81.4,81.81,80.91,81.81,1427.0,81.5542,18.0
2021-03-11 13:00:00+00:00,81.84,81.92,81.79,81.79,1202.0,81.8485,15.0
2021-03-11 14:00:00+00:00,81.64,82.84,81.48,82.57,473780.0,82.0353,3805.0
2021-03-11 15:00:00+00:00,82.53,84.39,82.18,83.93,913403.0,83.4801,9863.0
2021-03-11 16:00:00+00:00,83.95,84.26,83.04,83.11,476351.0,83.6701,6250.0
2021-03-11 17:00:00+00:00,83.07,83.24,82.75,83.1,260194.0,82.9762,3764.0
2021-03-11 18:00:00+00:00,83.12,83.19,82.645,82.77,377526.0,82.9411,5109.0
2021-03-11 19:00:00+00:00,82.835,83.09,82.2,82.25,478450.0,82.6952,5975.0
2021-03-11 20:00:00+00:00,82.25,82.61,82.065,82.47,931754.0,82.3858,12576.0
2021-03-11 21:00:00+00:00,82.48,82.48,82.48,82.48,74763.0,82.48,52.0
2021-03-11 22:00:00+00:00,82.6,82.7,82.48,82.48,1101.0,82.5442,13.0
2021-03-11 23:00:00+00:00,82.7,82.7,82.48,82.48,600.0,82.5167,5.0
2021-03-12 13:00:00+00:00,82.65,82.65,82.63,82.63,300.0,82.6433,2.0
2021-03-12 14:00:00+00:00,82.63,83.74,82.08,82.81,403121.0,82.9298,4046.0
2021-03-12 15:00:00+00:00,82.82,82.86,81.78,82.33,331475.0,82.2699,4993.0
2021-03-12 16:00:00+00:00,82.28,82.85,82.22,82.37,238211.0,82.5967,3383.0
2021-03-12 17:00:00+00:00,82.42,82.6,82.15,82.27,158181.0,82.3558,2650.0
2021-03-12 18:00:00+00:00,82.31,82.57,81.65,81.66,178228.0,82.1917,2969.0
2021-03-12 19:00:00+00:00,81.67,82.365,81.67,82.22,151011.0,82.0862,3023.0
2021-03-12 20:00:00+00:00,82.23,82.62,82.07,82.4,517588.0,82.3394,7505.0
2021-03-12 21:00:00+00:00,82.42,82.42,82.42,82.42,226581.0,82.42,41.0
2021-03-15 11:00:00+00:00,83.1,83.1,82.82,82.82,797.0,83.0297,4.0
2021-03-15 12:00:00+00:00,83.1042,83.11,82.42,82.42,3053.0,82.6013,29.0
2021-03-15 13:00:00+00:00,82.68,83.24,80.85,80.91,364478.0,82.0876,3742.0
2021-03-15 14:00:00+00:00,80.91,82.43,80.21,82.1567,627069.0,81.5821,7798.0
2021-03-15 15:00:00+00:00,82.14,82.57,80.67,80.84,405711.0,81.5849,6056.0
2021-03-15 16:00:00+00:00,80.8176,81.615,80.71,81.4197,367723.0,81.0193,4917.0
2021-03-15 17:00:00+00:00,81.44,81.78,81.25,81.73,161777.0,81.5605,3063.0
2021-03-15 18:00:00+00:00,81.75,82.04,81.575,81.83,194708.0,81.8112,3396.0
2021-03-15 19:00:00+00:00,81.82,81.98,81.55,81.81,483606.0,81.7725,7626.0
2021-03-15 20:00:00+00:00,81.83,81.83,81.83,81.83,37515.0,81.8299,38.0
2021-03-15 21:00:00+00:00,81.83,81.83,81.83,81.83,400.0,81.83,2.0
2021-03-16 13:00:00+00:00,80.8,80.9,78.84,79.6,467438.0,79.6719,4689.0
2021-03-16 14:00:00+00:00,79.555,79.68,78.7,79.1,455530.0,79.1582,5541.0
2021-03-16 15:00:00+00:00,79.16,80.1,78.97,79.9164,402577.0,79.6373,4622.0
2021-03-16 16:00:00+00:00,79.9,80.78,79.84,80.72,294664.0,80.3174,3925.0
2021-03-16 17:00:00+00:00,80.69,80.92,80.22,80.61,504690.0,80.4855,4815.0
2021-03-16 18:00:00+00:00,80.61,80.91,79.935,80.21,361385.0,80.4622,5150.0
2021-03-16 19:00:00+00:00,80.195,80.41,79.25,79.33,893764.0,79.7086,11542.0
2021-03-16 20:00:00+00:00,79.32,79.35,79.32,79.32,77068.0,79.32,80.0
2021-03-16 21:00:00+00:00,79.42,79.42,79.42,79.42,1089.0,79.4216,4.0
2021-03-16 22:00:00+00:00,79.4,79.4,79.4,79.4,927.0,79.4,2.0
2021-03-16 23:00:00+00:00,79.32,79.32,79.32,79.32,773.0,79.3202,5.0
2021-03-17 11:00:00+00:00,78.99,78.99,78.8,78.8,2565.0,78.811,12.0
2021-03-17 12:00:00+00:00,78.8001,78.8001,78.42,78.42,2349.0,78.785,13.0
2021-03-17 13:00:00+00:00,78.67,79.91,78.4,79.26,403836.0,79.3471,3385.0
2021-03-17 14:00:00+00:00,79.26,79.67,77.08,78.06,688961.0,78.1195,8404.0
2021-03-17 15:00:00+00:00,78.06,78.63,77.91,78.14,305829.0,78.2339,4650.0
2021-03-17 16:00:00+00:00,78.12,78.46,77.68,77.9848,276342.0,78.0189,4106.0
2021-03-17 17:00:00+00:00,77.962,78.5702,77.745,78.43,235572.0,78.1237,3628.0
2021-03-17 18:00:00+00:00,78.43,79.51,78.43,78.75,480621.0,79.0478,6735.0
2021-03-17 19:00:00+00:00,78.76,79.17,78.526,79.13,804261.0,78.8458,10448.0
2021-03-17 20:00:00+00:00,79.14,79.17,79.14,79.14,47173.0,79.1405,57.0
2021-03-17 22:00:00+00:00,79.2,79.2,79.2,79.2,100.0,79.2,1.0
2021-03-17 23:00:00+00:00,79.15,79.15,79.15,79.15,1000.0,79.15,2.0
2021-03-18 12:00:00+00:00,79.15,79.15,78.99,78.99,506.0,79.0849,6.0
2021-03-18 13:00:00+00:00,78.69,78.81,76.52,77.32,530571.0,77.5806,4685.0
2021-03-18 14:00:00+00:00,77.36,77.5,76.32,76.73,831404.0,76.7873,9520.0
2021-03-18 15:00:00+00:00,76.745,77.0837,76.17,76.37,726788.0,76.6024,7731.0
2021-03-18 16:00:00+00:00,76.38,76.58,75.37,75.66,565783.0,76.024,7053.0
2021-03-18 17:00:00+00:00,75.65,76.34,75.31,76.242,569504.0,75.7576,6941.0
2021-03-18 18:00:00+00:00,76.28,76.31,74.72,75.15,677691.0,75.4779,8832.0
2021-03-18 19:00:00+00:00,75.15,75.28,73.5,73.7,1748754.0,73.958,20354.0
2021-03-18 20:00:00+00:00,73.7,74.09,73.62,73.91,41847.0,73.7108,178.0
2021-03-18 21:00:00+00:00,73.9,73.91,73.76,73.76,2394.0,73.849,18.0
2021-03-18 22:00:00+00:00,73.9,73.9,73.85,73.85,263.0,73.8734,3.0
2021-03-18 23:00:00+00:00,73.82,73.98,73.82,73.85,626.0,73.868,6.0
2021-03-19 09:00:00+00:00,75.22,75.22,75.22,75.22,100.0,75.22,1.0
2021-03-19 10:00:00+00:00,74.97,74.97,74.97,74.97,183.0,74.9729,3.0
2021-03-19 11:00:00+00:00,74.97,74.98,74.8,74.8,534.0,74.9353,8.0
2021-03-19 12:00:00+00:00,74.5,74.5,74.0,74.0,7122.0,74.0539,47.0
2021-03-19 13:00:00+00:00,73.87,74.29,72.65,73.8829,1266537.0,73.8609,4398.0
2021-03-19 14:00:00+00:00,73.85,74.196,73.23,74.05,579283.0,73.6826,8475.0
2021-03-19 15:00:00+00:00,74.01,74.8099,73.92,74.6678,445183.0,74.3769,6496.0
2021-03-19 16:00:00+00:00,74.68,74.97,74.36,74.5,353592.0,74.7039,5367.0
2021-03-19 17:00:00+00:00,74.49,74.59,73.97,74.59,311539.0,74.3335,4885.0
2021-03-19 18:00:00+00:00,74.6,74.74,73.9299,74.36,435162.0,74.2192,5940.0
2021-03-19 19:00:00+00:00,74.34,74.385,73.26,73.62,1459988.0,73.8123,16929.0
2021-03-19 20:00:00+00:00,73.7,73.7,73.4999,73.7,1284240.0,73.6991,164.0
2021-03-19 21:00:00+00:00,73.7,73.7,73.7,73.7,302.0,73.7,1.0
2021-03-19 22:00:00+00:00,73.6,73.6,73.55,73.55,1342.0,73.5983,9.0
2021-03-19 23:00:00+00:00,73.7,73.7,73.7,73.7,100.0,73.7,1.0
2021-03-22 12:00:00+00:00,74.0,74.0,73.7,73.7,6050.0,73.7897,20.0
2021-03-22 13:00:00+00:00,73.79,73.79,72.25,73.4007,414000.0,73.1646,3099.0
2021-03-22 14:00:00+00:00,73.3012,73.5199,71.954,72.32,608223.0,72.4128,8647.0
2021-03-22 15:00:00+00:00,72.22,72.4,71.43,72.26,374255.0,71.9365,5966.0
2021-03-22 16:00:00+00:00,72.27,72.44,71.85,71.965,385366.0,72.1078,4534.0
2021-03-22 17:00:00+00:00,71.98,72.66,71.91,72.605,264036.0,72.3508,4387.0
2021-03-22 18:00:00+00:00,72.59,73.19,72.5,72.965,386678.0,72.8262,5284.0
2021-03-22 19:00:00+00:00,72.98,73.03,72.2,72.3,767965.0,72.6124,10346.0
2021-03-22 20:00:00+00:00,72.28,72.98,72.28,72.28,164440.0,72.2811,41.0
2021-03-22 21:00:00+00:00,72.28,72.28,72.28,72.28,666.0,72.2799,8.0
2021-03-22 23:00:00+00:00,72.24,72.24,72.12,72.12,1543.0,72.1662,8.0
2021-03-23 11:00:00+00:00,71.41,71.41,70.43,71.4,2479.0,70.9655,25.0
2021-03-23 12:00:00+00:00,71.0,71.5,70.55,70.56,5966.0,70.9071,42.0
2021-03-23 13:00:00+00:00,71.01,71.95,69.88,71.95,507540.0,70.87,4477.0
2021-03-23 14:00:00+00:00,71.98,72.155,70.58,70.635,578885.0,71.3809,6753.0
2021-03-23 15:00:00+00:00,70.63,71.64,70.54,71.58,304312.0,71.2508,4054.0
2021-03-23 16:00:00+00:00,71.58,71.9,71.35,71.83,259369.0,71.6733,3682.0
2021-03-23 17:00:00+00:00,71.85,71.95,70.86,70.995,350030.0,71.5046,4687.0
2021-03-23 18:00:00+00:00,71.0,71.02,70.02,70.09,434791.0,70.4181,6314.0
2021-03-23 19:00:00+00:00,70.11,70.59,69.72,70.07,1043665.0,70.0768,14188.0
2021-03-23 20:00:00+00:00,70.08,70.23,70.08,70.23,46426.0,70.0806,49.0
2021-03-23 21:00:00+00:00,70.25,70.3,70.25,70.3,2301.0,70.2884,11.0
2021-03-23 23:00:00+00:00,70.3,70.3,70.3,70.3,288.0,70.3036,5.0
2021-03-24 11:00:00+00:00,71.0,71.42,71.0,71.42,3555.0,71.3569,13.0
2021-03-24 12:00:00+00:00,71.3949,71.4,70.41,71.3999,3448.0,71.2376,21.0
2021-03-24 13:00:00+00:00,71.2708,73.45,71.02,72.655,526608.0,72.5345,5170.0
2021-03-24 14:00:00+00:00,72.65,73.41,72.65,73.3,378598.0,73.0458,5682.0
2021-03-24 15:00:00+00:00,73.26,73.33,72.32,72.5,272189.0,72.8935,4337.0
2021-03-24 16:00:00+00:00,72.495,73.2,72.43,72.8,248066.0,72.9167,4277.0
2021-03-24 17:00:00+00:00,72.84,72.84,72.23,72.67,248154.0,72.5203,4278.0
2021-03-24 18:00:00+00:00,72.71,72.86,71.85,71.9,275717.0,72.3772,4539.0
2021-03-24 19:00:00+00:00,71.9,72.27,71.38,71.79,604952.0,71.7998,8662.0
2021-03-24 20:00:00+00:00,71.78,71.83,71.78,71.83,53050.0,71.7802,46.0
2021-03-24 22:00:00+00:00,71.85,71.85,71.85,71.85,175.0,71.85,1.0
2021-03-25 11:00:00+00:00,71.77,71.77,71.0,71.08,824.0,71.165,14.0
2021-03-25 12:00:00+00:00,72.58,72.58,71.0,71.0,1304.0,71.1215,4.0
2021-03-25 13:00:00+00:00,70.77,71.0,69.05,69.92,373645.0,69.909,3209.0
2021-03-25 14:00:00+00:00,69.92,70.44,69.07,69.26,478186.0,69.8735,6072.0
2021-03-25 15:00:00+00:00,69.265,71.45,69.05,71.42,559897.0,70.034,6723.0
2021-03-25 16:00:00+00:00,71.42,72.12,71.17,71.84,313102.0,71.6299,4265.0
2021-03-25 17:00:00+00:00,71.84,71.94,71.18,71.54,268328.0,71.6168,4173.0
2021-03-25 18:00:00+00:00,71.51,72.32,71.49,72.21,222988.0,71.9621,3809.0
2021-03-25 19:00:00+00:00,72.24,72.81,71.695,72.42,631195.0,72.4017,8757.0
2021-03-25 20:00:00+00:00,72.42,72.5,72.42,72.5,90869.0,72.42,45.0
2021-03-26 11:00:00+00:00,73.0,73.25,73.0,73.25,971.0,73.1431,14.0
2021-03-26 12:00:00+00:00,73.0,73.7,73.0,73.6,2781.0,73.2107,17.0
2021-03-26 13:00:00+00:00,73.35,74.67,72.11,72.35,443131.0,73.0832,3927.0
2021-03-26 14:00:00+00:00,72.27,73.399,72.1,72.675,351071.0,72.8743,4798.0
2021-03-26 15:00:00+00:00,72.63,73.0,72.055,72.14,307879.0,72.4805,4494.0
2021-03-26 16:00:00+00:00,72.115,72.92,72.07,72.44,208950.0,72.5112,3236.0
2021-03-26 17:00:00+00:00,72.54,72.69,71.8,72.41,300586.0,72.2573,4167.0
2021-03-26 18:00:00+00:00,72.46,72.63,71.8,72.44,271834.0,72.2158,4180.0
2021-03-26 19:00:00+00:00,72.43,73.27,72.23,73.14,579622.0,72.676,8555.0
2021-03-26 20:00:00+00:00,73.11,73.11,72.75,72.75,25688.0,73.1015,58.0
2021-03-26 21:00:00+00:00,73.0,73.0,73.0,73.0,300.0,73.0,3.0
2021-03-26 22:00:00+00:00,73.0,73.0,73.0,73.0,100.0,73.0,1.0
2021-03-26 23:00:00+00:00,72.89,73.0,72.76,73.0,2280.0,72.9311,9.0
2021-03-29 11:00:00+00:00,73.12,73.12,73.1,73.1,1351.0,73.1021,13.0
2021-03-29 12:00:00+00:00,73.1,73.1,73.0,73.0,314.0,72.9931,5.0
2021-03-29 13:00:00+00:00,72.6,72.97,71.69,72.38,337352.0,72.1629,2697.0
2021-03-29 14:00:00+00:00,72.365,72.78,70.9,70.915,287931.0,71.7422,4189.0
2021-03-29 15:00:00+00:00,70.915,71.71,70.72,71.66,224333.0,71.1451,3365.0
2021-03-29 16:00:00+00:00,71.6899,71.8294,71.03,71.53,168308.0,71.496,2684.0
2021-03-29 17:00:00+00:00,71.56,71.945,71.38,71.495,232273.0,71.7025,3287.0
2021-03-29 18:00:00+00:00,71.48,72.02,71.4,72.02,217395.0,71.6922,3282.0
2021-03-29 19:00:00+00:00,72.0125,72.63,71.69,71.82,531778.0,72.1736,7064.0
2021-03-29 20:00:00+00:00,71.86,71.86,71.5,71.6,54751.0,71.8538,47.0
2021-03-29 22:00:00+00:00,71.86,71.86,71.86,71.86,4100.0,71.86,26.0
2021-03-30 10:00:00+00:00,71.5,71.5,71.5,71.5,100.0,71.5,1.0
2021-03-30 12:00:00+00:00,71.51,71.51,71.51,71.51,513.0,71.51,4.0
2021-03-30 13:00:00+00:00,71.41,71.92,70.85,71.86,207423.0,71.3364,1632.0
2021-03-30 14:00:00+00:00,71.88,72.51,71.7714,72.08,252129.0,72.1622,3748.0
2021-03-30 15:00:00+00:00,72.12,72.87,71.99,71.99,224744.0,72.4094,3220.0
2021-03-30 16:00:00+00:00,72.0,72.23,71.61,72.05,205007.0,71.9363,2825.0
2021-03-30 17:00:00+00:00,72.055,72.0994,71.56,71.73,166264.0,71.895,2198.0
2021-03-30 18:00:00+00:00,71.73,72.16,71.44,71.7513,216237.0,71.7543,2858.0
2021-03-30 19:00:00+00:00,71.76,72.09,71.59,71.8,390088.0,71.7873,5294.0
2021-03-30 20:00:00+00:00,71.78,72.25,71.78,72.25,99120.0,71.7809,31.0
2021-03-30 23:00:00+00:00,71.77,71.77,71.77,71.77,130.0,71.77,2.0
2021-03-31 11:00:00+00:00,72.2,72.2,71.73,71.75,1400.0,72.0671,4.0
2021-03-31 12:00:00+00:00,71.75,71.98,71.75,71.98,525.0,71.9406,6.0
2021-03-31 13:00:00+00:00,71.8,72.41,71.02,71.31,267586.0,71.7846,2166.0
2021-03-31 14:00:00+00:00,71.31,71.68,70.95,71.59,293604.0,71.3498,3548.0
2021-03-31 15:00:00+00:00,71.54,72.18,71.26,71.51,212448.0,71.6959,3130.0
2021-03-31 16:00:00+00:00,71.49,71.95,71.3,71.95,221779.0,71.5593,3012.0
2021-03-31 17:00:00+00:00,71.96,72.09,71.68,71.84,179833.0,71.888,2938.0
2021-03-31 18:00:00+00:00,71.82,72.4,71.79,72.24,280549.0,72.099,3555.0
2021-03-31 19:00:00+00:00,72.24,72.26,71.54,71.6,703184.0,71.8714,8324.0
2021-03-31 20:00:00+00:00,71.6,71.6,71.5,71.5,94341.0,71.5993,62.0
2021-03-31 21:00:00+00:00,71.6,71.6,71.6,71.6,625.0,71.6,5.0
2021-03-31 22:00:00+00:00,71.6,71.6,71.59,71.6,5000.0,71.5998,20.0
2021-03-31 23:00:00+00:00,71.5999,71.6,71.5999,71.6,1600.0,71.6,9.0
2021-04-01 11:00:00+00:00,71.7,71.7,71.69,71.69,933.0,71.7261,14.0
2021-04-01 13:00:00+00:00,72.0,72.42,71.31,72.2085,279533.0,71.9396,2430.0
2021-04-01 14:00:00+00:00,72.2252,73.21,72.11,72.58,384627.0,72.7533,5094.0
2021-04-01 15:00:00+00:00,72.61,73.34,72.37,72.81,361499.0,72.8785,4854.0
2021-04-01 16:00:00+00:00,72.84,74.8,72.76,74.58,913078.0,74.0135,9829.0
2021-04-01 17:00:00+00:00,74.56,74.955,74.33,74.79,436215.0,74.6318,5552.0
2021-04-01 18:00:00+00:00,74.77,74.85,74.4,74.66,274454.0,74.5841,4447.0
2021-04-01 19:00:00+00:00,74.66,75.33,74.51,75.3,789272.0,75.0222,11178.0
2021-04-01 20:00:00+00:00,75.3,75.47,75.3,75.4001,49172.0,75.1977,52.0
2021-04-01 21:00:00+00:00,75.48,75.5,75.48,75.5,3530.0,75.4983,20.0
2021-04-01 22:00:00+00:00,75.5,75.5,75.5,75.5,200.0,75.5,2.0
2021-04-01 23:00:00+00:00,75.8,75.8,75.8,75.8,100.0,75.8,1.0
2021-04-05 11:00:00+00:00,75.6,75.8,75.6,75.61,2786.0,75.6195,19.0
2021-04-05 12:00:00+00:00,75.49,75.95,75.36,75.95,4084.0,75.6134,40.0
2021-04-05 13:00:00+00:00,75.9,76.45,74.86,75.58,447123.0,75.5365,3579.0
2021-04-05 14:00:00+00:00,75.54,75.79,74.8,74.89,534987.0,75.1835,6923.0
2021-04-05 15:00:00+00:00,74.89,75.2899,74.52,74.69,341425.0,74.8237,4954.0
2021-04-05 16:00:00+00:00,74.665,74.665,73.13,73.15,480361.0,73.8318,5741.0
2021-04-05 17:00:00+00:00,73.155,74.5,73.1,74.32,439747.0,73.869,6436.0
2021-04-05 18:00:00+00:00,74.3,74.51,74.02,74.23,317941.0,74.2432,4925.0
2021-04-05 19:00:00+00:00,74.23,74.875,74.23,74.61,840621.0,74.6656,10639.0
2021-04-05 20:00:00+00:00,74.62,74.62,74.55,74.55,85408.0,74.6199,31.0
2021-04-05 21:00:00+00:00,74.23,74.23,74.23,74.23,300.0,74.23,1.0
2021-04-05 22:00:00+00:00,74.62,74.62,74.22,74.22,2250.0,74.5756,8.0
2021-04-06 11:00:00+00:00,74.97,74.98,74.97,74.98,730.0,74.977,7.0
2021-04-06 12:00:00+00:00,74.86,75.17,74.86,75.17,674.0,74.9116,6.0
2021-04-06 13:00:00+00:00,74.96,76.96,74.96,76.1258,432566.0,75.9738,3741.0
2021-04-06 14:00:00+00:00,76.12,76.6199,74.995,75.02,436329.0,75.7513,5294.0
2021-04-06 15:00:00+00:00,75.04,75.08,74.28,74.3,462013.0,74.7586,5905.0
2021-04-06 16:00:00+00:00,74.23,74.43,73.74,73.86,257411.0,74.0931,3763.0
2021-04-06 17:00:00+00:00,73.83,74.13,73.32,73.76,285194.0,73.6717,3997.0
2021-04-06 18:00:00+00:00,73.75,74.336,73.655,74.197,260712.0,73.9993,3667.0
2021-04-06 19:00:00+00:00,74.16,74.57,74.0401,74.18,853096.0,74.3045,10368.0
2021-04-06 20:00:00+00:00,74.18,74.29,74.18,74.18,99659.0,74.1803,47.0
2021-04-06 21:00:00+00:00,74.18,74.18,74.18,74.18,4715.0,74.1796,9.0
2021-04-06 22:00:00+00:00,74.18,74.18,74.18,74.18,300.0,74.1782,3.0
2021-04-06 23:00:00+00:00,74.18,74.18,74.18,74.18,500.0,74.18,4.0
2021-04-07 11:00:00+00:00,74.5,74.5,74.5,74.5,1000.0,74.5,2.0
2021-04-07 12:00:00+00:00,74.34,74.4999,74.34,74.4999,450.0,74.4599,3.0
2021-04-07 13:00:00+00:00,74.3,74.74,74.06,74.37,199521.0,74.3845,1824.0
2021-04-07 14:00:00+00:00,74.32,74.4,73.82,74.035,323967.0,74.0593,4176.0
2021-04-07 15:00:00+00:00,74.01,74.41,73.78,74.18,332495.0,74.1452,4241.0
2021-04-07 16:00:00+00:00,74.18,75.0599,73.87,75.0599,393069.0,74.3368,4031.0
2021-04-07 17:00:00+00:00,75.045,75.25,74.67,74.82,280970.0,75.0173,4430.0
2021-04-07 18:00:00+00:00,74.81,74.95,74.5,74.55,223912.0,74.6506,3969.0
2021-04-07 19:00:00+00:00,74.57,74.58,73.85,74.4,700808.0,74.2267,9405.0
2021-04-07 20:00:00+00:00,74.41,74.41,74.41,74.41,50712.0,74.41,59.0
2021-04-07 22:00:00+00:00,74.44,74.44,74.41,74.41,1045.0,74.4283,13.0
2021-04-07 23:00:00+00:00,74.24,74.24,74.24,74.24,370.0,74.24,4.0
2021-04-08 11:00:00+00:00,74.55,74.55,73.64,73.64,5909.0,73.8422,53.0
2021-04-08 12:00:00+00:00,73.9,74.0,73.64,74.0,8672.0,73.6914,32.0
2021-04-08 13:00:00+00:00,74.0101,74.15,71.97,72.52,684610.0,72.6658,5810.0
2021-04-08 14:00:00+00:00,72.54,73.28,71.9101,72.8,759430.0,72.6213,9365.0
2021-04-08 15:00:00+00:00,72.795,73.7,72.795,73.2998,384512.0,73.2857,5727.0
2021-04-08 16:00:00+00:00,73.31,73.78,73.31,73.45,361788.0,73.5851,5647.0
2021-04-08 17:00:00+00:00,73.46,73.6,73.04,73.04,368808.0,73.3085,5318.0
2021-04-08 18:00:00+00:00,73.01,73.35,72.91,73.34,305088.0,73.1192,4687.0
2021-04-08 19:00:00+00:00,73.34,73.46,72.81,72.89,792993.0,73.033,10901.0
2021-04-08 20:00:00+00:00,72.88,72.88,72.8,72.88,81941.0,72.8793,77.0
2021-04-09 11:00:00+00:00,73.4,73.4,73.25,73.25,1281.0,73.3677,7.0
2021-04-09 12:00:00+00:00,72.88,73.0,72.88,72.89,1243.0,72.9124,25.0
2021-04-09 13:00:00+00:00,73.0,73.2126,72.21,73.14,335489.0,72.6856,2723.0
2021-04-09 14:00:00+00:00,73.2,73.23,71.475,72.155,535525.0,71.9492,6761.0
2021-04-09 15:00:00+00:00,72.15,72.3,71.6,71.6,301394.0,71.876,4116.0
2021-04-09 16:00:00+00:00,71.6,71.6,71.06,71.41,351380.0,71.2838,4329.0
2021-04-09 17:00:00+00:00,71.42,71.65,71.08,71.1406,217988.0,71.3025,3170.0
2021-04-09 18:00:00+00:00,71.11,71.54,70.85,71.17,422512.0,71.1734,5794.0
2021-04-09 19:00:00+00:00,71.2,71.35,70.78,71.05,934590.0,70.988,11741.0
2021-04-09 20:00:00+00:00,71.09,71.13,71.07,71.09,80390.0,71.0904,57.0
2021-04-09 21:00:00+00:00,71.09,71.09,71.09,71.09,500.0,71.09,2.0
2021-04-09 22:00:00+00:00,71.4,71.4,71.4,71.4,2000.0,71.4,1.0
2021-04-12 11:00:00+00:00,71.3,72.02,71.3,71.94,2173.0,71.8665,24.0
2021-04-12 12:00:00+00:00,71.91,71.94,71.5,71.58,4215.0,71.7227,24.0
2021-04-12 13:00:00+00:00,71.51,72.82,71.51,71.76,394517.0,72.1154,3143.0
2021-04-12 14:00:00+00:00,71.75,72.065,71.42,71.54,390758.0,71.7382,4669.0
2021-04-12 15:00:00+00:00,71.5,71.5052,71.135,71.29,250769.0,71.2798,3787.0
2021-04-12 16:00:00+00:00,71.2999,71.2999,70.91,71.11,243838.0,71.0739,3649.0
2021-04-12 17:00:00+00:00,71.1055,71.13,70.38,70.39,239791.0,70.7183,4371.0
2021-04-12 18:00:00+00:00,70.4,70.53,70.12,70.46,309477.0,70.3035,5379.0
2021-04-12 19:00:00+00:00,70.45,70.55,70.19,70.3,633560.0,70.3336,9574.0
2021-04-12 20:00:00+00:00,70.3,70.3,70.3,70.3,390239.0,70.3,52.0
2021-04-12 21:00:00+00:00,70.2501,70.2501,70.2501,70.2501,825.0,70.2501,3.0
2021-04-12 22:00:00+00:00,70.3,70.3,70.3,70.3,500.0,70.3,5.0
2021-04-12 23:00:00+00:00,70.3,70.3,70.3,70.3,200.0,70.3,3.0
2021-04-13 11:00:00+00:00,70.4,70.4,70.1,70.25,1207.0,70.2558,15.0
2021-04-13 12:00:00+00:00,70.3,70.99,70.0,70.87,30312.0,70.2833,43.0
2021-04-13 13:00:00+00:00,70.8499,70.8499,69.54,70.085,433622.0,69.9703,3404.0
2021-04-13 14:00:00+00:00,70.11,70.86,69.72,69.88,532846.0,70.2108,6977.0
2021-04-13 15:00:00+00:00,69.915,70.08,69.72,70.0,453567.0,69.9089,5492.0
2021-04-13 16:00:00+00:00,70.0,70.26,69.68,69.7378,248708.0,69.8775,3687.0
2021-04-13 17:00:00+00:00,69.73,69.88,69.68,69.8403,171682.0,69.7766,2855.0
2021-04-13 18:00:00+00:00,69.82,69.99,69.7738,69.8497,253657.0,69.8855,3725.0
2021-04-13 19:00:00+00:00,69.838,70.35,69.83,70.28,627265.0,70.1289,8900.0
2021-04-13 20:00:00+00:00,70.28,70.79,70.28,70.61,262563.0,70.2881,74.0
2021-04-13 21:00:00+00:00,70.61,70.845,70.52,70.62,14414.0,70.772,34.0
2021-04-13 22:00:00+00:00,70.53,70.8,70.53,70.75,963.0,70.6797,8.0
2021-04-14 12:00:00+00:00,71.0298,71.0298,70.88,70.9,2267.0,70.9642,13.0
2021-04-14 13:00:00+00:00,70.94,72.49,70.94,72.13,442669.0,71.7427,3695.0
2021-04-14 14:00:00+00:00,72.04,73.41,71.74,73.1,574509.0,72.6154,7011.0
2021-04-14 15:00:00+00:00,73.1,73.46,72.8413,73.095,376993.0,73.1659,4667.0
2021-04-14 16:00:00+00:00,73.1399,73.51,72.55,72.57,273179.0,73.1038,3694.0
2021-04-14 17:00:00+00:00,72.58,72.83,72.32,72.53,191247.0,72.5609,2887.0
2021-04-14 18:00:00+00:00,72.48,72.65,72.11,72.17,178274.0,72.4191,2987.0
2021-04-14 19:00:00+00:00,72.145,72.49,71.98,72.3,550451.0,72.2101,7417.0
2021-04-14 20:00:00+00:00,72.28,72.42,72.28,72.42,87910.0,72.2803,42.0
2021-04-14 23:00:00+00:00,72.35,72.35,72.29,72.29,918.0,72.301,4.0
2021-04-15 11:00:00+00:00,72.7,72.7,72.7,72.7,100.0,72.7,1.0
2021-04-15 12:00:00+00:00,72.7,72.7,72.7,72.7,901.0,72.7002,2.0
2021-04-15 13:00:00+00:00,72.5,72.51,70.71,71.35,377446.0,71.3517,3158.0
2021-04-15 14:00:00+00:00,71.4299,71.45,70.6,71.2,407135.0,71.1222,5331.0
2021-04-15 15:00:00+00:00,71.23,71.39,70.69,71.16,298639.0,71.036,4190.0
2021-04-15 16:00:00+00:00,71.16,71.185,70.83,70.86,263430.0,71.0442,3473.0
2021-04-15 17:00:00+00:00,70.87,71.3,70.7,71.299,298276.0,70.9374,3849.0
2021-04-15 18:00:00+00:00,71.29,71.52,71.121,71.386,226654.0,71.3714,3767.0
2021-04-15 19:00:00+00:00,71.38,71.5,70.91,71.39,597554.0,71.1785,8608.0
2021-04-15 20:00:00+00:00,71.39,71.5,71.39,71.39,42266.0,71.3913,66.0
2021-04-15 21:00:00+00:00,71.5,71.5,71.5,71.5,100.0,71.5,1.0
2021-04-15 22:00:00+00:00,71.39,71.39,71.39,71.39,2500.0,71.39,3.0
2021-04-16 11:00:00+00:00,71.62,72.09,71.6,72.09,8142.0,71.9153,24.0
2021-04-16 12:00:00+00:00,71.79,72.4,71.79,72.36,10270.0,72.1651,79.0
2021-04-16 13:00:00+00:00,72.43,73.8,71.6,71.6,860088.0,72.906,4998.0
2021-04-16 14:00:00+00:00,71.65,72.21,70.94,71.41,711902.0,71.6204,7694.0
2021-04-16 15:00:00+00:00,71.41,72.74,71.38,72.122,754726.0,72.175,6671.0
2021-04-16 16:00:00+00:00,72.09,72.58,71.82,72.4897,1186117.0,72.1557,8153.0
2021-04-16 17:00:00+00:00,72.4849,73.26,72.37,72.81,564686.0,72.9009,6056.0
2021-04-16 18:00:00+00:00,72.8,73.05,72.3773,72.625,309918.0,72.6179,4315.0
2021-04-16 19:00:00+00:00,72.61,72.89,72.4,72.51,800752.0,72.6486,9554.0
2021-04-16 20:00:00+00:00,72.5,72.5,72.49,72.5,252554.0,72.5,82.0
2021-04-16 21:00:00+00:00,72.5,72.5,72.5,72.5,915.0,72.4999,5.0
2021-04-16 23:00:00+00:00,72.5,72.5,72.5,72.5,1300.0,72.5,2.0
2021-04-19 12:00:00+00:00,73.0,73.0,72.3,72.5,3804.0,72.3919,23.0
2021-04-19 13:00:00+00:00,72.5,72.65,71.99,72.27,334088.0,72.231,2599.0
2021-04-19 14:00:00+00:00,72.265,72.265,70.49,70.63,642755.0,71.214,7492.0
2021-04-19 15:00:00+00:00,70.65,70.86,70.17,70.33,423360.0,70.528,5167.0
2021-04-19 16:00:00+00:00,70.32,70.77,70.22,70.4,388354.0,70.4873,4149.0
2021-04-19 17:00:00+00:00,70.41,70.64,70.18,70.495,338582.0,70.3987,3654.0
2021-04-19 18:00:00+00:00,70.4901,70.63,70.26,70.365,283474.0,70.4359,3602.0
2021-04-19 19:00:00+00:00,70.335,70.89,70.335,70.89,600938.0,70.6193,7544.0
2021-04-19 20:00:00+00:00,70.85,71.0,70.85,71.0,114928.0,70.8529,77.0
2021-04-19 21:00:00+00:00,70.93,70.93,70.93,70.93,300.0,70.93,1.0
2021-04-19 23:00:00+00:00,71.0,71.0,70.86,70.86,260.0,70.9446,3.0
2021-04-20 11:00:00+00:00,70.8,71.0,70.7,70.85,1811.0,70.8977,12.0
2021-04-20 12:00:00+00:00,71.0,71.0,70.7,70.85,1316.0,70.8505,10.0
2021-04-20 13:00:00+00:00,70.8,70.8,69.46,69.5128,558830.0,69.8833,4200.0
2021-04-20 14:00:00+00:00,69.51,69.78,67.89,68.28,965106.0,69.1361,9633.0
2021-04-20 15:00:00+00:00,68.28,68.5,67.61,68.47,603001.0,68.0,6364.0
2021-04-20 16:00:00+00:00,68.49,68.74,68.18,68.65,342409.0,68.5182,4298.0
2021-04-20 17:00:00+00:00,68.625,68.66,68.38,68.639,307865.0,68.5219,3616.0
2021-04-20 18:00:00+00:00,68.62,69.08,68.57,68.57,416242.0,68.8,4108.0
2021-04-20 19:00:00+00:00,68.6,68.92,68.57,68.73,671890.0,68.7101,8988.0
2021-04-20 20:00:00+00:00,68.68,68.68,68.5,68.5,38524.0,68.6791,56.0
2021-04-20 21:00:00+00:00,68.68,68.68,68.68,68.68,600.0,68.68,6.0
2021-04-20 23:00:00+00:00,68.6,68.6,68.6,68.6,100.0,68.6,1.0
2021-04-21 11:00:00+00:00,68.66,68.91,68.66,68.9,2689.0,68.7875,15.0
2021-04-21 12:00:00+00:00,68.56,68.56,67.9,68.0,4081.0,68.2699,58.0
2021-04-21 13:00:00+00:00,68.02,69.15,67.43,68.91,306452.0,68.2967,2545.0
2021-04-21 14:00:00+00:00,68.96,70.35,68.92,70.08,444857.0,69.8326,4699.0
2021-04-21 15:00:00+00:00,70.08,70.3,69.59,69.91,265042.0,69.9057,3263.0
2021-04-21 16:00:00+00:00,69.89,70.655,69.8795,70.26,258762.0,70.2252,2980.0
2021-04-21 17:00:00+00:00,70.27,70.28,69.793,70.12,217496.0,70.0065,2649.0
2021-04-21 18:00:00+00:00,70.13,70.45,70.02,70.36,187190.0,70.2486,2486.0
2021-04-21 19:00:00+00:00,70.35,70.49,70.09,70.41,576118.0,70.314,7293.0
2021-04-21 20:00:00+00:00,70.3,70.31,69.93,70.31,25460.0,70.2566,59.0
2021-04-21 21:00:00+00:00,70.31,70.49,70.3,70.3,11325.0,70.3022,16.0
2021-04-21 22:00:00+00:00,70.46,70.55,69.0,70.53,2600.0,70.1677,32.0
2021-04-21 23:00:00+00:00,70.65,70.79,70.65,70.79,1910.0,70.7347,15.0
2021-04-22 09:00:00+00:00,71.05,71.05,71.0,71.0,1649.0,71.047,3.0
2021-04-22 10:00:00+00:00,71.63,71.63,71.63,71.63,102.0,71.6275,2.0
2021-04-22 11:00:00+00:00,70.2,70.25,70.2,70.25,479.0,70.3026,18.0
2021-04-22 13:00:00+00:00,70.27,70.77,68.13,69.44,685645.0,69.1929,6464.0
2021-04-22 14:00:00+00:00,69.47,69.91,68.45,69.025,732776.0,68.9214,8388.0
2021-04-22 15:00:00+00:00,69.04,70.02,69.0,69.715,421992.0,69.7057,5365.0
2021-04-22 16:00:00+00:00,69.68,70.015,69.29,70.0,372194.0,69.6015,4094.0
2021-04-22 17:00:00+00:00,70.01,70.1,68.91,69.1446,498592.0,69.4198,6365.0
2021-04-22 18:00:00+00:00,69.15,69.72,68.79,69.4,417979.0,69.3574,5342.0
2021-04-22 19:00:00+00:00,69.41,69.55,68.46,68.48,972028.0,68.8331,10312.0
2021-04-22 20:00:00+00:00,68.48,68.48,68.45,68.48,61908.0,68.4797,139.0
2021-04-22 21:00:00+00:00,68.45,68.48,68.45,68.48,301.0,68.46,3.0
2021-04-22 22:00:00+00:00,68.48,68.48,68.48,68.48,1575.0,68.48,14.0
2021-04-22 23:00:00+00:00,68.5,68.5,68.5,68.5,100.0,68.5,1.0
2021-04-23 11:00:00+00:00,68.75,68.75,68.75,68.75,384.0,68.75,2.0
2021-04-23 12:00:00+00:00,68.75,68.75,68.48,68.6,3455.0,68.6647,31.0
2021-04-23 13:00:00+00:00,68.75,69.6,68.4,69.39,387528.0,69.1335,3071.0
2021-04-23 14:00:00+00:00,69.37,69.72,69.04,69.18,481529.0,69.3935,5621.0
2021-04-23 15:00:00+00:00,69.22,69.385,69.1,69.265,292637.0,69.2438,3835.0
2021-04-23 16:00:00+00:00,69.27,69.4,69.17,69.2792,250214.0,69.3035,3589.0
2021-04-23 17:00:00+00:00,69.28,69.465,69.03,69.465,302957.0,69.1929,3353.0
2021-04-23 18:00:00+00:00,69.48,70.02,69.3,69.93,269036.0,69.5797,3577.0
2021-04-23 19:00:00+00:00,69.94,70.44,69.85,70.15,701600.0,70.1437,8442.0
2021-04-23 20:00:00+00:00,70.18,70.18,69.8,69.91,69721.0,70.1784,59.0
2021-04-23 23:00:00+00:00,70.01,70.1999,70.0,70.1999,1200.0,70.0342,7.0
2021-04-26 12:00:00+00:00,69.5121,69.5121,69.5121,69.5121,395.0,69.5677,3.0
2021-04-26 13:00:00+00:00,69.61,70.87,69.61,70.57,298452.0,70.3791,2474.0
2021-04-26 14:00:00+00:00,70.58,70.9,69.98,70.03,307797.0,70.4822,4000.0
2021-04-26 15:00:00+00:00,70.02,70.4911,70.0,70.43,233333.0,70.2759,3000.0
2021-04-26 16:00:00+00:00,70.42,70.5,70.17,70.41,188995.0,70.346,2712.0
2021-04-26 17:00:00+00:00,70.4,70.68,70.27,70.32,212013.0,70.4454,3309.0
2021-04-26 18:00:00+00:00,70.31,70.49,70.155,70.41,201004.0,70.3311,3081.0
2021-04-26 19:00:00+00:00,70.42,70.63,70.18,70.51,455622.0,70.4864,7032.0
2021-04-26 20:00:00+00:00,70.52,70.65,70.52,70.65,23237.0,70.5211,53.0
2021-04-27 13:00:00+00:00,70.84,71.57,70.52,71.452,306979.0,71.0907,3212.0
2021-04-27 14:00:00+00:00,71.43,71.75,70.9574,71.71,299612.0,71.4494,4167.0
2021-04-27 15:00:00+00:00,71.72,71.95,71.51,71.82,231962.0,71.7294,3188.0
2021-04-27 16:00:00+00:00,71.85,71.9765,71.19,71.23,296763.0,71.641,4088.0
2021-04-27 17:00:00+00:00,71.23,71.41,71.1,71.2,183108.0,71.2447,3186.0
2021-04-27 18:00:00+00:00,71.21,71.53,70.95,71.44,248825.0,71.266,4062.0
2021-04-27 19:00:00+00:00,71.41,72.06,71.37,71.79,636450.0,71.8136,8681.0
2021-04-27 20:00:00+00:00,71.82,71.82,71.67,71.68,26056.0,71.8179,38.0
2021-04-27 21:00:00+00:00,71.82,71.82,71.82,71.82,21845.0,71.82,1.0
2021-04-27 22:00:00+00:00,71.56,71.79,71.56,71.79,1210.0,71.678,11.0
2021-04-28 11:00:00+00:00,72.0,72.0,72.0,72.0,2948.0,71.9997,4.0
2021-04-28 12:00:00+00:00,71.9999,72.0,71.99,72.0,1630.0,71.9975,8.0
2021-04-28 13:00:00+00:00,72.12,73.11,71.82,72.39,432465.0,72.5999,3677.0
2021-04-28 14:00:00+00:00,72.37,73.92,72.27,73.62,798419.0,73.4862,6995.0
2021-04-28 15:00:00+00:00,73.6299,74.3071,73.49,74.24,331612.0,73.8372,4121.0
2021-04-28 16:00:00+00:00,74.27,74.3,73.49,73.52,459496.0,73.9018,5957.0
2021-04-28 17:00:00+00:00,73.52,73.79,73.48,73.67,219082.0,73.6304,4370.0
2021-04-28 18:00:00+00:00,73.63,74.11,73.39,73.89,422255.0,73.8195,6316.0
2021-04-28 19:00:00+00:00,73.88,74.38,73.63,74.09,874330.0,74.1,11252.0
2021-04-28 20:00:00+00:00,74.12,74.3,74.12,74.3,45522.0,74.1247,69.0
2021-04-29 11:00:00+00:00,74.51,74.75,74.51,74.75,3110.0,74.7385,13.0
2021-04-29 12:00:00+00:00,74.9999,75.19,74.9232,75.01,3271.0,75.0664,39.0
2021-04-29 13:00:00+00:00,75.01,75.86,74.56,75.77,681911.0,75.4106,5698.0
2021-04-29 14:00:00+00:00,75.81,75.86,74.78,75.195,610421.0,75.2486,7618.0
2021-04-29 15:00:00+00:00,75.21,75.44,74.72,74.95,415184.0,75.0254,5565.0
2021-04-29 16:00:00+00:00,74.95,75.38,74.19,75.21,508393.0,74.6855,7247.0
2021-04-29 17:00:00+00:00,75.23,75.38,74.54,74.58,328263.0,75.0276,4297.0
2021-04-29 18:00:00+00:00,74.6,75.1,74.57,75.065,284369.0,74.8062,4177.0
2021-04-29 19:00:00+00:00,75.07,75.19,74.66,74.87,719650.0,74.8549,10100.0
2021-04-29 20:00:00+00:00,74.86,74.96,74.86,74.88,58091.0,74.8609,33.0
2021-04-29 21:00:00+00:00,74.86,74.99,74.86,74.99,689.0,74.8789,4.0
2021-04-29 23:00:00+00:00,74.86,74.86,74.86,74.86,1000.0,74.86,4.0
2021-04-30 11:00:00+00:00,73.65,73.65,73.65,73.65,489.0,73.7473,9.0
2021-04-30 13:00:00+00:00,73.672,75.75,73.24,75.38,284625.0,74.7802,3244.0
2021-04-30 14:00:00+00:00,75.425,75.83,74.37,74.47,426763.0,75.0139,5194.0
2021-04-30 15:00:00+00:00,74.44,74.73,74.26,74.415,226035.0,74.471,3502.0
2021-04-30 16:00:00+00:00,74.4,74.98,74.35,74.9,265217.0,74.6382,3403.0
2021-04-30 17:00:00+00:00,74.88,74.92,74.39,74.61,217210.0,74.723,3262.0
2021-04-30 18:00:00+00:00,74.59,74.72,74.34,74.61,382223.0,74.5371,4500.0
2021-04-30 19:00:00+00:00,74.615,74.71,73.88,73.97,844931.0,74.1637,11712.0
2021-04-30 20:00:00+00:00,73.96,74.31,73.96,74.09,102846.0,73.9638,71.0
2021-04-30 21:00:00+00:00,74.05,74.05,74.05,74.05,450.0,74.05,1.0
2021-04-30 22:00:00+00:00,74.0,74.15,74.0,74.08,500.0,74.078,4.0
2021-04-30 23:00:00+00:00,74.05,74.05,74.05,74.05,100.0,74.05,1.0
2021-05-03 11:00:00+00:00,75.24,75.3,75.24,75.3,562.0,75.2682,8.0
2021-05-03 12:00:00+00:00,75.4,75.4,75.25,75.3,2959.0,75.329,25.0
2021-05-03 13:00:00+00:00,75.17,76.9,75.11,76.855,860501.0,76.1611,6748.0
2021-05-03 14:00:00+00:00,76.84,77.19,76.13,76.985,601549.0,76.7387,7128.0
2021-05-03 15:00:00+00:00,76.95,77.77,76.79,77.3,492104.0,77.2791,5935.0
2021-05-03 16:00:00+00:00,77.29,77.97,77.23,77.87,403115.0,77.6969,4779.0
2021-05-03 17:00:00+00:00,77.89,78.03,77.54,77.7831,397332.0,77.7882,5382.0
2021-05-03 18:00:00+00:00,77.8,78.455,77.73,78.325,466658.0,78.1599,6605.0
2021-05-03 19:00:00+00:00,78.35,78.47,77.89,78.17,956404.0,78.1547,12275.0
2021-05-03 20:00:00+00:00,78.15,78.48,78.15,78.23,124613.0,78.1534,70.0
2021-05-03 21:00:00+00:00,78.25,78.25,78.25,78.25,201.0,78.25,3.0
2021-05-03 22:00:00+00:00,78.2,78.2,78.16,78.16,365.0,78.181,7.0
2021-05-03 23:00:00+00:00,78.16,78.31,78.16,78.31,1415.0,78.1796,18.0
2021-05-04 11:00:00+00:00,78.49,78.9,78.49,78.9,4129.0,78.6724,26.0
2021-05-04 12:00:00+00:00,78.9,78.9,78.2,78.35,7935.0,78.572,39.0
2021-05-04 13:00:00+00:00,78.4,79.1491,77.038,77.22,414992.0,77.947,4021.0
2021-05-04 14:00:00+00:00,77.25,78.56,76.72,77.81,505317.0,77.672,6749.0
2021-05-04 15:00:00+00:00,77.77,78.37,77.3085,78.31,348145.0,77.8533,5173.0
2021-05-04 16:00:00+00:00,78.3,79.18,78.25,78.63,625792.0,78.8475,7698.0
2021-05-04 17:00:00+00:00,78.59,79.22,78.45,78.81,335481.0,78.8356,5107.0
2021-05-04 18:00:00+00:00,78.8,78.98,78.34,78.345,417287.0,78.7504,7010.0
2021-05-04 19:00:00+00:00,78.37,78.37,77.86,78.16,841301.0,78.1205,11447.0
2021-05-04 20:00:00+00:00,78.16,78.16,77.89,78.16,55658.0,78.1588,60.0
2021-05-04 21:00:00+00:00,78.25,78.79,78.18,78.79,3803.0,78.2641,34.0
2021-05-04 22:00:00+00:00,78.85,78.85,78.85,78.85,100.0,78.85,1.0
2021-05-04 23:00:00+00:00,79.1,79.1,78.82,78.82,470.0,78.8796,2.0
2021-05-05 11:00:00+00:00,78.95,78.95,78.95,78.95,320.0,78.9469,2.0
2021-05-05 12:00:00+00:00,78.52,79.0,78.52,79.0,570.0,78.7657,11.0
2021-05-05 13:00:00+00:00,78.6,79.24,77.53,79.0562,731182.0,78.4662,4957.0
2021-05-05 14:00:00+00:00,79.05,79.53,78.3,79.4261,475862.0,78.9781,6190.0
2021-05-05 15:00:00+00:00,79.39,79.93,79.11,79.42,452252.0,79.5512,6372.0
2021-05-05 16:00:00+00:00,79.44,79.55,78.63,78.94,365654.0,79.0937,5668.0
2021-05-05 17:00:00+00:00,78.93,79.24,78.59,79.005,304874.0,78.9549,4885.0
2021-05-05 18:00:00+00:00,79.03,79.95,78.97,79.78,444567.0,79.6551,5836.0
2021-05-05 19:00:00+00:00,79.78,80.25,79.33,80.06,1182918.0,79.8761,13977.0
2021-05-05 20:00:00+00:00,80.06,80.06,79.97,79.97,80492.0,80.0584,62.0
2021-05-05 21:00:00+00:00,80.03,80.35,80.01,80.01,4136.0,80.0863,40.0
2021-05-05 23:00:00+00:00,80.12,80.12,80.05,80.05,1160.0,80.0787,10.0
2021-05-06 12:00:00+00:00,79.92,80.12,79.92,80.1,1710.0,80.0658,9.0
2021-05-06 13:00:00+00:00,80.07,80.58,79.46,79.61,328730.0,80.1329,2710.0
2021-05-06 14:00:00+00:00,79.59,80.16,78.76,79.7502,371091.0,79.3504,5599.0
2021-05-06 15:00:00+00:00,79.82,80.48,79.39,80.46,324913.0,79.8494,4829.0
2021-05-06 16:00:00+00:00,80.48,80.54,79.29,79.49,255626.0,79.6972,3721.0
2021-05-06 17:00:00+00:00,79.52,79.9294,79.52,79.72,203244.0,79.7248,3061.0
2021-05-06 18:00:00+00:00,79.735,80.06,79.48,79.93,227314.0,79.772,3769.0
2021-05-06 19:00:00+00:00,79.93,80.5,79.82,80.46,597722.0,80.1783,9313.0
2021-05-06 20:00:00+00:00,80.46,80.67,80.2172,80.67,126468.0,80.4517,45.0
2021-05-06 21:00:00+00:00,80.46,80.46,80.46,80.46,100.0,80.46,1.0
2021-05-06 22:00:00+00:00,80.46,80.46,80.46,80.46,100.0,80.46,1.0
2021-05-06 23:00:00+00:00,80.47,80.47,80.47,80.47,450.0,80.47,1.0
2021-05-07 11:00:00+00:00,80.65,80.65,80.65,80.65,210.0,80.6476,3.0
2021-05-07 12:00:00+00:00,80.51,80.51,79.15,79.6,12233.0,79.4556,58.0
2021-05-07 13:00:00+00:00,79.59,80.35,79.09,79.9808,319096.0,79.786,2568.0
2021-05-07 14:00:00+00:00,80.0,80.27,79.25,79.545,447055.0,79.7022,5345.0
2021-05-07 15:00:00+00:00,79.65,79.96,79.17,79.8626,258082.0,79.5437,4007.0
2021-05-07 16:00:00+00:00,79.87,80.66,79.7778,80.64,289686.0,80.349,3584.0
2021-05-07 17:00:00+00:00,80.62,81.12,80.62,80.99,355465.0,80.9272,4847.0
2021-05-07 18:00:00+00:00,81.0,81.0,80.47,80.58,366747.0,80.7597,5220.0
2021-05-07 19:00:00+00:00,80.58,80.69,80.255,80.49,806305.0,80.4438,10573.0
2021-05-07 20:00:00+00:00,80.49,80.6299,80.49,80.5,49800.0,80.4937,52.0
2021-05-07 21:00:00+00:00,80.5001,80.5001,80.5,80.5,350.0,80.5001,2.0
2021-05-07 22:00:00+00:00,80.5,80.5001,80.5,80.5001,1450.0,80.5001,2.0
2021-05-10 09:00:00+00:00,80.46,80.46,80.46,80.46,1000.0,80.4601,14.0
2021-05-10 10:00:00+00:00,80.59,80.59,80.59,80.59,512.0,80.5994,2.0
2021-05-10 11:00:00+00:00,80.59,81.37,80.59,81.37,2038.0,81.0105,15.0
2021-05-10 12:00:00+00:00,80.9704,81.37,80.9,81.3,4203.0,81.1585,36.0
2021-05-10 13:00:00+00:00,81.35,81.815,80.26,81.1,772018.0,81.0212,7198.0
2021-05-10 14:00:00+00:00,81.05,81.55,79.69,80.24,702213.0,80.4134,8668.0
2021-05-10 15:00:00+00:00,80.25,80.95,80.25,80.79,339794.0,80.6896,5032.0
2021-05-10 16:00:00+00:00,80.79,81.04,80.47,80.84,341523.0,80.7515,5129.0
2021-05-10 17:00:00+00:00,80.83,81.28,80.61,81.19,316464.0,80.8872,4994.0
2021-05-10 18:00:00+00:00,81.17,81.27,79.945,80.225,444853.0,80.615,5770.0
2021-05-10 19:00:00+00:00,80.21,80.44,79.6,79.64,739903.0,79.9558,10239.0
2021-05-10 20:00:00+00:00,79.64,79.64,79.41,79.64,175346.0,79.6388,64.0
2021-05-10 21:00:00+00:00,79.64,79.64,79.63,79.64,4009.0,79.6397,15.0
2021-05-10 23:00:00+00:00,79.64,79.64,79.64,79.64,1400.0,79.6395,7.0
2021-05-11 11:00:00+00:00,78.36,78.9,78.3,78.3,5300.0,78.5449,42.0
2021-05-11 12:00:00+00:00,77.68,78.0,77.28,77.7,12221.0,77.7,91.0
2021-05-11 13:00:00+00:00,77.95,78.9,76.86,78.805,614352.0,77.7869,5456.0
2021-05-11 14:00:00+00:00,78.77,79.03,76.5277,77.26,698772.0,77.3796,9185.0
2021-05-11 15:00:00+00:00,77.25,77.99,76.75,77.62,371595.0,77.5086,5237.0
2021-05-11 16:00:00+00:00,77.64,77.84,77.28,77.39,300858.0,77.5048,4314.0
2021-05-11 17:00:00+00:00,77.39,78.24,77.3,78.05,330570.0,77.8407,5002.0
2021-05-11 18:00:00+00:00,78.07,78.47,77.8261,78.07,225554.0,78.11,3898.0
2021-05-11 19:00:00+00:00,78.08,78.17,77.54,77.7,618304.0,77.776,8562.0
2021-05-11 20:00:00+00:00,77.69,77.69,77.67,77.6801,23350.0,77.6896,58.0
2021-05-11 21:00:00+00:00,77.69,77.69,77.69,77.69,1256.0,77.69,9.0
2021-05-11 22:00:00+00:00,78.37,78.37,77.96,77.96,351.0,78.0768,3.0
2021-05-11 23:00:00+00:00,77.95,77.95,77.9,77.9,600.0,77.9083,2.0
2021-05-12 12:00:00+00:00,78.15,78.48,77.95,78.48,2985.0,78.1181,16.0
2021-05-12 13:00:00+00:00,78.0,79.98,77.78,79.88,441389.0,79.1194,4796.0
2021-05-12 14:00:00+00:00,79.92,81.91,79.88,81.08,1081003.0,81.0141,12705.0
2021-05-12 15:00:00+00:00,81.05,82.47,81.0,81.58,673973.0,81.822,8220.0
2021-05-12 16:00:00+00:00,81.6,81.68,80.14,81.09,918885.0,80.9381,9038.0
2021-05-12 17:00:00+00:00,81.06,81.87,80.89,81.0515,730669.0,81.3552,6841.0
2021-05-12 18:00:00+00:00,81.1,81.3,80.17,80.46,373334.0,80.6985,4909.0
2021-05-12 19:00:00+00:00,80.49,80.52,79.673,79.94,828986.0,79.9825,11565.0
2021-05-12 20:00:00+00:00,79.97,79.97,79.77,79.96,300640.0,79.9635,112.0
2021-05-12 21:00:00+00:00,79.79,79.79,79.62,79.62,907.0,79.7239,14.0
2021-05-12 22:00:00+00:00,79.89,79.9,79.89,79.9,806.0,79.8974,5.0
2021-05-12 23:00:00+00:00,79.9,79.97,79.75,79.75,6699.0,79.9291,15.0
2021-05-13 08:00:00+00:00,79.97,79.97,79.97,79.97,170.0,79.97,2.0
2021-05-13 10:00:00+00:00,78.1,78.1,78.1,78.1,170.0,78.1835,3.0
2021-05-13 11:00:00+00:00,78.8,79.61,78.8,79.4,6616.0,79.4869,27.0
2021-05-13 12:00:00+00:00,79.6,79.6,78.95,79.5999,5078.0,79.5284,22.0
2021-05-13 13:00:00+00:00,79.31,80.45,78.8,80.2,436126.0,79.5709,3902.0
2021-05-13 14:00:00+00:00,80.24,80.83,79.67,79.82,500045.0,80.1529,5653.0
2021-05-13 15:00:00+00:00,79.82,79.9031,78.65,78.72,441833.0,79.1967,5520.0
2021-05-13 16:00:00+00:00,78.74,79.45,78.3,78.44,467191.0,78.8741,5394.0
2021-05-13 17:00:00+00:00,78.4374,78.51,77.57,78.09,492020.0,77.9984,5943.0
2021-05-13 18:00:00+00:00,78.0878,79.115,78.0878,78.39,417472.0,78.6541,5343.0
2021-05-13 19:00:00+00:00,78.39,78.79,78.39,78.49,638229.0,78.6129,9060.0
2021-05-13 20:00:00+00:00,78.5,78.62,78.49,78.5,120984.0,78.501,64.0
2021-05-13 21:00:00+00:00,78.5,78.55,78.5,78.55,1265.0,78.537,16.0
2021-05-13 23:00:00+00:00,78.5,78.84,78.5,78.84,1000.0,78.5863,3.0
2021-05-14 11:00:00+00:00,78.4,78.45,78.1,78.43,3704.0,78.2886,23.0
2021-05-14 12:00:00+00:00,78.03,78.51,78.01,78.4,1608.0,78.3332,32.0
2021-05-14 13:00:00+00:00,78.49,79.66,78.1,79.35,421458.0,79.0789,3438.0
2021-05-14 14:00:00+00:00,79.36,79.665,78.4,78.54,359660.0,79.0116,5198.0
2021-05-14 15:00:00+00:00,78.55,79.835,78.3,79.67,565921.0,79.1777,7648.0
2021-05-14 16:00:00+00:00,79.66,80.33,79.66,80.25,366328.0,79.9852,5562.0
2021-05-14 17:00:00+00:00,80.24,80.8,80.01,80.275,405960.0,80.4437,5541.0
2021-05-14 18:00:00+00:00,80.28,80.79,79.81,80.15,558779.0,80.2903,8864.0
2021-05-14 19:00:00+00:00,80.155,81.28,79.53,81.2,2130520.0,80.8363,24039.0
2021-05-14 20:00:00+00:00,81.21,81.21,81.11,81.11,107669.0,81.2034,148.0
2021-05-14 21:00:00+00:00,81.15,81.16,81.15,81.16,954.0,81.152,7.0
2021-05-14 22:00:00+00:00,81.21,81.25,81.21,81.25,1291.0,81.2438,5.0
2021-05-17 11:00:00+00:00,80.79,80.79,80.09,80.11,840.0,80.3599,9.0
2021-05-17 12:00:00+00:00,80.35,80.75,80.35,80.5,5903.0,80.4224,15.0
2021-05-17 13:00:00+00:00,80.5,81.89,79.4015,79.72,508916.0,80.3795,5176.0
2021-05-17 14:00:00+00:00,79.74,80.82,79.43,80.46,609826.0,80.3051,7662.0
2021-05-17 15:00:00+00:00,80.44,80.46,79.65,80.23,436923.0,80.0922,6240.0
2021-05-17 16:00:00+00:00,80.2,80.49,79.935,80.33,325072.0,80.2601,5416.0
2021-05-17 17:00:00+00:00,80.34,80.8,80.26,80.73,316655.0,80.5859,5316.0
2021-05-17 18:00:00+00:00,80.75,80.89,80.46,80.65,248592.0,80.6925,4620.0
2021-05-17 19:00:00+00:00,80.69,81.67,80.655,81.6,769850.0,81.2905,12363.0
2021-05-17 20:00:00+00:00,81.62,81.89,80.85,81.63,81948.0,81.62,76.0
2021-05-17 21:00:00+00:00,81.62,81.85,81.62,81.7,2200.0,81.6343,14.0
2021-05-17 22:00:00+00:00,81.7,81.7,81.7,81.7,100.0,81.7,1.0
2021-05-17 23:00:00+00:00,81.74,81.74,81.74,81.74,1195.0,81.7368,4.0
2021-05-18 11:00:00+00:00,81.9,82.91,81.75,81.95,2507.0,82.1323,14.0
2021-05-18 12:00:00+00:00,82.0,82.0,81.8,82.0,3244.0,81.9822,13.0
2021-05-18 13:00:00+00:00,81.82,82.1,80.8449,81.28,337670.0,81.5272,3015.0
2021-05-18 14:00:00+00:00,81.32,81.5602,80.39,80.97,432989.0,80.9548,6132.0
2021-05-18 15:00:00+00:00,80.96,80.96,80.34,80.43,320681.0,80.6272,5068.0
2021-05-18 16:00:00+00:00,80.39,80.61,79.71,80.16,399936.0,80.1492,5990.0
2021-05-18 17:00:00+00:00,80.155,80.28,79.84,80.18,241025.0,80.0914,4981.0
2021-05-18 18:00:00+00:00,80.2,80.48,79.82,80.25,304968.0,80.0782,6193.0
2021-05-18 19:00:00+00:00,80.25,80.675,79.53,79.61,665933.0,80.1034,9987.0
2021-05-18 20:00:00+00:00,79.58,79.58,79.5,79.5,71263.0,79.5774,64.0
2021-05-18 21:00:00+00:00,79.58,79.58,79.58,79.58,100.0,79.58,1.0
2021-05-18 22:00:00+00:00,79.58,79.58,79.57,79.57,310.0,79.5766,4.0
2021-05-18 23:00:00+00:00,79.51,79.51,79.4,79.4,690.0,79.4744,8.0
2021-05-19 08:00:00+00:00,79.04,79.04,79.04,79.04,100.0,79.04,1.0
2021-05-19 11:00:00+00:00,78.7,78.74,78.02,78.2,2592.0,78.4903,25.0
2021-05-19 12:00:00+00:00,78.75,78.75,77.9,77.9,3710.0,78.199,39.0
2021-05-19 13:00:00+00:00,77.7,77.93,76.45,76.8775,666630.0,77.1489,6596.0
2021-05-19 14:00:00+00:00,76.89,77.05,76.0798,77.04,601210.0,76.5267,9047.0
2021-05-19 15:00:00+00:00,77.04,77.79,76.83,77.41,486312.0,77.3389,7198.0
2021-05-19 16:00:00+00:00,77.39,78.0,77.0,77.785,437173.0,77.6978,6575.0
2021-05-19 17:00:00+00:00,77.8,78.22,77.6001,77.64,265671.0,77.8557,4298.0
2021-05-19 18:00:00+00:00,77.655,77.735,76.49,76.56,499533.0,76.9324,7974.0
2021-05-19 19:00:00+00:00,76.54,77.45,76.45,77.28,1059287.0,77.1364,14463.0
2021-05-19 20:00:00+00:00,77.28,77.28,77.2799,77.2799,70837.0,77.28,47.0
2021-05-19 21:00:00+00:00,77.23,77.23,77.23,77.23,202.0,77.2401,4.0
2021-05-19 22:00:00+00:00,77.28,77.28,77.28,77.28,1300.0,77.28,1.0
2021-05-19 23:00:00+00:00,77.2,77.2,77.2,77.2,658.0,77.2,2.0
2021-05-20 08:00:00+00:00,76.56,76.56,76.56,76.56,400.0,76.56,1.0
2021-05-20 09:00:00+00:00,76.17,76.17,75.93,75.93,1719.0,76.0085,16.0
2021-05-20 11:00:00+00:00,75.9,76.6,75.9,76.42,866.0,76.163,15.0
2021-05-20 12:00:00+00:00,76.6,77.09,76.6,77.03,3548.0,76.8525,28.0
2021-05-20 13:00:00+00:00,77.1,77.57,76.16,77.139,329725.0,76.7666,3560.0
2021-05-20 14:00:00+00:00,77.07,77.4009,76.51,77.04,403579.0,77.0785,5520.0
2021-05-20 15:00:00+00:00,77.06,77.7,76.89,77.47,299511.0,77.3104,4734.0
2021-05-20 16:00:00+00:00,77.485,77.5,76.27,76.47,422280.0,76.7891,5586.0
2021-05-20 17:00:00+00:00,76.48,76.77,76.1,76.205,364357.0,76.4286,5474.0
2021-05-20 18:00:00+00:00,76.219,76.93,76.14,76.815,381238.0,76.6054,5221.0
2021-05-20 19:00:00+00:00,76.83,77.6,76.76,76.98,746847.0,77.1687,10949.0
2021-05-20 20:00:00+00:00,76.99,77.34,76.99,77.34,77868.0,76.9907,67.0
2021-05-20 21:00:00+00:00,77.33,77.33,76.99,76.99,980.0,77.0511,9.0
2021-05-20 22:00:00+00:00,77.13,77.13,77.13,77.13,102.0,77.1304,3.0
2021-05-21 11:00:00+00:00,77.39,77.46,77.39,77.46,300.0,77.4167,4.0
2021-05-21 12:00:00+00:00,77.61,77.7697,77.61,77.7,5289.0,77.6739,33.0
2021-05-21 13:00:00+00:00,77.77,79.04,77.12,78.85,529309.0,78.187,4082.0
2021-05-21 14:00:00+00:00,78.83,78.9,78.0,78.55,338347.0,78.4523,4527.0
2021-05-21 15:00:00+00:00,78.55,78.85,78.27,78.505,204648.0,78.5774,3546.0
2021-05-21 16:00:00+00:00,78.54,78.5617,77.67,77.85,220208.0,78.2425,3064.0
2021-05-21 17:00:00+00:00,77.82,78.03,77.595,77.68,188978.0,77.8199,3353.0
2021-05-21 18:00:00+00:00,77.69,77.8,77.49,77.71,310182.0,77.6212,4632.0
2021-05-21 19:00:00+00:00,77.72,77.906,77.15,77.2,672334.0,77.5169,9737.0
2021-05-21 20:00:00+00:00,77.2,77.47,77.2,77.3,130091.0,77.2008,49.0
2021-05-21 21:00:00+00:00,77.22,77.22,77.2,77.2,1100.0,77.2035,6.0
2021-05-24 11:00:00+00:00,78.0,78.0,77.79,77.79,361.0,77.9465,8.0
2021-05-24 12:00:00+00:00,78.0,78.0,77.96,77.96,850.0,77.9775,10.0
2021-05-24 13:00:00+00:00,77.99,78.8682,77.34,78.7,312452.0,78.1555,2990.0
2021-05-24 14:00:00+00:00,78.7,78.89,78.04,78.18,326199.0,78.4494,4082.0
2021-05-24 15:00:00+00:00,78.19,78.3187,77.74,77.8,226498.0,78.0209,2921.0
2021-05-24 16:00:00+00:00,77.81,78.19,77.52,78.05,177473.0,77.8162,2497.0
2021-05-24 17:00:00+00:00,78.095,78.3,77.93,78.245,166770.0,78.1278,2806.0
2021-05-24 18:00:00+00:00,78.2626,78.49,78.09,78.4,231874.0,78.3182,3657.0
2021-05-24 19:00:00+00:00,78.395,78.58,78.21,78.32,524619.0,78.3811,7345.0
2021-05-24 20:00:00+00:00,78.31,78.31,78.31,78.31,42515.0,78.31,35.0
2021-05-24 22:00:00+00:00,78.28,78.28,78.28,78.28,1800.0,78.28,6.0
2021-05-24 23:00:00+00:00,78.31,78.31,78.31,78.31,500.0,78.31,3.0
2021-05-25 13:00:00+00:00,78.3,78.3,77.33,77.85,298255.0,77.8516,3116.0
2021-05-25 14:00:00+00:00,77.9,77.97,77.11,77.11,419720.0,77.587,6463.0
2021-05-25 15:00:00+00:00,77.11,77.39,76.74,77.325,435510.0,77.1371,6324.0
2021-05-25 16:00:00+00:00,77.325,77.53,77.19,77.42,212331.0,77.3678,3718.0
2021-05-25 17:00:00+00:00,77.41,77.69,77.08,77.65,398325.0,77.3889,5454.0
2021-05-25 18:00:00+00:00,77.65,77.72,77.36,77.44,254755.0,77.5005,4536.0
2021-05-25 19:00:00+00:00,77.42,77.67,77.3,77.35,941489.0,77.471,11720.0
2021-05-25 20:00:00+00:00,77.33,77.33,77.18,77.33,35071.0,77.3269,62.0
2021-05-25 21:00:00+00:00,77.33,77.33,77.33,77.33,400.0,77.3298,2.0
2021-05-25 22:00:00+00:00,77.33,77.33,77.33,77.33,1300.0,77.33,12.0
2021-05-26 11:00:00+00:00,77.78,77.78,77.78,77.78,100.0,77.78,1.0
2021-05-26 12:00:00+00:00,77.33,77.8,77.33,77.5,2367.0,77.6645,8.0
2021-05-26 13:00:00+00:00,77.38,77.96,77.265,77.5,218893.0,77.5643,2268.0
2021-05-26 14:00:00+00:00,77.51,79.31,77.51,78.74,824666.0,78.4448,8753.0
2021-05-26 15:00:00+00:00,78.78,79.17,78.53,79.07,379348.0,78.861,5653.0
2021-05-26 16:00:00+00:00,79.07,79.12,78.81,79.0115,254356.0,79.0124,4475.0
2021-05-26 17:00:00+00:00,79.03,79.29,78.53,78.62,452989.0,79.0275,6248.0
2021-05-26 18:00:00+00:00,78.66,78.98,78.565,78.97,240140.0,78.7832,4063.0
2021-05-26 19:00:00+00:00,78.975,79.31,78.93,79.11,625485.0,79.0942,9495.0
2021-05-26 20:00:00+00:00,79.09,79.2,79.09,79.09,28964.0,79.0907,45.0
2021-05-26 23:00:00+00:00,79.1,79.1,79.09,79.09,1000.0,79.0928,8.0
2021-05-27 13:00:00+00:00,79.32,80.48,79.32,80.285,355034.0,79.7974,3259.0
2021-05-27 14:00:00+00:00,80.33,80.425,79.925,80.07,421028.0,80.1761,5818.0
2021-05-27 15:00:00+00:00,80.09,80.475,79.84,80.42,363357.0,80.246,4826.0
2021-05-27 16:00:00+00:00,80.42,80.47,80.09,80.45,258435.0,80.319,4127.0
2021-05-27 17:00:00+00:00,80.44,80.51,80.09,80.32,315689.0,80.2807,5074.0
2021-05-27 18:00:00+00:00,80.305,80.66,80.15,80.63,366922.0,80.3716,6224.0
2021-05-27 19:00:00+00:00,80.62,80.97,80.305,80.75,959336.0,80.6308,14910.0
2021-05-27 20:00:00+00:00,80.79,80.99,80.79,80.85,383664.0,80.7917,70.0
2021-05-27 23:00:00+00:00,80.97,80.99,80.97,80.99,1913.0,80.971,7.0
2021-05-28 10:00:00+00:00,81.0,81.0,81.0,81.0,100.0,81.0,1.0
2021-05-28 11:00:00+00:00,81.0,81.0,81.0,81.0,586.0,81.0,9.0
2021-05-28 12:00:00+00:00,81.01,81.3,81.01,81.29,3748.0,81.2371,23.0
2021-05-28 13:00:00+00:00,81.04,81.45,80.71,81.1,260774.0,81.1091,2674.0
2021-05-28 14:00:00+00:00,81.09,81.38,80.47,80.78,284976.0,80.8082,4200.0
2021-05-28 15:00:00+00:00,80.77,81.025,80.26,80.53,209875.0,80.6811,3510.0
2021-05-28 16:00:00+00:00,80.52,80.61,80.1523,80.16,174189.0,80.4435,3250.0
2021-05-28 17:00:00+00:00,80.17,80.8,80.125,80.65,229534.0,80.457,3571.0
2021-05-28 18:00:00+00:00,80.66,80.77,80.37,80.39,256562.0,80.5732,3822.0
2021-05-28 19:00:00+00:00,80.4,80.53,80.22,80.41,591735.0,80.4366,9295.0
2021-05-28 20:00:00+00:00,80.4,80.49,79.9,80.49,48270.0,80.3847,56.0
2021-05-28 21:00:00+00:00,80.4,80.4,80.25,80.25,408.0,80.2868,4.0
2021-06-01 11:00:00+00:00,81.19,81.23,81.0,81.23,2886.0,81.0681,21.0
2021-06-01 12:00:00+00:00,81.81,81.81,80.88,81.81,2186.0,81.4568,24.0
2021-06-01 13:00:00+00:00,81.7,82.41,81.18,82.2125,575710.0,82.0405,5262.0
2021-06-01 14:00:00+00:00,82.25,82.94,81.97,82.09,543897.0,82.4965,8289.0
2021-06-01 15:00:00+00:00,82.1,82.51,81.58,81.83,249344.0,82.0368,5071.0
2021-06-01 16:00:00+00:00,81.82,82.06,81.7,82.05,214183.0,81.86,3828.0
2021-06-01 17:00:00+00:00,82.0401,82.15,81.87,82.11,187920.0,82.0329,3695.0
2021-06-01 18:00:00+00:00,82.1199,82.42,82.1,82.23,251804.0,82.2707,4502.0
2021-06-01 19:00:00+00:00,82.24,82.43,81.87,82.17,730199.0,82.1477,12113.0
2021-06-01 20:00:00+00:00,82.18,82.5,82.18,82.18,63891.0,82.1807,41.0
2021-06-01 21:00:00+00:00,82.1801,82.1801,82.1801,82.1801,251.0,82.1801,1.0
2021-06-01 23:00:00+00:00,82.19,82.19,82.19,82.19,413.0,82.19,4.0
2021-06-02 11:00:00+00:00,82.99,83.0,82.55,82.55,1100.0,82.9529,9.0
2021-06-02 12:00:00+00:00,82.8869,82.8869,82.45,82.45,1471.0,82.5603,6.0
2021-06-02 13:00:00+00:00,82.62,82.83,81.79,82.51,275290.0,82.488,2707.0
2021-06-02 14:00:00+00:00,82.5,83.62,82.4401,83.39,563266.0,83.2739,7102.0
2021-06-02 15:00:00+00:00,83.38,84.29,83.24,84.11,381123.0,83.8742,6237.0
2021-06-02 16:00:00+00:00,84.09,84.64,83.94,84.365,446822.0,84.3469,6211.0
2021-06-02 17:00:00+00:00,84.36,84.68,83.86,84.095,371734.0,84.3293,5524.0
2021-06-02 18:00:00+00:00,84.095,84.6286,84.02,84.53,303634.0,84.3742,4832.0
2021-06-02 19:00:00+00:00,84.55,84.79,84.33,84.38,764183.0,84.5522,10753.0
2021-06-02 20:00:00+00:00,84.39,84.58,84.3,84.56,56027.0,84.4009,69.0
2021-06-02 21:00:00+00:00,84.4,84.4,84.3,84.3,2314.0,84.3212,10.0
2021-06-02 22:00:00+00:00,84.39,84.39,84.39,84.39,1200.0,84.39,1.0
2021-06-02 23:00:00+00:00,84.39,84.39,84.39,84.39,378.0,84.39,1.0
2021-06-03 11:00:00+00:00,84.0,84.42,83.18,83.18,1333.0,84.0338,15.0
2021-06-03 12:00:00+00:00,82.48,83.87,82.48,83.5,8205.0,83.1409,44.0
2021-06-03 13:00:00+00:00,83.99,84.25,83.37,84.12,347818.0,83.8543,2097.0
2021-06-03 14:00:00+00:00,84.08,84.95,83.78,84.785,362540.0,84.3865,6331.0
2021-06-03 15:00:00+00:00,84.75,84.8299,83.52,83.94,384141.0,84.1107,5093.0
2021-06-03 16:00:00+00:00,83.92,84.32,83.92,84.291,224598.0,84.1545,3818.0
2021-06-03 17:00:00+00:00,84.28,84.68,84.11,84.605,234855.0,84.4544,3882.0
2021-06-03 18:00:00+00:00,84.62,84.74,84.17,84.17,229643.0,84.5435,4162.0
2021-06-03 19:00:00+00:00,84.18,84.18,83.15,83.32,849877.0,83.4854,11766.0
2021-06-03 20:00:00+00:00,83.32,83.32,83.32,83.32,40001.0,83.32,44.0
2021-06-03 21:00:00+00:00,83.32,83.32,83.32,83.32,103.0,83.32,1.0
2021-06-04 13:00:00+00:00,84.2799,84.2799,82.9,82.95,435001.0,83.6322,4878.0
2021-06-04 14:00:00+00:00,82.95,82.95,82.01,82.27,541574.0,82.4733,8546.0
2021-06-04 15:00:00+00:00,82.27,82.38,81.96,82.03,396683.0,82.1567,6531.0
2021-06-04 16:00:00+00:00,82.025,82.69,82.025,82.68,269612.0,82.4046,5006.0
2021-06-04 17:00:00+00:00,82.69,82.93,82.65,82.78,217407.0,82.8159,4526.0
2021-06-04 18:00:00+00:00,82.79,83.25,82.58,83.155,233161.0,82.8757,4673.0
2021-06-04 19:00:00+00:00,83.1599,83.57,83.085,83.24,624139.0,83.3386,9713.0
2021-06-04 20:00:00+00:00,83.24,83.24,83.24,83.24,57709.0,83.24,47.0
2021-06-04 21:00:00+00:00,83.2,83.24,83.18,83.2,26062.0,83.238,6.0
2021-06-04 23:00:00+00:00,83.2,83.2,83.2,83.2,300.0,83.1954,2.0
2021-06-07 13:00:00+00:00,83.15,84.02,82.79,83.11,284813.0,83.313,3039.0
2021-06-07 14:00:00+00:00,83.08,83.08,82.52,82.785,460186.0,82.757,7638.0
2021-06-07 15:00:00+00:00,82.785,82.89,82.42,82.72,294126.0,82.6411,6408.0
2021-06-07 16:00:00+00:00,82.7,83.11,82.63,83.05,216691.0,82.8181,4870.0
2021-06-07 17:00:00+00:00,83.07,83.08,82.59,82.91,316386.0,82.8382,6621.0
2021-06-07 18:00:00+00:00,82.905,83.19,82.84,82.89,217624.0,83.0393,4548.0
2021-06-07 19:00:00+00:00,82.88,82.9,82.51,82.7,554210.0,82.686,9536.0
2021-06-07 20:00:00+00:00,82.69,82.69,82.69,82.69,86078.0,82.69,29.0
2021-06-07 21:00:00+00:00,82.69,82.69,82.69,82.69,1000.0,82.6903,6.0
2021-06-08 11:00:00+00:00,82.51,82.51,82.51,82.51,441.0,82.5184,4.0
2021-06-08 12:00:00+00:00,82.75,82.75,82.33,82.33,549.0,82.636,2.0
2021-06-08 13:00:00+00:00,82.42,83.04,80.87,81.48,531985.0,81.6056,5452.0
2021-06-08 14:00:00+00:00,81.48,83.52,81.48,83.465,493929.0,82.8509,7526.0
2021-06-08 15:00:00+00:00,83.45,83.47,82.48,83.165,298655.0,82.9859,5359.0
2021-06-08 16:00:00+00:00,83.165,83.445,83.11,83.26,183380.0,83.2868,3696.0
2021-06-08 17:00:00+00:00,83.2401,83.27,82.84,82.93,199562.0,83.1145,3339.0
2021-06-08 18:00:00+00:00,82.95,83.15,82.88,83.0,257498.0,82.9984,3763.0
2021-06-08 19:00:00+00:00,82.99,83.41,82.95,83.22,839872.0,83.1424,10883.0
2021-06-08 20:00:00+00:00,83.26,83.26,83.25,83.26,112603.0,83.26,48.0
2021-06-08 21:00:00+00:00,83.26,83.26,83.26,83.26,1000.0,83.26,2.0
2021-06-08 22:00:00+00:00,83.3999,83.3999,83.35,83.35,401.0,83.3698,6.0
2021-06-09 11:00:00+00:00,83.28,83.28,83.23,83.25,2360.0,83.2611,15.0
2021-06-09 12:00:00+00:00,83.2601,83.55,83.25,83.547,1268.0,83.3386,13.0
2021-06-09 13:00:00+00:00,83.5,84.1367,82.94,83.2,259926.0,83.4589,2820.0
2021-06-09 14:00:00+00:00,83.18,83.6267,82.085,82.6,597393.0,82.857,8495.0
2021-06-09 15:00:00+00:00,82.5691,82.99,82.4,82.82,417501.0,82.666,5176.0
2021-06-09 16:00:00+00:00,82.85,83.61,82.85,83.54,283978.0,83.2109,4163.0
2021-06-09 17:00:00+00:00,83.54,83.74,83.16,83.33,263450.0,83.4175,4462.0
2021-06-09 18:00:00+00:00,83.34,83.36,83.0017,83.0017,310605.0,83.1704,4688.0
2021-06-09 19:00:00+00:00,83.0,83.04,81.9,81.94,840543.0,82.2702,11136.0
2021-06-09 20:00:00+00:00,81.93,81.93,81.77,81.86,198589.0,81.9255,79.0
2021-06-09 21:00:00+00:00,81.93,81.93,81.93,81.93,1362.0,81.9299,5.0
2021-06-09 22:00:00+00:00,81.93,81.93,81.93,81.93,2888.0,81.93,1.0
2021-06-10 12:00:00+00:00,83.0,83.0,82.27,82.27,2212.0,82.8114,6.0
2021-06-10 13:00:00+00:00,82.75,84.2,82.75,83.42,390786.0,83.6235,3895.0
2021-06-10 14:00:00+00:00,83.4067,83.459,81.9,82.312,455764.0,82.6967,6802.0
2021-06-10 15:00:00+00:00,82.3048,82.6,82.2375,82.295,301086.0,82.4033,4709.0
2021-06-10 16:00:00+00:00,82.31,82.55,81.28,82.33,458723.0,81.8995,6795.0
2021-06-10 17:00:00+00:00,82.31,82.39,82.045,82.27,179795.0,82.2424,3640.0
2021-06-10 18:00:00+00:00,82.27,82.3,82.06,82.18,167311.0,82.1942,3527.0
2021-06-10 19:00:00+00:00,82.1776,82.265,81.88,81.94,502504.0,82.0878,8063.0
2021-06-10 20:00:00+00:00,81.94,81.94,81.87,81.94,81600.0,81.9397,43.0
2021-06-10 21:00:00+00:00,81.94,81.94,81.92,81.94,400.0,81.9325,4.0
2021-06-10 22:00:00+00:00,81.94,81.94,81.94,81.94,100.0,81.94,1.0
2021-06-10 23:00:00+00:00,81.88,81.89,81.88,81.89,400.0,81.8851,5.0
2021-06-11 12:00:00+00:00,82.61,82.92,82.43,82.72,7575.0,82.6909,29.0
2021-06-11 13:00:00+00:00,82.72,82.8599,82.03,82.1,288448.0,82.4989,2782.0
2021-06-11 14:00:00+00:00,82.1073,82.165,81.4,81.7,302200.0,81.7504,4671.0
2021-06-11 15:00:00+00:00,81.7,81.95,81.34,81.76,303800.0,81.6485,4293.0
2021-06-11 16:00:00+00:00,81.77,81.924,81.71,81.8,141130.0,81.802,2367.0
2021-06-11 17:00:00+00:00,81.85,81.99,81.71,81.72,159998.0,81.8697,2727.0
2021-06-11 18:00:00+00:00,81.73,81.8317,81.47,81.69,197593.0,81.6451,3105.0
2021-06-11 19:00:00+00:00,81.7,81.83,81.24,81.29,548652.0,81.4262,8458.0
2021-06-11 20:00:00+00:00,81.29,81.29,81.29,81.29,28568.0,81.29,38.0
2021-06-11 23:00:00+00:00,81.23,81.23,81.23,81.23,247.0,81.233,6.0
2021-06-14 10:00:00+00:00,81.38,81.38,81.38,81.38,200.0,81.38,1.0
2021-06-14 11:00:00+00:00,81.42,81.42,81.42,81.42,416.0,81.4248,2.0
2021-06-14 13:00:00+00:00,81.66,82.65,81.59,82.16,338838.0,82.151,3169.0
2021-06-14 14:00:00+00:00,82.15,82.6525,81.93,82.15,336597.0,82.3102,4597.0
2021-06-14 15:00:00+00:00,82.16,82.23,81.6444,81.79,224162.0,81.9286,3531.0
2021-06-14 16:00:00+00:00,81.82,81.97,81.53,81.67,359953.0,81.7342,4679.0
2021-06-14 17:00:00+00:00,81.66,81.865,81.4999,81.5,243668.0,81.7073,4153.0
2021-06-14 18:00:00+00:00,81.5,81.6,81.275,81.38,400565.0,81.4084,5383.0
2021-06-14 19:00:00+00:00,81.37,81.95,81.235,81.95,831651.0,81.5964,10661.0
2021-06-14 20:00:00+00:00,81.95,81.95,81.9,81.95,91530.0,81.9499,53.0
2021-06-14 22:00:00+00:00,82.0,82.0,82.0,82.0,100.0,82.0,1.0
2021-06-14 23:00:00+00:00,81.95,81.95,81.95,81.95,1600.0,81.95,9.0
2021-06-15 11:00:00+00:00,82.0,82.0,82.0,82.0,235.0,82.0011,5.0
2021-06-15 12:00:00+00:00,82.5,82.5,82.5,82.5,200.0,82.5,1.0
2021-06-15 13:00:00+00:00,82.5,83.62,81.95,83.45,439639.0,83.1122,4547.0
2021-06-15 14:00:00+00:00,83.465,83.77,82.24,82.28,450397.0,82.9238,5767.0
2021-06-15 15:00:00+00:00,82.24,82.5,81.56,81.59,283510.0,81.9592,4200.0
2021-06-15 16:00:00+00:00,81.59,82.075,81.55,81.81,215387.0,81.8602,3227.0
2021-06-15 17:00:00+00:00,81.82,81.99,81.57,81.67,293585.0,81.8312,3880.0
2021-06-15 18:00:00+00:00,81.64,82.2,81.63,82.16,262089.0,81.8771,4489.0
2021-06-15 19:00:00+00:00,82.17,82.3334,81.8648,82.3,557475.0,82.1169,7922.0
2021-06-15 20:00:00+00:00,82.3,82.5,82.3,82.5,131091.0,82.3006,42.0
2021-06-15 21:00:00+00:00,82.6,82.6,82.6,82.6,123.0,82.6,2.0
2021-06-15 22:00:00+00:00,82.3,82.3,82.3,82.3,274.0,82.3,4.0
2021-06-16 12:00:00+00:00,82.08,82.08,82.08,82.08,100.0,82.08,1.0
2021-06-16 13:00:00+00:00,81.7556,81.99,80.04,80.225,508603.0,80.7349,5450.0
2021-06-16 14:00:00+00:00,80.215,81.51,79.76,81.11,575035.0,80.5601,7749.0
2021-06-16 15:00:00+00:00,81.13,82.36,81.13,82.22,312227.0,81.8547,4568.0
2021-06-16 16:00:00+00:00,82.225,82.44,81.35,81.45,242516.0,81.7674,3507.0
2021-06-16 17:00:00+00:00,81.44,81.54,81.04,81.51,360677.0,81.28,4671.0
2021-06-16 18:00:00+00:00,81.46,81.89,80.71,81.42,370720.0,81.3851,6039.0
2021-06-16 19:00:00+00:00,81.4,82.1,81.31,81.46,642129.0,81.6208,10555.0
2021-06-16 20:00:00+00:00,81.46,81.46,81.35,81.35,25674.0,81.4589,47.0
2021-06-17 12:00:00+00:00,81.0,81.0,81.0,81.0,590.0,81.0,7.0
2021-06-17 13:00:00+00:00,81.01,81.75,80.93,81.12,246214.0,81.232,2384.0
2021-06-17 14:00:00+00:00,81.13,81.41,80.28,80.2929,426722.0,80.7401,7001.0
2021-06-17 15:00:00+00:00,80.32,80.32,78.31,78.4038,693321.0,79.3856,9686.0
2021-06-17 16:00:00+00:00,78.38,79.05,77.65,78.99,619066.0,78.279,9425.0
2021-06-17 17:00:00+00:00,78.99,79.39,78.87,79.25,338813.0,79.1387,5616.0
2021-06-17 18:00:00+00:00,79.245,79.32,78.55,78.58,294386.0,78.8567,4657.0
2021-06-17 19:00:00+00:00,78.57,78.98,78.5,78.53,827015.0,78.6852,11111.0
2021-06-17 20:00:00+00:00,78.58,78.58,78.5,78.58,45405.0,78.5798,53.0
2021-06-17 21:00:00+00:00,78.58,78.58,78.58,78.58,36944.0,78.58,3.0
2021-06-17 22:00:00+00:00,78.54,78.58,78.54,78.57,1880.0,78.5736,11.0
2021-06-17 23:00:00+00:00,78.58,78.58,78.5799,78.58,2195.0,78.58,5.0
2021-06-18 10:00:00+00:00,78.59,78.59,78.58,78.58,234.0,78.5738,3.0
2021-06-18 11:00:00+00:00,78.74,78.74,78.01,78.01,1433.0,78.1749,21.0
2021-06-18 12:00:00+00:00,78.0,78.03,77.56,78.03,4633.0,77.6614,40.0
2021-06-18 13:00:00+00:00,77.4501,78.04,76.3,78.015,1739075.0,77.4122,6781.0
2021-06-18 14:00:00+00:00,78.01,78.28,77.2,77.41,769680.0,77.6224,10440.0
2021-06-18 15:00:00+00:00,77.42,77.94,77.33,77.66,345531.0,77.6578,6208.0
2021-06-18 16:00:00+00:00,77.66,77.96,77.54,77.57,327741.0,77.7206,5927.0
2021-06-18 17:00:00+00:00,77.57,77.82,77.45,77.64,292195.0,77.6743,5471.0
2021-06-18 18:00:00+00:00,77.63,77.89,77.22,77.22,438963.0,77.6023,7228.0
2021-06-18 19:00:00+00:00,77.22,77.4,75.9,76.03,1895147.0,76.5528,21801.0
2021-06-18 20:00:00+00:00,76.02,76.02,75.69,76.02,194729.0,76.0192,110.0
2021-06-18 21:00:00+00:00,76.02,76.02,75.9,75.9,2724.0,75.9643,33.0
2021-06-18 22:00:00+00:00,76.02,76.02,75.38,75.85,25190.0,76.0069,22.0
2021-06-21 11:00:00+00:00,76.23,76.23,76.23,76.23,501.0,76.23,4.0
2021-06-21 12:00:00+00:00,76.8461,76.8461,76.4009,76.71,7521.0,76.6044,30.0
2021-06-21 13:00:00+00:00,76.41,77.82,76.41,77.495,332663.0,77.2248,3897.0
2021-06-21 14:00:00+00:00,77.52,78.91,77.47,78.3,687536.0,78.3886,8822.0
2021-06-21 15:00:00+00:00,78.315,78.4,77.56,78.26,375806.0,78.0396,6110.0
2021-06-21 16:00:00+00:00,78.26,78.98,78.26,78.98,296691.0,78.7023,4972.0
2021-06-21 17:00:00+00:00,78.99,79.6512,78.95,79.46,422775.0,79.336,5614.0
2021-06-21 18:00:00+00:00,79.47,79.85,79.34,79.765,346431.0,79.6198,5631.0
2021-06-21 19:00:00+00:00,79.7682,80.07,79.66,79.97,726331.0,79.9015,11625.0
2021-06-21 20:00:00+00:00,79.98,80.34,79.98,80.34,51699.0,80.0143,59.0
2021-06-21 21:00:00+00:00,80.02,80.06,80.0,80.0,422.0,80.0282,6.0
2021-06-21 22:00:00+00:00,79.99,80.0,79.98,79.98,2067.0,79.9983,12.0
2021-06-21 23:00:00+00:00,80.0,80.0,80.0,80.0,199.0,80.0,1.0
2021-06-22 11:00:00+00:00,79.98,79.98,79.98,79.98,100.0,79.98,1.0
2021-06-22 12:00:00+00:00,80.21,80.21,80.21,80.21,125.0,80.21,1.0
2021-06-22 13:00:00+00:00,79.52,79.855,78.67,79.675,283231.0,79.3987,3319.0
2021-06-22 14:00:00+00:00,79.64,80.67,79.32,80.53,450733.0,79.8149,6865.0
2021-06-22 15:00:00+00:00,80.51,80.92,80.08,80.3073,466493.0,80.5647,6315.0
2021-06-22 16:00:00+00:00,80.33,80.65,80.22,80.49,419948.0,80.4546,6178.0
2021-06-22 17:00:00+00:00,80.51,80.85,80.405,80.71,636491.0,80.6503,7553.0
2021-06-22 18:00:00+00:00,80.72,81.27,80.48,80.955,849188.0,80.9183,9930.0
2021-06-22 19:00:00+00:00,80.965,81.54,80.95,80.99,1082257.0,81.2265,14294.0
2021-06-22 20:00:00+00:00,80.98,81.0,80.98,80.98,58544.0,80.9954,55.0
2021-06-23 12:00:00+00:00,81.49,81.59,81.49,81.59,2204.0,81.5283,20.0
2021-06-23 13:00:00+00:00,81.0017,82.92,81.0017,82.13,503870.0,82.3911,4841.0
2021-06-23 14:00:00+00:00,82.13,83.0,81.89,82.13,705846.0,82.519,8065.0
2021-06-23 15:00:00+00:00,82.15,82.31,81.67,81.885,623892.0,82.0015,7364.0
2021-06-23 16:00:00+00:00,81.88,82.22,81.28,81.47,533796.0,81.7998,5709.0
2021-06-23 17:00:00+00:00,81.45,81.96,81.38,81.89,547192.0,81.6217,5941.0
2021-06-23 18:00:00+00:00,81.89,81.92,81.4,81.61,506154.0,81.6141,5916.0
2021-06-23 19:00:00+00:00,81.56,81.58,80.725,80.86,991101.0,81.1866,12545.0
2021-06-23 20:00:00+00:00,80.85,80.85,80.8,80.85,55274.0,80.8494,54.0
2021-06-23 21:00:00+00:00,80.85,80.85,80.85,80.85,1000.0,80.85,7.0
2021-06-23 23:00:00+00:00,81.0,81.0,81.0,81.0,300.0,80.9887,3.0
2021-06-24 12:00:00+00:00,81.94,81.94,81.5,81.5,2131.0,81.5237,3.0
2021-06-24 13:00:00+00:00,81.25,81.685,80.77,81.05,582187.0,81.298,3279.0
2021-06-24 14:00:00+00:00,81.025,81.39,80.7054,81.1708,630386.0,81.1022,6806.0
2021-06-24 15:00:00+00:00,81.18,81.74,81.155,81.67,570980.0,81.5101,6028.0
2021-06-24 16:00:00+00:00,81.67,81.98,81.28,81.93,540085.0,81.6057,5294.0
2021-06-24 17:00:00+00:00,81.91,82.05,81.495,81.57,515072.0,81.7574,5180.0
2021-06-24 18:00:00+00:00,81.545,81.88,81.5,81.81,483253.0,81.6859,5136.0
2021-06-24 19:00:00+00:00,81.825,81.935,81.61,81.74,710597.0,81.7708,8005.0
2021-06-24 20:00:00+00:00,81.73,82.29,81.73,82.29,23393.0,81.7418,31.0
2021-06-24 22:00:00+00:00,81.73,81.75,81.73,81.73,2551.0,81.7316,11.0
2021-06-25 12:00:00+00:00,81.85,81.85,81.85,81.85,1007.0,81.8378,2.0
2021-06-25 13:00:00+00:00,81.89,82.11,81.28,81.39,153766.0,81.6591,1938.0
2021-06-25 14:00:00+00:00,81.33,82.5,80.75,80.9,528129.0,81.5968,6423.0
2021-06-25 15:00:00+00:00,80.8739,81.09,80.78,80.97,198612.0,80.9375,3579.0
2021-06-25 16:00:00+00:00,80.94,81.25,80.79,80.99,899154.0,80.9758,8814.0
2021-06-25 17:00:00+00:00,80.99,81.31,80.73,81.21,926974.0,80.9986,8479.0
2021-06-25 18:00:00+00:00,81.21,81.794,81.15,81.72,947624.0,81.5677,9661.0
2021-06-25 19:00:00+00:00,81.74,82.59,81.65,82.11,1623579.0,82.0765,16055.0
2021-06-25 20:00:00+00:00,82.09,82.09,82.09,82.09,378092.0,82.0902,25.0
2021-06-28 12:00:00+00:00,81.5,81.5,81.5,81.5,100.0,81.5,1.0
2021-06-28 13:00:00+00:00,81.79,81.885,78.9,79.38,491057.0,80.029,5289.0
2021-06-28 14:00:00+00:00,79.35,79.35,78.07,78.8,987212.0,78.5885,10882.0
2021-06-28 15:00:00+00:00,78.81,78.94,78.07,78.21,693267.0,78.4931,8481.0
2021-06-28 16:00:00+00:00,78.19,78.34,77.81,78.16,832950.0,78.1025,9024.0
2021-06-28 17:00:00+00:00,78.13,78.37,77.64,78.23,798991.0,78.0375,9143.0
2021-06-28 18:00:00+00:00,78.235,78.35,77.87,77.95,833876.0,78.0914,9042.0
2021-06-28 19:00:00+00:00,77.95,78.05,77.41,77.72,1405456.0,77.7556,15814.0
2021-06-28 20:00:00+00:00,77.72,77.72,77.7001,77.7199,29170.0,77.72,61.0
2021-06-28 21:00:00+00:00,77.66,77.66,77.53,77.66,5496.0,77.6163,53.0
2021-06-28 22:00:00+00:00,77.58,77.66,77.57,77.59,4536.0,77.5851,11.0
2021-06-28 23:00:00+00:00,77.66,77.66,77.65,77.65,205.0,77.6551,3.0
2021-06-29 11:00:00+00:00,77.9,77.9,77.9,77.9,2620.0,77.9,3.0
2021-06-29 12:00:00+00:00,78.0,78.18,77.85,78.13,10373.0,77.976,43.0
2021-06-29 13:00:00+00:00,78.13,78.5,77.485,77.49,368243.0,77.9921,3989.0
2021-06-29 14:00:00+00:00,77.485,78.36,77.18,78.0089,731179.0,77.8951,8580.0
2021-06-29 15:00:00+00:00,78.0,78.52,77.7,77.735,631006.0,78.1465,7369.0
2021-06-29 16:00:00+00:00,77.72,77.89,77.385,77.46,603790.0,77.6449,7336.0
2021-06-29 17:00:00+00:00,77.48,77.79,77.42,77.49,592534.0,77.597,6800.0
2021-06-29 18:00:00+00:00,77.48,77.515,77.01,77.17,591460.0,77.2616,7270.0
2021-06-29 19:00:00+00:00,77.16,77.3,76.85,76.93,1419233.0,77.0355,14101.0
2021-06-29 20:00:00+00:00,76.92,77.27,76.86,77.27,27183.0,76.9229,45.0
2021-06-29 21:00:00+00:00,77.0,77.0,77.0,77.0,892.0,77.0,10.0
2021-06-30 08:00:00+00:00,76.9,76.9,76.76,76.76,493.0,76.7989,8.0
2021-06-30 09:00:00+00:00,76.78,76.78,76.78,76.78,100.0,76.78,1.0
2021-06-30 11:00:00+00:00,77.13,77.13,77.13,77.13,340.0,77.1153,3.0
2021-06-30 12:00:00+00:00,77.5,77.5,77.2,77.35,6955.0,77.3752,45.0
2021-06-30 13:00:00+00:00,77.33,77.935,76.92,77.82,302726.0,77.3258,2729.0
2021-06-30 14:00:00+00:00,77.82,78.14,77.45,77.45,740856.0,77.8065,8792.0
2021-06-30 15:00:00+00:00,77.42,77.815,77.16,77.73,482950.0,77.5,6773.0
2021-06-30 16:00:00+00:00,77.755,78.47,77.755,78.07,526866.0,78.1469,6348.0
2021-06-30 17:00:00+00:00,78.07,78.25,77.7,77.7206,375405.0,78.0549,4916.0
2021-06-30 18:00:00+00:00,77.72,78.02,77.65,77.84,456072.0,77.8408,5379.0
2021-06-30 19:00:00+00:00,77.85,78.21,77.67,78.07,994652.0,77.9206,11324.0
2021-06-30 20:00:00+00:00,78.08,78.08,78.0,78.06,58607.0,78.0793,66.0
2021-06-30 23:00:00+00:00,78.0,78.0,78.0,78.0,2000.0,78.0023,10.0
2021-07-01 11:00:00+00:00,78.79,79.23,78.79,79.23,3742.0,78.9694,37.0
2021-07-01 12:00:00+00:00,78.5,79.35,78.5,79.35,17069.0,79.2458,82.0
2021-07-01 13:00:00+00:00,79.11,79.78,77.74,78.0422,561558.0,78.6602,5817.0
2021-07-01 14:00:00+00:00,78.08,78.88,77.98,78.0,434434.0,78.4164,6600.0
2021-07-01 15:00:00+00:00,77.98,78.25,77.71,77.87,338314.0,77.9696,5500.0
2021-07-01 16:00:00+00:00,77.89,78.029,77.56,77.79,1230315.0,77.719,6522.0
2021-07-01 17:00:00+00:00,77.775,78.09,77.64,77.78,400466.0,77.861,5178.0
2021-07-01 18:00:00+00:00,77.785,78.0,77.57,78.0,448912.0,77.7678,5569.0
2021-07-01 19:00:00+00:00,78.0,78.02,77.625,77.81,833017.0,77.7784,10934.0
2021-07-01 20:00:00+00:00,77.81,77.81,77.72,77.72,51987.0,77.8094,30.0
2021-07-01 23:00:00+00:00,77.8101,77.95,77.81,77.95,2200.0,77.8228,9.0
2021-07-02 12:00:00+00:00,77.58,78.47,77.58,77.81,800318.0,77.8101,7.0
2021-07-02 13:00:00+00:00,78.15,78.15,77.26,77.47,293052.0,77.8282,2395.0
2021-07-02 14:00:00+00:00,77.45,77.55,76.91,77.55,318106.0,77.2535,4026.0
2021-07-02 15:00:00+00:00,77.53,77.985,77.44,77.78,227902.0,77.7611,3922.0
2021-07-02 16:00:00+00:00,77.76,78.02,77.6,77.95,171920.0,77.7646,2861.0
2021-07-02 17:00:00+00:00,77.92,78.085,77.89,77.97,203004.0,78.0072,2512.0
2021-07-02 18:00:00+00:00,77.98,78.45,77.94,78.16,302707.0,78.223,3896.0
2021-07-02 19:00:00+00:00,78.18,78.415,77.96,78.07,503368.0,78.1353,7221.0
2021-07-02 20:00:00+00:00,78.07,78.21,78.03,78.0699,25795.0,78.0703,33.0
2021-07-06 08:00:00+00:00,78.91,78.92,78.82,78.83,1008.0,78.8015,9.0
2021-07-06 11:00:00+00:00,78.66,78.76,78.61,78.63,4432.0,78.6907,33.0
2021-07-06 12:00:00+00:00,78.75,78.75,78.4,78.51,4017.0,78.5988,23.0
2021-07-06 13:00:00+00:00,78.4,78.4,76.02,77.15,484304.0,76.8631,5220.0
2021-07-06 14:00:00+00:00,77.15,77.18,75.47,75.6,673002.0,76.0811,8071.0
2021-07-06 15:00:00+00:00,75.62,75.9,75.35,75.51,885229.0,75.5865,9405.0
2021-07-06 16:00:00+00:00,75.53,75.56,74.77,74.9728,677462.0,75.1386,8338.0
2021-07-06 17:00:00+00:00,74.99,75.54,74.96,75.37,608434.0,75.3158,6350.0
2021-07-06 18:00:00+00:00,75.37,75.38,74.83,74.92,686722.0,75.0733,7497.0
2021-07-06 19:00:00+00:00,74.91,75.07,74.62,74.69,1293774.0,74.8436,13788.0
2021-07-06 20:00:00+00:00,74.7,74.7,74.69,74.7,68138.0,74.7,74.0
2021-07-06 21:00:00+00:00,74.7,74.7,74.7,74.7,314.0,74.6999,8.0
2021-07-06 22:00:00+00:00,74.7,74.7,74.7,74.7,200.0,74.7,2.0
2021-07-07 11:00:00+00:00,75.99,75.99,75.99,75.99,353.0,75.9613,13.0
2021-07-07 12:00:00+00:00,75.6496,75.65,74.4158,74.69,6587.0,74.9322,77.0
2021-07-07 13:00:00+00:00,74.69,75.09,73.46,73.66,528145.0,74.1544,5001.0
2021-07-07 14:00:00+00:00,73.62,73.64,71.82,72.04,1589618.0,72.3134,17055.0
2021-07-07 15:00:00+00:00,72.0,72.74,71.89,72.18,1192686.0,72.2443,14366.0
2021-07-07 16:00:00+00:00,72.19,73.17,71.96,72.84,1111128.0,72.5824,10159.0
2021-07-07 17:00:00+00:00,72.83,73.04,72.27,72.41,885269.0,72.5847,8011.0
2021-07-07 18:00:00+00:00,72.42,73.25,72.4,72.7,1015331.0,72.7942,9598.0
2021-07-07 19:00:00+00:00,72.69,73.01,72.2,72.31,1506829.0,72.5924,14581.0
2021-07-07 20:00:00+00:00,72.31,72.39,72.31,72.37,151054.0,72.3113,78.0
2021-07-07 21:00:00+00:00,72.33,72.33,72.31,72.31,311.0,72.319,7.0
2021-07-07 22:00:00+00:00,72.4,72.45,72.4,72.45,1299.0,72.4389,9.0
2021-07-07 23:00:00+00:00,72.4,72.4,72.4,72.4,530.0,72.4,2.0
2021-07-08 08:00:00+00:00,71.87,71.87,71.87,71.87,101.0,71.8713,2.0
2021-07-08 09:00:00+00:00,71.35,71.35,71.35,71.35,438.0,71.35,3.0
2021-07-08 11:00:00+00:00,71.38,71.38,70.86,70.96,6799.0,71.1156,68.0
2021-07-08 12:00:00+00:00,70.3201,71.39,70.3201,71.0,7123.0,71.1294,42.0
2021-07-08 13:00:00+00:00,70.82,71.46,69.79,69.955,1127108.0,70.5327,7957.0
2021-07-08 14:00:00+00:00,70.01,70.56,69.57,70.2364,1060440.0,70.1022,11276.0
2021-07-08 15:00:00+00:00,70.24,71.76,70.235,71.3,1084505.0,71.1959,10914.0
2021-07-08 16:00:00+00:00,71.31,71.69,71.04,71.08,319053.0,71.3494,4566.0
2021-07-08 17:00:00+00:00,71.07,71.08,70.555,70.77,294710.0,70.7557,3704.0
2021-07-08 18:00:00+00:00,70.79,70.82,70.05,70.07,347004.0,70.3779,5031.0
2021-07-08 19:00:00+00:00,70.0801,70.46,70.0,70.27,961542.0,70.1429,11846.0
2021-07-08 20:00:00+00:00,70.26,70.5,70.26,70.44,51841.0,70.2616,68.0
2021-07-08 21:00:00+00:00,70.42,70.42,70.42,70.42,100.0,70.42,1.0
2021-07-08 22:00:00+00:00,70.44,70.44,70.44,70.44,1450.0,70.44,1.0
2021-07-09 10:00:00+00:00,71.2,71.2,71.2,71.2,100.0,71.2,1.0
2021-07-09 12:00:00+00:00,71.24,71.38,70.89,71.01,31388.0,71.1542,120.0
2021-07-09 13:00:00+00:00,71.23,71.5,70.3,71.345,541543.0,71.0769,4035.0
2021-07-09 14:00:00+00:00,71.38,72.08,71.32,71.5585,732976.0,71.6296,9089.0
2021-07-09 15:00:00+00:00,71.58,72.24,71.4575,72.06,309766.0,71.9676,4206.0
2021-07-09 16:00:00+00:00,72.05,72.1799,71.86,72.155,216554.0,72.0472,2915.0
2021-07-09 17:00:00+00:00,72.16,72.18,71.62,71.93,252914.0,71.9043,3580.0
2021-07-09 18:00:00+00:00,71.93,72.35,71.82,72.26,262618.0,72.1489,3955.0
2021-07-09 19:00:00+00:00,72.25,72.435,72.03,72.29,684341.0,72.2316,9106.0
2021-07-09 20:00:00+00:00,72.3,72.4,72.3,72.3,41653.0,72.3017,37.0
2021-07-09 23:00:00+00:00,72.36,72.36,72.36,72.36,500.0,72.36,3.0
2021-07-12 08:00:00+00:00,72.31,72.35,72.31,72.35,300.0,72.3233,2.0
2021-07-12 11:00:00+00:00,71.74,71.74,71.64,71.64,1005.0,71.6592,4.0
2021-07-12 12:00:00+00:00,71.74,71.85,71.2,71.83,3313.0,71.5955,16.0
2021-07-12 13:00:00+00:00,71.41,72.26,70.62,72.2,390317.0,71.3494,2991.0
2021-07-12 14:00:00+00:00,72.23,72.77,71.95,72.165,287947.0,72.4316,3881.0
2021-07-12 15:00:00+00:00,72.18,72.31,71.87,72.24,216738.0,72.1164,3044.0
2021-07-12 16:00:00+00:00,72.225,72.24,71.7,71.78,213445.0,71.9055,2994.0
2021-07-12 17:00:00+00:00,71.79,72.01,71.665,71.72,269344.0,71.8855,3579.0
2021-07-12 18:00:00+00:00,71.71,71.9899,71.59,71.9899,332897.0,71.7621,4794.0
2021-07-12 19:00:00+00:00,71.96,72.19,71.58,71.67,644195.0,71.8557,8406.0
2021-07-12 20:00:00+00:00,71.68,71.76,71.68,71.7,177870.0,71.6802,37.0
2021-07-12 21:00:00+00:00,71.88,71.88,71.88,71.88,100.0,71.88,1.0
2021-07-13 11:00:00+00:00,71.65,71.65,71.65,71.65,272.0,71.65,6.0
2021-07-13 12:00:00+00:00,71.7,71.7,71.5,71.5,3748.0,71.6688,20.0
2021-07-13 13:00:00+00:00,71.18,71.519,70.54,70.89,352109.0,71.0771,3092.0
2021-07-13 14:00:00+00:00,70.89,71.04,70.43,70.635,352116.0,70.6926,5378.0
2021-07-13 15:00:00+00:00,70.64,70.72,70.33,70.485,367544.0,70.5084,6427.0
2021-07-13 16:00:00+00:00,70.495,70.68,70.07,70.33,728731.0,70.3095,8155.0
2021-07-13 17:00:00+00:00,70.35,71.21,70.185,71.14,405282.0,70.6034,5886.0
2021-07-13 18:00:00+00:00,71.13,71.13,70.68,70.68,346389.0,70.8731,5589.0
2021-07-13 19:00:00+00:00,70.68,70.865,70.4,70.48,561600.0,70.5738,10198.0
2021-07-13 20:00:00+00:00,70.47,70.47,70.29,70.47,122328.0,70.4689,61.0
2021-07-13 22:00:00+00:00,70.39,70.39,70.39,70.39,100.0,70.39,1.0
2021-07-14 11:00:00+00:00,70.11,70.32,70.03,70.32,2594.0,70.1833,29.0
2021-07-14 12:00:00+00:00,70.16,70.36,70.16,70.36,8514.0,70.3222,10.0
2021-07-14 13:00:00+00:00,70.65,71.24,70.02,70.06,410996.0,70.5233,3401.0
2021-07-14 14:00:00+00:00,70.08,70.13,68.914,68.92,754658.0,69.5671,8763.0
2021-07-14 15:00:00+00:00,68.92,69.08,67.96,68.02,649436.0,68.615,8720.0
2021-07-14 16:00:00+00:00,68.0,68.55,67.99,68.39,1034131.0,68.23,9242.0
2021-07-14 17:00:00+00:00,68.38,68.61,68.03,68.21,513305.0,68.2363,5368.0
2021-07-14 18:00:00+00:00,68.2,68.24,67.69,67.715,512241.0,67.8934,6007.0
2021-07-14 19:00:00+00:00,67.7181,67.975,67.36,67.69,926493.0,67.6379,11394.0
2021-07-14 20:00:00+00:00,67.67,67.67,67.61,67.67,65077.0,67.7791,77.0
2021-07-14 21:00:00+00:00,67.67,67.67,67.67,67.67,2039.0,67.6697,25.0
2021-07-14 22:00:00+00:00,67.67,67.67,67.67,67.67,501.0,67.6681,6.0
2021-07-14 23:00:00+00:00,67.6,67.67,67.6,67.6699,1930.0,67.6655,11.0
2021-07-15 11:00:00+00:00,67.4,67.4,66.9,66.9,3405.0,67.0327,66.0
2021-07-15 12:00:00+00:00,66.8,67.67,66.8,66.88,3467.0,67.0004,34.0
2021-07-15 13:00:00+00:00,66.88,67.895,66.67,67.055,1010720.0,66.9748,5647.0
2021-07-15 14:00:00+00:00,67.03,67.52,66.3,67.49,593968.0,66.8232,7266.0
2021-07-15 15:00:00+00:00,67.48,68.35,67.1543,68.02,830517.0,67.9586,9288.0
2021-07-15 16:00:00+00:00,68.04,68.08,67.39,67.45,299324.0,67.7327,3581.0
2021-07-15 17:00:00+00:00,67.45,67.453,66.64,66.64,389660.0,67.0982,3917.0
2021-07-15 18:00:00+00:00,66.61,67.16,66.61,67.1,325260.0,66.9681,3874.0
2021-07-15 19:00:00+00:00,67.1,67.17,66.72,66.79,704169.0,66.8852,9625.0
2021-07-15 20:00:00+00:00,66.8,67.36,66.8,66.8001,222920.0,66.8017,60.0
2021-07-15 21:00:00+00:00,67.07,67.17,67.07,67.17,4321.0,67.1351,23.0
2021-07-15 23:00:00+00:00,66.98,66.98,66.98,66.98,501.0,66.9811,10.0
2021-07-16 11:00:00+00:00,67.99,67.99,67.99,67.99,402.0,67.9419,2.0
2021-07-16 12:00:00+00:00,67.39,67.39,67.39,67.39,1428.0,67.389,21.0
2021-07-16 13:00:00+00:00,67.97,67.97,65.7443,66.21,464554.0,66.621,3713.0
2021-07-16 14:00:00+00:00,66.21,66.21,64.95,65.55,676715.0,65.4619,9893.0
2021-07-16 15:00:00+00:00,65.54,66.44,65.225,65.98,553645.0,65.8309,7433.0
2021-07-16 16:00:00+00:00,66.0,66.06,65.26,65.45,353365.0,65.5779,4554.0
2021-07-16 17:00:00+00:00,65.4699,65.515,64.855,64.8775,581607.0,65.2082,6909.0
2021-07-16 18:00:00+00:00,64.85,65.08,64.52,64.655,774175.0,64.7589,9919.0
2021-07-16 19:00:00+00:00,64.65,64.99,64.37,64.88,986562.0,64.7427,14132.0
2021-07-16 20:00:00+00:00,64.88,65.3,64.88,64.95,73153.0,64.8837,63.0
2021-07-16 21:00:00+00:00,64.99,65.0,64.88,64.88,6500.0,64.9062,8.0
2021-07-16 22:00:00+00:00,65.0,65.0,64.88,64.88,2449.0,64.902,3.0
2021-07-16 23:00:00+00:00,64.88,64.8801,64.88,64.8801,1024.0,64.8804,15.0
2021-07-19 11:00:00+00:00,64.27,64.27,62.65,62.65,4636.0,63.3114,90.0
2021-07-19 12:00:00+00:00,64.29,64.29,62.21,62.53,10358.0,62.8658,78.0
2021-07-19 13:00:00+00:00,62.54,62.83,60.83,61.36,1155643.0,61.7533,9706.0
2021-07-19 14:00:00+00:00,61.3,62.43,60.76,61.79,899774.0,61.5627,11434.0
2021-07-19 15:00:00+00:00,61.79,62.4,61.61,62.2875,868835.0,61.9433,10741.0
2021-07-19 16:00:00+00:00,62.29,62.29,61.23,61.46,555982.0,61.7027,7547.0
2021-07-19 17:00:00+00:00,61.47,61.82,60.96,61.135,559143.0,61.3719,7343.0
2021-07-19 18:00:00+00:00,61.12,61.6573,61.08,61.41,543461.0,61.3698,6744.0
2021-07-19 19:00:00+00:00,61.41,62.03,61.34,61.93,2009939.0,61.7376,21487.0
2021-07-19 20:00:00+00:00,61.92,62.05,61.1,62.05,56890.0,61.9103,60.0
2021-07-19 21:00:00+00:00,62.49,62.49,62.25,62.34,773.0,62.3079,12.0
2021-07-19 22:00:00+00:00,62.1,62.35,62.07,62.35,1967.0,62.3022,14.0
2021-07-19 23:00:00+00:00,62.35,62.35,62.26,62.26,511.0,62.3128,5.0
2021-07-20 08:00:00+00:00,62.9,62.9,62.9,62.9,538.0,62.9932,4.0
2021-07-20 10:00:00+00:00,62.5,62.5,62.5,62.5,1278.0,62.5077,23.0
2021-07-20 11:00:00+00:00,62.51,63.0,62.51,63.0,4733.0,62.7685,40.0
2021-07-20 12:00:00+00:00,62.7,63.0,62.31,62.31,10738.0,62.719,97.0
2021-07-20 13:00:00+00:00,62.5,62.7,60.99,62.3,649030.0,61.7545,5485.0
2021-07-20 14:00:00+00:00,62.285,63.49,61.68,63.29,732846.0,62.6514,8473.0
2021-07-20 15:00:00+00:00,63.27,63.49,62.84,63.3442,754803.0,63.1683,9635.0
2021-07-20 16:00:00+00:00,63.355,63.54,62.63,63.1091,745258.0,63.1097,8637.0
2021-07-20 17:00:00+00:00,63.11,63.21,62.42,62.62,511892.0,62.6988,6824.0
2021-07-20 18:00:00+00:00,62.62,62.85,62.3,62.43,532468.0,62.5537,7006.0
2021-07-20 19:00:00+00:00,62.45,62.9,62.35,62.57,972147.0,62.6494,11511.0
2021-07-20 20:00:00+00:00,62.57,62.59,62.4,62.5399,147244.0,62.569,80.0
2021-07-20 21:00:00+00:00,62.52,62.52,62.47,62.49,2249.0,62.4821,22.0
2021-07-20 22:00:00+00:00,62.5299,62.5299,62.49,62.49,904.0,62.4999,6.0
2021-07-21 08:00:00+00:00,62.56,62.56,62.56,62.56,200.0,62.56,3.0
2021-07-21 11:00:00+00:00,63.16,63.55,63.12,63.12,2380.0,63.3083,15.0
2021-07-21 12:00:00+00:00,63.6399,63.6399,63.26,63.48,9620.0,63.5073,54.0
2021-07-21 13:00:00+00:00,63.48,65.21,63.29,65.06,642181.0,64.2463,5112.0
2021-07-21 14:00:00+00:00,65.07,65.38,64.35,64.76,835820.0,64.9056,9933.0
2021-07-21 15:00:00+00:00,64.79,65.32,64.71,65.2,515186.0,64.9697,7326.0
2021-07-21 16:00:00+00:00,65.22,65.57,65.09,65.24,443553.0,65.3007,5653.0
2021-07-21 17:00:00+00:00,65.24,65.6699,65.03,65.06,521410.0,65.4072,6592.0
2021-07-21 18:00:00+00:00,65.08,65.19,64.59,64.89,516119.0,64.8814,5674.0
2021-07-21 19:00:00+00:00,64.88,65.15,64.81,64.9,873625.0,64.9684,10296.0
2021-07-21 20:00:00+00:00,64.91,65.05,64.91,65.04,221977.0,64.9102,47.0
2021-07-21 21:00:00+00:00,65.05,65.12,65.05,65.12,1516.0,65.0727,8.0
2021-07-21 22:00:00+00:00,65.05,65.05,65.05,65.05,200.0,65.05,1.0
2021-07-21 23:00:00+00:00,65.39,65.39,65.39,65.39,2000.0,65.39,1.0
2021-07-22 08:00:00+00:00,65.82,65.82,65.82,65.82,455.0,65.82,2.0
2021-07-22 11:00:00+00:00,65.92,65.94,65.67,65.67,1850.0,65.8366,20.0
2021-07-22 12:00:00+00:00,65.5,65.7,64.88,64.88,5266.0,65.1762,78.0
2021-07-22 13:00:00+00:00,65.0,65.34,62.94,64.21,664399.0,63.9795,6159.0
2021-07-22 14:00:00+00:00,64.23,64.49,62.94,62.98,552233.0,63.648,6080.0
2021-07-22 15:00:00+00:00,63.05,63.65,62.925,63.47,381261.0,63.304,5109.0
2021-07-22 16:00:00+00:00,63.485,63.87,63.33,63.76,289240.0,63.559,3884.0
2021-07-22 17:00:00+00:00,63.79,63.9824,63.595,63.84,197030.0,63.7623,2847.0
2021-07-22 18:00:00+00:00,63.845,63.9875,63.52,63.64,295681.0,63.7772,3818.0
2021-07-22 19:00:00+00:00,63.65,63.9183,63.43,63.49,650309.0,63.6112,7600.0
2021-07-22 20:00:00+00:00,63.48,63.6,63.4,63.6,72574.0,63.4816,69.0
2021-07-22 21:00:00+00:00,63.65,64.0,63.65,63.75,1961.0,63.7867,13.0
2021-07-22 22:00:00+00:00,63.75,63.88,63.75,63.88,440.0,63.7808,4.0
2021-07-22 23:00:00+00:00,63.65,63.65,63.65,63.65,900.0,63.65,2.0
2021-07-23 12:00:00+00:00,63.85,63.86,63.8,63.8,1751.0,63.85,18.0
2021-07-23 13:00:00+00:00,63.59,64.03,63.23,63.31,821145.0,63.5877,6446.0
2021-07-23 14:00:00+00:00,63.27,63.81,63.15,63.62,591578.0,63.408,6788.0
2021-07-23 15:00:00+00:00,63.5741,63.59,63.18,63.35,648406.0,63.3837,7504.0
2021-07-23 16:00:00+00:00,63.345,63.51,63.31,63.4701,386321.0,63.4027,4845.0
2021-07-23 17:00:00+00:00,63.47,63.78,63.34,63.71,277625.0,63.5779,4049.0
2021-07-23 18:00:00+00:00,63.69,63.8,63.38,63.7897,248780.0,63.6133,3600.0
2021-07-23 19:00:00+00:00,63.77,64.11,63.59,63.7,738232.0,63.8199,9040.0
2021-07-23 20:00:00+00:00,63.71,63.71,63.71,63.71,35434.0,63.71,33.0
2021-07-23 21:00:00+00:00,63.74,63.74,63.64,63.71,1695.0,63.6627,10.0
2021-07-23 22:00:00+00:00,63.65,63.65,63.65,63.65,100.0,63.65,1.0
2021-07-23 23:00:00+00:00,63.65,63.65,63.65,63.65,1000.0,63.65,3.0
2021-07-26 11:00:00+00:00,63.48,63.49,63.23,63.23,3630.0,63.3815,25.0
2021-07-26 12:00:00+00:00,63.5,63.7,63.4,63.7,829.0,63.5679,18.0
2021-07-26 13:00:00+00:00,63.55,65.76,63.55,65.52,462007.0,64.962,4030.0
2021-07-26 14:00:00+00:00,65.46,65.99,65.05,65.15,674014.0,65.6428,10550.0
2021-07-26 15:00:00+00:00,65.13,65.6,64.95,65.4201,431282.0,65.2588,6203.0
2021-07-26 16:00:00+00:00,65.43,65.45,64.91,64.975,330587.0,65.107,4710.0
2021-07-26 17:00:00+00:00,64.975,65.08,64.64,64.9671,257837.0,64.8887,3990.0
2021-07-26 18:00:00+00:00,64.97,65.3,64.91,65.14,324005.0,65.1511,4275.0
2021-07-26 19:00:00+00:00,65.155,65.585,65.095,65.53,801959.0,65.3737,10211.0
2021-07-26 20:00:00+00:00,65.54,65.89,65.54,65.59,63751.0,65.5413,45.0
2021-07-26 23:00:00+00:00,65.7,65.7,65.54,65.54,200.0,65.62,2.0
2021-07-27 08:00:00+00:00,65.46,65.55,65.46,65.55,300.0,65.52,2.0
2021-07-27 12:00:00+00:00,65.01,65.01,65.01,65.01,11000.0,65.01,13.0
2021-07-27 13:00:00+00:00,65.1183,65.1183,63.93,64.115,493905.0,64.3622,4111.0
2021-07-27 14:00:00+00:00,64.09,65.36,64.01,65.29,491435.0,64.7697,6319.0
2021-07-27 15:00:00+00:00,65.27,65.59,65.055,65.42,766915.0,65.3145,8608.0
2021-07-27 16:00:00+00:00,65.4,65.41,64.57,64.86,480540.0,64.8704,6122.0
2021-07-27 17:00:00+00:00,64.855,65.14,64.77,64.85,389810.0,64.9293,5560.0
2021-07-27 18:00:00+00:00,64.84,65.63,64.8,65.41,534717.0,65.2794,6366.0
2021-07-27 19:00:00+00:00,65.42,65.64,65.25,65.56,1258704.0,65.4298,14108.0
2021-07-27 20:00:00+00:00,65.58,65.58,65.35,65.58,75971.0,65.5792,50.0
2021-07-27 21:00:00+00:00,65.36,65.48,65.35,65.35,2100.0,65.4124,3.0
2021-07-28 12:00:00+00:00,66.0814,66.0814,65.8,65.8,805.0,65.9022,7.0
2021-07-28 13:00:00+00:00,66.11,66.87,65.85,66.085,425001.0,66.3226,4361.0
2021-07-28 14:00:00+00:00,66.12,66.49,65.53,66.195,619383.0,65.9398,7161.0
2021-07-28 15:00:00+00:00,66.195,67.45,66.1,67.14,690856.0,66.8594,8526.0
2021-07-28 16:00:00+00:00,67.15,67.15,66.67,66.95,479334.0,66.8905,5836.0
2021-07-28 17:00:00+00:00,66.95,67.25,66.94,67.06,335376.0,67.0991,4870.0
2021-07-28 18:00:00+00:00,67.05,67.81,66.94,67.81,625112.0,67.3715,8010.0
2021-07-28 19:00:00+00:00,67.815,67.99,67.06,67.29,961306.0,67.365,12339.0
2021-07-28 20:00:00+00:00,67.3,67.55,67.0,67.55,42323.0,67.3018,45.0
2021-07-28 21:00:00+00:00,67.93,67.93,67.3,67.3,48382.0,67.3047,10.0
2021-07-28 22:00:00+00:00,67.3,67.3,67.3,67.3,300.0,67.3077,5.0
2021-07-28 23:00:00+00:00,67.4,67.51,67.4,67.51,1755.0,67.4585,10.0
2021-07-29 08:00:00+00:00,68.05,68.05,68.05,68.05,985.0,68.05,7.0
2021-07-29 10:00:00+00:00,70.0,70.0,70.0,70.0,205.0,70.0,3.0
2021-07-29 11:00:00+00:00,68.5,69.5,68.5,68.75,7590.0,69.0889,84.0
2021-07-29 12:00:00+00:00,69.1,69.11,68.65,68.65,13253.0,68.9385,96.0
2021-07-29 13:00:00+00:00,68.8,69.21,67.52,67.895,663767.0,68.1425,6394.0
2021-07-29 14:00:00+00:00,67.89,69.5,67.71,68.54,905257.0,68.8061,10204.0
2021-07-29 15:00:00+00:00,68.54,68.7,67.94,68.59,530409.0,68.3503,6688.0
2021-07-29 16:00:00+00:00,68.58,68.82,68.47,68.75,465538.0,68.6482,5334.0
2021-07-29 17:00:00+00:00,68.76,68.89,68.25,68.325,357317.0,68.6169,4833.0
2021-07-29 18:00:00+00:00,68.31,68.31,67.66,67.755,455773.0,68.0141,5077.0
2021-07-29 19:00:00+00:00,67.755,67.81,67.33,67.64,798730.0,67.5529,9057.0
2021-07-29 20:00:00+00:00,67.64,67.67,67.23,67.64,58670.0,67.6366,55.0
2021-07-29 21:00:00+00:00,67.57,67.57,67.3,67.5,2650.0,67.4516,20.0
2021-07-29 22:00:00+00:00,67.63,67.63,67.63,67.63,200.0,67.63,2.0
2021-07-29 23:00:00+00:00,67.6,67.63,67.6,67.6,850.0,67.6035,6.0
2021-07-30 11:00:00+00:00,67.68,67.68,67.68,67.68,140.0,67.68,1.0
2021-07-30 12:00:00+00:00,67.51,67.51,67.28,67.28,402.0,67.4217,11.0
2021-07-30 13:00:00+00:00,67.3,68.04,66.64,67.76,323878.0,67.5322,3920.0
2021-07-30 14:00:00+00:00,67.76,68.24,67.09,67.17,571570.0,67.6584,7191.0
2021-07-30 15:00:00+00:00,67.174,67.475,66.7,66.83,350264.0,67.0423,4970.0
2021-07-30 16:00:00+00:00,66.81,67.09,66.66,66.755,302869.0,66.8762,4192.0
2021-07-30 17:00:00+00:00,66.7415,66.76,66.331,66.7408,298973.0,66.5481,4137.0
2021-07-30 18:00:00+00:00,66.75,66.955,66.5234,66.84,316530.0,66.756,4348.0
2021-07-30 19:00:00+00:00,66.84,67.1,66.82,66.99,595253.0,66.9655,8536.0
2021-07-30 20:00:00+00:00,66.97,66.97,66.9,66.96,56798.0,66.9697,62.0
2021-07-30 21:00:00+00:00,66.8187,66.97,66.8187,66.97,25302.0,66.8211,7.0
2021-07-30 22:00:00+00:00,66.97,66.97,66.9699,66.9699,1352.0,66.97,10.0
2021-07-30 23:00:00+00:00,66.97,67.1,66.97,67.1,1020.0,67.0802,8.0
2021-08-02 09:00:00+00:00,67.9,67.9,67.9,67.9,200.0,67.9,2.0
2021-08-02 10:00:00+00:00,67.31,67.32,67.31,67.32,748.0,67.3605,3.0
2021-08-02 11:00:00+00:00,67.4,67.4,67.11,67.25,2390.0,67.2211,25.0
2021-08-02 12:00:00+00:00,67.17,67.2,67.01,67.2,1361.0,67.1597,13.0
2021-08-02 13:00:00+00:00,67.22,68.95,66.94,68.8873,366719.0,68.2084,4515.0
2021-08-02 14:00:00+00:00,68.88,69.2,67.37,67.43,535700.0,68.3167,7718.0
2021-08-02 15:00:00+00:00,67.42,67.56,66.6,66.64,450189.0,66.9958,6700.0
2021-08-02 16:00:00+00:00,66.65,67.42,66.565,67.29,385959.0,67.038,6747.0
2021-08-02 17:00:00+00:00,67.29,67.39,67.07,67.24,212127.0,67.2623,3827.0
2021-08-02 18:00:00+00:00,67.24,67.57,67.13,67.28,259153.0,67.3354,4918.0
2021-08-02 19:00:00+00:00,67.26,67.3,66.3,66.4,985590.0,66.6196,11689.0
2021-08-02 20:00:00+00:00,66.4,66.43,66.4,66.4,444884.0,66.4,87.0
2021-08-02 22:00:00+00:00,66.44,66.6,66.37,66.6,1228.0,66.4397,12.0
2021-08-02 23:00:00+00:00,66.4,66.6,66.4,66.6,1065.0,66.5198,9.0
2021-08-03 11:00:00+00:00,67.08,67.08,67.0,67.0,254.0,67.0488,5.0
2021-08-03 12:00:00+00:00,67.0,67.1076,66.11,66.11,9556.0,66.4886,101.0
2021-08-03 13:00:00+00:00,66.9711,67.24,66.08,66.56,769831.0,66.5114,6761.0
2021-08-03 14:00:00+00:00,66.65,67.61,66.64,66.77,581198.0,67.2458,6712.0
2021-08-03 15:00:00+00:00,66.8,68.24,66.76,68.12,386866.0,67.7549,5917.0
2021-08-03 16:00:00+00:00,68.135,68.52,68.04,68.45,558327.0,68.3173,6040.0
2021-08-03 17:00:00+00:00,68.48,68.63,68.2058,68.585,289543.0,68.4049,4988.0
2021-08-03 18:00:00+00:00,68.5807,68.9,68.38,68.73,398599.0,68.6729,5998.0
2021-08-03 19:00:00+00:00,68.74,69.05,68.6,69.02,955737.0,68.8763,12697.0
2021-08-03 20:00:00+00:00,69.01,69.1,68.84,68.84,70913.0,69.0071,84.0
2021-08-03 21:00:00+00:00,68.8499,68.85,68.8499,68.85,229.0,68.8496,3.0
2021-08-03 23:00:00+00:00,68.96,68.99,68.9,68.99,2454.0,68.9838,10.0
2021-08-04 08:00:00+00:00,68.01,68.01,68.01,68.01,100.0,68.01,1.0
2021-08-04 10:00:00+00:00,68.05,68.05,68.05,68.05,100.0,68.05,1.0
2021-08-04 11:00:00+00:00,68.25,68.25,67.69,67.69,5174.0,67.9167,26.0
2021-08-04 12:00:00+00:00,67.3001,67.86,67.3001,67.3727,4084.0,67.5788,23.0
2021-08-04 13:00:00+00:00,67.3503,67.5,65.41,65.495,793589.0,66.0103,8063.0
2021-08-04 14:00:00+00:00,65.5048,66.59,65.42,65.83,831582.0,66.1361,8646.0
2021-08-04 15:00:00+00:00,65.87,66.4,65.4069,65.45,546148.0,65.9173,6708.0
2021-08-04 16:00:00+00:00,65.43,65.53,64.87,65.18,551567.0,65.1586,6759.0
2021-08-04 17:00:00+00:00,65.17,65.17,64.68,64.79,433971.0,64.9358,5363.0
2021-08-04 18:00:00+00:00,64.8,64.815,64.23,64.39,646743.0,64.4808,7666.0
2021-08-04 19:00:00+00:00,64.4,64.52,64.14,64.18,1307455.0,64.3291,15391.0
2021-08-04 20:00:00+00:00,64.18,66.1876,64.02,64.18,256160.0,64.1807,111.0
2021-08-04 21:00:00+00:00,64.18,64.18,64.1,64.18,1976.0,64.1716,17.0
2021-08-04 22:00:00+00:00,64.17,64.25,64.13,64.13,6520.0,64.1587,19.0
2021-08-04 23:00:00+00:00,64.35,64.35,64.35,64.35,157.0,64.35,1.0
2021-08-05 11:00:00+00:00,64.45,64.45,64.4,64.4,566.0,64.4356,8.0
2021-08-05 12:00:00+00:00,64.3,64.6,64.3,64.59,3741.0,64.4901,23.0
2021-08-05 13:00:00+00:00,64.6,65.79,64.45,65.745,473415.0,65.2367,3632.0
2021-08-05 14:00:00+00:00,65.75,66.35,65.6001,66.32,638140.0,65.9597,7642.0
2021-08-05 15:00:00+00:00,66.315,66.63,66.1257,66.26,536755.0,66.4423,6962.0
2021-08-05 16:00:00+00:00,66.28,66.3618,65.7,65.82,295717.0,66.0387,3374.0
2021-08-05 17:00:00+00:00,65.81,66.26,65.81,66.1759,209242.0,66.1123,2917.0
2021-08-05 18:00:00+00:00,66.17,66.25,65.744,65.75,237433.0,66.0257,3250.0
2021-08-05 19:00:00+00:00,65.745,65.83,65.45,65.7,556084.0,65.6286,6756.0
2021-08-05 20:00:00+00:00,65.71,65.75,65.71,65.75,67079.0,65.7101,37.0
2021-08-05 21:00:00+00:00,65.71,65.71,65.71,65.71,205.0,65.71,3.0
2021-08-05 23:00:00+00:00,65.71,65.71,65.71,65.71,500.0,65.71,6.0
2021-08-06 08:00:00+00:00,65.79,65.79,65.79,65.79,100.0,65.79,1.0
2021-08-06 11:00:00+00:00,66.0,66.0,66.0,66.0,100.0,66.0,1.0
2021-08-06 12:00:00+00:00,65.8,66.5,65.8,66.27,1498.0,66.3578,17.0
2021-08-06 13:00:00+00:00,66.39,67.06,65.81,66.2,464534.0,66.4088,3955.0
2021-08-06 14:00:00+00:00,66.195,66.45,65.6491,66.2999,399297.0,66.1449,4594.0
2021-08-06 15:00:00+00:00,66.3,66.61,66.06,66.29,270975.0,66.3218,3544.0
2021-08-06 16:00:00+00:00,66.24,66.8,66.13,66.69,268979.0,66.4635,3491.0
2021-08-06 17:00:00+00:00,66.69,66.88,66.58,66.73,292176.0,66.745,3655.0
2021-08-06 18:00:00+00:00,66.72,66.83,66.31,66.48,226557.0,66.5657,3611.0
2021-08-06 19:00:00+00:00,66.4898,66.74,66.42,66.51,600585.0,66.5372,7490.0
2021-08-06 20:00:00+00:00,66.5,66.5001,66.5,66.5001,50886.0,66.4999,37.0
2021-08-06 21:00:00+00:00,66.5,66.53,66.5,66.53,1556.0,66.5019,12.0
2021-08-06 22:00:00+00:00,66.5,66.5,66.5,66.5,112.0,66.5,2.0
2021-08-06 23:00:00+00:00,66.55,66.55,66.55,66.55,3310.0,66.5496,3.0
2021-08-09 08:00:00+00:00,65.64,65.64,65.64,65.64,101.0,65.6425,2.0
2021-08-09 10:00:00+00:00,65.5,65.5,65.5,65.5,101.0,65.5,1.0
2021-08-09 11:00:00+00:00,65.56,65.56,65.3,65.48,3293.0,65.3922,30.0
2021-08-09 12:00:00+00:00,65.28,65.55,65.28,65.55,9595.0,65.3629,48.0
2021-08-09 13:00:00+00:00,65.39,65.96,65.05,65.41,340412.0,65.5076,2882.0
2021-08-09 14:00:00+00:00,65.44,65.725,65.07,65.6401,414093.0,65.3774,5518.0
2021-08-09 15:00:00+00:00,65.67,66.18,65.595,66.08,313804.0,65.8898,4424.0
2021-08-09 16:00:00+00:00,66.08,66.195,66.005,66.09,181017.0,66.0983,3125.0
2021-08-09 17:00:00+00:00,66.1,66.31,66.06,66.125,205082.0,66.1842,3274.0
2021-08-09 18:00:00+00:00,66.13,66.33,66.065,66.27,234143.0,66.2005,3360.0
2021-08-09 19:00:00+00:00,66.27,66.34,65.95,66.0,621720.0,66.1694,7852.0
2021-08-09 20:00:00+00:00,66.0,66.45,66.0,66.45,156439.0,66.0028,42.0
2021-08-09 21:00:00+00:00,66.18,66.18,66.1,66.1,200.0,66.14,2.0
2021-08-10 12:00:00+00:00,67.0,67.0,66.41,66.5,11697.0,66.8679,77.0
2021-08-10 13:00:00+00:00,66.4,66.7,65.835,66.15,300282.0,66.1788,3157.0
2021-08-10 14:00:00+00:00,66.15,66.87,66.01,66.74,462469.0,66.5649,6419.0
2021-08-10 15:00:00+00:00,66.76,66.83,66.19,66.44,690861.0,66.4759,8171.0
2021-08-10 16:00:00+00:00,66.44,66.765,66.41,66.61,393737.0,66.5979,5461.0
2021-08-10 17:00:00+00:00,66.61,67.145,66.56,67.0399,429622.0,66.9141,5767.0
2021-08-10 18:00:00+00:00,67.03,67.19,67.0,67.01,308024.0,67.0929,4732.0
2021-08-10 19:00:00+00:00,67.0,67.06,66.77,66.9,809459.0,66.9026,10121.0
2021-08-10 20:00:00+00:00,66.9,66.99,66.9,66.99,45271.0,66.9003,26.0
2021-08-10 22:00:00+00:00,67.03,67.04,67.03,67.03,537.0,67.0363,5.0
2021-08-11 11:00:00+00:00,66.56,66.56,66.52,66.52,551.0,66.5436,8.0
2021-08-11 12:00:00+00:00,67.25,67.25,66.26,66.5,1453.0,66.7608,19.0
2021-08-11 13:00:00+00:00,66.4,66.86,65.875,66.04,282180.0,66.3269,3216.0
2021-08-11 14:00:00+00:00,65.98,66.36,65.79,65.97,470476.0,66.0848,5696.0
2021-08-11 15:00:00+00:00,65.98,66.01,65.245,65.59,692899.0,65.542,7560.0
2021-08-11 16:00:00+00:00,65.59,66.2,65.574,65.95,697853.0,65.8966,7091.0
2021-08-11 17:00:00+00:00,65.94,66.23,65.79,66.0,603590.0,65.9922,6316.0
2021-08-11 18:00:00+00:00,66.006,66.599,65.94,66.48,498604.0,66.3312,6432.0
2021-08-11 19:00:00+00:00,66.47,66.86,66.445,66.84,896204.0,66.6762,11388.0
2021-08-11 20:00:00+00:00,66.84,66.84,66.84,66.84,53760.0,66.84,43.0
2021-08-11 21:00:00+00:00,66.89,66.89,66.81,66.81,599.0,66.8754,7.0
2021-08-11 22:00:00+00:00,66.63,66.63,66.0,66.0,497.0,66.511,8.0
2021-08-11 23:00:00+00:00,66.4,66.4,66.4,66.4,450.0,66.4,1.0
2021-08-12 13:00:00+00:00,66.84,67.31,66.52,66.74,176523.0,66.8936,2099.0
2021-08-12 14:00:00+00:00,66.74,66.81,66.05,66.39,276693.0,66.4344,4469.0
2021-08-12 15:00:00+00:00,66.36,66.74,66.13,66.72,201896.0,66.4991,3378.0
2021-08-12 16:00:00+00:00,66.71,67.14,66.71,66.9499,231126.0,66.9099,3859.0
2021-08-12 17:00:00+00:00,66.945,66.97,66.51,66.53,149144.0,66.6747,3065.0
2021-08-12 18:00:00+00:00,66.54,66.97,66.45,66.94,227502.0,66.7328,3950.0
2021-08-12 19:00:00+00:00,66.92,67.285,66.92,67.25,429797.0,67.1472,7265.0
2021-08-12 20:00:00+00:00,67.25,67.25,67.25,67.25,17436.0,67.25,40.0
2021-08-12 21:00:00+00:00,67.25,67.42,67.25,67.42,1101.0,67.2927,9.0
2021-08-12 23:00:00+00:00,67.27,67.27,67.25,67.25,1800.0,67.2532,16.0
2021-08-13 12:00:00+00:00,66.5,67.07,66.5,67.07,547.0,66.9642,5.0
2021-08-13 13:00:00+00:00,67.45,67.4624,66.75,66.77,144254.0,67.057,1621.0
2021-08-13 14:00:00+00:00,66.83,67.038,66.63,66.86,249345.0,66.7756,3443.0
2021-08-13 15:00:00+00:00,66.9,67.096,66.86,67.055,195400.0,66.9946,2989.0
2021-08-13 16:00:00+00:00,67.06,67.18,66.902,66.902,167751.0,67.0504,2632.0
2021-08-13 17:00:00+00:00,66.9,66.97,66.72,66.79,144703.0,66.8238,2866.0
2021-08-13 18:00:00+00:00,66.81,66.82,66.35,66.37,253320.0,66.4885,3950.0
2021-08-13 19:00:00+00:00,66.3699,66.54,66.13,66.23,531218.0,66.2952,6996.0
2021-08-13 20:00:00+00:00,66.25,66.25,66.25,66.25,30003.0,66.25,34.0
2021-08-13 21:00:00+00:00,66.25,66.25,66.25,66.25,200.0,66.25,5.0
2021-08-13 23:00:00+00:00,66.25,66.25,66.25,66.25,160.0,66.25,2.0
2021-08-16 11:00:00+00:00,65.95,66.05,65.84,65.99,1329.0,65.97,16.0
2021-08-16 12:00:00+00:00,66.0,66.0,65.0,65.0,4987.0,65.5286,28.0
2021-08-16 13:00:00+00:00,65.36,65.49,63.88,64.0663,427782.0,64.4951,4058.0
2021-08-16 14:00:00+00:00,64.08,65.21,63.95,64.45,476102.0,64.6566,5703.0
2021-08-16 15:00:00+00:00,64.45,64.735,64.3,64.4,295252.0,64.527,4446.0
2021-08-16 16:00:00+00:00,64.42,64.52,64.135,64.23,341504.0,64.3082,4438.0
2021-08-16 17:00:00+00:00,64.2285,64.54,64.185,64.5,199332.0,64.3862,3079.0
2021-08-16 18:00:00+00:00,64.49,64.75,64.4,64.69,233913.0,64.5893,3504.0
2021-08-16 19:00:00+00:00,64.68,64.78,64.31,64.54,636546.0,64.5496,8090.0
2021-08-16 20:00:00+00:00,64.54,64.54,64.23,64.23,56914.0,64.5178,59.0
2021-08-16 21:00:00+00:00,64.26,64.26,64.25,64.25,1000.0,64.253,10.0
2021-08-16 22:00:00+00:00,64.53,64.53,64.5,64.52,394.0,64.5153,5.0
2021-08-16 23:00:00+00:00,64.51,64.51,64.51,64.51,100.0,64.51,1.0
2021-08-17 11:00:00+00:00,64.15,64.18,63.95,64.18,2181.0,64.0549,27.0
2021-08-17 12:00:00+00:00,64.1,64.1,64.08,64.09,3010.0,64.4623,6.0
2021-08-17 13:00:00+00:00,64.08,64.24,63.35,63.61,264015.0,63.8715,2890.0
2021-08-17 14:00:00+00:00,63.6424,64.62,63.6424,64.29,415023.0,64.312,5166.0
2021-08-17 15:00:00+00:00,64.29,64.365,63.94,64.145,354561.0,64.1919,5191.0
2021-08-17 16:00:00+00:00,64.14,64.215,62.9101,62.95,521560.0,63.6416,5683.0
2021-08-17 17:00:00+00:00,62.94,63.515,62.925,63.345,393823.0,63.2768,4920.0
2021-08-17 18:00:00+00:00,63.3202,63.54,63.03,63.4916,303843.0,63.3094,4491.0
2021-08-17 19:00:00+00:00,63.5,63.71,63.27,63.5,681885.0,63.4773,8607.0
2021-08-17 20:00:00+00:00,63.51,63.51,63.51,63.51,35909.0,63.5099,26.0
2021-08-17 21:00:00+00:00,63.51,63.51,63.51,63.51,1040.0,63.5104,6.0
2021-08-17 23:00:00+00:00,63.3,63.3,63.3,63.3,100.0,63.3,1.0
2021-08-18 11:00:00+00:00,63.55,63.55,63.55,63.55,1428.0,63.55,6.0
2021-08-18 12:00:00+00:00,63.9,63.9,63.5,63.75,4060.0,63.5406,37.0
2021-08-18 13:00:00+00:00,63.4871,63.72,62.65,63.31,183397.0,63.068,1888.0
2021-08-18 14:00:00+00:00,63.31,64.3,62.92,64.175,450408.0,63.5046,4995.0
2021-08-18 15:00:00+00:00,64.2,64.66,64.14,64.21,384326.0,64.3495,4779.0
2021-08-18 16:00:00+00:00,64.21,64.3,63.6357,63.85,308038.0,63.8722,4083.0
2021-08-18 17:00:00+00:00,63.84,64.13,63.7,63.99,299702.0,63.8976,3515.0
2021-08-18 18:00:00+00:00,63.98,64.17,63.3,63.34,290160.0,63.5912,4498.0
2021-08-18 19:00:00+00:00,63.32,63.32,62.18,62.2476,768896.0,62.6483,9479.0
2021-08-18 20:00:00+00:00,62.24,63.3,62.24,62.25,38310.0,62.2559,73.0
2021-08-18 21:00:00+00:00,62.35,62.4,62.35,62.4,1026.0,62.3861,7.0
2021-08-18 22:00:00+00:00,62.44,62.45,62.44,62.45,500.0,62.4447,3.0
2021-08-18 23:00:00+00:00,62.45,62.45,62.45,62.45,400.0,62.45,1.0
2021-08-19 09:00:00+00:00,61.1,61.1,61.1,61.1,818.0,61.1,3.0
2021-08-19 10:00:00+00:00,61.35,61.4,61.05,61.05,1723.0,61.3045,6.0
2021-08-19 11:00:00+00:00,61.4,61.4,61.0,61.0,2098.0,61.2028,42.0
2021-08-19 12:00:00+00:00,61.4,61.4,60.8273,61.01,4035.0,61.1021,30.0
2021-08-19 13:00:00+00:00,61.4,61.4,60.57,60.97,330853.0,60.9403,3334.0
2021-08-19 14:00:00+00:00,60.91,61.27,59.63,60.14,1043731.0,60.3298,12205.0
2021-08-19 15:00:00+00:00,60.14,60.39,59.53,60.3,766066.0,59.8982,9667.0
2021-08-19 16:00:00+00:00,60.3,60.39,60.01,60.23,464358.0,60.1813,6246.0
2021-08-19 17:00:00+00:00,60.24,60.24,59.55,59.59,446243.0,59.8751,5989.0
2021-08-19 18:00:00+00:00,59.58,59.79,59.33,59.62,751312.0,59.5235,9231.0
2021-08-19 19:00:00+00:00,59.6,60.37,59.6,60.25,914267.0,60.1113,11637.0
2021-08-19 20:00:00+00:00,60.24,60.26,60.24,60.25,45199.0,60.2404,51.0
2021-08-19 22:00:00+00:00,60.16,60.17,60.16,60.17,358.0,60.1828,5.0
2021-08-19 23:00:00+00:00,60.1,60.2,60.1,60.1,1088.0,60.1362,12.0
2021-08-20 11:00:00+00:00,59.88,59.88,59.52,59.73,1168.0,59.6808,12.0
2021-08-20 12:00:00+00:00,59.78,59.95,59.45,59.68,4566.0,59.7162,36.0
2021-08-20 13:00:00+00:00,59.91,59.95,59.04,59.35,339104.0,59.4568,3382.0
2021-08-20 14:00:00+00:00,59.34,59.61,58.85,59.27,728869.0,59.171,8404.0
2021-08-20 15:00:00+00:00,59.2982,60.32,59.29,60.32,868234.0,59.8715,7691.0
2021-08-20 16:00:00+00:00,60.33,60.43,59.98,60.0,376931.0,60.1966,5881.0
2021-08-20 17:00:00+00:00,60.0,60.21,59.92,59.92,329566.0,60.0895,4731.0
2021-08-20 18:00:00+00:00,59.92,60.25,59.91,60.06,317753.0,60.0977,4879.0
2021-08-20 19:00:00+00:00,60.05,60.22,59.95,60.2,740910.0,60.0974,9199.0
2021-08-20 20:00:00+00:00,60.2,60.27,60.07,60.07,126337.0,60.1984,61.0
2021-08-20 21:00:00+00:00,60.2,60.2,60.2,60.2,64701.0,60.2,2.0
2021-08-20 23:00:00+00:00,60.25,60.39,60.25,60.39,594.0,60.3447,8.0
2021-08-23 10:00:00+00:00,61.01,61.01,61.01,61.01,100.0,61.01,1.0
2021-08-23 11:00:00+00:00,61.29,61.48,61.2,61.48,3135.0,61.2703,36.0
2021-08-23 12:00:00+00:00,60.95,61.5482,60.95,61.51,7471.0,61.4713,39.0
2021-08-23 13:00:00+00:00,61.52,62.79,61.51,62.54,452218.0,62.3255,4044.0
2021-08-23 14:00:00+00:00,62.54,62.65,61.96,62.58,471605.0,62.2736,6081.0
2021-08-23 15:00:00+00:00,62.58,62.69,62.07,62.26,427400.0,62.3933,4944.0
2021-08-23 16:00:00+00:00,62.3,62.61,62.18,62.525,367751.0,62.3669,4438.0
2021-08-23 17:00:00+00:00,62.53,62.76,62.34,62.62,278380.0,62.5274,3801.0
2021-08-23 18:00:00+00:00,62.61,62.88,62.59,62.77,337128.0,62.7405,4501.0
2021-08-23 19:00:00+00:00,62.765,63.175,62.53,63.11,1231130.0,62.9327,11763.0
2021-08-23 20:00:00+00:00,63.11,63.23,63.11,63.2,475746.0,63.1109,69.0
2021-08-23 21:00:00+00:00,63.14,63.14,63.14,63.14,100.0,63.14,1.0
2021-08-23 22:00:00+00:00,63.15,63.2999,63.15,63.21,8582.0,63.1583,19.0
2021-08-23 23:00:00+00:00,63.11,63.3,63.11,63.3,536.0,63.1716,3.0
2021-08-24 11:00:00+00:00,64.3,64.49,64.15,64.15,1246.0,64.1836,24.0
2021-08-24 12:00:00+00:00,64.22,64.22,63.9899,63.9899,1884.0,64.0341,19.0
2021-08-24 13:00:00+00:00,63.75,65.31,63.6,65.28,388105.0,64.6221,4436.0
2021-08-24 14:00:00+00:00,65.2989,65.31,64.51,64.69,508625.0,64.772,6850.0
2021-08-24 15:00:00+00:00,64.71,65.09,64.28,64.55,474009.0,64.6653,5972.0
2021-08-24 16:00:00+00:00,64.55,64.9499,64.4,64.92,353167.0,64.6346,4882.0
2021-08-24 17:00:00+00:00,64.91,65.34,64.89,65.2541,379450.0,65.0894,4913.0
2021-08-24 18:00:00+00:00,65.25,65.45,65.125,65.34,476944.0,65.2616,5981.0
2021-08-24 19:00:00+00:00,65.35,65.515,65.1,65.23,812458.0,65.2739,9253.0
2021-08-24 20:00:00+00:00,65.23,65.23,65.23,65.23,51389.0,65.23,46.0
2021-08-24 21:00:00+00:00,65.36,65.36,65.23,65.24,2706.0,65.2945,31.0
2021-08-24 22:00:00+00:00,65.33,65.4,65.33,65.33,781.0,65.3391,5.0
2021-08-24 23:00:00+00:00,65.23,65.33,65.2,65.2,4800.0,65.2708,35.0
2021-08-25 10:00:00+00:00,65.23,65.23,65.23,65.23,300.0,65.23,1.0
2021-08-25 11:00:00+00:00,65.3,65.3,65.0,65.0,394.0,65.0761,3.0
2021-08-25 12:00:00+00:00,65.0,65.44,65.0,65.44,1076.0,65.1885,10.0
2021-08-25 13:00:00+00:00,65.2111,65.5,64.92,65.45,269650.0,65.1533,2775.0
2021-08-25 14:00:00+00:00,65.45,66.0499,65.03,65.83,569058.0,65.5699,5356.0
2021-08-25 15:00:00+00:00,65.835,66.11,65.53,66.09,433502.0,65.8244,4901.0
2021-08-25 16:00:00+00:00,66.08,66.46,66.0339,66.29,240267.0,66.3217,3459.0
2021-08-25 17:00:00+00:00,66.295,66.815,66.28,66.73,455054.0,66.6182,5611.0
2021-08-25 18:00:00+00:00,66.735,66.85,66.515,66.645,281621.0,66.7037,3997.0
2021-08-25 19:00:00+00:00,66.65,66.68,66.28,66.33,506883.0,66.3908,7243.0
2021-08-25 20:00:00+00:00,66.34,66.34,66.34,66.34,49971.0,66.34,35.0
2021-08-25 23:00:00+00:00,66.34,66.34,66.34,66.34,100.0,66.34,1.0
2021-08-26 08:00:00+00:00,66.14,66.14,66.13,66.13,300.0,66.135,2.0
2021-08-26 12:00:00+00:00,65.92,66.2,65.91,66.02,1973.0,65.9878,15.0
2021-08-26 13:00:00+00:00,66.0,66.47,65.32,66.2834,389711.0,65.7668,3451.0
2021-08-26 14:00:00+00:00,66.31,66.58,65.56,65.67,404940.0,66.1691,4837.0
2021-08-26 15:00:00+00:00,65.71,66.33,65.41,66.23,295253.0,65.9265,4292.0
2021-08-26 16:00:00+00:00,66.23,66.54,66.23,66.37,388588.0,66.3906,4251.0
2021-08-26 17:00:00+00:00,66.38,66.38,65.81,65.82,284026.0,66.0395,4409.0
2021-08-26 18:00:00+00:00,65.83,65.85,65.48,65.53,241341.0,65.6636,3929.0
2021-08-26 19:00:00+00:00,65.53,65.71,65.36,65.46,484144.0,65.5364,6953.0
2021-08-26 20:00:00+00:00,65.46,65.46,65.46,65.46,30171.0,65.46,31.0
2021-08-26 21:00:00+00:00,65.4599,65.4599,65.4599,65.4599,200.0,65.4599,3.0
2021-08-26 22:00:00+00:00,65.46,65.49,65.45,65.49,852.0,65.4641,8.0
2021-08-26 23:00:00+00:00,65.47,65.47,65.47,65.47,100.0,65.47,1.0
2021-08-27 11:00:00+00:00,66.12,66.26,66.12,66.24,1450.0,66.2383,17.0
2021-08-27 12:00:00+00:00,65.75,66.24,65.75,66.24,2217.0,66.1738,14.0
2021-08-27 13:00:00+00:00,66.27,67.16,65.8,67.01,399421.0,66.7657,3665.0
2021-08-27 14:00:00+00:00,67.02,67.47,66.46,67.44,479749.0,66.8838,6928.0
2021-08-27 15:00:00+00:00,67.44,67.69,67.32,67.69,371845.0,67.4995,5837.0
2021-08-27 16:00:00+00:00,67.7,68.01,67.6138,67.775,373228.0,67.813,4913.0
2021-08-27 17:00:00+00:00,67.77,67.81,67.57,67.71,215599.0,67.6615,3500.0
2021-08-27 18:00:00+00:00,67.7,67.715,67.14,67.22,237187.0,67.3669,3999.0
2021-08-27 19:00:00+00:00,67.21,67.35,67.03,67.13,701694.0,67.1576,8401.0
2021-08-27 20:00:00+00:00,67.11,67.19,67.11,67.19,21235.0,67.1107,34.0
2021-08-27 22:00:00+00:00,67.22,67.3,67.22,67.3,3100.0,67.2974,4.0
2021-08-27 23:00:00+00:00,67.37,67.37,67.37,67.37,298.0,67.37,1.0
2021-08-30 08:00:00+00:00,67.36,67.37,67.36,67.37,2000.0,67.3638,6.0
2021-08-30 12:00:00+00:00,67.45,68.0,67.45,67.55,3891.0,67.6706,16.0
2021-08-30 13:00:00+00:00,67.58,67.99,66.7665,67.12,253889.0,67.2585,2626.0
2021-08-30 14:00:00+00:00,67.14,67.17,66.3701,67.04,324131.0,66.7982,4252.0
2021-08-30 15:00:00+00:00,67.045,67.2,66.75,67.05,365645.0,67.0125,3778.0
2021-08-30 16:00:00+00:00,67.04,67.24,66.8101,66.85,266654.0,67.0302,3295.0
2021-08-30 17:00:00+00:00,66.86,66.89,66.43,66.67,213828.0,66.6427,2709.0
2021-08-30 18:00:00+00:00,66.685,66.773,66.5,66.52,274372.0,66.5944,3386.0
2021-08-30 19:00:00+00:00,66.525,66.71,65.98,66.02,708016.0,66.2855,8672.0
2021-08-30 20:00:00+00:00,66.02,66.02,66.02,66.02,8076.0,66.0205,28.0
2021-08-30 21:00:00+00:00,66.02,66.04,66.02,66.02,1449.0,66.0248,12.0
2021-08-30 22:00:00+00:00,66.1,66.1,66.1,66.1,1000.0,66.1,1.0
2021-08-30 23:00:00+00:00,66.09,66.1,66.09,66.1,430.0,66.0899,4.0
2021-08-31 09:00:00+00:00,66.13,66.13,66.13,66.13,200.0,66.335,3.0
2021-08-31 11:00:00+00:00,65.99,66.34,65.51,65.51,731.0,65.9448,20.0
2021-08-31 12:00:00+00:00,65.6,65.93,65.6,65.93,213.0,65.7751,2.0
2021-08-31 13:00:00+00:00,65.82,66.59,65.32,65.53,545901.0,65.9078,5701.0
2021-08-31 14:00:00+00:00,65.52,66.03,65.23,65.755,715229.0,65.5962,9278.0
2021-08-31 15:00:00+00:00,65.765,66.06,65.66,65.94,1326044.0,65.8338,9150.0
2021-08-31 16:00:00+00:00,65.93,66.555,65.85,66.47,639392.0,66.16,6942.0
2021-08-31 17:00:00+00:00,66.46,66.98,66.4,66.91,301870.0,66.7473,4123.0
2021-08-31 18:00:00+00:00,66.9199,67.06,66.49,66.609,267401.0,66.7318,3701.0
2021-08-31 19:00:00+00:00,66.61,66.65,66.28,66.29,1208509.0,66.4446,13441.0
2021-08-31 20:00:00+00:00,66.31,66.311459,66.301711,66.31,133950.0,66.31,43.0
2021-08-31 21:00:00+00:00,66.31,66.31,66.31,66.31,1000.0,66.31,5.0
2021-08-31 22:00:00+00:00,66.31,66.31,65.83,65.83,400.0,66.19,3.0
2021-09-01 12:00:00+00:00,67.17,67.17,67.17,67.17,200.0,67.17,2.0
2021-09-01 13:00:00+00:00,66.2908,67.0,65.35,65.38,511378.0,66.2104,3044.0
2021-09-01 14:00:00+00:00,65.41,65.65,64.41,64.44,543676.0,65.0303,7003.0
2021-09-01 15:00:00+00:00,64.415,64.48,63.77,63.856,828433.0,64.1516,8909.0
2021-09-01 16:00:00+00:00,63.85,64.3,63.76,64.11,540746.0,64.0401,6629.0
2021-09-01 17:00:00+00:00,64.1,64.17,63.59,63.785,593951.0,63.8657,6001.0
2021-09-01 18:00:00+00:00,63.79,63.82,63.23,63.4,511792.0,63.444,6132.0
2021-09-01 19:00:00+00:00,63.4,64.01,63.38,63.95,1152494.0,63.7998,12397.0
2021-09-01 20:00:00+00:00,63.95,64.0,63.95,63.95,73026.0,63.9506,51.0
2021-09-01 21:00:00+00:00,63.95,63.96,63.95,63.95,2463.0,63.9504,17.0
2021-09-01 22:00:00+00:00,63.95,63.95,63.93,63.93,1109.0,63.9483,12.0
2021-09-01 23:00:00+00:00,63.93,63.93,63.93,63.93,100.0,63.93,1.0
2021-09-02 12:00:00+00:00,64.47,64.49,64.35,64.35,3814.0,64.4214,21.0
2021-09-02 13:00:00+00:00,64.35,65.2,63.91,64.49,531492.0,64.4498,4340.0
2021-09-02 14:00:00+00:00,64.51,65.52,64.5,65.35,898065.0,65.0313,8453.0
2021-09-02 15:00:00+00:00,65.34,65.98,65.34,65.94,375278.0,65.6448,4865.0
2021-09-02 16:00:00+00:00,65.95,65.99,65.7,65.8,203635.0,65.8136,3302.0
2021-09-02 17:00:00+00:00,65.78,65.81,65.2881,65.3359,191966.0,65.4898,3288.0
2021-09-02 18:00:00+00:00,65.34,65.34,65.0435,65.21,234071.0,65.1619,3849.0
2021-09-02 19:00:00+00:00,65.23,65.36,64.79,65.21,624368.0,65.0382,8848.0
2021-09-02 20:00:00+00:00,65.2,65.2,65.2,65.2,33021.0,65.2,36.0
2021-09-02 21:00:00+00:00,65.2,65.21,65.2,65.2,8000.0,65.2004,18.0
2021-09-03 12:00:00+00:00,65.48,65.48,65.45,65.45,600.0,65.475,2.0
2021-09-03 13:00:00+00:00,64.75,65.91,64.75,65.34,248556.0,65.4564,2680.0
2021-09-03 14:00:00+00:00,65.35,65.77,64.6,64.75,380205.0,65.2054,5108.0
2021-09-03 15:00:00+00:00,64.8,64.85,64.2,64.494,285718.0,64.5423,4747.0
2021-09-03 16:00:00+00:00,64.47,64.505,64.08,64.31,188650.0,64.3054,3041.0
2021-09-03 17:00:00+00:00,64.3,64.43,64.121,64.35,193357.0,64.2713,2891.0
2021-09-03 18:00:00+00:00,64.34,64.745,64.31,64.695,165003.0,64.5912,3020.0
2021-09-03 19:00:00+00:00,64.69,64.7327,64.44,64.72,415140.0,64.6191,6590.0
2021-09-03 20:00:00+00:00,64.7,64.7,64.62,64.62,13512.0,64.6907,35.0
2021-09-03 22:00:00+00:00,64.6,64.6,64.6,64.6,300.0,64.6027,2.0
2021-09-07 11:00:00+00:00,65.24,65.4,64.86,64.86,910.0,65.1205,9.0
2021-09-07 12:00:00+00:00,64.86,64.97,64.31,64.7,3854.0,64.7341,23.0
2021-09-07 13:00:00+00:00,64.4558,66.42,64.35,65.94,365756.0,65.7587,4404.0
2021-09-07 14:00:00+00:00,65.935,66.25,65.03,65.27,489888.0,65.5918,6457.0
2021-09-07 15:00:00+00:00,65.26,65.35,64.89,65.03,319187.0,65.1157,4782.0
2021-09-07 16:00:00+00:00,65.03,65.33,64.93,65.24,294247.0,65.1236,3655.0
2021-09-07 17:00:00+00:00,65.245,65.53,65.15,65.45,322411.0,65.2832,4525.0
2021-09-07 18:00:00+00:00,65.46,65.57,65.2529,65.34,236534.0,65.3787,3878.0
2021-09-07 19:00:00+00:00,65.31,65.6,65.31,65.53,543675.0,65.5038,8036.0
2021-09-07 20:00:00+00:00,65.52,65.52,65.49,65.49,28932.0,65.5198,38.0
2021-09-08 11:00:00+00:00,66.0,66.0,65.84,65.84,795.0,65.8813,10.0
2021-09-08 12:00:00+00:00,65.85,65.85,65.8,65.8,221.0,65.8249,6.0
2021-09-08 13:00:00+00:00,65.87,66.32,65.5026,65.72,172683.0,65.9368,2162.0
2021-09-08 14:00:00+00:00,65.7494,65.95,64.02,64.08,591933.0,64.7798,7242.0
2021-09-08 15:00:00+00:00,64.05,64.511,64.01,64.06,416023.0,64.2294,5508.0
2021-09-08 16:00:00+00:00,64.0554,64.55,64.01,64.45,286074.0,64.3371,3981.0
2021-09-08 17:00:00+00:00,64.44,64.44,63.95,64.08,258946.0,64.1195,3613.0
2021-09-08 18:00:00+00:00,64.0738,64.34,63.94,64.07,330363.0,64.1173,3714.0
2021-09-08 19:00:00+00:00,64.0666,64.27,63.67,63.7,767026.0,63.8876,9050.0
2021-09-08 20:00:00+00:00,63.7,63.93,63.7,63.89,287362.0,63.7007,53.0
2021-09-08 21:00:00+00:00,63.9,63.9,63.9,63.9,500.0,63.9,2.0
2021-09-08 22:00:00+00:00,64.01,64.01,64.01,64.01,300.0,64.0104,4.0
2021-09-08 23:00:00+00:00,63.69,63.69,63.69,63.69,183.0,63.6948,9.0
2021-09-09 12:00:00+00:00,63.65,63.65,63.6,63.6,2972.0,63.6079,27.0
2021-09-09 13:00:00+00:00,63.5,63.83,62.8,63.75,201956.0,63.2961,2299.0
2021-09-09 14:00:00+00:00,63.8,65.14,63.69,64.395,703093.0,64.3888,6968.0
2021-09-09 15:00:00+00:00,64.37,64.6014,63.84,63.99,417276.0,64.2834,4516.0
2021-09-09 16:00:00+00:00,64.03,64.0435,63.6167,63.86,232311.0,63.857,2742.0
2021-09-09 17:00:00+00:00,63.8501,63.95,63.25,63.6,279396.0,63.591,3383.0
2021-09-09 18:00:00+00:00,63.59,63.6616,63.26,63.42,210303.0,63.4666,3193.0
2021-09-09 19:00:00+00:00,63.4,63.9799,63.37,63.54,576017.0,63.6367,8120.0
2021-09-09 20:00:00+00:00,63.54,63.54,63.53,63.53,22076.0,63.54,35.0
2021-09-09 21:00:00+00:00,63.54,63.54,63.47,63.47,3244.0,63.537,7.0
2021-09-09 22:00:00+00:00,63.54,63.54,63.52,63.52,527.0,63.531,4.0
2021-09-10 11:00:00+00:00,64.33,64.33,64.2,64.2,1800.0,64.2778,14.0
2021-09-10 12:00:00+00:00,64.4,64.4,64.39,64.39,1218.0,64.3982,3.0
2021-09-10 13:00:00+00:00,64.33,64.4,63.26,63.39,379526.0,63.7773,3130.0
2021-09-10 14:00:00+00:00,63.37,63.37,62.7,62.9,464045.0,63.0005,5867.0
2021-09-10 15:00:00+00:00,62.9,63.4617,62.85,63.4617,448874.0,63.1067,4618.0
2021-09-10 16:00:00+00:00,63.45,63.7,63.36,63.4201,470292.0,63.4771,4468.0
2021-09-10 17:00:00+00:00,63.425,63.775,63.4249,63.75,347798.0,63.615,4753.0
2021-09-10 18:00:00+00:00,63.765,63.83,63.54,63.69,230306.0,63.7154,3800.0
2021-09-10 19:00:00+00:00,63.68,63.72,63.39,63.41,554338.0,63.5122,7810.0
2021-09-10 20:00:00+00:00,63.41,63.41,63.2,63.41,38744.0,63.3999,57.0
2021-09-10 22:00:00+00:00,63.19,63.19,63.19,63.19,300.0,63.19,1.0
2021-09-10 23:00:00+00:00,63.22,63.48,63.22,63.48,1300.0,63.3131,3.0
2021-09-13 09:00:00+00:00,63.99,63.99,63.55,63.57,882.0,63.7683,8.0
2021-09-13 11:00:00+00:00,63.86,63.86,63.85,63.85,600.0,63.8517,5.0
2021-09-13 12:00:00+00:00,63.8,64.1499,63.8,64.14,1634.0,64.0521,16.0
2021-09-13 13:00:00+00:00,64.15,65.62,64.0,65.025,497603.0,64.8487,5887.0
2021-09-13 14:00:00+00:00,64.97,65.98,64.39,65.94,656062.0,65.437,8732.0
2021-09-13 15:00:00+00:00,65.97,66.56,65.575,66.53,659311.0,66.1906,8544.0
2021-09-13 16:00:00+00:00,66.54,66.72,66.3,66.42,465495.0,66.4929,7292.0
2021-09-13 17:00:00+00:00,66.43,66.5,65.94,66.16,504866.0,66.2183,5950.0
2021-09-13 18:00:00+00:00,66.16,66.34,65.76,66.18,393926.0,66.0029,5426.0
2021-09-13 19:00:00+00:00,66.175,66.37,65.71,66.18,829452.0,66.1467,11020.0
2021-09-13 20:00:00+00:00,66.18,66.49,66.09,66.3,47492.0,66.1807,37.0
2021-09-13 22:00:00+00:00,66.45,66.45,66.2,66.25,1353.0,66.3847,14.0
2021-09-13 23:00:00+00:00,66.2,66.21,66.2,66.21,300.0,66.204,2.0
2021-09-14 11:00:00+00:00,66.5,66.79,66.5,66.79,300.0,66.5967,5.0
2021-09-14 12:00:00+00:00,66.9,66.9,66.51,66.51,830.0,66.6074,6.0
2021-09-14 13:00:00+00:00,66.77,67.33,65.76,65.78,428424.0,66.7102,4085.0
2021-09-14 14:00:00+00:00,65.77,65.89,64.96,65.05,429302.0,65.4306,5599.0
2021-09-14 15:00:00+00:00,65.06,65.49,64.87,65.1259,405106.0,65.1534,5453.0
2021-09-14 16:00:00+00:00,65.1515,65.48,65.08,65.18,224081.0,65.313,3782.0
2021-09-14 17:00:00+00:00,65.17,65.52,65.03,65.44,235311.0,65.2723,4029.0
2021-09-14 18:00:00+00:00,65.445,65.445,64.78,64.83,238888.0,65.0086,4254.0
2021-09-14 19:00:00+00:00,64.83,64.855,64.47,64.7,637298.0,64.6558,9561.0
2021-09-14 20:00:00+00:00,64.7,64.71,64.7,64.7,39591.0,64.7,63.0
2021-09-14 21:00:00+00:00,64.79,64.84,64.79,64.84,300.0,64.7913,4.0
2021-09-14 22:00:00+00:00,64.66,64.66,64.66,64.66,100.0,64.66,1.0
2021-09-14 23:00:00+00:00,65.0,65.0,64.82,64.83,1285.0,64.9036,9.0
2021-09-15 11:00:00+00:00,65.54,65.58,65.54,65.58,1000.0,65.5653,6.0
2021-09-15 12:00:00+00:00,65.33,65.35,64.6855,64.6855,5475.0,65.2634,28.0
2021-09-15 13:00:00+00:00,65.62,66.7,65.17,66.29,445573.0,65.9209,4130.0
2021-09-15 14:00:00+00:00,66.33,66.45,65.23,65.38,665739.0,65.7268,8944.0
2021-09-15 15:00:00+00:00,65.35,65.77,65.26,65.582,333008.0,65.5505,5160.0
2021-09-15 16:00:00+00:00,65.59,65.7,65.12,65.685,321197.0,65.4739,4392.0
2021-09-15 17:00:00+00:00,65.69,66.14,65.52,66.12,330403.0,65.8526,3665.0
2021-09-15 18:00:00+00:00,66.11,66.435,65.87,66.39,420876.0,66.2425,5487.0
2021-09-15 19:00:00+00:00,66.395,66.595,66.3,66.53,800864.0,66.4575,11400.0
2021-09-15 20:00:00+00:00,66.51,66.52,66.45,66.52,94458.0,66.5099,49.0
2021-09-15 21:00:00+00:00,66.54,66.55,66.54,66.55,460.0,66.5478,3.0
2021-09-15 23:00:00+00:00,66.6,66.66,66.6,66.66,300.0,66.6301,3.0
2021-09-16 11:00:00+00:00,65.91,65.91,65.5,65.5,1450.0,65.6417,17.0
2021-09-16 12:00:00+00:00,66.29,66.29,66.1,66.1,410.0,66.239,2.0
2021-09-16 13:00:00+00:00,66.0,66.89,65.76,65.97,248678.0,66.2173,2258.0
2021-09-16 14:00:00+00:00,65.99,66.1699,65.35,65.61,294689.0,65.8173,4768.0
2021-09-16 15:00:00+00:00,65.59,65.92,65.43,65.5842,192560.0,65.6543,3488.0
2021-09-16 16:00:00+00:00,65.56,65.9,65.45,65.79,204575.0,65.6718,3152.0
2021-09-16 17:00:00+00:00,65.78,66.17,65.7,66.165,194939.0,65.8579,3234.0
2021-09-16 18:00:00+00:00,66.175,66.35,66.06,66.18,168465.0,66.2157,3104.0
2021-09-16 19:00:00+00:00,66.19,66.3,65.41,65.46,512476.0,65.79,7238.0
2021-09-16 20:00:00+00:00,65.46,65.46,65.45,65.46,112924.0,65.46,52.0
2021-09-16 21:00:00+00:00,65.46,65.46,65.46,65.46,100.0,65.46,1.0
2021-09-17 10:00:00+00:00,65.46,65.46,65.46,65.46,100.0,65.46,1.0
2021-09-17 11:00:00+00:00,65.2,65.4,65.2,65.4,625.0,65.3675,7.0
2021-09-17 12:00:00+00:00,65.24,65.3,65.24,65.3,330.0,65.2622,4.0
2021-09-17 13:00:00+00:00,65.18,66.5,65.0,66.035,711109.0,66.2993,3462.0
2021-09-17 14:00:00+00:00,65.96,66.06,65.32,65.45,294115.0,65.5747,4072.0
2021-09-17 15:00:00+00:00,65.4,65.85,65.34,65.5,324791.0,65.5362,4908.0
2021-09-17 16:00:00+00:00,65.5,65.575,65.2502,65.39,169020.0,65.39,3037.0
2021-09-17 17:00:00+00:00,65.33,65.39,65.04,65.19,176257.0,65.2436,3335.0
2021-09-17 18:00:00+00:00,65.1764,65.62,65.07,65.4799,458399.0,65.3727,6506.0
2021-09-17 19:00:00+00:00,65.47,66.01,65.45,65.6,953934.0,65.6872,11552.0
2021-09-17 20:00:00+00:00,65.6,65.6,65.47,65.47,354673.0,65.5992,111.0
2021-09-17 21:00:00+00:00,65.3,65.3,65.3,65.3,150.0,65.3,1.0
2021-09-17 23:00:00+00:00,65.48,65.48,65.48,65.48,100.0,65.48,1.0
2021-09-20 11:00:00+00:00,64.06,64.06,64.0,64.05,3739.0,64.0372,27.0
2021-09-20 12:00:00+00:00,64.97,64.97,63.36,63.5,14576.0,64.1518,42.0
2021-09-20 13:00:00+00:00,63.3701,64.18,63.06,63.875,459386.0,63.5603,4904.0
2021-09-20 14:00:00+00:00,63.82,64.16,63.17,63.7,550532.0,63.5951,7962.0
2021-09-20 15:00:00+00:00,63.64,63.68,62.93,63.06,318162.0,63.2197,5339.0
2021-09-20 16:00:00+00:00,63.065,63.11,62.4641,62.49,358698.0,62.8063,5172.0
2021-09-20 17:00:00+00:00,62.4947,62.68,62.29,62.63,273023.0,62.4625,4694.0
2021-09-20 18:00:00+00:00,62.63,62.695,61.8596,62.05,348315.0,62.2299,5936.0
2021-09-20 19:00:00+00:00,62.04,63.08,62.0,62.97,890504.0,62.639,11910.0
2021-09-20 20:00:00+00:00,62.97,62.97,62.8638,62.8638,89177.0,62.963,48.0
2021-09-20 22:00:00+00:00,62.85,62.9,62.85,62.9,752.0,62.8771,3.0
2021-09-20 23:00:00+00:00,62.97,62.97,62.95,62.97,830.0,62.964,7.0
2021-09-21 11:00:00+00:00,63.42,63.7,63.42,63.7,1573.0,63.5894,14.0
2021-09-21 12:00:00+00:00,63.6,63.69,63.6,63.69,1003.0,63.6469,7.0
2021-09-21 13:00:00+00:00,63.5,64.14,62.91,63.1912,1054845.0,63.0876,2757.0
2021-09-21 14:00:00+00:00,63.27,63.3002,62.27,62.59,376309.0,62.701,4852.0
2021-09-21 15:00:00+00:00,62.56,63.29,62.38,63.2,179683.0,62.8745,3165.0
2021-09-21 16:00:00+00:00,63.2,63.73,63.2,63.49,193385.0,63.5167,2490.0
2021-09-21 17:00:00+00:00,63.49,63.68,63.285,63.405,154143.0,63.498,2716.0
2021-09-21 18:00:00+00:00,63.4,63.93,63.325,63.61,166804.0,63.5494,2736.0
2021-09-21 19:00:00+00:00,63.63,63.975,63.31,63.33,483680.0,63.6556,6972.0
2021-09-21 20:00:00+00:00,63.32,63.32,63.17,63.18,53918.0,63.3185,40.0
2021-09-21 21:00:00+00:00,63.32,63.32,63.2,63.2,6415.0,63.3181,26.0
2021-09-21 22:00:00+00:00,63.35,63.35,63.35,63.35,100.0,63.35,1.0
2021-09-21 23:00:00+00:00,63.25,63.25,63.25,63.25,124.0,63.25,1.0
2021-09-22 11:00:00+00:00,63.87,64.48,63.87,64.0,1282.0,64.1083,10.0
2021-09-22 12:00:00+00:00,64.0,64.02,64.0,64.01,5353.0,64.0009,5.0
2021-09-22 13:00:00+00:00,64.17,65.66,64.03,65.5701,306643.0,65.0425,3098.0
2021-09-22 14:00:00+00:00,65.63,65.77,64.85,65.54,623165.0,65.3646,8027.0
2021-09-22 15:00:00+00:00,65.55,66.53,65.4,66.43,763294.0,65.9435,9960.0
2021-09-22 16:00:00+00:00,66.45,66.58,66.1534,66.35,476679.0,66.373,5998.0
2021-09-22 17:00:00+00:00,66.35,66.46,65.98,66.22,303887.0,66.2875,4767.0
2021-09-22 18:00:00+00:00,66.19,66.65,65.73,65.9401,475640.0,66.2845,7315.0
2021-09-22 19:00:00+00:00,65.93,66.14,65.2,65.32,1160028.0,65.5997,13477.0
2021-09-22 20:00:00+00:00,65.32,65.6228,65.21,65.32,65533.0,65.3202,55.0
2021-09-22 21:00:00+00:00,65.32,65.32,65.32,65.32,452.0,65.32,5.0
2021-09-22 22:00:00+00:00,65.32,65.32,65.3,65.32,2217.0,65.3104,16.0
2021-09-22 23:00:00+00:00,65.32,65.32,65.32,65.32,300.0,65.32,1.0
2021-09-23 13:00:00+00:00,65.7,66.475,65.18,66.27,331965.0,65.933,2606.0
2021-09-23 14:00:00+00:00,66.3,66.78,66.14,66.7,396028.0,66.5133,5539.0
2021-09-23 15:00:00+00:00,66.71,67.28,66.675,67.015,412028.0,67.0021,6026.0
2021-09-23 16:00:00+00:00,67.02,67.34,67.0,67.12,281276.0,67.2329,4335.0
2021-09-23 17:00:00+00:00,67.12,67.21,66.975,67.17,260647.0,67.1225,4066.0
2021-09-23 18:00:00+00:00,67.175,67.19,66.96,67.01,346407.0,67.0875,5407.0
2021-09-23 19:00:00+00:00,67.01,67.21,66.8217,67.17,946231.0,67.1065,12951.0
2021-09-23 20:00:00+00:00,67.17,67.18,67.17,67.18,35740.0,67.17,48.0
2021-09-23 21:00:00+00:00,67.17,67.17,67.17,67.17,500.0,67.17,1.0
2021-09-23 22:00:00+00:00,67.01,67.02,67.0,67.01,8075.0,67.0141,25.0
2021-09-24 12:00:00+00:00,66.5,66.5,66.5,66.5,550.0,66.5,5.0
2021-09-24 13:00:00+00:00,66.64,67.34,66.3,67.25,241716.0,66.8181,2551.0
2021-09-24 14:00:00+00:00,67.25,67.72,67.13,67.47,293715.0,67.5011,5062.0
2021-09-24 15:00:00+00:00,67.47,67.53,67.18,67.5,201945.0,67.3454,3448.0
2021-09-24 16:00:00+00:00,67.5,67.88,67.465,67.84,238928.0,67.7261,3670.0
2021-09-24 17:00:00+00:00,67.81,67.97,67.58,67.642,234330.0,67.8287,3405.0
2021-09-24 18:00:00+00:00,67.65,67.77,67.5,67.6797,232590.0,67.6404,3957.0
2021-09-24 19:00:00+00:00,67.66,67.98,67.5782,67.63,506900.0,67.7795,7397.0
2021-09-24 20:00:00+00:00,67.63,67.63,67.63,67.63,32706.0,67.63,35.0
2021-09-24 21:00:00+00:00,67.62,67.63,67.62,67.63,322.0,67.6269,6.0
2021-09-24 22:00:00+00:00,67.63,67.63,67.63,67.63,300.0,67.6013,6.0
2021-09-24 23:00:00+00:00,67.5,67.5,67.5,67.5,500.0,67.5,3.0
2021-09-27 08:00:00+00:00,68.02,68.03,68.02,68.03,201.0,68.0254,3.0
2021-09-27 11:00:00+00:00,68.39,68.59,68.25,68.55,3899.0,68.4396,56.0
2021-09-27 12:00:00+00:00,68.1,68.9,68.1,68.9,10128.0,68.6369,54.0
2021-09-27 13:00:00+00:00,68.86,71.77,68.52,71.5207,969439.0,70.6398,8296.0
2021-09-27 14:00:00+00:00,71.48,71.69,70.27,70.38,952201.0,71.0118,10411.0
2021-09-27 15:00:00+00:00,70.385,71.35,70.16,71.29,572377.0,70.7774,8285.0
2021-09-27 16:00:00+00:00,71.29,71.43,70.88,70.92,346449.0,71.1903,4923.0
2021-09-27 17:00:00+00:00,70.92,71.11,70.59,71.04,347527.0,70.8614,4530.0
2021-09-27 18:00:00+00:00,71.04,71.06,70.54,70.73,352987.0,70.7814,4259.0
2021-09-27 19:00:00+00:00,70.74,71.0199,70.64,70.81,916086.0,70.8282,11579.0
2021-09-27 20:00:00+00:00,70.78,71.01,70.78,71.01,86013.0,70.8105,86.0
2021-09-27 21:00:00+00:00,70.8,71.0,70.78,70.78,2305.0,70.8115,12.0
2021-09-27 22:00:00+00:00,70.95,71.0,70.95,70.95,2669.0,70.9666,19.0
2021-09-27 23:00:00+00:00,70.9,70.9,70.9,70.9,1600.0,70.9,2.0
2021-09-28 08:00:00+00:00,71.61,71.66,71.61,71.66,500.0,71.648,5.0
2021-09-28 09:00:00+00:00,71.64,71.64,71.64,71.64,102.0,71.6404,2.0
2021-09-28 10:00:00+00:00,71.61,71.61,71.61,71.61,250.0,71.6178,2.0
2021-09-28 11:00:00+00:00,71.6,71.64,71.5,71.62,2502.0,71.5253,7.0
2021-09-28 12:00:00+00:00,71.6008,71.64,70.78,71.58,4472.0,71.3972,45.0
2021-09-28 13:00:00+00:00,71.45,72.93,71.29,72.01,778884.0,72.2347,6847.0
2021-09-28 14:00:00+00:00,71.97,72.3,71.125,72.1,1134308.0,71.7365,11554.0
2021-09-28 15:00:00+00:00,72.11,72.12,71.16,71.32,538553.0,71.4706,7290.0
2021-09-28 16:00:00+00:00,71.32,71.74,71.26,71.395,400426.0,71.4675,6447.0
2021-09-28 17:00:00+00:00,71.39,72.04,71.38,71.7584,245935.0,71.7743,4534.0
2021-09-28 18:00:00+00:00,71.77,72.27,71.52,72.17,452181.0,71.9351,6559.0
2021-09-28 19:00:00+00:00,72.175,72.26,70.99,71.18,750564.0,71.4172,10929.0
2021-09-28 20:00:00+00:00,71.17,71.17,70.97,71.17,43818.0,71.152,61.0
2021-09-28 21:00:00+00:00,71.15,71.17,71.15,71.17,3805.0,71.1681,17.0
2021-09-28 22:00:00+00:00,71.17,71.2999,71.16,71.2999,3450.0,71.1827,7.0
2021-09-28 23:00:00+00:00,71.1,71.1,71.1,71.1,360.0,71.1029,6.0
2021-09-29 11:00:00+00:00,71.25,71.26,71.25,71.26,500.0,71.252,2.0
2021-09-29 12:00:00+00:00,71.25,71.41,71.18,71.41,3400.0,71.2495,10.0
2021-09-29 13:00:00+00:00,71.1,71.1,69.655,70.53,281439.0,70.4732,3556.0
2021-09-29 14:00:00+00:00,70.53,71.045,70.07,70.68,421324.0,70.5764,6359.0
2021-09-29 15:00:00+00:00,70.72,70.84,70.45,70.69,246305.0,70.6617,4111.0
2021-09-29 16:00:00+00:00,70.72,70.79,70.29,70.41,167301.0,70.5406,3022.0
2021-09-29 17:00:00+00:00,70.43,70.4881,69.88,70.2,438176.0,70.1709,5231.0
2021-09-29 18:00:00+00:00,70.18,70.68,70.05,70.59,269420.0,70.3564,4158.0
2021-09-29 19:00:00+00:00,70.61,70.79,70.27,70.31,470682.0,70.5308,7901.0
2021-09-29 20:00:00+00:00,70.31,70.5,70.3085,70.5,184801.0,70.317,64.0
2021-09-29 23:00:00+00:00,70.5,70.55,70.5,70.55,1712.0,70.5287,5.0
2021-09-30 10:00:00+00:00,71.0,71.0,71.0,71.0,100.0,71.0,1.0
2021-09-30 11:00:00+00:00,70.6,71.38,70.6,71.38,1000.0,70.99,6.0
2021-09-30 12:00:00+00:00,70.58,70.58,70.51,70.51,500.0,70.566,2.0
2021-09-30 13:00:00+00:00,70.33,70.75,69.82,70.09,256141.0,70.3936,3109.0
2021-09-30 14:00:00+00:00,70.065,70.13,69.4,69.67,442595.0,69.6858,5834.0
2021-09-30 15:00:00+00:00,69.67,71.445,69.59,70.86,571668.0,70.927,7924.0
2021-09-30 16:00:00+00:00,70.88,71.1,70.17,70.4166,444189.0,70.494,6738.0
2021-09-30 17:00:00+00:00,70.42,70.88,69.92,70.36,347779.0,70.3048,5452.0
2021-09-30 18:00:00+00:00,70.385,70.96,70.22,70.66,299486.0,70.5739,5162.0
2021-09-30 19:00:00+00:00,70.6443,71.0,70.47,70.51,944246.0,70.7532,12782.0
2021-09-30 20:00:00+00:00,70.57,70.57,70.5,70.56,71003.0,70.5693,51.0
2021-09-30 21:00:00+00:00,70.51,70.56,70.43,70.56,2756.0,70.532,16.0
2021-09-30 22:00:00+00:00,70.56,70.56,70.5,70.56,8740.0,70.5393,36.0
2021-09-30 23:00:00+00:00,70.56,70.57,70.56,70.57,2145.0,70.5605,15.0
2021-10-01 11:00:00+00:00,69.8,70.63,69.8,70.6,2523.0,70.4324,65.0
2021-10-01 12:00:00+00:00,70.62,70.62,70.12,70.57,1126.0,70.4881,13.0
2021-10-01 13:00:00+00:00,70.56,72.93,70.56,72.52,532729.0,72.1648,6277.0
2021-10-01 14:00:00+00:00,72.41,73.195,71.39,71.9732,735736.0,72.2568,8616.0
2021-10-01 15:00:00+00:00,71.97,72.46,71.53,72.22,491121.0,72.1179,6703.0
2021-10-01 16:00:00+00:00,72.276,73.1,72.15,73.1,347399.0,72.6924,5541.0
2021-10-01 17:00:00+00:00,73.11,73.55,72.885,73.44,543675.0,73.2728,6414.0
2021-10-01 18:00:00+00:00,73.46,73.78,73.38,73.68,621410.0,73.5752,7578.0
2021-10-01 19:00:00+00:00,73.68,74.0,73.36,73.66,1123874.0,73.6681,12950.0
2021-10-01 20:00:00+00:00,73.62,73.89,73.62,73.88,215589.0,73.6339,123.0
2021-10-01 21:00:00+00:00,73.72,73.72,73.7,73.7,6744.0,73.7058,22.0
2021-10-01 22:00:00+00:00,73.7,73.7,73.7,73.7,140.0,73.7,2.0
2021-10-01 23:00:00+00:00,73.7,73.7,73.7,73.7,750.0,73.7,3.0
2021-10-04 12:00:00+00:00,74.51,74.51,73.9899,74.41,4553.0,74.1248,22.0
2021-10-04 13:00:00+00:00,74.51,75.74,73.6801,75.21,540813.0,74.7845,5424.0
2021-10-04 14:00:00+00:00,75.155,75.23,73.79,74.75,665856.0,74.4627,7962.0
2021-10-04 15:00:00+00:00,74.73,75.41,74.39,75.345,505502.0,75.0072,6912.0
2021-10-04 16:00:00+00:00,75.335,75.43,74.95,75.0099,376112.0,75.213,6067.0
2021-10-04 17:00:00+00:00,75.01,75.3535,74.74,75.14,369451.0,75.1302,5737.0
2021-10-04 18:00:00+00:00,75.13,75.23,74.42,74.519,289692.0,74.7173,4303.0
2021-10-04 19:00:00+00:00,74.52,75.23,74.49,75.02,753927.0,74.9326,11099.0
2021-10-04 20:00:00+00:00,75.02,75.05,74.8901,74.8901,182870.0,75.0199,67.0
2021-10-04 21:00:00+00:00,75.0,75.23,74.74,74.91,4120.0,74.9247,34.0
2021-10-04 22:00:00+00:00,75.0,75.2,74.9,75.2,2247.0,75.0211,6.0
2021-10-04 23:00:00+00:00,74.99,74.99,74.99,74.99,100.0,74.99,1.0
2021-10-05 10:00:00+00:00,75.55,75.98,75.55,75.98,11323.0,75.6175,18.0
2021-10-05 11:00:00+00:00,75.61,76.0,75.6,75.95,2559.0,75.8306,46.0
2021-10-05 12:00:00+00:00,75.02,76.3,75.02,76.1,16384.0,76.0579,76.0
2021-10-05 13:00:00+00:00,76.1,76.52,75.762,76.23,775943.0,76.3341,6425.0
2021-10-05 14:00:00+00:00,76.12,76.88,75.575,75.69,959988.0,76.4261,10601.0
2021-10-05 15:00:00+00:00,75.69,75.821,74.59,74.65,550253.0,75.1603,7229.0
2021-10-05 16:00:00+00:00,74.65,74.65,72.92,74.105,666769.0,73.6968,7722.0
2021-10-05 17:00:00+00:00,74.14,74.59,73.94,74.47,306831.0,74.2856,4547.0
2021-10-05 18:00:00+00:00,74.48,74.6,74.1,74.5,335509.0,74.3295,4883.0
2021-10-05 19:00:00+00:00,74.5,74.74,74.26,74.28,667280.0,74.4508,9116.0
2021-10-05 20:00:00+00:00,74.3,74.3,74.0,74.03,49142.0,74.2851,73.0
2021-10-05 21:00:00+00:00,74.27,74.3001,74.27,74.3001,2698.0,74.2858,14.0
2021-10-05 23:00:00+00:00,74.75,74.75,74.75,74.75,100.0,74.75,1.0
2021-10-06 11:00:00+00:00,73.68,73.69,72.98,72.98,1941.0,73.3024,26.0
2021-10-06 12:00:00+00:00,73.01,73.58,72.79,73.04,5839.0,73.0432,50.0
2021-10-06 13:00:00+00:00,73.1321,74.41,72.52,72.73,432785.0,73.2545,4649.0
2021-10-06 14:00:00+00:00,72.72,73.28,72.33,73.16,394794.0,72.7681,5568.0
2021-10-06 15:00:00+00:00,73.16,73.935,73.16,73.935,253102.0,73.5096,3904.0
2021-10-06 16:00:00+00:00,73.92,73.94,73.235,73.83,291446.0,73.5386,3472.0
2021-10-06 17:00:00+00:00,73.85,74.23,73.59,74.2,196317.0,73.9371,3240.0
2021-10-06 18:00:00+00:00,74.24,75.69,74.095,75.575,878840.0,75.0276,10335.0
2021-10-06 19:00:00+00:00,75.59,75.83,75.23,75.37,1271071.0,75.4823,15447.0
2021-10-06 20:00:00+00:00,75.37,75.66,75.37,75.66,154211.0,75.374,74.0
2021-10-06 21:00:00+00:00,75.37,75.57,75.37,75.57,39801.0,75.4038,27.0
2021-10-06 22:00:00+00:00,75.38,75.38,75.37,75.37,4000.0,75.3712,8.0
2021-10-06 23:00:00+00:00,75.28,75.28,75.27,75.28,1254.0,75.2819,15.0
2021-10-07 08:00:00+00:00,75.9,75.9,75.9,75.9,100.0,75.9,1.0
2021-10-07 11:00:00+00:00,74.97,75.0,74.15,75.0,2205.0,74.5936,40.0
2021-10-07 12:00:00+00:00,74.5772,76.2,74.5772,76.2,2826.0,75.4946,32.0
2021-10-07 13:00:00+00:00,75.8,76.55,75.11,76.31,350796.0,76.1814,3881.0
2021-10-07 14:00:00+00:00,76.34,77.07,75.6,75.91,1072203.0,76.3373,11911.0
2021-10-07 15:00:00+00:00,75.92,76.2221,75.74,75.9,473239.0,75.9574,6027.0
2021-10-07 16:00:00+00:00,75.905,76.09,75.64,75.75,300466.0,75.8701,4261.0
2021-10-07 17:00:00+00:00,75.775,76.2114,75.74,75.94,252296.0,75.9829,3932.0
2021-10-07 18:00:00+00:00,75.95,76.17,75.88,76.02,341793.0,76.0218,5179.0
2021-10-07 19:00:00+00:00,76.02,76.47,75.73,75.9,653469.0,76.0696,8969.0
2021-10-07 20:00:00+00:00,75.9,75.9,75.9,75.9,39621.0,75.9,29.0
2021-10-07 21:00:00+00:00,76.07,76.07,76.07,76.07,100.0,76.07,1.0
2021-10-08 11:00:00+00:00,76.35,76.35,76.35,76.35,100.0,76.35,1.0
2021-10-08 12:00:00+00:00,76.4,76.4,76.0,76.0,2007.0,76.3342,19.0
2021-10-08 13:00:00+00:00,76.54,77.42,76.49,77.273,379344.0,77.079,3871.0
2021-10-08 14:00:00+00:00,77.29,77.84,77.09,77.51,481062.0,77.4537,5729.0
2021-10-08 15:00:00+00:00,77.5028,77.9,77.45,77.6813,475413.0,77.6922,5434.0
2021-10-08 16:00:00+00:00,77.665,77.91,77.32,77.8901,289866.0,77.6123,3768.0
2021-10-08 17:00:00+00:00,77.91,78.13,77.6604,78.09,275247.0,77.9223,4064.0
2021-10-08 18:00:00+00:00,78.085,78.48,78.07,78.395,321064.0,78.2701,4274.0
2021-10-08 19:00:00+00:00,78.4,78.82,78.345,78.6,806063.0,78.6744,9671.0
2021-10-08 20:00:00+00:00,78.6,78.6,78.44,78.6,34996.0,78.5882,75.0
2021-10-08 21:00:00+00:00,78.9,78.9,78.9,78.9,300.0,78.9,1.0
2021-10-08 22:00:00+00:00,78.86,78.86,78.86,78.86,1100.0,78.8604,4.0
2021-10-08 23:00:00+00:00,78.6,78.74,78.6,78.6,7550.0,78.6194,8.0
2021-10-11 08:00:00+00:00,79.29,79.3,79.29,79.3,200.0,79.295,2.0
2021-10-11 09:00:00+00:00,79.85,80.0,79.85,80.0,1068.0,79.9521,16.0
2021-10-11 10:00:00+00:00,79.5,80.21,79.5,80.21,1671.0,79.8212,17.0
2021-10-11 11:00:00+00:00,80.13,80.13,79.69,80.07,5428.0,79.9493,98.0
2021-10-11 12:00:00+00:00,80.03,80.28,79.3,80.0,9272.0,80.0478,116.0
2021-10-11 13:00:00+00:00,79.97,80.19,79.11,79.62,459918.0,79.8271,3633.0
2021-10-11 14:00:00+00:00,79.59,80.17,79.3,79.395,594852.0,79.7412,6906.0
2021-10-11 15:00:00+00:00,79.38,79.64,79.1,79.6,430824.0,79.3688,4938.0
2021-10-11 16:00:00+00:00,79.6,79.65,78.49,78.53,431310.0,79.0705,4813.0
2021-10-11 17:00:00+00:00,78.54,78.54,78.03,78.29,637478.0,78.2423,5240.0
2021-10-11 18:00:00+00:00,78.26,78.38,77.87,78.28,400679.0,78.1512,4427.0
2021-10-11 19:00:00+00:00,78.28,78.56,77.77,77.77,748656.0,78.1488,8010.0
2021-10-11 20:00:00+00:00,77.8,77.8,77.8,77.8,34148.0,77.8,32.0
2021-10-11 21:00:00+00:00,77.7,77.7,77.7,77.7,422.0,77.7003,2.0
2021-10-11 22:00:00+00:00,77.77,77.77,77.77,77.77,100.0,77.77,1.0
2021-10-11 23:00:00+00:00,77.77,77.8,77.62,77.62,2837.0,77.6672,12.0
2021-10-12 08:00:00+00:00,77.92,77.92,77.92,77.92,300.0,77.92,5.0
2021-10-12 12:00:00+00:00,77.8,77.81,77.53,77.53,1901.0,77.6028,10.0
2021-10-12 13:00:00+00:00,77.56,78.92,77.3,78.78,228313.0,78.2909,2751.0
2021-10-12 14:00:00+00:00,78.76,78.98,78.1,78.45,346666.0,78.5477,5003.0
2021-10-12 15:00:00+00:00,78.49,78.72,78.33,78.59,209253.0,78.534,3665.0
2021-10-12 16:00:00+00:00,78.6,78.79,78.02,78.17,215228.0,78.4796,3200.0
2021-10-12 17:00:00+00:00,78.19,78.74,78.1,78.57,215374.0,78.4712,3463.0
2021-10-12 18:00:00+00:00,78.56,79.675,78.53,79.42,488275.0,79.1954,6384.0
2021-10-12 19:00:00+00:00,79.44,79.55,78.62,78.91,553520.0,78.9945,8353.0
2021-10-12 20:00:00+00:00,78.92,78.92,78.8,78.8,39401.0,78.9174,38.0
2021-10-12 21:00:00+00:00,78.65,78.65,78.65,78.65,500.0,78.65,1.0
2021-10-12 22:00:00+00:00,78.66,78.66,78.66,78.66,1030.0,78.66,3.0
2021-10-12 23:00:00+00:00,78.65,78.65,78.65,78.65,500.0,78.65,1.0
2021-10-13 10:00:00+00:00,78.22,78.22,78.22,78.22,643.0,78.22,4.0
2021-10-13 11:00:00+00:00,78.0,78.21,77.89,77.89,742.0,78.0275,9.0
2021-10-13 12:00:00+00:00,77.98,78.2,77.76,78.2,2890.0,78.0571,21.0
2021-10-13 13:00:00+00:00,78.03,78.613,77.4,77.63,243852.0,77.9824,2850.0
2021-10-13 14:00:00+00:00,77.58,78.03,76.92,78.03,326113.0,77.5016,4362.0
2021-10-13 15:00:00+00:00,78.025,78.44,77.955,78.19,246835.0,78.1386,3292.0
2021-10-13 16:00:00+00:00,78.22,78.67,78.1,78.58,155315.0,78.3508,2589.0
2021-10-13 17:00:00+00:00,78.58,78.68,78.2,78.24,171690.0,78.4908,2617.0
2021-10-13 18:00:00+00:00,78.225,78.515,78.06,78.16,219554.0,78.2361,3178.0
2021-10-13 19:00:00+00:00,78.16,78.59,78.04,78.13,575413.0,78.2772,7584.0
2021-10-13 20:00:00+00:00,78.14,78.14,78.06,78.06,259222.0,78.14,47.0
2021-10-14 09:00:00+00:00,78.33,78.33,78.33,78.33,425.0,78.3351,5.0
2021-10-14 11:00:00+00:00,78.75,78.87,78.75,78.87,1574.0,78.8214,29.0
2021-10-14 12:00:00+00:00,78.8,79.24,78.8,79.24,472.0,78.9619,4.0
2021-10-14 13:00:00+00:00,79.29,79.78,78.91,79.745,357256.0,79.5047,3157.0
2021-10-14 14:00:00+00:00,79.76,79.98,79.6,79.83,397005.0,79.8155,4743.0
2021-10-14 15:00:00+00:00,79.81,79.825,79.125,79.48,292997.0,79.4241,4010.0
2021-10-14 16:00:00+00:00,79.505,79.55,79.23,79.28,177940.0,79.4198,2516.0
2021-10-14 17:00:00+00:00,79.3,79.67,79.21,79.62,169622.0,79.446,2572.0
2021-10-14 18:00:00+00:00,79.61,79.62,79.26,79.33,238692.0,79.4042,3368.0
2021-10-14 19:00:00+00:00,79.355,79.355,79.04,79.18,653640.0,79.1845,8096.0
2021-10-14 20:00:00+00:00,79.17,79.17,79.17,79.17,35296.0,79.17,42.0
2021-10-14 21:00:00+00:00,79.17,79.17,79.17,79.17,200.0,79.17,1.0
2021-10-14 23:00:00+00:00,79.25,79.25,79.23,79.23,281.0,79.2429,5.0
2021-10-15 11:00:00+00:00,79.76,79.76,79.76,79.76,156.0,79.76,1.0
2021-10-15 12:00:00+00:00,79.78,79.86,79.17,79.8,3692.0,79.615,19.0
2021-10-15 13:00:00+00:00,79.93,80.33,79.62,80.0072,429457.0,80.0312,3559.0
2021-10-15 14:00:00+00:00,80.03,80.18,79.21,79.25,503197.0,79.7132,4640.0
2021-10-15 15:00:00+00:00,79.27,79.54,79.12,79.53,141666.0,79.3644,2593.0
2021-10-15 16:00:00+00:00,79.515,79.56,79.15,79.2346,180637.0,79.3383,2598.0
2021-10-15 17:00:00+00:00,79.24,79.35,79.08,79.29,191252.0,79.1874,2865.0
2021-10-15 18:00:00+00:00,79.277,79.335,78.99,79.01,230538.0,79.1903,3387.0
2021-10-15 19:00:00+00:00,79.01,79.04,78.6,78.67,442975.0,78.8011,6370.0
2021-10-15 20:00:00+00:00,78.66,79.1591,78.62,78.66,70330.0,78.7335,69.0
2021-10-15 22:00:00+00:00,78.63,78.63,78.63,78.63,120.0,78.63,1.0
2021-10-15 23:00:00+00:00,78.77,78.77,78.77,78.77,500.0,78.77,2.0
2021-10-18 08:00:00+00:00,78.95,78.99,78.94,78.94,973.0,78.9813,12.0
2021-10-18 09:00:00+00:00,78.91,79.0,78.89,78.92,706.0,78.9444,7.0
2021-10-18 11:00:00+00:00,79.24,79.24,79.24,79.24,126.0,79.24,1.0
2021-10-18 12:00:00+00:00,79.25,79.5,79.25,79.42,3285.0,79.3826,20.0
2021-10-18 13:00:00+00:00,79.22,79.76,79.0887,79.48,388846.0,79.4066,3891.0
2021-10-18 14:00:00+00:00,79.58,79.68,78.74,78.82,453850.0,79.2152,6161.0
2021-10-18 15:00:00+00:00,78.83,78.8688,78.36,78.48,373820.0,78.5953,6781.0
2021-10-18 16:00:00+00:00,78.52,78.55,78.03,78.06,384355.0,78.362,5393.0
2021-10-18 17:00:00+00:00,78.05,78.24,77.86,77.9,260245.0,78.007,4171.0
2021-10-18 18:00:00+00:00,77.91,78.05,77.6816,77.89,291942.0,77.8593,4296.0
2021-10-18 19:00:00+00:00,77.92,78.16,77.56,78.14,894001.0,77.8339,11284.0
2021-10-18 20:00:00+00:00,78.13,78.13,78.13,78.13,48217.0,78.13,35.0
2021-10-18 21:00:00+00:00,78.13,78.13,78.13,78.13,502.0,78.1305,2.0
2021-10-18 23:00:00+00:00,78.38,78.38,78.38,78.38,100.0,78.38,1.0
2021-10-19 09:00:00+00:00,78.74,78.75,78.74,78.75,237.0,78.6935,4.0
2021-10-19 10:00:00+00:00,78.76,78.77,78.76,78.77,600.0,78.7458,10.0
2021-10-19 12:00:00+00:00,78.8,78.8,78.8,78.8,567.0,78.8038,6.0
2021-10-19 13:00:00+00:00,78.57,79.02,78.43,78.73,271215.0,78.7683,2799.0
2021-10-19 14:00:00+00:00,78.78,79.69,78.65,78.91,508070.0,79.0731,6230.0
2021-10-19 15:00:00+00:00,78.92,79.585,78.91,79.58,379630.0,79.2075,5657.0
2021-10-19 16:00:00+00:00,79.57,80.09,79.54,80.05,480151.0,79.9006,5659.0
2021-10-19 17:00:00+00:00,80.06,80.27,79.83,79.99,326808.0,80.0415,4807.0
2021-10-19 18:00:00+00:00,80.0,80.035,79.48,79.91,340530.0,79.7484,5504.0
2021-10-19 19:00:00+00:00,79.9,80.3,79.8313,80.18,726397.0,80.1287,9630.0
2021-10-19 20:00:00+00:00,80.15,80.18,80.15,80.18,36091.0,80.1507,47.0
2021-10-19 21:00:00+00:00,80.17,80.17,80.15,80.15,1000.0,80.1539,2.0
2021-10-19 22:00:00+00:00,80.15,80.15,80.15,80.15,308.0,80.15,3.0
2021-10-19 23:00:00+00:00,80.15,80.17,80.15,80.17,401.0,80.16,2.0
2021-10-20 11:00:00+00:00,79.76,79.95,79.76,79.77,5141.0,79.7893,31.0
2021-10-20 12:00:00+00:00,79.9,79.9,79.75,79.75,1231.0,79.7802,16.0
2021-10-20 13:00:00+00:00,79.44,80.2,79.33,79.98,272970.0,79.7496,2941.0
2021-10-20 14:00:00+00:00,79.97,81.04,79.42,80.64,614957.0,80.509,6730.0
2021-10-20 15:00:00+00:00,80.65,80.905,80.275,80.66,355677.0,80.5583,5234.0
2021-10-20 16:00:00+00:00,80.69,80.99,80.5,80.57,351821.0,80.7918,4776.0
2021-10-20 17:00:00+00:00,80.61,80.63,80.34,80.53,288310.0,80.4829,4310.0
2021-10-20 18:00:00+00:00,80.51,81.05,80.5,80.98,324266.0,80.8675,5328.0
2021-10-20 19:00:00+00:00,80.99,81.32,80.94,81.12,758265.0,81.1056,10841.0
2021-10-20 20:00:00+00:00,81.04,81.25,80.59,81.25,111870.0,81.039,60.0
2021-10-20 21:00:00+00:00,81.19,81.19,81.19,81.19,123.0,81.19,2.0
2021-10-20 22:00:00+00:00,81.2,81.2,81.04,81.04,797.0,81.0601,2.0
2021-10-20 23:00:00+00:00,81.12,81.12,81.12,81.12,200.0,81.12,1.0
2021-10-21 08:00:00+00:00,81.25,81.25,81.25,81.25,100.0,81.25,1.0
2021-10-21 10:00:00+00:00,81.83,82.3,81.72,82.24,2580.0,81.9428,47.0
2021-10-21 11:00:00+00:00,81.88,82.0,81.5,81.5,4006.0,81.8955,42.0
2021-10-21 12:00:00+00:00,82.0,82.1,81.34,81.99,12522.0,81.8698,77.0
2021-10-21 13:00:00+00:00,81.92,83.15,80.84,82.59,745409.0,82.2164,6759.0
2021-10-21 14:00:00+00:00,82.58,83.01,81.04,82.4,826335.0,82.4443,8168.0
2021-10-21 15:00:00+00:00,82.35,82.35,80.3,81.58,708629.0,81.0208,8625.0
2021-10-21 16:00:00+00:00,81.59,81.87,81.29,81.54,320489.0,81.6484,4692.0
2021-10-21 17:00:00+00:00,81.56,81.64,80.81,80.87,274915.0,81.2103,3942.0
2021-10-21 18:00:00+00:00,80.91,81.74,80.91,81.55,314316.0,81.4,4215.0
2021-10-21 19:00:00+00:00,81.57,82.2,81.54,82.07,865221.0,81.9076,10089.0
2021-10-21 20:00:00+00:00,82.0,82.01,82.0,82.01,50231.0,82.0,48.0
2021-10-22 08:00:00+00:00,80.9,80.9,80.57,80.58,560.0,80.883,14.0
2021-10-22 10:00:00+00:00,82.12,82.18,82.12,82.17,567.0,82.1629,6.0
2021-10-22 11:00:00+00:00,82.5,82.5,82.5,82.5,100.0,82.5,1.0
2021-10-22 12:00:00+00:00,82.0,82.98,82.0,82.82,1102.0,82.5075,18.0
2021-10-22 13:00:00+00:00,82.35,82.45,81.36,81.3601,210710.0,81.785,2379.0
2021-10-22 14:00:00+00:00,81.34,81.43,80.35,80.47,364948.0,80.9314,5432.0
2021-10-22 15:00:00+00:00,80.47,80.92,79.435,79.63,587430.0,80.1793,7517.0
2021-10-22 16:00:00+00:00,79.65,80.38,79.634,80.21,316648.0,80.0407,4753.0
2021-10-22 17:00:00+00:00,80.21,80.62,80.09,80.37,316312.0,80.3506,4538.0
2021-10-22 18:00:00+00:00,80.36,81.12,80.3,80.4968,738946.0,80.7379,7879.0
2021-10-22 19:00:00+00:00,80.5,81.0,80.33,80.99,1070548.0,80.7247,12213.0
2021-10-22 20:00:00+00:00,80.99,81.01,80.91,81.01,69639.0,80.9904,54.0
2021-10-22 21:00:00+00:00,80.98,80.98,80.98,80.98,400.0,80.98,2.0
2021-10-22 22:00:00+00:00,80.75,80.9,80.75,80.9,517.0,80.8457,6.0
2021-10-25 10:00:00+00:00,81.33,81.36,81.33,81.36,253.0,81.3481,3.0
2021-10-25 11:00:00+00:00,81.34,81.41,81.34,81.41,1343.0,81.3636,14.0
2021-10-25 12:00:00+00:00,81.2,81.8,81.2,81.8,6639.0,81.604,46.0
2021-10-25 13:00:00+00:00,81.71,82.5684,81.51,82.18,297017.0,81.9969,3306.0
2021-10-25 14:00:00+00:00,82.2,83.11,82.17,82.93,491292.0,82.7943,6637.0
2021-10-25 15:00:00+00:00,82.95,83.12,82.65,82.78,249448.0,82.8726,4268.0
2021-10-25 16:00:00+00:00,82.7813,82.9243,82.2,82.31,228301.0,82.5951,3411.0
2021-10-25 17:00:00+00:00,82.34,82.84,82.32,82.81,231676.0,82.5805,3585.0
2021-10-25 18:00:00+00:00,82.8,82.85,82.39,82.79,268087.0,82.6301,4233.0
2021-10-25 19:00:00+00:00,82.78,82.92,82.56,82.72,619732.0,82.6982,8390.0
2021-10-25 20:00:00+00:00,82.69,82.7,82.69,82.7,40279.0,82.6901,32.0
2021-10-25 21:00:00+00:00,82.69,82.69,82.69,82.69,308.0,82.6903,4.0
2021-10-25 22:00:00+00:00,82.99,82.99,82.99,82.99,264.0,82.989,6.0
2021-10-25 23:00:00+00:00,82.74,82.74,82.73,82.73,1225.0,82.7325,6.0
2021-10-26 11:00:00+00:00,82.98,82.99,82.98,82.99,400.0,82.9845,3.0
2021-10-26 12:00:00+00:00,82.99,83.11,82.99,83.092,1535.0,83.0428,16.0
2021-10-26 13:00:00+00:00,82.76,83.0098,81.91,82.46,154908.0,82.4869,2098.0
2021-10-26 14:00:00+00:00,82.42,82.86,82.2999,82.7,184977.0,82.6751,3275.0
2021-10-26 15:00:00+00:00,82.67,82.73,82.17,82.255,208099.0,82.4114,3341.0
2021-10-26 16:00:00+00:00,82.27,82.345,81.61,81.775,218365.0,81.9312,3656.0
2021-10-26 17:00:00+00:00,81.78,82.195,81.7,82.15,141359.0,81.916,2742.0
2021-10-26 18:00:00+00:00,82.15,82.35,81.99,82.11,184785.0,82.133,3180.0
2021-10-26 19:00:00+00:00,82.12,82.21,81.83,81.88,472312.0,81.9769,6383.0
2021-10-26 20:00:00+00:00,81.88,81.88,81.88,81.88,31718.0,81.88,32.0
2021-10-26 22:00:00+00:00,81.81,81.81,81.81,81.81,398.0,81.81,1.0
2021-10-27 08:00:00+00:00,81.53,81.53,81.31,81.31,205.0,81.423,3.0
2021-10-27 09:00:00+00:00,81.33,81.39,81.33,81.38,1025.0,81.3692,13.0
2021-10-27 10:00:00+00:00,81.38,81.41,81.34,81.41,1326.0,81.3761,17.0
2021-10-27 11:00:00+00:00,81.5,81.65,81.4,81.4,1355.0,81.4948,11.0
2021-10-27 12:00:00+00:00,82.01,82.01,82.01,82.01,300.0,82.01,1.0
2021-10-27 13:00:00+00:00,81.87,81.87,80.31,80.67,214280.0,80.7542,2332.0
2021-10-27 14:00:00+00:00,80.64,81.25,79.72,80.15,290204.0,80.4794,4383.0
2021-10-27 15:00:00+00:00,80.16,80.47,79.3,79.39,396562.0,79.7649,5288.0
2021-10-27 16:00:00+00:00,79.37,79.49,78.81,79.03,386044.0,79.0986,5817.0
2021-10-27 17:00:00+00:00,79.01,79.2,78.72,79.07,253269.0,78.976,4094.0
2021-10-27 18:00:00+00:00,79.06,79.29,78.5805,78.66,251285.0,78.958,4307.0
2021-10-27 19:00:00+00:00,78.66,78.9365,78.25,78.61,755953.0,78.661,10209.0
2021-10-27 20:00:00+00:00,78.67,78.67,78.65,78.65,180677.0,78.6698,61.0
2021-10-27 21:00:00+00:00,78.67,79.0,78.55,79.0,2205.0,78.6694,21.0
2021-10-27 22:00:00+00:00,78.64,78.7,78.62,78.7,5420.0,78.6942,7.0
2021-10-27 23:00:00+00:00,78.91,79.0,78.89,79.0,692.0,78.9253,10.0
2021-10-28 11:00:00+00:00,78.28,78.28,78.0,78.1,4609.0,78.0932,27.0
2021-10-28 12:00:00+00:00,78.01,78.8999,78.01,78.55,7496.0,78.2936,16.0
2021-10-28 13:00:00+00:00,78.67,79.7179,78.35,79.55,201803.0,79.2507,2854.0
2021-10-28 14:00:00+00:00,79.5,79.69,78.53,79.17,255125.0,78.977,4421.0
2021-10-28 15:00:00+00:00,79.16,79.175,78.61,78.8,260389.0,78.9003,3748.0
2021-10-28 16:00:00+00:00,78.8,78.81,78.19,78.22,413404.0,78.4966,5832.0
2021-10-28 17:00:00+00:00,78.23,78.52,77.94,77.94,342781.0,78.3008,4966.0
2021-10-28 18:00:00+00:00,77.94,78.49,77.84,77.895,403243.0,78.0977,5814.0
2021-10-28 19:00:00+00:00,77.89,78.53,77.66,78.46,778673.0,78.1248,9976.0
2021-10-28 20:00:00+00:00,78.46,78.46,77.9,77.9,78774.0,78.4584,27.0
2021-10-28 21:00:00+00:00,78.26,78.26,78.25,78.25,228.0,78.2554,3.0
2021-10-29 11:00:00+00:00,78.66,78.66,78.66,78.66,756.0,78.6551,6.0
2021-10-29 12:00:00+00:00,78.7999,78.7999,78.14,78.18,4498.0,78.5864,25.0
2021-10-29 13:00:00+00:00,78.25,78.62,77.19,77.79,403329.0,77.8776,3912.0
2021-10-29 14:00:00+00:00,77.72,77.72,76.7,77.255,510729.0,77.0597,6976.0
2021-10-29 15:00:00+00:00,77.24,77.37,76.79,76.855,388350.0,77.0939,5725.0
2021-10-29 16:00:00+00:00,76.855,77.27,76.7,77.0789,393995.0,76.9567,5209.0
2021-10-29 17:00:00+00:00,77.06,77.14,76.66,76.755,412476.0,76.82,5036.0
2021-10-29 18:00:00+00:00,76.76,77.07,76.69,77.04,376804.0,76.8511,5084.0
2021-10-29 19:00:00+00:00,77.04,77.64,76.82,77.35,1184831.0,77.3228,12852.0
2021-10-29 20:00:00+00:00,77.33,77.34,77.33,77.33,42649.0,77.3302,50.0
2021-10-29 21:00:00+00:00,77.3299,77.3299,77.3299,77.3299,900.0,77.3299,1.0
2021-10-29 22:00:00+00:00,77.25,77.33,77.25,77.33,700.0,77.3071,3.0
2021-10-29 23:00:00+00:00,77.33,77.33,77.33,77.33,800.0,77.33,5.0
2021-11-01 11:00:00+00:00,77.63,78.0,77.63,78.0,403.0,77.903,7.0
2021-11-01 12:00:00+00:00,77.73,78.25,77.73,77.73,4144.0,77.8951,14.0
2021-11-01 13:00:00+00:00,77.48,78.73,77.48,78.06,248465.0,78.2456,2872.0
2021-11-01 14:00:00+00:00,78.05,78.92,77.45,78.44,659973.0,78.3949,7754.0
2021-11-01 15:00:00+00:00,78.42,78.53,78.12,78.26,306412.0,78.3281,3709.0
2021-11-01 16:00:00+00:00,78.255,78.27,77.84,78.15,409608.0,78.0399,4863.0
2021-11-01 17:00:00+00:00,78.14,78.155,77.75,77.78,240092.0,77.9416,3722.0
2021-11-01 18:00:00+00:00,77.79,78.02,77.69,77.97,240117.0,77.8651,3780.0
2021-11-01 19:00:00+00:00,77.97,78.29,77.941,78.02,896601.0,78.1029,9922.0
2021-11-01 20:00:00+00:00,78.02,78.25,78.02,78.25,42063.0,78.0227,47.0
2021-11-02 11:00:00+00:00,78.0,78.1,77.9,77.9,15929.0,77.998,25.0
2021-11-02 12:00:00+00:00,77.3666,77.97,77.3666,77.97,1051.0,77.6423,8.0
2021-11-02 13:00:00+00:00,77.8,78.05,77.07,77.29,323820.0,77.5279,3039.0
2021-11-02 14:00:00+00:00,77.34,77.78,76.652,76.73,361427.0,77.1433,4866.0
2021-11-02 15:00:00+00:00,76.7117,77.1345,76.38,76.41,283253.0,76.7831,4849.0
2021-11-02 16:00:00+00:00,76.42,76.6951,76.15,76.18,275606.0,76.4475,4542.0
2021-11-02 17:00:00+00:00,76.18,76.38,76.06,76.09,388417.0,76.1955,5660.0
2021-11-02 18:00:00+00:00,76.09,76.24,75.6818,75.855,451082.0,75.8529,6198.0
2021-11-02 19:00:00+00:00,75.865,76.091,75.64,75.86,1177440.0,75.7929,12372.0
2021-11-02 20:00:00+00:00,75.86,75.9,75.78,75.78,30137.0,75.8589,36.0
2021-11-02 21:00:00+00:00,76.03,76.03,75.81,75.81,204.0,75.9184,4.0
2021-11-02 22:00:00+00:00,76.03,76.03,75.9,75.9,1216.0,75.9223,3.0
2021-11-03 08:00:00+00:00,75.78,75.78,75.73,75.73,606.0,75.7536,14.0
2021-11-03 11:00:00+00:00,75.26,75.26,75.26,75.26,1050.0,75.2596,14.0
2021-11-03 12:00:00+00:00,75.27,75.4,75.0,75.0,3160.0,75.0612,28.0
2021-11-03 13:00:00+00:00,75.02,75.94,74.4,75.89,418216.0,75.0382,3875.0
2021-11-03 14:00:00+00:00,75.88,77.1199,75.78,76.43,888865.0,76.6201,9393.0
2021-11-03 15:00:00+00:00,76.43,76.68,76.07,76.14,422394.0,76.3662,6748.0
2021-11-03 16:00:00+00:00,76.12,76.12,75.47,75.77,382964.0,75.7802,5013.0
2021-11-03 17:00:00+00:00,75.78,76.01,75.65,75.76,194329.0,75.8585,3059.0
2021-11-03 18:00:00+00:00,75.75,76.46,75.725,76.12,279166.0,76.2164,4609.0
2021-11-03 19:00:00+00:00,76.1183,76.38,75.48,75.87,866437.0,75.8615,11318.0
2021-11-03 20:00:00+00:00,75.88,75.93,75.88,75.93,356288.0,75.8801,36.0
2021-11-03 21:00:00+00:00,76.52,76.52,75.88,75.88,110896.0,75.8817,8.0
2021-11-03 23:00:00+00:00,76.48,76.49,76.48,76.49,1061.0,76.4707,8.0
2021-11-04 08:00:00+00:00,76.58,76.58,76.49,76.49,414.0,76.5572,10.0
2021-11-04 09:00:00+00:00,76.43,76.45,76.43,76.45,465.0,76.4362,6.0
2021-11-04 10:00:00+00:00,76.63,76.67,76.63,76.67,431.0,76.6573,7.0
2021-11-04 11:00:00+00:00,76.67,76.67,76.67,76.67,143.0,76.6703,4.0
2021-11-04 12:00:00+00:00,76.9999,76.9999,76.71,76.71,1100.0,76.9735,2.0
2021-11-04 13:00:00+00:00,76.96,77.26,76.5,76.935,441979.0,76.8636,4083.0
2021-11-04 14:00:00+00:00,77.0399,77.4,75.74,75.87,373925.0,76.2674,5863.0
2021-11-04 15:00:00+00:00,75.86,75.88,75.14,75.38,375456.0,75.4417,5896.0
2021-11-04 16:00:00+00:00,75.4,75.65,75.17,75.19,322773.0,75.4292,4388.0
2021-11-04 17:00:00+00:00,75.21,75.67,75.07,75.63,285713.0,75.4423,4394.0
2021-11-04 18:00:00+00:00,75.62,75.73,75.2302,75.5,300094.0,75.4875,4560.0
2021-11-04 19:00:00+00:00,75.49,76.36,75.31,76.36,963684.0,75.9873,11995.0
2021-11-04 20:00:00+00:00,76.35,76.35,75.44,76.35,18129.0,76.3382,41.0
2021-11-04 21:00:00+00:00,76.35,76.35,76.03,76.03,216.0,76.1781,2.0
2021-11-04 22:00:00+00:00,76.64,76.64,76.39,76.39,600.0,76.5983,4.0
2021-11-04 23:00:00+00:00,76.39,76.59,76.39,76.59,550.0,76.4264,4.0
2021-11-05 11:00:00+00:00,76.5,76.5,76.5,76.5,314.0,76.5,3.0
2021-11-05 12:00:00+00:00,76.91,77.25,76.91,77.2,9769.0,77.1124,44.0
2021-11-05 13:00:00+00:00,77.3807,78.08,76.95,77.01,394234.0,77.6885,2584.0
2021-11-05 14:00:00+00:00,76.965,77.33,76.18,76.58,642523.0,76.7666,6968.0
2021-11-05 15:00:00+00:00,76.52,77.08,76.39,76.91,248625.0,76.7348,4031.0
2021-11-05 16:00:00+00:00,76.95,77.67,76.8,77.65,611181.0,77.3356,6636.0
2021-11-05 17:00:00+00:00,77.67,77.67,77.19,77.48,263052.0,77.4441,3723.0
2021-11-05 18:00:00+00:00,77.47,77.925,77.43,77.68,206692.0,77.7061,3861.0
2021-11-05 19:00:00+00:00,77.69,78.01,77.47,77.92,732946.0,77.7982,9189.0
2021-11-05 20:00:00+00:00,77.92,77.95,77.91,77.91,36020.0,77.9202,61.0
2021-11-05 23:00:00+00:00,77.9,77.91,77.9,77.91,1597.0,77.9062,4.0
2021-11-08 12:00:00+00:00,78.42,78.68,78.15,78.68,2851.0,78.4319,29.0
2021-11-08 13:00:00+00:00,78.8792,78.8792,78.69,78.69,1324.0,78.762,15.0
2021-11-08 14:00:00+00:00,78.87,79.09,78.15,78.31,430362.0,78.6569,3885.0
2021-11-08 15:00:00+00:00,78.29,78.89,78.24,78.26,414663.0,78.573,5748.0
2021-11-08 16:00:00+00:00,78.28,78.44,77.94,77.99,269035.0,78.1756,4214.0
2021-11-08 17:00:00+00:00,77.9795,78.105,77.56,77.99,247413.0,77.8301,3695.0
2021-11-08 18:00:00+00:00,77.98,77.98,77.27,77.44,195991.0,77.5273,3221.0
2021-11-08 19:00:00+00:00,77.49,78.05,77.46,77.95,230012.0,77.8129,3691.0
2021-11-08 20:00:00+00:00,77.958,77.98,77.58,77.78,390264.0,77.7766,5915.0
2021-11-08 21:00:00+00:00,77.78,77.78,77.55,77.78,95907.0,77.7794,42.0
2021-11-08 22:00:00+00:00,78.25,78.25,78.25,78.25,100.0,78.25,1.0
2021-11-09 11:00:00+00:00,77.72,77.72,77.72,77.72,193.0,77.7415,4.0
2021-11-09 12:00:00+00:00,77.82,77.82,77.82,77.82,280.0,77.82,3.0
2021-11-09 13:00:00+00:00,78.38,78.38,76.96,76.96,3498.0,77.8126,26.0
2021-11-09 14:00:00+00:00,77.48,78.2399,77.2,77.29,221602.0,77.637,2387.0
2021-11-09 15:00:00+00:00,77.325,77.6,77.0,77.52,328203.0,77.3199,4876.0
2021-11-09 16:00:00+00:00,77.53,78.0,77.35,77.36,277743.0,77.7514,4719.0
2021-11-09 17:00:00+00:00,77.35,77.94,77.22,77.76,488085.0,77.5877,5334.0
2021-11-09 18:00:00+00:00,77.745,77.9,77.33,77.4,231545.0,77.5943,3464.0
2021-11-09 19:00:00+00:00,77.395,78.3,77.395,78.27,383045.0,77.9176,5429.0
2021-11-09 20:00:00+00:00,78.26,78.44,78.14,78.25,945513.0,78.2624,11063.0
2021-11-09 21:00:00+00:00,78.25,78.34,78.25,78.34,244584.0,78.2503,38.0
2021-11-09 22:00:00+00:00,78.3,78.3,78.3,78.3,1000.0,78.3,2.0
2021-11-09 23:00:00+00:00,78.33,78.33,78.3,78.3,600.0,78.3259,6.0
2021-11-10 00:00:00+00:00,78.26,78.26,78.26,78.26,126.0,78.26,1.0
2021-11-10 12:00:00+00:00,78.31,78.31,78.01,78.01,472.0,78.075,4.0
2021-11-10 14:00:00+00:00,78.34,78.66,77.55,78.5641,334250.0,78.0796,2795.0
2021-11-10 15:00:00+00:00,78.62,78.785,77.48,77.58,361968.0,78.1755,4610.0
2021-11-10 16:00:00+00:00,77.56,77.95,77.44,77.92,191626.0,77.63,3056.0
2021-11-10 17:00:00+00:00,77.92,77.96,77.32,77.38,203881.0,77.6057,3247.0
2021-11-10 18:00:00+00:00,77.3702,77.68,76.8188,76.99,660266.0,77.4319,6935.0
2021-11-10 19:00:00+00:00,76.97,77.13,76.63,76.87,263354.0,76.8985,4232.0
2021-11-10 20:00:00+00:00,76.86,77.32,76.7,76.87,635554.0,76.9855,9609.0
2021-11-10 21:00:00+00:00,76.86,76.86,76.86,76.86,438293.0,76.86,59.0
2021-11-10 22:00:00+00:00,76.86,76.86,76.86,76.86,1200.0,76.86,6.0
2021-11-10 23:00:00+00:00,76.86,76.86,76.86,76.86,1696.0,76.8587,11.0
2021-11-11 13:00:00+00:00,76.7,76.87,76.7,76.75,3195.0,76.8005,36.0
2021-11-11 14:00:00+00:00,77.0,77.6,76.4001,76.95,405641.0,77.1084,3084.0
2021-11-11 15:00:00+00:00,76.96,77.77,76.96,77.69,253427.0,77.3765,3387.0
2021-11-11 16:00:00+00:00,77.7,77.88,77.44,77.58,220946.0,77.6706,2388.0
2021-11-11 17:00:00+00:00,77.59,77.92,77.4102,77.76,288857.0,77.6525,3621.0
2021-11-11 18:00:00+00:00,77.76,78.05,77.57,77.83,238031.0,77.8468,2936.0
2021-11-11 19:00:00+00:00,77.83,77.83,77.17,77.2674,260987.0,77.371,3660.0
2021-11-11 20:00:00+00:00,77.28,77.55,77.09,77.22,717426.0,77.3057,9289.0
2021-11-11 21:00:00+00:00,77.22,77.22,77.22,77.22,35453.0,77.22,43.0
2021-11-12 00:00:00+00:00,77.29,77.29,77.29,77.29,100.0,77.29,1.0
2021-11-12 12:00:00+00:00,77.0,77.0,76.8,76.8,1579.0,76.8604,16.0
2021-11-12 13:00:00+00:00,76.463,77.02,76.463,76.8,4688.0,76.9495,34.0
2021-11-12 14:00:00+00:00,76.91,77.69,76.27,77.44,515009.0,76.7836,2689.0
2021-11-12 15:00:00+00:00,77.47,77.47,76.47,76.4967,462383.0,76.9376,6774.0
2021-11-12 16:00:00+00:00,76.5,76.65,76.2,76.45,274504.0,76.4706,4817.0
2021-11-12 17:00:00+00:00,76.44,76.53,76.1101,76.225,247040.0,76.3124,4013.0
2021-11-12 18:00:00+00:00,76.22,76.36,75.86,76.11,283324.0,76.1445,4479.0
2021-11-12 19:00:00+00:00,76.1,76.415,76.05,76.34,218487.0,76.2618,3629.0
2021-11-12 20:00:00+00:00,76.34,76.63,76.34,76.59,560457.0,76.5184,9330.0
2021-11-12 21:00:00+00:00,76.58,76.75,76.58,76.75,32165.0,76.5848,47.0
2021-11-12 22:00:00+00:00,76.8,77.0,76.58,76.58,1581.0,76.647,4.0
2021-11-15 09:00:00+00:00,77.33,77.41,76.79,76.79,302.0,77.1747,4.0
2021-11-15 10:00:00+00:00,76.68,76.68,76.66,76.67,982.0,76.6728,9.0
2021-11-15 11:00:00+00:00,76.79,76.79,76.65,76.65,2246.0,76.6878,29.0
2021-11-15 12:00:00+00:00,77.0,77.0,76.75,76.75,241.0,76.8518,4.0
2021-11-15 13:00:00+00:00,77.1964,77.1964,76.78,76.9,2754.0,77.1087,8.0
2021-11-15 14:00:00+00:00,77.0496,77.2795,76.0796,76.6,467972.0,76.608,3327.0
2021-11-15 15:00:00+00:00,76.6,76.94,76.33,76.402,489748.0,76.6163,6925.0
2021-11-15 16:00:00+00:00,76.42,77.01,76.42,76.71,428123.0,76.7538,6492.0
2021-11-15 17:00:00+00:00,76.695,77.32,76.4699,77.24,370202.0,76.7746,5686.0
2021-11-15 18:00:00+00:00,77.25,77.75,77.2,77.54,558272.0,77.4573,7014.0
2021-11-15 19:00:00+00:00,77.58,77.865,77.44,77.865,465562.0,77.6315,6572.0
2021-11-15 20:00:00+00:00,77.875,77.92,77.24,77.35,833382.0,77.4754,11067.0
2021-11-15 21:00:00+00:00,77.35,77.35,77.35,77.35,41181.0,77.35,45.0
2021-11-15 22:00:00+00:00,77.56,77.56,77.5,77.5,596.0,77.5493,4.0
2021-11-15 23:00:00+00:00,77.4999,77.5,77.49,77.49,650.0,77.4984,5.0
2021-11-16 00:00:00+00:00,77.49,77.49,77.49,77.49,600.0,77.49,2.0
2021-11-16 12:00:00+00:00,77.48,77.53,77.48,77.53,247.0,77.5124,5.0
2021-11-16 13:00:00+00:00,77.92,78.4799,77.56,78.3,1832.0,78.1606,17.0
2021-11-16 14:00:00+00:00,78.0,78.25,77.34,77.97,665599.0,77.7637,5551.0
2021-11-16 15:00:00+00:00,77.975,78.165,77.22,77.8,766402.0,77.6642,7462.0
2021-11-16 16:00:00+00:00,77.8,78.015,77.58,77.95,298900.0,77.827,4529.0
2021-11-16 17:00:00+00:00,77.94,78.24,77.92,78.16,356410.0,78.1164,4628.0
2021-11-16 18:00:00+00:00,78.19,78.8257,78.15,78.71,494634.0,78.4476,5775.0
2021-11-16 19:00:00+00:00,78.71,79.01,78.375,78.69,619165.0,78.7541,7519.0
2021-11-16 20:00:00+00:00,78.68,78.82,77.9,77.95,915378.0,78.2814,12645.0
2021-11-16 21:00:00+00:00,77.94,77.99,77.9399,77.99,65301.0,77.9401,63.0
2021-11-16 22:00:00+00:00,77.99,77.99,77.99,77.99,600.0,77.99,2.0
2021-11-16 23:00:00+00:00,77.94,78.05,77.94,78.05,1068.0,78.0065,3.0
2021-11-17 00:00:00+00:00,78.03,78.04,78.02,78.02,1973.0,78.0332,7.0
2021-11-17 09:00:00+00:00,77.67,77.67,76.76,76.76,742.0,77.4216,6.0
2021-11-17 11:00:00+00:00,76.77,76.77,76.77,76.77,216.0,76.77,1.0
2021-11-17 12:00:00+00:00,76.86,77.04,76.43,77.0,4702.0,76.9723,33.0
2021-11-17 13:00:00+00:00,76.9899,77.08,76.5,76.69,19615.0,76.7293,66.0
2021-11-17 14:00:00+00:00,76.71,77.01,76.1,76.48,278924.0,76.4457,3209.0
2021-11-17 15:00:00+00:00,76.45,76.62,76.03,76.15,362389.0,76.3065,5070.0
2021-11-17 16:00:00+00:00,76.155,76.18,75.38,75.4099,327210.0,75.705,4361.0
2021-11-17 17:00:00+00:00,75.41,75.48,74.17,74.6979,566690.0,74.622,6915.0
2021-11-17 18:00:00+00:00,74.67,76.4,74.1,74.18,323359.0,74.4409,3946.0
2021-11-17 19:00:00+00:00,74.18,74.18,73.44,73.59,452094.0,73.8224,6253.0
2021-11-17 20:00:00+00:00,73.62,73.78,73.29,73.45,1219694.0,73.5016,13685.0
2021-11-17 21:00:00+00:00,73.45,74.3,73.28,73.28,87855.0,73.883,124.0
2021-11-17 22:00:00+00:00,73.42,73.5,73.42,73.5,3225.0,73.4239,7.0
2021-11-18 00:00:00+00:00,73.75,73.75,73.45,73.45,588.0,73.5776,5.0
2021-11-18 11:00:00+00:00,73.05,73.5,73.05,73.5,428.0,73.3524,5.0
2021-11-18 12:00:00+00:00,73.39,73.39,73.28,73.28,1585.0,73.3019,11.0
2021-11-18 13:00:00+00:00,73.5,73.5,73.3,73.45,1932.0,73.3997,11.0
2021-11-18 14:00:00+00:00,73.45,74.35,72.8905,72.8905,397245.0,73.4442,4861.0
2021-11-18 15:00:00+00:00,72.91,73.0624,72.03,72.47,601518.0,72.4726,9074.0
2021-11-18 16:00:00+00:00,72.45,73.115,72.44,72.59,899927.0,72.7529,9518.0
2021-11-18 17:00:00+00:00,72.59,73.27,72.48,72.9885,442052.0,72.7608,5543.0
2021-11-18 18:00:00+00:00,72.985,73.31,72.69,73.18,442243.0,73.0082,4472.0
2021-11-18 19:00:00+00:00,73.19,73.21,72.59,73.1872,250340.0,72.9129,3772.0
2021-11-18 20:00:00+00:00,73.17,73.27,72.87,72.943,568652.0,73.0383,8880.0
2021-11-18 21:00:00+00:00,72.96,72.96,72.96,72.96,25114.0,72.96,33.0
2021-11-18 22:00:00+00:00,73.15,73.15,73.15,73.15,200.0,73.15,1.0
2021-11-18 23:00:00+00:00,72.96,72.96,72.96,72.96,1491.0,72.96,15.0
2021-11-19 09:00:00+00:00,72.98,72.98,72.98,72.98,150.0,72.98,2.0
2021-11-19 10:00:00+00:00,72.47,72.51,71.97,72.33,4145.0,72.2703,63.0
2021-11-19 11:00:00+00:00,72.27,72.27,71.69,71.7,2929.0,71.7697,52.0
2021-11-19 12:00:00+00:00,71.89,71.89,70.78,70.79,9871.0,71.2732,118.0
2021-11-19 13:00:00+00:00,71.55,71.9,70.88,71.15,10069.0,71.0991,92.0
2021-11-19 14:00:00+00:00,71.01,72.19,70.61,70.82,634003.0,71.1897,6039.0
2021-11-19 15:00:00+00:00,70.81,70.88,69.64,70.01,909162.0,70.1819,13373.0
2021-11-19 16:00:00+00:00,70.05,70.25,69.34,69.4001,548585.0,69.815,8977.0
2021-11-19 17:00:00+00:00,69.41,69.97,69.39,69.535,375517.0,69.6407,6312.0
2021-11-19 18:00:00+00:00,69.54,69.615,68.62,68.96,468637.0,69.0249,7604.0
2021-11-19 19:00:00+00:00,68.95,69.44,68.72,68.72,542708.0,69.1232,6139.0
2021-11-19 20:00:00+00:00,68.73,69.23,68.63,69.06,1339155.0,68.9399,16092.0
2021-11-19 21:00:00+00:00,69.07,69.44,69.0,69.2,83886.0,69.071,76.0
2021-11-19 22:00:00+00:00,69.24,69.47,69.07,69.07,5185.0,72.9513,14.0
2021-11-19 23:00:00+00:00,69.15,69.15,69.07,69.07,700.0,69.1386,3.0
2021-11-20 00:00:00+00:00,69.14,69.14,69.07,69.07,808.0,69.0971,6.0
2021-11-22 12:00:00+00:00,69.16,69.31,69.15,69.31,1846.0,69.246,20.0
2021-11-22 13:00:00+00:00,69.26,69.2999,68.91,69.18,3718.0,69.2083,35.0
2021-11-22 14:00:00+00:00,69.3,70.025,68.77,69.9,366596.0,69.3547,3967.0
2021-11-22 15:00:00+00:00,69.93,70.94,69.88,70.81,393165.0,70.5788,6132.0
2021-11-22 16:00:00+00:00,70.815,71.16,70.34,70.49,398256.0,70.8485,4984.0
2021-11-22 17:00:00+00:00,70.51,71.2036,70.45,70.9359,268124.0,70.874,4366.0
2021-11-22 18:00:00+00:00,70.92,71.57,70.91,71.53,275124.0,71.2343,3617.0
2021-11-22 19:00:00+00:00,71.54,72.12,71.35,71.87,281804.0,71.7723,3742.0
2021-11-22 20:00:00+00:00,71.86,71.93,70.62,70.63,658361.0,71.2684,9110.0
2021-11-22 21:00:00+00:00,70.65,70.65,70.65,70.65,63849.0,70.6547,53.0
2021-11-22 22:00:00+00:00,70.65,70.83,70.65,70.65,3915.0,70.7208,16.0
2021-11-23 12:00:00+00:00,70.76,70.76,70.7,70.7,1400.0,70.7479,23.0
2021-11-23 13:00:00+00:00,70.01,71.4899,70.01,71.0,7024.0,70.9361,24.0
2021-11-23 14:00:00+00:00,71.21,72.14,71.0,71.59,243733.0,71.6868,2837.0
2021-11-23 15:00:00+00:00,71.59,72.71,71.4397,72.19,473726.0,72.2676,6626.0
2021-11-23 16:00:00+00:00,72.21,72.89,71.79,72.7366,376759.0,72.4804,4962.0
2021-11-23 17:00:00+00:00,72.725,73.195,72.48,72.93,280724.0,72.868,3710.0
2021-11-23 18:00:00+00:00,72.9265,73.0758,72.62,72.92,355631.0,72.875,4416.0
2021-11-23 19:00:00+00:00,72.93,73.045,72.41,72.71,315902.0,72.7775,4681.0
2021-11-23 20:00:00+00:00,72.71,72.79,72.23,72.55,944263.0,72.4977,11686.0
2021-11-23 21:00:00+00:00,72.55,72.57,72.55,72.55,42127.0,72.55,57.0
2021-11-24 00:00:00+00:00,72.54,72.54,72.54,72.54,1405.0,72.54,2.0
2021-11-24 12:00:00+00:00,72.65,72.65,72.54,72.55,991.0,72.588,4.0
2021-11-24 13:00:00+00:00,72.4,73.59,72.29,73.59,650.0,72.5108,7.0
2021-11-24 14:00:00+00:00,72.5827,73.55,71.94,73.31,222556.0,72.8997,2385.0
2021-11-24 15:00:00+00:00,73.25,73.46,72.809,72.88,451064.0,73.1164,5497.0
2021-11-24 16:00:00+00:00,72.885,73.09,72.33,72.63,475877.0,72.7178,6089.0
2021-11-24 17:00:00+00:00,72.63,72.99,72.3849,72.87,268478.0,72.7043,3792.0
2021-11-24 18:00:00+00:00,72.86,73.11,72.81,72.901,498156.0,72.9575,5212.0
2021-11-24 19:00:00+00:00,72.915,72.965,72.52,72.55,544714.0,72.6932,5741.0
2021-11-24 20:00:00+00:00,72.55,72.98,72.53,72.95,818360.0,72.7666,9655.0
2021-11-24 21:00:00+00:00,72.95,72.95,72.95,72.95,24342.0,72.95,34.0
2021-11-24 23:00:00+00:00,73.03,73.09,73.03,73.09,5200.0,73.0888,3.0
2021-11-25 00:00:00+00:00,73.09,73.09,73.09,73.09,200.0,73.09,1.0
2021-11-26 09:00:00+00:00,72.44,72.44,68.44,68.44,981.0,70.3121,16.0
2021-11-26 10:00:00+00:00,69.24,69.24,69.24,69.24,100.0,69.24,1.0
2021-11-26 11:00:00+00:00,68.31,69.29,68.31,68.36,1400.0,68.6508,7.0
2021-11-26 12:00:00+00:00,69.25,70.21,69.23,70.0,11970.0,69.8054,122.0
2021-11-26 13:00:00+00:00,69.5,70.25,69.0,69.715,17974.0,69.5685,102.0
2021-11-26 14:00:00+00:00,69.71,69.99,66.58,67.0984,1076212.0,67.309,10934.0
2021-11-26 15:00:00+00:00,67.06,67.2,66.26,66.5164,1260858.0,66.5592,13984.0
2021-11-26 16:00:00+00:00,66.48,67.65,66.33,67.46,1240520.0,66.9649,13621.0
2021-11-26 17:00:00+00:00,67.455,68.91,67.45,68.045,1643291.0,68.2042,17668.0
2021-11-26 18:00:00+00:00,68.01,68.01,68.01,68.01,395203.0,68.01,1.0
2021-11-26 20:00:00+00:00,68.01,68.01,68.01,68.01,0.0,,
2021-11-29 09:00:00+00:00,68.8,69.0,68.8,68.99,1796.0,68.921,25.0
2021-11-29 10:00:00+00:00,69.0,69.0,68.89,68.9,3152.0,68.9473,16.0
2021-11-29 11:00:00+00:00,69.0,69.46,68.99,68.99,6311.0,69.0314,98.0
2021-11-29 12:00:00+00:00,68.98,69.0,68.98,69.0,910.0,68.9976,11.0
2021-11-29 13:00:00+00:00,68.5,69.89,68.5,69.7,28610.0,69.2465,462.0
2021-11-29 14:00:00+00:00,69.78,70.54,68.885,69.11,484024.0,69.6836,5864.0
2021-11-29 15:00:00+00:00,69.06,69.1986,68.08,68.43,525894.0,68.557,6912.0
2021-11-29 16:00:00+00:00,68.41,68.65,68.04,68.48,460625.0,68.4082,6518.0
2021-11-29 17:00:00+00:00,68.47,69.3,68.43,69.17,337628.0,68.9626,5352.0
2021-11-29 18:00:00+00:00,69.14,69.2444,68.8657,69.2091,251415.0,69.0786,4563.0
2021-11-29 19:00:00+00:00,69.205,69.205,68.65,68.67,291705.0,68.8645,4881.0
2021-11-29 20:00:00+00:00,68.68,69.0,68.0,68.17,914072.0,68.3281,11678.0
2021-11-29 21:00:00+00:00,68.17,68.17,68.0001,68.17,209910.0,68.1689,70.0
2021-11-29 22:00:00+00:00,68.17,68.17,68.17,68.17,1550.0,68.17,7.0
2021-11-29 23:00:00+00:00,68.17,68.17,68.17,68.17,10230.0,68.17,50.0
2021-11-30 00:00:00+00:00,68.17,68.3,68.17,68.3,2042.0,68.1947,16.0
2021-11-30 09:00:00+00:00,66.85,66.85,66.85,66.85,100.0,66.85,1.0
2021-11-30 11:00:00+00:00,66.59,66.59,66.59,66.59,200.0,66.59,2.0
2021-11-30 12:00:00+00:00,66.58,67.15,66.58,66.6,4849.0,66.6698,66.0
2021-11-30 13:00:00+00:00,66.59,66.9,66.45,66.58,8144.0,66.566,135.0
2021-11-30 14:00:00+00:00,66.84,67.43,66.545,66.84,364166.0,66.8849,3716.0
2021-11-30 15:00:00+00:00,66.78,67.13,66.44,66.57,704958.0,66.832,9082.0
2021-11-30 16:00:00+00:00,66.57,66.9699,65.7,65.97,774018.0,66.3033,9196.0
2021-11-30 17:00:00+00:00,65.96,66.62,65.7,66.39,663298.0,66.1879,8656.0
2021-11-30 18:00:00+00:00,66.42,66.54,66.0,66.51,457725.0,66.287,5901.0
2021-11-30 19:00:00+00:00,66.5,67.17,66.36,66.97,637273.0,66.7203,6909.0
2021-11-30 20:00:00+00:00,66.97,67.55,66.86,66.93,1438025.0,67.1948,14984.0
2021-11-30 21:00:00+00:00,66.94,67.63,66.9,67.63,1583604.0,66.9397,127.0
2021-11-30 22:00:00+00:00,67.0,67.5,67.0,67.5,2100.0,67.0238,7.0
2021-12-01 00:00:00+00:00,68.0,68.0,68.0,68.0,100.0,68.0,1.0
2021-12-01 12:00:00+00:00,68.38,68.71,68.38,68.7,4890.0,68.4991,72.0
2021-12-01 13:00:00+00:00,68.7411,68.7411,68.4,68.6,16457.0,68.566,146.0
2021-12-01 14:00:00+00:00,68.5,69.56,68.45,69.56,747806.0,69.0203,6742.0
2021-12-01 15:00:00+00:00,69.57,70.9,69.52,70.72,1089023.0,70.3491,12697.0
2021-12-01 16:00:00+00:00,70.74,70.96,69.86,69.96,699583.0,70.6006,8119.0
2021-12-01 17:00:00+00:00,69.95,70.63,69.31,69.35,522159.0,70.0898,6391.0
2021-12-01 18:00:00+00:00,69.3,69.41,68.52,68.77,450176.0,68.9286,6201.0
2021-12-01 19:00:00+00:00,68.76,68.83,67.67,68.155,599996.0,68.2762,8425.0
2021-12-01 20:00:00+00:00,68.16,68.32,67.27,67.28,995822.0,67.7855,13651.0
2021-12-01 21:00:00+00:00,67.0,67.35,66.97,67.31,40861.0,67.304,98.0
2021-12-01 22:00:00+00:00,67.33,67.33,67.32,67.32,750.0,67.3253,9.0
2021-12-02 12:00:00+00:00,68.29,68.4,67.7,67.75,5140.0,68.053,38.0
2021-12-02 13:00:00+00:00,67.93,67.93,67.7,67.71,214390.0,67.3209,35.0
2021-12-02 14:00:00+00:00,67.6,68.95,66.62,68.6457,515408.0,68.1024,5278.0
2021-12-02 15:00:00+00:00,68.71,70.09,68.35,70.07,412891.0,69.3418,6045.0
2021-12-02 16:00:00+00:00,70.05,70.95,69.8,70.85,582434.0,70.4454,7761.0
2021-12-02 17:00:00+00:00,70.81,70.98,70.67,70.75,465696.0,70.8488,6313.0
2021-12-02 18:00:00+00:00,70.72,71.13,70.29,71.13,408296.0,70.6561,6148.0
2021-12-02 19:00:00+00:00,71.125,71.495,71.0105,71.36,428492.0,71.2745,6849.0
2021-12-02 20:00:00+00:00,71.37,71.64,71.13,71.25,960706.0,71.3224,13456.0
2021-12-02 21:00:00+00:00,71.17,71.22,71.17,71.22,595270.0,71.17,67.0
2021-12-02 22:00:00+00:00,71.4,71.44,71.4,71.44,800.0,71.4192,12.0
2021-12-02 23:00:00+00:00,71.44,71.45,71.29,71.3,775.0,71.3515,7.0
2021-12-03 00:00:00+00:00,71.2,71.2,71.2,71.2,120.0,71.205,2.0
2021-12-03 09:00:00+00:00,71.48,71.48,71.48,71.48,100.0,71.48,1.0
2021-12-03 13:00:00+00:00,72.0,72.0,71.29,71.38,2253.0,71.6692,11.0
2021-12-03 14:00:00+00:00,71.98,72.51,70.79,70.925,380513.0,71.6252,3456.0
2021-12-03 15:00:00+00:00,70.96,71.3,70.07,70.07,529717.0,70.7218,6455.0
2021-12-03 16:00:00+00:00,70.07,70.7583,69.54,69.54,444063.0,70.2112,6866.0
2021-12-03 17:00:00+00:00,69.55,70.36,69.41,69.865,292372.0,69.8978,4717.0
2021-12-03 18:00:00+00:00,69.85,70.1,69.46,69.51,244014.0,69.7582,4230.0
2021-12-03 19:00:00+00:00,69.5,69.68,69.2,69.35,364944.0,69.4144,5164.0
2021-12-03 20:00:00+00:00,69.365,69.865,69.15,69.72,781784.0,69.5523,11555.0
2021-12-03 21:00:00+00:00,69.71,69.71,69.7,69.71,169976.0,69.7099,57.0
2021-12-04 00:00:00+00:00,69.71,69.71,69.71,69.71,950.0,69.71,2.0
2021-12-06 09:00:00+00:00,70.03,70.03,70.03,70.03,100.0,70.03,1.0
2021-12-06 12:00:00+00:00,70.99,71.01,70.85,70.85,3300.0,70.9956,11.0
2021-12-06 13:00:00+00:00,70.01,70.99,70.01,70.28,1593.0,70.4504,29.0
2021-12-06 14:00:00+00:00,70.99,71.2,69.6,70.48,230835.0,70.3701,2880.0
2021-12-06 15:00:00+00:00,70.5,71.46,70.16,71.29,360388.0,70.8302,5741.0
2021-12-06 16:00:00+00:00,71.27,71.29,70.41,70.7,322767.0,70.9389,5023.0
2021-12-06 17:00:00+00:00,70.72,70.89,70.55,70.84,152864.0,70.7322,2760.0
2021-12-06 18:00:00+00:00,70.85,71.2515,70.77,71.11,273398.0,71.0627,4492.0
2021-12-06 19:00:00+00:00,71.1,71.21,70.78,70.84,263181.0,71.021,4025.0
2021-12-06 20:00:00+00:00,70.83,71.04,70.25,70.42,565514.0,70.5529,7569.0
2021-12-06 21:00:00+00:00,70.41,70.6,70.41,70.6,72196.0,70.4126,58.0
2021-12-06 22:00:00+00:00,70.6,70.6,70.59,70.6,800.0,70.5995,6.0
2021-12-06 23:00:00+00:00,70.5,70.5,70.46,70.46,700.0,70.4914,3.0
2021-12-07 12:00:00+00:00,71.16,71.16,71.16,71.16,800.0,71.16,3.0
2021-12-07 13:00:00+00:00,71.3,71.93,71.19,71.35,2505.0,71.5229,21.0
2021-12-07 14:00:00+00:00,71.83,73.135,71.64,72.86,394589.0,72.4826,3845.0
2021-12-07 15:00:00+00:00,72.89,73.68,72.81,73.25,502700.0,73.2063,5804.0
2021-12-07 16:00:00+00:00,73.26,73.35,72.75,72.82,301892.0,72.9981,4255.0
2021-12-07 17:00:00+00:00,72.84,73.14,72.815,73.04,269032.0,72.975,3604.0
2021-12-07 18:00:00+00:00,73.06,73.06,71.5801,72.2426,523160.0,72.1799,7257.0
2021-12-07 19:00:00+00:00,72.2402,72.32,72.015,72.165,227403.0,72.1644,3676.0
2021-12-07 20:00:00+00:00,72.155,72.41,71.325,71.63,698704.0,71.6801,10075.0
2021-12-07 21:00:00+00:00,71.63,71.63,71.63,71.63,117850.0,71.63,56.0
2021-12-08 00:00:00+00:00,71.75,71.75,71.75,71.75,120.0,71.7508,3.0
2021-12-08 11:00:00+00:00,71.8,71.8,71.8,71.8,111.0,71.8,2.0
2021-12-08 12:00:00+00:00,72.27,72.27,72.0,72.0,1013.0,72.1483,12.0
2021-12-08 13:00:00+00:00,72.0,72.2,71.96,72.2,801.0,72.0352,8.0
2021-12-08 14:00:00+00:00,71.95,72.27,71.64,71.78,171644.0,71.9111,1981.0
2021-12-08 15:00:00+00:00,71.728,71.85,71.211,71.35,206550.0,71.5294,3536.0
2021-12-08 16:00:00+00:00,71.36,71.45,70.91,70.95,422708.0,71.2081,6032.0
2021-12-08 17:00:00+00:00,70.97,71.0,70.72,70.779,194418.0,70.8677,2966.0
2021-12-08 18:00:00+00:00,70.735,71.21,70.54,71.07,350744.0,70.7892,3462.0
2021-12-08 19:00:00+00:00,71.06,71.155,70.59,70.635,224209.0,70.814,3128.0
2021-12-08 20:00:00+00:00,70.63,70.87,70.49,70.72,698278.0,70.7078,8757.0
2021-12-08 21:00:00+00:00,70.72,70.72,70.6,70.6,33952.0,70.6988,36.0
2021-12-08 22:00:00+00:00,70.7199,70.72,70.7199,70.72,1335.0,70.72,5.0
2021-12-09 00:00:00+00:00,70.6,70.6,70.6,70.6,200.0,70.6,2.0
2021-12-09 12:00:00+00:00,70.25,70.25,70.25,70.25,113.0,70.25,2.0
2021-12-09 13:00:00+00:00,70.72,70.72,70.1,70.1,6442.0,70.3329,52.0
2021-12-09 14:00:00+00:00,69.94,70.64,69.67,69.835,366412.0,70.0298,3269.0
2021-12-09 15:00:00+00:00,69.76,70.91,69.68,70.12,452020.0,70.3713,6211.0
2021-12-09 16:00:00+00:00,70.15,70.22,69.87,69.97,300350.0,70.0395,4058.0
2021-12-09 17:00:00+00:00,69.96,70.385,69.69,70.27,299947.0,70.0004,4259.0
2021-12-09 18:00:00+00:00,70.26,70.46,70.03,70.28,280277.0,70.2634,3373.0
2021-12-09 19:00:00+00:00,70.3,70.63,70.13,70.24,182979.0,70.3687,3185.0
2021-12-09 20:00:00+00:00,70.255,70.62,70.17,70.32,549903.0,70.3974,7717.0
2021-12-09 21:00:00+00:00,70.31,70.31,70.31,70.31,60380.0,70.31,42.0
2021-12-09 22:00:00+00:00,69.78,69.82,69.78,69.82,399.0,69.8704,7.0
2021-12-10 00:00:00+00:00,70.31,70.31,70.31,70.31,1500.0,70.3089,12.0
2021-12-10 13:00:00+00:00,70.97,71.29,70.57,71.0,37533.0,70.439,61.0
2021-12-10 14:00:00+00:00,70.99,71.4,69.805,69.82,196865.0,70.4464,2482.0
2021-12-10 15:00:00+00:00,69.84,70.3199,69.67,70.21,301507.0,70.0594,4325.0
2021-12-10 16:00:00+00:00,70.2,70.2608,69.535,70.06,211551.0,69.9159,3513.0
2021-12-10 17:00:00+00:00,70.09,70.29,69.92,69.94,112804.0,70.0782,2346.0
2021-12-10 18:00:00+00:00,69.95,70.46,69.95,70.34,207815.0,70.2335,3268.0
2021-12-10 19:00:00+00:00,70.33,70.68,70.06,70.1122,283489.0,70.327,4698.0
2021-12-10 20:00:00+00:00,70.12,70.92,70.095,70.85,553646.0,70.6634,8974.0
2021-12-10 21:00:00+00:00,70.85,70.85,70.85,70.85,19034.0,70.85,30.0
2021-12-10 22:00:00+00:00,70.85,70.85,70.85,70.85,700.0,70.85,6.0
2021-12-13 10:00:00+00:00,70.85,70.85,70.85,70.85,141.0,70.85,1.0
2021-12-13 11:00:00+00:00,70.85,70.85,70.85,70.85,282.0,70.85,1.0
2021-12-13 12:00:00+00:00,70.85,70.85,70.68,70.68,1647.0,70.7546,16.0
2021-12-13 13:00:00+00:00,70.43,70.55,70.35,70.4,2708.0,70.4217,24.0
2021-12-13 14:00:00+00:00,70.27,70.38,68.95,69.135,231907.0,69.5414,2775.0
2021-12-13 15:00:00+00:00,69.055,69.3,68.38,68.46,372082.0,68.9454,6040.0
2021-12-13 16:00:00+00:00,68.4654,68.62,68.13,68.61,321886.0,68.3033,5294.0
2021-12-13 17:00:00+00:00,68.59,68.87,68.332,68.625,231309.0,68.634,4314.0
2021-12-13 18:00:00+00:00,68.58,68.58,68.16,68.195,244781.0,68.3212,3817.0
2021-12-13 19:00:00+00:00,68.19,68.42,67.94,68.15,304426.0,68.1316,4537.0
2021-12-13 20:00:00+00:00,68.15,68.55,68.1,68.19,640100.0,68.2852,9315.0
2021-12-13 21:00:00+00:00,68.22,68.22,68.22,68.22,77902.0,68.22,53.0
2021-12-13 23:00:00+00:00,68.22,68.22,68.22,68.22,1775.0,68.22,13.0
2021-12-14 09:00:00+00:00,68.2,68.2,68.2,68.2,300.0,68.1701,4.0
2021-12-14 10:00:00+00:00,68.15,68.15,68.15,68.15,504.0,68.1508,5.0
2021-12-14 11:00:00+00:00,68.18,68.18,68.18,68.18,237.0,68.1803,3.0
2021-12-14 13:00:00+00:00,68.01,68.02,67.3601,67.3601,6072.0,67.7585,42.0
2021-12-14 14:00:00+00:00,67.39,70.2,67.39,70.02,288008.0,69.0395,3120.0
2021-12-14 15:00:00+00:00,69.9775,70.29,69.15,69.2102,394589.0,69.8272,5426.0
2021-12-14 16:00:00+00:00,69.22,69.41,68.8,68.9,302529.0,69.0298,3754.0
2021-12-14 17:00:00+00:00,68.94,69.26,68.71,68.88,182453.0,68.9693,2602.0
2021-12-14 18:00:00+00:00,68.9,69.15,68.8,68.835,182717.0,68.9838,2696.0
2021-12-14 19:00:00+00:00,68.84,69.0631,68.355,68.43,228131.0,68.7289,3155.0
2021-12-14 20:00:00+00:00,68.42,68.53,67.89,68.2,714310.0,68.1771,8049.0
2021-12-14 21:00:00+00:00,68.19,68.21,68.19,68.19,29593.0,68.1904,37.0
2021-12-15 12:00:00+00:00,68.12,68.21,68.12,68.19,1563.0,68.1902,10.0
2021-12-15 13:00:00+00:00,68.42,68.42,68.42,68.42,300.0,68.42,1.0
2021-12-15 14:00:00+00:00,68.33,68.49,66.63,66.92,236851.0,67.2377,2760.0
2021-12-15 15:00:00+00:00,67.05,67.2,66.35,66.88,346092.0,66.7011,5047.0
2021-12-15 16:00:00+00:00,66.9,67.37,66.8372,67.33,395938.0,67.1701,4524.0
2021-12-15 17:00:00+00:00,67.35,68.04,67.35,67.97,288846.0,67.7298,3615.0
2021-12-15 18:00:00+00:00,67.96,67.98,67.42,67.65,399491.0,67.6101,4004.0
2021-12-15 19:00:00+00:00,67.65,68.51,67.3,67.43,387546.0,67.8046,5945.0
2021-12-15 20:00:00+00:00,67.46,68.67,67.435,68.23,531075.0,68.2152,8576.0
2021-12-15 21:00:00+00:00,68.24,68.24,68.24,68.24,93378.0,68.2399,46.0
2021-12-15 23:00:00+00:00,68.21,68.31,68.21,68.31,3766.0,68.3471,22.0
2021-12-16 14:00:00+00:00,68.94,69.84,68.75,69.36,214192.0,69.266,2162.0
2021-12-16 15:00:00+00:00,69.41,70.49,69.22,70.44,542983.0,69.9194,7079.0
2021-12-16 16:00:00+00:00,70.43,70.55,69.995,69.995,355666.0,70.277,5367.0
2021-12-16 17:00:00+00:00,69.98,70.28,69.74,69.74,325472.0,69.9778,4677.0
2021-12-16 18:00:00+00:00,69.76,69.99,69.61,69.615,223501.0,69.8191,3343.0
2021-12-16 19:00:00+00:00,69.63,69.64,68.5161,68.7311,308189.0,69.1018,4816.0
2021-12-16 20:00:00+00:00,68.72,69.07,68.57,68.73,532545.0,68.7929,7802.0
2021-12-16 21:00:00+00:00,68.75,68.75,68.75,68.75,180299.0,68.75,44.0
2021-12-16 22:00:00+00:00,68.91,68.92,68.91,68.92,1460.0,68.9154,9.0
2021-12-17 10:00:00+00:00,68.52,68.52,68.52,68.52,300.0,68.52,3.0
2021-12-17 12:00:00+00:00,68.52,68.52,68.4,68.4,2717.0,68.4818,46.0
2021-12-17 13:00:00+00:00,68.65,68.65,68.65,68.65,300.0,68.65,3.0
2021-12-17 14:00:00+00:00,68.54,68.82,67.08,67.3342,770837.0,68.287,2523.0
2021-12-17 15:00:00+00:00,67.29,68.975,67.23,68.73,462929.0,68.125,5201.0
2021-12-17 16:00:00+00:00,68.73,69.585,68.7,69.18,516779.0,69.2615,7358.0
2021-12-17 17:00:00+00:00,69.15,69.1735,68.63,68.83,279026.0,68.8416,4771.0
2021-12-17 18:00:00+00:00,68.83,69.33,68.765,69.18,218953.0,69.0959,3676.0
2021-12-17 19:00:00+00:00,69.19,69.2498,68.51,68.6,243629.0,68.7437,4494.0
2021-12-17 20:00:00+00:00,68.62,68.96,68.42,68.68,695813.0,68.6864,10782.0
2021-12-17 21:00:00+00:00,68.69,68.69,68.6899,68.69,318651.0,68.69,60.0
2021-12-17 23:00:00+00:00,68.69,68.69,68.69,68.69,200.0,68.69,3.0
2021-12-18 00:00:00+00:00,68.69,68.69,68.69,68.69,1000.0,68.69,4.0
2021-12-20 09:00:00+00:00,66.71,66.87,66.69,66.87,1238.0,66.6783,15.0
2021-12-20 10:00:00+00:00,67.27,67.27,67.27,67.27,136.0,67.27,1.0
2021-12-20 11:00:00+00:00,67.54,67.54,67.54,67.54,302.0,67.5397,19.0
2021-12-20 12:00:00+00:00,67.06,67.08,67.06,67.06,2200.0,67.0663,18.0
2021-12-20 13:00:00+00:00,67.4,67.47,67.06,67.06,3617.0,67.2013,23.0
2021-12-20 14:00:00+00:00,67.2399,67.24,65.1314,66.0332,496321.0,65.769,4983.0
2021-12-20 15:00:00+00:00,66.04,67.52,65.94,66.9105,399580.0,66.8789,5102.0
2021-12-20 16:00:00+00:00,66.89,67.48,66.75,67.48,243270.0,67.0656,4299.0
2021-12-20 17:00:00+00:00,67.46,67.85,67.35,67.51,283802.0,67.6453,4205.0
2021-12-20 18:00:00+00:00,67.5,67.94,67.5,67.81,318392.0,67.7436,4695.0
2021-12-20 19:00:00+00:00,67.81,68.05,67.69,67.78,317100.0,67.8815,4487.0
2021-12-20 20:00:00+00:00,67.78,68.88,67.61,68.68,1214754.0,68.391,13198.0
2021-12-20 21:00:00+00:00,68.69,68.69,68.65,68.69,582439.0,68.69,67.0
2021-12-20 22:00:00+00:00,69.4899,69.4899,68.55,68.55,1333.0,68.6201,4.0
2021-12-20 23:00:00+00:00,69.0,69.0,69.0,69.0,1000.0,68.9971,5.0
2021-12-21 00:00:00+00:00,68.69,68.69,68.69,68.69,1000.0,68.69,2.0
2021-12-21 11:00:00+00:00,69.44,69.55,69.04,69.15,1019.0,69.4104,7.0
2021-12-21 12:00:00+00:00,69.4,69.4,69.4,69.4,100.0,69.4,1.0
2021-12-21 13:00:00+00:00,69.42,69.42,69.42,69.42,100.0,69.42,1.0
2021-12-21 14:00:00+00:00,69.64,70.37,69.23,70.18,299257.0,69.9301,2974.0
2021-12-21 15:00:00+00:00,70.24,71.34,70.24,70.59,647052.0,70.9311,7673.0
2021-12-21 16:00:00+00:00,70.6,70.98,70.54,70.89,349817.0,70.8274,4798.0
2021-12-21 17:00:00+00:00,70.87,71.4,70.81,71.19,372322.0,71.1333,4198.0
2021-12-21 18:00:00+00:00,71.16,71.25,70.775,70.8999,251025.0,70.9534,3910.0
2021-12-21 19:00:00+00:00,70.9,70.95,70.63,70.765,314447.0,70.8135,4560.0
2021-12-21 20:00:00+00:00,70.76,71.38,70.64,71.32,1083744.0,71.0254,12509.0
2021-12-21 21:00:00+00:00,71.32,71.33,71.32,71.32,655340.0,71.32,66.0
2021-12-21 22:00:00+00:00,71.32,71.32,71.32,71.32,112.0,71.32,1.0
2021-12-21 23:00:00+00:00,71.32,71.32,71.32,71.32,409.0,71.32,5.0
2021-12-22 13:00:00+00:00,71.95,71.95,71.0,71.0,400.0,71.4525,4.0
2021-12-22 14:00:00+00:00,71.37,71.54,70.72,71.16,147720.0,71.1721,1986.0
2021-12-22 15:00:00+00:00,71.12,72.1016,71.12,71.84,255231.0,71.8062,3774.0
2021-12-22 16:00:00+00:00,71.83,71.83,71.51,71.65,225250.0,71.6526,3963.0
2021-12-22 17:00:00+00:00,71.65,72.04,71.5625,71.99,179725.0,71.7922,2956.0
2021-12-22 18:00:00+00:00,71.992,72.01,71.76,71.82,160410.0,71.8942,3219.0
2021-12-22 19:00:00+00:00,71.82,71.82,71.28,71.47,208568.0,71.4677,3806.0
2021-12-22 20:00:00+00:00,71.47,71.56,71.2818,71.31,472360.0,71.4004,7182.0
2021-12-22 21:00:00+00:00,71.3,71.3,71.3,71.3,35551.0,71.3,43.0
2021-12-22 22:00:00+00:00,71.5,71.54,71.45,71.54,1200.0,71.4742,4.0
2021-12-22 23:00:00+00:00,71.55,71.55,71.55,71.55,100.0,71.55,1.0
2021-12-23 13:00:00+00:00,72.07,72.07,71.5,71.56,1529.0,71.6285,7.0
2021-12-23 14:00:00+00:00,71.7,73.37,71.7,72.55,413484.0,72.8617,3559.0
2021-12-23 15:00:00+00:00,72.52,72.94,72.22,72.705,453634.0,72.6846,5086.0
2021-12-23 16:00:00+00:00,72.705,72.87,72.5776,72.68,332502.0,72.7103,4507.0
2021-12-23 17:00:00+00:00,72.67,72.86,72.54,72.765,310546.0,72.7398,3847.0
2021-12-23 18:00:00+00:00,72.765,72.87,72.25,72.31,392226.0,72.6371,4314.0
2021-12-23 19:00:00+00:00,72.32,72.34,72.15,72.18,161061.0,72.2272,2362.0
2021-12-23 20:00:00+00:00,72.18,72.18,71.74,71.75,604442.0,71.9919,7607.0
2021-12-23 21:00:00+00:00,71.73,71.73,71.6,71.6,353091.0,71.7289,59.0
2021-12-27 09:00:00+00:00,71.76,71.76,71.76,71.76,102.0,71.7612,2.0
2021-12-27 10:00:00+00:00,71.65,71.65,71.62,71.62,200.0,71.635,2.0
2021-12-27 12:00:00+00:00,71.62,71.62,71.62,71.62,101.0,71.6198,2.0
2021-12-27 14:00:00+00:00,71.53,71.81,70.5,71.385,182915.0,71.1782,1592.0
2021-12-27 15:00:00+00:00,71.3574,72.44,71.285,72.42,303251.0,71.9691,3340.0
2021-12-27 16:00:00+00:00,72.415,72.85,72.32,72.84,246878.0,72.5823,3394.0
2021-12-27 17:00:00+00:00,72.83,72.98,72.8,72.92,260202.0,72.9175,3310.0
2021-12-27 18:00:00+00:00,72.92,72.97,72.66,72.9434,184757.0,72.8223,2759.0
2021-12-27 19:00:00+00:00,72.9462,73.07,72.8949,73.04,172805.0,72.9929,2637.0
2021-12-27 20:00:00+00:00,73.02,73.15,72.62,73.14,478895.0,72.9353,6718.0
2021-12-27 21:00:00+00:00,73.13,73.17,73.13,73.13,27042.0,73.1302,34.0
2021-12-27 22:00:00+00:00,73.13,73.13,73.13,73.13,350.0,73.13,4.0
2021-12-28 00:00:00+00:00,73.13,73.1301,73.13,73.1301,2201.0,73.1303,11.0
2021-12-28 12:00:00+00:00,73.21,73.5,73.2,73.5,2072.0,73.347,57.0
2021-12-28 13:00:00+00:00,73.5,73.59,73.5,73.55,1311.0,73.5232,21.0
2021-12-28 14:00:00+00:00,73.74,74.95,73.53,74.6,427990.0,74.4047,4056.0
2021-12-28 15:00:00+00:00,74.6,75.17,74.0292,74.06,343876.0,74.6215,4301.0
2021-12-28 16:00:00+00:00,74.06,74.35,73.62,74.23,219230.0,74.009,3164.0
2021-12-28 17:00:00+00:00,74.25,74.32,73.76,73.86,196563.0,74.0692,2608.0
2021-12-28 18:00:00+00:00,73.85,74.31,73.77,74.31,219713.0,74.0645,2561.0
2021-12-28 19:00:00+00:00,74.31,74.525,74.15,74.36,274003.0,74.3381,2920.0
2021-12-28 20:00:00+00:00,74.36,74.68,74.25,74.52,614538.0,74.4649,8017.0
2021-12-28 21:00:00+00:00,74.5,74.5,74.5,74.5,34191.0,74.5,20.0
2021-12-28 22:00:00+00:00,74.79,74.79,74.79,74.79,200.0,74.79,3.0
2021-12-29 11:00:00+00:00,74.5,74.5,74.5,74.5,237.0,74.5,2.0
2021-12-29 14:00:00+00:00,74.33,74.33,73.47,73.8,330853.0,73.7056,3683.0
2021-12-29 15:00:00+00:00,73.82,74.885,73.71,74.725,281760.0,74.3711,5027.0
2021-12-29 16:00:00+00:00,74.725,74.74,74.11,74.46,300969.0,74.4453,4550.0
2021-12-29 17:00:00+00:00,74.45,74.6699,74.14,74.645,193815.0,74.4613,2944.0
2021-12-29 18:00:00+00:00,74.64,74.86,74.52,74.63,199524.0,74.6947,2913.0
2021-12-29 19:00:00+00:00,74.6,74.76,74.4,74.49,231462.0,74.5565,2831.0
2021-12-29 20:00:00+00:00,74.49,74.7,74.3651,74.6,584179.0,74.515,7006.0
2021-12-29 21:00:00+00:00,74.65,74.65,74.5,74.5,30056.0,74.6468,27.0
2021-12-29 22:00:00+00:00,74.65,74.65,74.65,74.65,250.0,74.65,2.0
2021-12-30 00:00:00+00:00,74.65,74.65,74.65,74.65,200.0,74.65,4.0
2021-12-30 11:00:00+00:00,74.09,74.09,74.09,74.09,131.0,74.09,1.0
2021-12-30 13:00:00+00:00,74.47,74.5,74.47,74.5,602.0,74.4871,6.0
2021-12-30 14:00:00+00:00,74.47,75.39,74.47,74.95,179357.0,74.9936,2043.0
2021-12-30 15:00:00+00:00,74.98,75.03,74.01,74.2,233418.0,74.4059,3687.0
2021-12-30 16:00:00+00:00,74.17,74.38,73.99,74.335,193265.0,74.1685,3144.0
2021-12-30 17:00:00+00:00,74.35,74.5,74.16,74.49,193246.0,74.3326,2477.0
2021-12-30 18:00:00+00:00,74.5,74.6,74.4,74.48,149127.0,74.4747,2175.0
2021-12-30 19:00:00+00:00,74.46,74.545,74.32,74.36,144803.0,74.4434,2269.0
2021-12-30 20:00:00+00:00,74.36,74.3859,74.18,74.27,603702.0,74.2784,7317.0
2021-12-30 21:00:00+00:00,74.28,74.28,74.28,74.28,292163.0,74.28,39.0
2021-12-30 22:00:00+00:00,74.55,74.55,74.55,74.55,300.0,74.55,1.0
2021-12-30 23:00:00+00:00,74.3,74.3,74.12,74.12,3202.0,74.2013,13.0
2021-12-31 12:00:00+00:00,73.88,73.88,73.88,73.88,903.0,73.88,3.0
2021-12-31 14:00:00+00:00,73.67,74.74,73.67,74.58,135963.0,74.4238,1429.0
2021-12-31 15:00:00+00:00,74.6,74.945,74.4,74.86,354451.0,74.6909,4970.0
2021-12-31 16:00:00+00:00,74.865,75.46,74.78,75.14,302459.0,75.1259,4020.0
2021-12-31 17:00:00+00:00,75.13,75.26,74.82,75.26,162523.0,75.0621,2246.0
2021-12-31 18:00:00+00:00,75.24,75.4869,75.1752,75.475,285576.0,75.3093,3116.0
2021-12-31 19:00:00+00:00,75.455,75.5,75.045,75.26,280077.0,75.3284,2989.0
2021-12-31 20:00:00+00:00,75.27,75.64,75.09,75.1,540659.0,75.323,7536.0
2021-12-31 21:00:00+00:00,75.11,75.11,75.0,75.0,20463.0,75.1089,50.0
2022-01-03 13:00:00+00:00,75.4,75.4,75.4,75.4,471.0,75.429,4.0
2022-01-03 14:00:00+00:00,75.0,77.489,75.0,77.31,320682.0,76.6151,3618.0
2022-01-03 15:00:00+00:00,77.36,78.16,77.29,77.81,709895.0,77.8035,8201.0
2022-01-03 16:00:00+00:00,77.82,78.21,77.23,77.66,440649.0,77.787,6112.0
2022-01-03 17:00:00+00:00,77.64,77.71,77.03,77.175,271237.0,77.2741,3701.0
2022-01-03 18:00:00+00:00,77.18,77.43,76.84,76.96,382046.0,77.1023,4758.0
2022-01-03 19:00:00+00:00,76.97,77.08,76.65,77.04,317753.0,76.9109,4337.0
2022-01-03 20:00:00+00:00,77.05,77.305,76.85,77.13,679765.0,77.108,8748.0
2022-01-03 21:00:00+00:00,77.14,77.1501,76.98,76.99,47985.0,77.1302,53.0
2022-01-04 12:00:00+00:00,77.32,77.34,77.32,77.34,1209.0,77.3885,17.0
2022-01-04 13:00:00+00:00,77.65,77.85,77.65,77.85,1267.0,77.6921,12.0
2022-01-04 14:00:00+00:00,77.85,79.21,77.75,79.02,333132.0,78.5566,3835.0
2022-01-04 15:00:00+00:00,79.01,79.39,78.49,78.61,672241.0,79.0855,9718.0
2022-01-04 16:00:00+00:00,78.62,79.105,77.94,79.07,554752.0,78.465,8410.0
2022-01-04 17:00:00+00:00,79.12,79.39,78.88,79.11,382839.0,79.1498,5842.0
2022-01-04 18:00:00+00:00,79.09,79.15,78.67,78.69,190342.0,78.8825,3969.0
2022-01-04 19:00:00+00:00,78.73,79.31,78.73,79.27,433190.0,79.1428,6323.0
2022-01-04 20:00:00+00:00,79.27,79.28,78.29,78.53,1101983.0,78.5951,15221.0
2022-01-04 21:00:00+00:00,78.51,78.51,78.35,78.36,33902.0,78.5074,66.0
2022-01-04 22:00:00+00:00,78.4,78.51,78.4,78.51,486.0,78.4874,5.0
2022-01-05 00:00:00+00:00,78.83,78.83,78.83,78.83,500.0,78.83,2.0
2022-01-05 11:00:00+00:00,78.51,78.51,78.51,78.51,100.0,78.51,1.0
2022-01-05 12:00:00+00:00,78.5,78.5,78.5,78.5,200.0,78.505,5.0
2022-01-05 13:00:00+00:00,78.73,78.86,78.65,78.75,12804.0,78.7556,17.0
2022-01-05 14:00:00+00:00,78.93,79.76,78.915,79.18,380300.0,79.2733,4289.0
2022-01-05 15:00:00+00:00,79.18,79.51,78.675,78.76,531981.0,79.0659,7184.0
2022-01-05 16:00:00+00:00,78.73,79.28,78.39,79.18,454896.0,78.8382,6099.0
2022-01-05 17:00:00+00:00,79.185,79.8399,79.135,79.8,364047.0,79.5357,4962.0
2022-01-05 18:00:00+00:00,79.77,79.77,79.015,79.07,409964.0,79.2124,4583.0
2022-01-05 19:00:00+00:00,79.07,79.25,78.4796,78.62,357552.0,78.791,5124.0
2022-01-05 20:00:00+00:00,78.59,78.61,77.84,78.19,912122.0,78.178,12146.0
2022-01-05 21:00:00+00:00,78.2,78.5518,78.2,78.2,42033.0,78.2039,144.0
2022-01-05 22:00:00+00:00,78.0,78.0,78.0,78.0,100.0,78.0,1.0
2022-01-05 23:00:00+00:00,78.19,78.2,78.19,78.2,600.0,78.1983,2.0
2022-01-06 10:00:00+00:00,78.54,79.05,78.54,79.05,658.0,78.6411,12.0
2022-01-06 11:00:00+00:00,79.4,79.4,79.2,79.2,298.0,79.2276,7.0
2022-01-06 12:00:00+00:00,79.2,79.2,79.2,79.2,1179.0,79.1975,19.0
2022-01-06 13:00:00+00:00,79.24,79.75,79.24,79.75,8368.0,79.7031,30.0
2022-01-06 14:00:00+00:00,79.83,80.4,79.11,79.385,413716.0,79.9045,4077.0
2022-01-06 15:00:00+00:00,79.45,79.99,78.96,79.33,408209.0,79.5107,5671.0
2022-01-06 16:00:00+00:00,79.34,80.28,79.135,80.27,596247.0,79.9636,6702.0
2022-01-06 17:00:00+00:00,80.26,80.28,79.96,80.16,377019.0,80.1836,4765.0
2022-01-06 18:00:00+00:00,80.15,80.27,80.01,80.255,364372.0,80.1737,4411.0
2022-01-06 19:00:00+00:00,80.25,80.47,80.14,80.47,438821.0,80.3893,5945.0
2022-01-06 20:00:00+00:00,80.47,80.47,79.95,80.16,981875.0,80.2376,11482.0
2022-01-06 21:00:00+00:00,80.16,80.16,80.16,80.16,59626.0,80.16,55.0
2022-01-06 22:00:00+00:00,80.16,80.16,80.16,80.16,471.0,80.16,5.0
2022-01-07 00:00:00+00:00,80.18,80.18,80.18,80.18,116.0,80.18,1.0
2022-01-07 12:00:00+00:00,80.74,80.74,80.74,80.74,275.0,80.6904,7.0
2022-01-07 13:00:00+00:00,80.19,80.75,80.19,80.5,2888.0,80.7053,18.0
2022-01-07 14:00:00+00:00,80.6,80.94,79.95,80.91,435524.0,80.5556,4221.0
2022-01-07 15:00:00+00:00,80.91,80.98,80.33,80.63,490297.0,80.7082,5855.0
2022-01-07 16:00:00+00:00,80.63,80.97,80.21,80.91,370710.0,80.6258,5183.0
2022-01-07 17:00:00+00:00,80.9208,80.99,80.67,80.86,374270.0,80.8568,4415.0
2022-01-07 18:00:00+00:00,80.85,81.17,80.75,81.11,382587.0,80.9315,4646.0
2022-01-07 19:00:00+00:00,81.1184,81.34,81.08,81.19,262574.0,81.2155,4048.0
2022-01-07 20:00:00+00:00,81.21,81.43,80.97,80.99,787014.0,81.1538,10286.0
2022-01-07 21:00:00+00:00,81.0,81.0,80.9,81.0,37959.0,80.9974,49.0
2022-01-07 22:00:00+00:00,80.6,80.6,80.6,80.6,100.0,80.6,1.0
2022-01-08 00:00:00+00:00,80.75,80.75,80.75,80.75,200.0,80.7515,2.0
2022-01-10 12:00:00+00:00,81.0,81.0,80.9,80.9,896.0,80.9554,10.0
2022-01-10 13:00:00+00:00,80.94,80.94,80.94,80.94,571.0,80.9851,4.0
2022-01-10 14:00:00+00:00,80.75,81.565,80.41,80.81,245813.0,80.9335,3137.0
2022-01-10 15:00:00+00:00,80.795,81.55,80.45,80.95,570386.0,80.9454,8289.0
2022-01-10 16:00:00+00:00,80.95,81.43,80.74,81.33,420282.0,81.1156,5163.0
2022-01-10 17:00:00+00:00,81.32,81.49,80.3901,80.6333,291126.0,81.0013,4380.0
2022-01-10 18:00:00+00:00,80.6,81.1,80.46,81.08,267855.0,80.8045,3903.0
2022-01-10 19:00:00+00:00,81.065,81.36,80.78,80.93,265820.0,81.0685,3944.0
2022-01-10 20:00:00+00:00,80.94,81.14,80.48,81.03,730972.0,80.8667,9930.0
2022-01-10 21:00:00+00:00,81.03,81.03,81.03,81.03,191757.0,81.03,36.0
2022-01-10 22:00:00+00:00,80.28,80.28,80.28,80.28,100.0,80.28,1.0
2022-01-10 23:00:00+00:00,81.02,81.03,81.02,81.03,1581.0,81.0237,6.0
2022-01-11 12:00:00+00:00,81.52,81.52,81.52,81.52,591.0,81.5243,4.0
2022-01-11 13:00:00+00:00,81.45,81.46,81.3,81.46,4771.0,81.4071,82.0
2022-01-11 14:00:00+00:00,81.48,82.07,81.2,81.75,382302.0,81.7412,3940.0
2022-01-11 15:00:00+00:00,81.72,82.72,81.698,82.1,582547.0,82.2022,6336.0
2022-01-11 16:00:00+00:00,82.12,82.98,82.12,82.5592,432086.0,82.6531,6349.0
2022-01-11 17:00:00+00:00,82.56,83.8041,82.48,83.59,491443.0,83.1866,6206.0
2022-01-11 18:00:00+00:00,83.59,83.89,83.33,83.74,319674.0,83.5789,4518.0
2022-01-11 19:00:00+00:00,83.77,83.83,83.52,83.61,228909.0,83.6838,4048.0
2022-01-11 20:00:00+00:00,83.61,84.09,83.535,83.89,901480.0,83.8201,10714.0
2022-01-11 21:00:00+00:00,83.85,83.85,83.68,83.68,121672.0,83.8492,82.0
2022-01-12 10:00:00+00:00,83.77,83.77,83.69,83.69,400.0,83.7496,3.0
2022-01-12 12:00:00+00:00,83.68,83.68,83.68,83.68,1130.0,83.6855,11.0
2022-01-12 13:00:00+00:00,83.69,84.34,83.69,84.34,1690.0,84.0114,22.0
2022-01-12 14:00:00+00:00,84.31,85.15,84.04,84.92,492086.0,84.8077,4756.0
2022-01-12 15:00:00+00:00,84.99,85.13,83.82,84.25,515509.0,84.4783,6929.0
2022-01-12 16:00:00+00:00,84.24,84.37,83.68,84.07,356961.0,84.0504,4688.0
2022-01-12 17:00:00+00:00,84.11,84.14,83.62,83.945,224219.0,83.879,3131.0
2022-01-12 18:00:00+00:00,83.96,84.3,83.94,84.02,160694.0,84.1239,2579.0
2022-01-12 19:00:00+00:00,84.04,84.36,83.855,84.36,216046.0,84.1006,2962.0
2022-01-12 20:00:00+00:00,84.36,84.96,84.01,84.37,819463.0,84.3915,11581.0
2022-01-12 21:00:00+00:00,84.37,84.37,84.0,84.0,59484.0,84.3623,67.0
2022-01-12 22:00:00+00:00,84.75,84.75,84.75,84.75,296.0,84.743,7.0
2022-01-13 00:00:00+00:00,84.63,84.63,84.63,84.63,179.0,84.63,1.0
2022-01-13 14:00:00+00:00,84.37,84.93,84.03,84.59,200020.0,84.4799,1998.0
2022-01-13 15:00:00+00:00,84.64,84.77,83.44,83.75,424175.0,84.0279,6131.0
2022-01-13 16:00:00+00:00,83.75,84.67,83.74,84.55,356898.0,84.2776,4843.0
2022-01-13 17:00:00+00:00,84.55,84.66,83.69,84.0647,304373.0,84.0566,4785.0
2022-01-13 18:00:00+00:00,84.06,84.5,83.95,84.48,241837.0,84.2696,3863.0
2022-01-13 19:00:00+00:00,84.5,84.5,83.8103,84.14,294105.0,84.0935,4412.0
2022-01-13 20:00:00+00:00,84.14,84.14,83.07,83.37,782986.0,83.4375,11126.0
2022-01-13 21:00:00+00:00,83.36,83.49,83.36,83.36,39695.0,83.3747,63.0
2022-01-14 00:00:00+00:00,83.36,83.36,83.36,83.36,1509.0,83.36,5.0
2022-01-14 13:00:00+00:00,82.98,83.03,82.21,82.86,4932.0,82.3522,32.0
2022-01-14 14:00:00+00:00,82.49,84.22,82.49,84.22,253228.0,83.4898,2898.0
2022-01-14 15:00:00+00:00,84.22,84.55,83.59,83.725,317543.0,84.0815,5099.0
2022-01-14 16:00:00+00:00,83.715,84.28,83.58,84.16,387096.0,83.9667,5688.0
2022-01-14 17:00:00+00:00,84.14,84.57,83.95,84.2,236934.0,84.2281,3479.0
2022-01-14 18:00:00+00:00,84.19,84.77,84.0684,84.77,224335.0,84.4044,3183.0
2022-01-14 19:00:00+00:00,84.785,84.94,84.35,84.69,362741.0,84.6944,4969.0
2022-01-14 20:00:00+00:00,84.7,85.33,84.6914,85.2,806253.0,85.0819,10912.0
2022-01-14 21:00:00+00:00,85.2,85.28,85.2,85.28,23890.0,85.2097,55.0
2022-01-14 22:00:00+00:00,85.0101,85.28,85.0101,85.28,700.0,85.1458,3.0
2022-01-15 00:00:00+00:00,85.11,85.11,85.11,85.11,100.0,85.11,1.0
2022-01-18 10:00:00+00:00,85.6,85.6,85.0,85.0,393.0,85.1779,6.0
2022-01-18 12:00:00+00:00,85.25,85.88,85.25,85.63,3392.0,85.5903,56.0
2022-01-18 13:00:00+00:00,85.71,86.61,85.4,86.25,9213.0,86.0434,108.0
2022-01-18 14:00:00+00:00,86.25,86.4,85.04,86.2964,411690.0,85.794,5150.0
2022-01-18 15:00:00+00:00,86.27,86.39,84.79,84.95,400463.0,85.4841,6505.0
2022-01-18 16:00:00+00:00,84.97,85.4,84.4,84.85,368156.0,84.9963,5381.0
2022-01-18 17:00:00+00:00,84.87,85.01,84.16,84.35,307840.0,84.5823,4993.0
2022-01-18 18:00:00+00:00,84.35,85.24,84.16,85.16,275880.0,84.7544,4347.0
2022-01-18 19:00:00+00:00,85.2,86.18,85.12,85.98,314422.0,85.6593,5297.0
2022-01-18 20:00:00+00:00,85.99,86.05,85.38,85.72,659994.0,85.6489,10133.0
2022-01-18 21:00:00+00:00,85.64,85.87,85.6,85.87,165356.0,85.6402,61.0
2022-01-18 23:00:00+00:00,86.07,86.07,86.07,86.07,200.0,86.07,1.0
2022-01-19 00:00:00+00:00,85.74,85.9,85.74,85.89,643.0,85.8225,8.0
2022-01-19 12:00:00+00:00,86.38,86.38,86.38,86.38,200.0,86.38,3.0
2022-01-19 14:00:00+00:00,86.4969,86.579,84.97,85.3599,248022.0,86.0205,2974.0
2022-01-19 15:00:00+00:00,85.36,85.37,83.67,84.705,350273.0,84.3685,5289.0
2022-01-19 16:00:00+00:00,84.65,85.267,84.575,84.9904,298913.0,84.8679,5127.0
2022-01-19 17:00:00+00:00,85.04,85.27,84.6842,85.18,226528.0,85.0518,3789.0
2022-01-19 18:00:00+00:00,85.19,85.34,84.78,85.295,253085.0,85.0603,4018.0
2022-01-19 19:00:00+00:00,85.29,85.34,84.72,84.93,301447.0,84.9386,4044.0
2022-01-19 20:00:00+00:00,84.92,85.26,84.11,84.22,572658.0,84.5703,7941.0
2022-01-19 21:00:00+00:00,84.21,84.23,84.2099,84.21,32848.0,84.21,48.0
2022-01-19 22:00:00+00:00,84.11,84.11,84.11,84.11,200.0,84.11,2.0
2022-01-20 11:00:00+00:00,84.19,84.19,84.19,84.19,118.0,84.1895,3.0
2022-01-20 12:00:00+00:00,84.2,84.21,83.76,83.76,3267.0,84.0864,21.0
2022-01-20 13:00:00+00:00,83.76,83.76,83.3542,83.45,2727.0,83.5967,26.0
2022-01-20 14:00:00+00:00,83.4,84.21,82.6,83.73,305166.0,83.3136,3751.0
2022-01-20 15:00:00+00:00,83.74,84.22,82.975,84.1165,504747.0,83.5719,7328.0
2022-01-20 16:00:00+00:00,84.11,84.66,83.79,84.29,403175.0,84.2162,5880.0
2022-01-20 17:00:00+00:00,84.3,84.54,84.06,84.51,281349.0,84.2787,4307.0
2022-01-20 18:00:00+00:00,84.51,84.51,83.33,83.55,484083.0,83.8979,6564.0
2022-01-20 19:00:00+00:00,83.55,83.8864,83.09,83.28,374732.0,83.4025,4812.0
2022-01-20 20:00:00+00:00,83.29,83.38,81.39,81.407,890541.0,82.122,12205.0
2022-01-20 21:00:00+00:00,81.41,81.5,81.1,81.49,89409.0,81.4088,76.0
2022-01-20 22:00:00+00:00,81.29,81.41,81.29,81.33,117214.0,81.4091,12.0
2022-01-20 23:00:00+00:00,81.32,81.5,81.3,81.3,2451.0,81.3735,26.0
2022-01-21 00:00:00+00:00,81.15,81.25,81.15,81.25,1866.0,81.1772,3.0
2022-01-21 10:00:00+00:00,80.5,80.5,80.5,80.5,150.0,80.5,1.0
2022-01-21 12:00:00+00:00,80.27,80.27,79.89,80.1,6535.0,80.0084,29.0
2022-01-21 13:00:00+00:00,80.0,80.25,79.49,80.25,6333.0,79.9649,102.0
2022-01-21 14:00:00+00:00,80.2958,80.76,79.365,79.56,617022.0,80.1336,7171.0
2022-01-21 15:00:00+00:00,79.62,80.52,78.5406,80.01,613651.0,79.4287,9201.0
2022-01-21 16:00:00+00:00,80.04,80.75,79.88,80.24,406914.0,80.2816,5960.0
2022-01-21 17:00:00+00:00,80.21,80.35,79.52,80.12,360041.0,79.9868,5595.0
2022-01-21 18:00:00+00:00,80.12,80.445,79.675,80.06,347099.0,80.0778,5564.0
2022-01-21 19:00:00+00:00,80.075,80.26,79.51,79.515,379993.0,80.013,6242.0
2022-01-21 20:00:00+00:00,79.515,79.865,79.03,79.26,1272184.0,79.3528,16905.0
2022-01-21 21:00:00+00:00,79.29,79.29,79.12,79.12,517697.0,79.2898,51.0
2022-01-21 22:00:00+00:00,79.11,79.11,79.11,79.11,957.0,79.11,3.0
2022-01-22 00:00:00+00:00,78.6,78.6,78.6,78.6,500.0,78.6,1.0
2022-01-24 11:00:00+00:00,78.01,78.01,78.01,78.01,100.0,78.01,1.0
2022-01-24 12:00:00+00:00,78.41,79.28,78.41,79.01,1606.0,79.0068,18.0
2022-01-24 13:00:00+00:00,78.31,78.33,77.5,77.52,6285.0,77.9709,88.0
2022-01-24 14:00:00+00:00,77.25,78.0997,76.25,76.3,511297.0,77.2017,5293.0
2022-01-24 15:00:00+00:00,76.34,77.02,75.039,76.38,944548.0,76.01,11589.0
2022-01-24 16:00:00+00:00,76.43,76.86,75.42,76.02,492542.0,76.2376,6419.0
2022-01-24 17:00:00+00:00,76.02,77.07,75.09,75.925,535671.0,75.5067,6771.0
2022-01-24 18:00:00+00:00,75.94,76.71,75.81,76.71,397782.0,76.2424,6318.0
2022-01-24 19:00:00+00:00,76.73,77.14,76.23,77.0,440520.0,76.7244,6717.0
2022-01-24 20:00:00+00:00,76.98,78.87,76.98,78.63,950561.0,78.1413,13501.0
2022-01-24 21:00:00+00:00,78.59,78.59,78.59,78.59,147819.0,78.5899,55.0
2022-01-24 22:00:00+00:00,78.56,78.59,78.56,78.59,2027.0,78.5669,14.0
2022-01-24 23:00:00+00:00,78.59,78.59,78.59,78.59,100.0,78.59,1.0
2022-01-25 12:00:00+00:00,77.78,77.78,76.98,76.98,1102.0,77.0697,14.0
2022-01-25 13:00:00+00:00,76.86,78.28,76.86,78.1,3114.0,78.0181,52.0
2022-01-25 14:00:00+00:00,78.4,78.59,76.9,77.005,1273507.0,78.3063,4473.0
2022-01-25 15:00:00+00:00,77.06,79.4099,76.6,79.06,661695.0,77.9296,9438.0
2022-01-25 16:00:00+00:00,79.08,80.7,79.03,80.53,546256.0,79.964,7972.0
2022-01-25 17:00:00+00:00,80.53,80.68,79.9501,80.23,334450.0,80.3106,5134.0
2022-01-25 18:00:00+00:00,80.17,80.8,79.6965,80.74,284832.0,80.2965,4586.0
2022-01-25 19:00:00+00:00,80.76,81.41,80.405,81.41,346683.0,80.9426,5463.0
2022-01-25 20:00:00+00:00,81.42,81.6,80.71,81.17,933014.0,81.0724,13301.0
2022-01-25 21:00:00+00:00,81.16,81.16,81.13,81.13,42198.0,81.1593,61.0
2022-01-26 00:00:00+00:00,80.81,80.81,80.81,80.81,100.0,80.81,1.0
2022-01-26 12:00:00+00:00,82.45,82.45,82.45,82.45,200.0,82.45,1.0
2022-01-26 13:00:00+00:00,82.1208,82.72,82.1208,82.71,731.0,82.6303,13.0
2022-01-26 14:00:00+00:00,83.0,83.96,81.65,83.67,358974.0,82.8796,4376.0
2022-01-26 15:00:00+00:00,83.655,83.74,81.69,82.27,493454.0,82.5729,6964.0
2022-01-26 16:00:00+00:00,82.23,82.9696,81.98,82.58,475296.0,82.5046,7490.0
2022-01-26 17:00:00+00:00,82.61,82.64,82.24,82.61,292069.0,82.4532,4565.0
2022-01-26 18:00:00+00:00,82.59,82.96,82.1486,82.75,429754.0,82.6179,6843.0
2022-01-26 19:00:00+00:00,82.76,83.34,81.86,82.13,517171.0,82.5847,7886.0
2022-01-26 20:00:00+00:00,82.13,82.13,80.29,81.3,1030847.0,81.2214,15325.0
2022-01-26 21:00:00+00:00,81.3,81.31,81.3,81.31,71488.0,81.3,77.0
2022-01-26 22:00:00+00:00,81.31,81.31,81.31,81.31,480.0,81.31,3.0
2022-01-27 00:00:00+00:00,81.42,81.77,81.42,81.77,1910.0,81.5776,7.0
2022-01-27 11:00:00+00:00,82.99,83.0,82.99,83.0,715.0,83.0173,13.0
2022-01-27 13:00:00+00:00,83.6099,83.61,83.05,83.19,7290.0,83.3611,74.0
2022-01-27 14:00:00+00:00,83.31,84.53,82.61,83.78,671641.0,83.9087,8964.0
2022-01-27 15:00:00+00:00,83.875,84.0,81.58,82.37,860376.0,82.6006,10457.0
2022-01-27 16:00:00+00:00,82.43,82.92,80.82,81.57,621110.0,81.5868,9095.0
2022-01-27 17:00:00+00:00,81.55,81.55,80.54,80.65,418142.0,81.0158,5892.0
2022-01-27 18:00:00+00:00,80.64,80.79,80.05,80.525,467480.0,80.3308,7972.0
2022-01-27 19:00:00+00:00,80.47,81.29,80.33,80.38,498687.0,80.8802,7346.0
2022-01-27 20:00:00+00:00,80.38,81.99,80.3,81.97,1418779.0,81.4143,17461.0
2022-01-27 21:00:00+00:00,81.98,82.0,81.85,81.85,41233.0,81.9767,68.0
2022-01-27 22:00:00+00:00,81.98,81.98,81.98,81.98,2361.0,81.98,19.0
2022-01-27 23:00:00+00:00,81.98,81.98,81.98,81.98,239.0,81.98,1.0
2022-01-28 00:00:00+00:00,82.35,82.35,82.01,82.01,1750.0,82.2529,2.0
2022-01-28 12:00:00+00:00,81.97,81.97,80.65,80.65,1765.0,81.1969,27.0
2022-01-28 13:00:00+00:00,81.98,81.98,80.65,81.55,4206.0,81.1094,32.0
2022-01-28 14:00:00+00:00,81.38,83.27,80.92,81.74,508775.0,82.0665,6017.0
2022-01-28 15:00:00+00:00,81.77,82.065,80.04,80.38,510568.0,81.0145,8175.0
2022-01-28 16:00:00+00:00,80.4,80.9291,80.09,80.625,445783.0,80.5253,7394.0
2022-01-28 17:00:00+00:00,80.63,81.06,79.62,79.785,407061.0,80.2981,7824.0
2022-01-28 18:00:00+00:00,79.77,80.62,79.72,80.48,355918.0,80.3358,6248.0
2022-01-28 19:00:00+00:00,80.44,80.62,79.33,79.865,671989.0,79.7432,10002.0
2022-01-28 20:00:00+00:00,79.8999,81.51,79.8999,81.4,1224799.0,80.9329,17035.0
2022-01-28 21:00:00+00:00,81.41,81.98,81.41,81.98,70610.0,81.414,76.0
2022-01-28 22:00:00+00:00,81.45,81.45,81.41,81.41,1100.0,81.4136,8.0
2022-01-29 00:00:00+00:00,81.45,81.45,81.45,81.45,528.0,81.45,2.0
2022-01-31 12:00:00+00:00,81.4,81.4,80.8,80.8,1438.0,80.9396,9.0
2022-01-31 13:00:00+00:00,80.44,81.41,80.44,81.38,5880.0,81.3636,19.0
2022-01-31 14:00:00+00:00,81.36,81.44,79.91,80.035,379740.0,80.803,4503.0
2022-01-31 15:00:00+00:00,80.035,82.45,80.03,82.36,622735.0,81.7209,8200.0
2022-01-31 16:00:00+00:00,82.35,82.43,81.36,81.99,462638.0,81.8699,7236.0
2022-01-31 17:00:00+00:00,81.99,82.81,81.79,82.79,375557.0,82.1525,5774.0
2022-01-31 18:00:00+00:00,82.85,82.89,82.455,82.745,309474.0,82.6997,4923.0
2022-01-31 19:00:00+00:00,82.76,82.94,82.49,82.66,382520.0,82.7499,5612.0
2022-01-31 20:00:00+00:00,82.66,83.02,82.07,82.97,1045110.0,82.6958,13499.0
2022-01-31 21:00:00+00:00,82.97,82.97,82.53,82.53,78559.0,82.969,87.0
2022-02-01 00:00:00+00:00,82.5,82.5,82.5,82.5,225.0,82.5,2.0
2022-02-01 11:00:00+00:00,82.4,82.4,82.4,82.4,201.0,82.4002,3.0
2022-02-01 12:00:00+00:00,82.51,82.89,82.51,82.89,530.0,82.6558,13.0
2022-02-01 13:00:00+00:00,82.51,82.9,82.5,82.6,5596.0,82.6497,44.0
2022-02-01 14:00:00+00:00,82.7,84.25,82.03,83.945,564192.0,83.1547,5251.0
2022-02-01 15:00:00+00:00,83.97,85.78,83.81,85.355,913099.0,85.0741,10741.0
2022-02-01 16:00:00+00:00,85.39,85.72,85.0,85.34,435050.0,85.3413,6808.0
2022-02-01 17:00:00+00:00,85.35,85.77,85.01,85.7075,539996.0,85.4466,7014.0
2022-02-01 18:00:00+00:00,85.7,85.99,85.44,85.965,513871.0,85.749,7157.0
2022-02-01 19:00:00+00:00,85.97,86.6482,85.97,86.58,645492.0,86.4036,8217.0
2022-02-01 20:00:00+00:00,86.58,86.83,86.125,86.54,1820534.0,86.5482,19127.0
2022-02-01 21:00:00+00:00,86.55,86.55,86.53,86.53,159326.0,86.5492,105.0
2022-02-01 22:00:00+00:00,86.3,86.53,86.3,86.53,560.0,86.4655,8.0
2022-02-02 00:00:00+00:00,86.55,86.55,86.5,86.5,1057.0,86.521,11.0
2022-02-02 11:00:00+00:00,85.73,85.78,85.73,85.78,1597.0,85.7715,22.0
2022-02-02 12:00:00+00:00,85.6,86.13,85.49,86.13,692.0,85.7517,21.0
2022-02-02 13:00:00+00:00,85.45,86.55,85.45,85.82,45034.0,86.4171,95.0
2022-02-02 14:00:00+00:00,85.7,86.55,84.49,84.61,657224.0,85.1214,7115.0
2022-02-02 15:00:00+00:00,84.57,85.82,84.31,85.56,624477.0,85.1062,9132.0
2022-02-02 16:00:00+00:00,85.58,85.8701,84.88,85.855,512689.0,85.2506,7747.0
2022-02-02 17:00:00+00:00,85.86,86.1,85.38,85.8,427850.0,85.7843,5412.0
2022-02-02 18:00:00+00:00,85.79,86.2,85.7,86.12,357560.0,85.9901,5066.0
2022-02-02 19:00:00+00:00,86.13,86.54,85.66,86.39,421849.0,86.2026,5912.0
2022-02-02 20:00:00+00:00,86.3832,86.8,86.25,86.61,1127127.0,86.5478,14511.0
2022-02-02 21:00:00+00:00,86.61,86.61,85.35,86.0,104155.0,86.4515,76.0
2022-02-02 22:00:00+00:00,86.61,86.61,86.4,86.4,91038.0,86.6095,8.0
2022-02-03 12:00:00+00:00,85.32,85.32,85.32,85.32,100.0,85.32,1.0
2022-02-03 13:00:00+00:00,85.6,85.9,85.31,85.88,1711.0,85.719,16.0
2022-02-03 14:00:00+00:00,86.0,86.64,85.27,85.64,290398.0,85.9864,3386.0
2022-02-03 15:00:00+00:00,85.605,86.43,85.4214,86.23,279450.0,85.8894,4793.0
2022-02-03 16:00:00+00:00,86.29,86.3,85.02,85.385,346693.0,85.7197,5588.0
2022-02-03 17:00:00+00:00,85.39,85.5,84.69,84.81,297567.0,85.0723,4760.0
2022-02-03 18:00:00+00:00,84.8,85.46,84.51,85.44,252563.0,84.9696,3912.0
2022-02-03 19:00:00+00:00,85.43,85.8,84.87,85.18,499792.0,85.3423,6554.0
2022-02-03 20:00:00+00:00,85.23,85.41,84.93,85.09,772066.0,85.1708,11501.0
2022-02-03 21:00:00+00:00,85.09,85.09,85.04,85.09,34835.0,85.1075,45.0
2022-02-04 11:00:00+00:00,85.09,85.09,85.09,85.09,200.0,85.09,3.0
2022-02-04 12:00:00+00:00,85.69,85.69,85.0,85.0,1213.0,85.3819,15.0
2022-02-04 13:00:00+00:00,85.15,85.66,85.1,85.52,2824.0,85.484,20.0
2022-02-04 14:00:00+00:00,85.51,86.69,85.25,86.54,400689.0,86.0098,4954.0
2022-02-04 15:00:00+00:00,86.49,87.375,85.8592,85.88,637030.0,86.6817,8673.0
2022-02-04 16:00:00+00:00,85.86,86.94,85.76,86.76,396260.0,86.3254,5632.0
2022-02-04 17:00:00+00:00,86.77,87.12,86.66,86.82,291356.0,86.8811,3879.0
2022-02-04 18:00:00+00:00,86.83,87.36,86.74,87.35,286798.0,86.9751,4352.0
2022-02-04 19:00:00+00:00,87.37,87.415,86.91,87.2548,340313.0,87.1739,5191.0
2022-02-04 20:00:00+00:00,87.27,87.6,86.66,86.69,903605.0,87.1309,12466.0
2022-02-04 21:00:00+00:00,86.7,86.7,86.41,86.44,108126.0,86.6963,58.0
2022-02-04 22:00:00+00:00,86.23,86.23,85.58,85.58,592.0,86.1212,4.0
2022-02-04 23:00:00+00:00,86.15,86.15,86.15,86.15,256.0,85.9851,7.0
2022-02-07 12:00:00+00:00,86.45,86.45,86.45,86.45,100.0,86.45,1.0
2022-02-07 14:00:00+00:00,86.83,87.9,85.66,87.88,679399.0,86.621,4344.0
2022-02-07 15:00:00+00:00,87.89,88.9499,87.7,88.86,715166.0,88.3769,10153.0
2022-02-07 16:00:00+00:00,88.84,89.465,88.66,89.15,521841.0,89.0319,7239.0
2022-02-07 17:00:00+00:00,89.16,89.34,88.62,89.26,420880.0,89.0649,5788.0
2022-02-07 18:00:00+00:00,89.24,89.71,89.15,89.45,515726.0,89.4654,6629.0
2022-02-07 19:00:00+00:00,89.485,89.94,89.35,89.86,366353.0,89.6816,5498.0
2022-02-07 20:00:00+00:00,89.86,90.34,89.41,89.63,1346049.0,89.7863,16324.0
2022-02-07 21:00:00+00:00,89.63,90.0,89.63,89.63,82525.0,89.6304,28.0
2022-02-07 22:00:00+00:00,89.63,89.63,89.63,89.63,250.0,89.632,2.0
2022-02-08 12:00:00+00:00,89.58,89.58,88.65,88.65,5190.0,88.9482,60.0
2022-02-08 13:00:00+00:00,88.65,88.81,88.55,88.81,2954.0,88.7249,25.0
2022-02-08 14:00:00+00:00,89.2,89.75,87.58,87.7483,401248.0,88.8212,4969.0
2022-02-08 15:00:00+00:00,87.7,88.47,87.18,87.93,322135.0,87.937,5170.0
2022-02-08 16:00:00+00:00,87.96,88.225,87.66,87.97,287199.0,87.9261,4876.0
2022-02-08 17:00:00+00:00,87.98,88.45,87.91,88.36,194028.0,88.2322,3837.0
2022-02-08 18:00:00+00:00,88.37,88.74,88.36,88.695,170639.0,88.5605,3481.0
2022-02-08 19:00:00+00:00,88.73,88.925,87.73,88.1,358152.0,88.3337,5708.0
2022-02-08 20:00:00+00:00,88.11,88.58,87.79,88.49,688996.0,88.2691,10329.0
2022-02-08 21:00:00+00:00,88.49,88.5,87.95,88.39,177674.0,88.4892,72.0
2022-02-08 22:00:00+00:00,88.49,88.49,88.49,88.49,210.0,88.4895,4.0
2022-02-08 23:00:00+00:00,88.49,88.49,88.49,88.49,100.0,88.49,1.0
2022-02-09 13:00:00+00:00,88.25,88.79,88.25,88.5,812.0,88.546,8.0
2022-02-09 14:00:00+00:00,88.51,89.55,88.13,88.82,229802.0,88.6822,3064.0
2022-02-09 15:00:00+00:00,88.78,89.33,88.48,89.29,328459.0,88.9749,5091.0
2022-02-09 16:00:00+00:00,89.31,89.31,88.7101,88.82,169748.0,88.932,3295.0
2022-02-09 17:00:00+00:00,88.795,88.98,88.64,88.8,185322.0,88.805,3345.0
2022-02-09 18:00:00+00:00,88.78,88.87,88.47,88.66,164555.0,88.6346,3265.0
2022-02-09 19:00:00+00:00,88.66,88.93,88.53,88.6,210810.0,88.7296,3723.0
2022-02-09 20:00:00+00:00,88.6,88.87,88.56,88.84,587750.0,88.7331,8711.0
2022-02-09 21:00:00+00:00,88.84,88.84,88.801,88.84,37272.0,88.8399,26.0
2022-02-09 22:00:00+00:00,88.84,88.84,88.84,88.84,100.0,88.84,1.0
2022-02-10 00:00:00+00:00,88.84,88.84,88.84,88.84,487.0,88.8548,8.0
2022-02-10 13:00:00+00:00,89.4,89.4,88.45,88.45,1110.0,88.5441,2.0
2022-02-10 14:00:00+00:00,88.54,90.38,88.02,89.8003,386852.0,89.5215,4783.0
2022-02-10 15:00:00+00:00,89.79,90.76,89.79,90.47,486625.0,90.37,7490.0
2022-02-10 16:00:00+00:00,90.47,90.72,90.235,90.45,303800.0,90.4886,5052.0
2022-02-10 17:00:00+00:00,90.46,90.61,89.9,90.09,421668.0,90.3006,4881.0
2022-02-10 18:00:00+00:00,90.075,90.39,89.37,89.82,571865.0,89.8549,6511.0
2022-02-10 19:00:00+00:00,89.83,90.22,89.47,89.93,577203.0,89.8472,7118.0
2022-02-10 20:00:00+00:00,89.93,90.3772,89.14,89.77,1206742.0,89.7033,14656.0
2022-02-10 21:00:00+00:00,89.89,89.89,89.88,89.89,47815.0,89.8899,40.0
2022-02-11 12:00:00+00:00,90.04,90.04,89.89,89.89,468.0,89.9882,18.0
2022-02-11 14:00:00+00:00,90.7,91.45,89.51,91.14,369084.0,90.6848,4482.0
2022-02-11 15:00:00+00:00,91.2,92.6,91.15,92.55,709539.0,92.1641,9045.0
2022-02-11 16:00:00+00:00,92.57,93.06,92.39,93.02,742297.0,92.7403,9396.0
2022-02-11 17:00:00+00:00,93.03,93.58,92.745,93.23,527876.0,93.1373,7201.0
2022-02-11 18:00:00+00:00,93.26,93.5,92.58,93.45,598072.0,93.0697,9714.0
2022-02-11 19:00:00+00:00,93.45,93.77,91.785,92.015,772064.0,92.7004,11200.0
2022-02-11 20:00:00+00:00,92.015,92.61,91.83,92.0,1593827.0,92.1839,18978.0
2022-02-11 21:00:00+00:00,92.0,92.0,91.78,92.0,40158.0,92.0206,40.0
2022-02-11 22:00:00+00:00,92.01,92.01,91.79,92.0,2496.0,91.9537,22.0
2022-02-11 23:00:00+00:00,92.25,92.26,92.25,92.26,1577.0,92.2572,7.0
2022-02-12 00:00:00+00:00,92.3,92.3,91.7801,92.3,800.0,91.9101,3.0
2022-02-14 12:00:00+00:00,91.78,91.78,91.0,91.49,2556.0,91.4951,32.0
2022-02-14 13:00:00+00:00,91.9,91.9,91.9,91.9,312.0,91.7825,10.0
2022-02-14 14:00:00+00:00,91.37,91.5,89.614,89.919,460103.0,90.2091,5504.0
2022-02-14 15:00:00+00:00,89.86,90.635,88.8519,88.87,463648.0,89.6768,6865.0
2022-02-14 16:00:00+00:00,88.96,89.52,88.84,89.38,380493.0,89.2142,5430.0
2022-02-14 17:00:00+00:00,89.44,89.59,88.9,89.39,302639.0,89.24,4004.0
2022-02-14 18:00:00+00:00,89.445,89.72,88.78,89.4,339711.0,89.2688,4578.0
2022-02-14 19:00:00+00:00,89.365,89.85,89.05,89.31,574998.0,89.4432,8049.0
2022-02-14 20:00:00+00:00,89.3,89.88,89.12,89.72,1185906.0,89.5356,14899.0
2022-02-14 21:00:00+00:00,89.72,89.72,89.69,89.72,42070.0,89.7199,40.0
2022-02-15 00:00:00+00:00,89.72,89.72,89.72,89.72,300.0,89.72,1.0
2022-02-15 09:00:00+00:00,89.58,89.59,88.73,89.39,2002.0,89.3733,20.0
2022-02-15 12:00:00+00:00,88.8,88.96,88.02,88.02,5423.0,88.5431,55.0
2022-02-15 13:00:00+00:00,88.5,88.86,88.02,88.07,7316.0,88.2494,62.0
2022-02-15 14:00:00+00:00,88.12,88.2,87.01,87.53,621667.0,87.625,7587.0
2022-02-15 15:00:00+00:00,87.45,89.04,87.4,88.93,598397.0,88.38,9072.0
2022-02-15 16:00:00+00:00,88.945,89.235,88.55,89.07,375326.0,88.9418,7174.0
2022-02-15 17:00:00+00:00,89.07,89.22,88.58,88.725,327259.0,88.9444,5671.0
2022-02-15 18:00:00+00:00,88.7,89.04,88.6,89.03,246495.0,88.838,4394.0
2022-02-15 19:00:00+00:00,89.01,89.12,88.51,88.66,318660.0,88.8867,4900.0
2022-02-15 20:00:00+00:00,88.63,88.85,88.25,88.53,743125.0,88.58,10850.0
2022-02-15 21:00:00+00:00,88.53,88.53,88.52,88.53,49304.0,88.53,41.0
2022-02-15 23:00:00+00:00,88.53,88.53,88.53,88.53,800.0,88.53,3.0
2022-02-16 00:00:00+00:00,88.61,88.61,88.61,88.61,100.0,88.61,1.0
2022-02-16 12:00:00+00:00,88.77,88.77,88.77,88.77,320.0,88.9855,8.0
2022-02-16 14:00:00+00:00,89.31,90.745,89.31,90.0,519509.0,90.0825,5548.0
2022-02-16 15:00:00+00:00,89.98,90.18,88.75,88.83,401080.0,89.4841,6903.0
2022-02-16 16:00:00+00:00,88.85,89.05,88.1,88.31,320444.0,88.5681,5780.0
2022-02-16 17:00:00+00:00,88.32,88.68,88.12,88.35,333456.0,88.4194,5515.0
2022-02-16 18:00:00+00:00,88.34,88.39,88.1,88.3,252900.0,88.2473,4299.0
2022-02-16 19:00:00+00:00,88.3,88.935,88.12,88.22,640147.0,88.5448,9176.0
2022-02-16 20:00:00+00:00,88.22,88.39,87.73,88.05,1680555.0,88.0679,19360.0
2022-02-16 21:00:00+00:00,88.04,88.05,87.82,88.0499,350318.0,88.0397,54.0
2022-02-17 10:00:00+00:00,88.26,88.26,88.25,88.25,200.0,88.255,2.0
2022-02-17 11:00:00+00:00,88.3,88.3,88.3,88.3,226.0,88.2839,7.0
2022-02-17 12:00:00+00:00,88.24,88.24,88.24,88.24,500.0,88.24,2.0
2022-02-17 13:00:00+00:00,88.24,88.49,88.23,88.43,2654.0,88.3351,28.0
2022-02-17 14:00:00+00:00,88.35,88.38,87.29,87.3683,267996.0,87.8437,2748.0
2022-02-17 15:00:00+00:00,87.33,87.3476,86.865,87.23,725399.0,87.0887,7685.0
2022-02-17 16:00:00+00:00,87.21,87.94,87.1027,87.64,390047.0,87.5825,6118.0
2022-02-17 17:00:00+00:00,87.65,88.01,87.57,87.705,271208.0,87.8308,4550.0
2022-02-17 18:00:00+00:00,87.69,87.75,86.78,87.14,414966.0,87.1023,5333.0
2022-02-17 19:00:00+00:00,87.14,87.26,86.89,86.95,272695.0,87.0432,4069.0
2022-02-17 20:00:00+00:00,86.95,87.285,86.72,87.04,440652.0,87.0264,8243.0
2022-02-17 21:00:00+00:00,87.04,87.04,87.04,87.04,16283.0,87.04,44.0
2022-02-17 22:00:00+00:00,86.78,86.78,86.78,86.78,1000.0,86.783,5.0
2022-02-17 23:00:00+00:00,87.04,87.04,87.04,87.04,151.0,87.04,3.0
2022-02-18 00:00:00+00:00,87.0,87.1,87.0,87.1,200.0,87.05,2.0
2022-02-18 10:00:00+00:00,86.53,86.53,86.5,86.5,270.0,86.5189,2.0
2022-02-18 11:00:00+00:00,86.72,86.72,86.72,86.72,200.0,86.72,1.0
2022-02-18 12:00:00+00:00,86.54,86.54,86.25,86.25,1092.0,86.4482,13.0
2022-02-18 13:00:00+00:00,86.25,86.25,86.25,86.25,500.0,86.25,7.0
2022-02-18 14:00:00+00:00,86.5,87.41,85.91,87.225,223454.0,86.4676,2356.0
2022-02-18 15:00:00+00:00,87.18,87.6264,86.81,86.84,231650.0,87.1621,4068.0
2022-02-18 16:00:00+00:00,86.83,87.19,86.19,86.2,253438.0,86.7756,4990.0
2022-02-18 17:00:00+00:00,86.2025,86.69,86.12,86.56,259575.0,86.4288,4319.0
2022-02-18 18:00:00+00:00,86.62,86.81,86.36,86.73,177700.0,86.5717,3134.0
2022-02-18 19:00:00+00:00,86.72,87.23,86.645,87.115,240625.0,86.9258,4062.0
2022-02-18 20:00:00+00:00,87.11,87.18,86.16,86.73,643014.0,86.6679,10503.0
2022-02-18 21:00:00+00:00,86.72,86.72,86.72,86.72,133097.0,86.72,73.0
2022-02-18 22:00:00+00:00,86.99,86.99,86.92,86.92,751.0,86.9666,7.0
2022-02-22 09:00:00+00:00,88.0,88.5,88.0,88.0,1202.0,88.1008,14.0
2022-02-22 11:00:00+00:00,88.85,88.85,88.85,88.85,800.0,88.8457,4.0
2022-02-22 12:00:00+00:00,88.22,88.6,88.16,88.5,3914.0,88.4282,20.0
2022-02-22 13:00:00+00:00,88.4999,88.5,88.3,88.3,13223.0,88.4901,81.0
2022-02-22 14:00:00+00:00,88.5,88.98,86.49,86.63,336497.0,87.6977,4324.0
2022-02-22 15:00:00+00:00,86.65,86.65,85.96,86.12,328381.0,86.3278,5928.0
2022-02-22 16:00:00+00:00,86.11,86.39,85.8099,86.14,388869.0,86.1499,5494.0
2022-02-22 17:00:00+00:00,86.11,86.16,85.21,85.32,266885.0,85.5761,4357.0
2022-02-22 18:00:00+00:00,85.32,85.54,84.79,85.18,435723.0,85.2179,5702.0
2022-02-22 19:00:00+00:00,85.15,86.35,84.95,86.28,424621.0,85.5206,6307.0
2022-02-22 20:00:00+00:00,86.31,86.5389,85.44,85.85,802388.0,85.9513,10344.0
2022-02-22 21:00:00+00:00,85.84,85.84,85.84,85.84,235646.0,85.84,44.0
2022-02-22 23:00:00+00:00,86.79,86.79,85.84,85.84,2583.0,86.6483,13.0
2022-02-23 00:00:00+00:00,86.7999,86.7999,86.7999,86.7999,200.0,86.7999,1.0
2022-02-23 12:00:00+00:00,86.46,86.46,85.99,85.99,1466.0,86.2067,13.0
2022-02-23 13:00:00+00:00,86.8,86.8,86.8,86.8,158.0,86.553,6.0
2022-02-23 14:00:00+00:00,86.08,86.94,85.66,86.45,283560.0,86.5178,3678.0
2022-02-23 15:00:00+00:00,86.335,86.87,85.37,86.01,382646.0,86.0856,6047.0
2022-02-23 16:00:00+00:00,85.96,86.01,85.51,85.86,352622.0,85.7664,5318.0
2022-02-23 17:00:00+00:00,85.87,86.815,85.57,86.39,326851.0,86.1905,4512.0
2022-02-23 18:00:00+00:00,86.4021,86.59,86.09,86.44,320060.0,86.3511,5522.0
2022-02-23 19:00:00+00:00,86.44,86.49,85.84,86.3,385766.0,86.2198,6578.0
2022-02-23 20:00:00+00:00,86.29,86.76,86.22,86.36,796776.0,86.4585,12285.0
2022-02-23 21:00:00+00:00,86.35,86.35,86.35,86.35,350883.0,86.35,26.0
2022-02-23 22:00:00+00:00,86.35,86.35,86.35,86.35,696.0,86.35,6.0
2022-02-23 23:00:00+00:00,86.6,86.6,86.35,86.35,2550.0,86.3802,4.0
2022-02-24 00:00:00+00:00,86.6,86.6,86.59,86.6,2043.0,86.5964,10.0
2022-02-24 09:00:00+00:00,87.41,87.45,87.41,87.45,316.0,87.4353,2.0
2022-02-24 12:00:00+00:00,88.51,88.51,88.0,88.0,823.0,88.3785,20.0
2022-02-24 13:00:00+00:00,88.7499,88.9,87.68,88.01,11514.0,88.0798,244.0
2022-02-24 14:00:00+00:00,88.1,88.1,83.85,84.52,734280.0,84.9657,9055.0
2022-02-24 15:00:00+00:00,84.51,84.88,83.76,84.31,791897.0,84.3786,10964.0
2022-02-24 16:00:00+00:00,84.25,85.1,83.53,83.7178,466860.0,84.4002,8192.0
2022-02-24 17:00:00+00:00,83.7,83.7,82.76,83.32,463304.0,83.1738,7630.0
2022-02-24 18:00:00+00:00,83.34,83.78,82.889,83.41,558780.0,83.2157,8480.0
2022-02-24 19:00:00+00:00,83.37,83.44,82.31,83.25,485563.0,82.8228,7454.0
2022-02-24 20:00:00+00:00,83.23,83.9,82.69,83.84,1572503.0,83.3462,19713.0
2022-02-24 21:00:00+00:00,83.82,83.84,83.69,83.69,29979.0,83.8299,45.0
2022-02-24 22:00:00+00:00,83.69,83.69,83.69,83.69,600.0,83.69,1.0
2022-02-24 23:00:00+00:00,83.69,83.84,83.68,83.84,8215.0,83.7168,12.0
2022-02-25 00:00:00+00:00,83.84,83.84,83.84,83.84,12670.0,83.84,6.0
2022-02-25 13:00:00+00:00,83.89,83.92,83.89,83.92,1000.0,83.9029,6.0
2022-02-25 14:00:00+00:00,83.84,85.31,83.84,84.29,505575.0,84.6212,5392.0
2022-02-25 15:00:00+00:00,84.3475,85.03,83.83,84.41,431535.0,84.3408,7229.0
2022-02-25 16:00:00+00:00,84.44,85.03,84.35,84.99,325458.0,84.6709,6287.0
2022-02-25 17:00:00+00:00,85.0,85.25,84.56,85.04,280246.0,84.8812,4586.0
2022-02-25 18:00:00+00:00,85.03,85.69,84.86,85.1,258661.0,85.2655,4438.0
2022-02-25 19:00:00+00:00,85.09,85.26,84.765,84.81,234239.0,85.0224,4126.0
2022-02-25 20:00:00+00:00,84.81,84.915,84.6089,84.87,757971.0,84.7928,11393.0
2022-02-25 21:00:00+00:00,84.87,85.15,84.87,84.87,42560.0,84.8814,55.0
2022-02-25 23:00:00+00:00,84.88,84.88,84.87,84.87,4221.0,84.8707,16.0
2022-02-26 00:00:00+00:00,84.87,84.87,84.51,84.51,5633.0,84.5464,20.0
2022-02-28 12:00:00+00:00,85.0,85.0,85.0,85.0,311.0,85.0,5.0
2022-02-28 13:00:00+00:00,86.02,86.02,85.0,85.0,1838.0,85.2406,29.0
2022-02-28 14:00:00+00:00,84.51,84.51,83.33,84.435,265874.0,84.0273,3843.0
2022-02-28 15:00:00+00:00,84.45,84.7671,84.255,84.41,579550.0,84.4675,8769.0
2022-02-28 16:00:00+00:00,84.4,84.44,83.81,84.22,629318.0,84.0789,9083.0
2022-02-28 17:00:00+00:00,84.23,84.29,82.74,82.7712,497494.0,83.2762,7299.0
2022-02-28 18:00:00+00:00,82.77,82.99,82.56,82.8,407603.0,82.788,6295.0
2022-02-28 19:00:00+00:00,82.785,83.1087,81.9,83.05,516212.0,82.4198,8198.0
2022-02-28 20:00:00+00:00,83.05,83.85,82.83,83.51,1472368.0,83.3855,17718.0
2022-02-28 21:00:00+00:00,83.51,83.89,83.51,83.51,635027.0,83.5104,79.0
2022-02-28 22:00:00+00:00,83.51,83.7,83.51,83.7,1800.0,83.5206,14.0
2022-02-28 23:00:00+00:00,83.51,83.51,83.51,83.51,350.0,83.51,1.0
2022-03-01 00:00:00+00:00,83.51,83.51,83.51,83.51,286.0,83.51,5.0
2022-03-01 12:00:00+00:00,84.97,84.98,84.47,84.49,2249.0,84.5279,43.0
2022-03-01 13:00:00+00:00,83.51,84.9,83.51,84.6,4497.0,84.1851,18.0
2022-03-01 14:00:00+00:00,84.75,85.8,84.18,84.4575,597555.0,85.0594,6870.0
2022-03-01 15:00:00+00:00,84.43,84.705,82.515,82.52,698145.0,83.2033,9523.0
2022-03-01 16:00:00+00:00,82.51,82.69,81.34,81.64,703005.0,81.9564,8696.0
2022-03-01 17:00:00+00:00,81.62,81.63,80.96,81.37,433261.0,81.2317,6856.0
2022-03-01 18:00:00+00:00,81.3564,81.4414,80.06,80.38,527701.0,80.504,6591.0
2022-03-01 19:00:00+00:00,80.38,80.825,80.19,80.305,540324.0,80.4626,7670.0
2022-03-01 20:00:00+00:00,80.29,80.71,79.65,80.65,1529956.0,80.2216,17515.0
2022-03-01 21:00:00+00:00,80.63,80.8,80.63,80.8,192233.0,80.6318,77.0
2022-03-01 22:00:00+00:00,80.63,80.63,80.63,80.63,200.0,80.63,1.0
2022-03-01 23:00:00+00:00,80.75,80.99,80.75,80.99,640.0,80.9525,3.0
2022-03-02 00:00:00+00:00,80.98,81.49,80.98,81.49,4650.0,81.3464,23.0
2022-03-02 11:00:00+00:00,83.33,83.33,83.33,83.33,200.0,83.7368,3.0
2022-03-02 12:00:00+00:00,82.39,82.4,82.39,82.4,651.0,82.3827,7.0
2022-03-02 13:00:00+00:00,82.4,82.78,82.04,82.67,3287.0,82.4364,44.0
2022-03-02 14:00:00+00:00,82.4999,83.19,81.39,83.05,719508.0,82.3914,7692.0
2022-03-02 15:00:00+00:00,83.08,83.57,81.265,81.69,749713.0,82.3011,10576.0
2022-03-02 16:00:00+00:00,81.71,82.575,81.545,82.5,434811.0,82.057,6050.0
2022-03-02 17:00:00+00:00,82.49,82.72,82.29,82.695,296672.0,82.5175,4801.0
2022-03-02 18:00:00+00:00,82.68,83.8,82.68,83.68,342128.0,83.231,6106.0
2022-03-02 19:00:00+00:00,83.705,83.795,83.34,83.6,450193.0,83.6499,8698.0
2022-03-02 20:00:00+00:00,83.58,84.15,83.44,83.61,1133885.0,83.7814,16415.0
2022-03-02 21:00:00+00:00,83.62,83.62,83.6,83.6,137902.0,83.62,43.0
2022-03-02 22:00:00+00:00,83.5,83.5,83.16,83.16,88987.0,83.6123,12.0
2022-03-03 00:00:00+00:00,83.62,83.9,83.61,83.9,1492.0,83.665,15.0
2022-03-03 13:00:00+00:00,84.2,84.5,82.47,82.96,9397.0,83.702,185.0
2022-03-03 14:00:00+00:00,82.58,84.2,82.58,83.414,393727.0,83.4301,3585.0
2022-03-03 15:00:00+00:00,83.45,84.97,83.3,83.87,587488.0,84.2857,6695.0
2022-03-03 16:00:00+00:00,83.87,84.14,83.13,83.2775,411005.0,83.6947,5262.0
2022-03-03 17:00:00+00:00,83.25,83.68,83.01,83.39,237805.0,83.3126,3580.0
2022-03-03 18:00:00+00:00,83.41,84.09,83.28,83.965,198211.0,83.7671,3406.0
2022-03-03 19:00:00+00:00,83.98,84.265,83.66,83.6975,271638.0,83.9956,4349.0
2022-03-03 20:00:00+00:00,83.71,84.24,83.37,84.18,887633.0,83.9627,11851.0
2022-03-03 21:00:00+00:00,84.19,84.24,84.19,84.2,42849.0,84.1906,60.0
2022-03-03 22:00:00+00:00,84.22,84.22,84.21,84.22,571.0,84.217,8.0
2022-03-03 23:00:00+00:00,84.24,84.3,84.24,84.3,995.0,84.2602,5.0
2022-03-04 00:00:00+00:00,84.29,84.29,84.19,84.19,420.0,84.2139,8.0
2022-03-04 11:00:00+00:00,85.13,85.13,85.13,85.13,150.0,85.13,1.0
2022-03-04 12:00:00+00:00,85.1,85.1,84.59,84.59,350.0,84.94,3.0
2022-03-04 13:00:00+00:00,84.5599,84.83,84.25,84.78,12119.0,84.4934,93.0
2022-03-04 14:00:00+00:00,84.75,84.895,82.95,84.745,499197.0,83.9833,7113.0
2022-03-04 15:00:00+00:00,84.81,86.4,84.66,85.66,952646.0,85.5358,13952.0
2022-03-04 16:00:00+00:00,85.65,85.69,84.67,84.82,615473.0,85.2964,7906.0
2022-03-04 17:00:00+00:00,84.85,84.91,83.975,84.79,442252.0,84.5202,5918.0
2022-03-04 18:00:00+00:00,84.825,85.21,84.69,84.735,520471.0,84.9163,6513.0
2022-03-04 19:00:00+00:00,84.75,85.26,84.72,84.86,759889.0,84.9891,11781.0
2022-03-04 20:00:00+00:00,84.86,86.11,84.86,85.99,1507193.0,85.7793,18555.0
2022-03-04 21:00:00+00:00,85.98,86.33,85.98,86.0,77358.0,85.9897,65.0
2022-03-04 22:00:00+00:00,85.98,85.98,85.98,85.98,587.0,85.98,10.0
2022-03-04 23:00:00+00:00,85.98,86.1,85.98,86.1,2000.0,86.04,2.0
2022-03-05 00:00:00+00:00,86.25,86.25,85.98,86.23,3870.0,86.2341,14.0
2022-03-07 10:00:00+00:00,86.2,86.2,86.2,86.2,700.0,86.1986,5.0
2022-03-07 11:00:00+00:00,87.95,87.99,87.9,87.96,1529.0,87.9463,20.0
2022-03-07 12:00:00+00:00,87.98,89.69,87.98,88.0,5049.0,88.2715,96.0
2022-03-07 13:00:00+00:00,87.99,88.97,86.91,87.5,8719.0,87.4868,108.0
2022-03-07 14:00:00+00:00,87.45,88.41,85.73,86.84,701343.0,86.7785,7551.0
2022-03-07 15:00:00+00:00,86.81,87.687,84.79,85.03,854134.0,86.5337,10686.0
2022-03-07 16:00:00+00:00,85.03,86.3298,85.0,85.2618,622477.0,85.6472,8960.0
2022-03-07 17:00:00+00:00,85.26,85.27,83.58,83.8096,535426.0,84.259,7118.0
2022-03-07 18:00:00+00:00,83.77,85.08,83.715,84.7,503633.0,84.5304,7045.0
2022-03-07 19:00:00+00:00,84.72,84.9,83.915,84.005,469912.0,84.3244,6653.0
2022-03-07 20:00:00+00:00,84.04,84.22,83.6,84.01,1265449.0,83.8774,16641.0
2022-03-07 21:00:00+00:00,84.01,84.01,83.65,84.0099,118966.0,84.0009,73.0
2022-03-07 23:00:00+00:00,83.99,83.99,83.99,83.99,312.0,83.99,3.0
2022-03-08 00:00:00+00:00,84.01,84.01,84.01,84.01,1649.0,84.01,15.0
2022-03-08 11:00:00+00:00,85.29,85.29,85.29,85.29,101.0,85.29,2.0
2022-03-08 12:00:00+00:00,85.1,85.7,84.86,84.86,8586.0,85.3648,67.0
2022-03-08 13:00:00+00:00,85.1,85.4,84.77,85.4,8727.0,85.1709,141.0
2022-03-08 14:00:00+00:00,85.01,89.67,85.0,89.62,1708640.0,88.3234,17176.0
2022-03-08 15:00:00+00:00,89.595,91.95,89.3084,91.475,1990666.0,90.5781,23125.0
2022-03-08 16:00:00+00:00,91.46,92.62,91.01,91.96,1260623.0,91.7306,16208.0
2022-03-08 17:00:00+00:00,91.945,92.1,87.76,89.23,1567293.0,89.9591,20723.0
2022-03-08 18:00:00+00:00,89.23,91.56,89.13,91.53,1292889.0,90.4252,16473.0
2022-03-08 19:00:00+00:00,91.53,91.59,89.8,90.52,777001.0,90.6369,11606.0
2022-03-08 20:00:00+00:00,90.59,91.24,90.39,90.55,1701861.0,90.7216,21390.0
2022-03-08 21:00:00+00:00,90.54,90.65,90.38,90.65,94735.0,90.5456,158.0
2022-03-08 22:00:00+00:00,90.75,90.89,90.45,90.72,6839.0,90.5993,33.0
2022-03-08 23:00:00+00:00,90.72,90.9,90.72,90.9,1735.0,90.7772,20.0
2022-03-09 00:00:00+00:00,90.99,91.5,90.99,91.4999,1310.0,91.2291,12.0
2022-03-09 09:00:00+00:00,90.16,90.16,89.5,89.5,2974.0,89.8018,29.0
2022-03-09 10:00:00+00:00,89.25,89.25,89.22,89.22,1439.0,89.2217,14.0
2022-03-09 11:00:00+00:00,88.55,88.55,88.4,88.48,2340.0,88.4781,33.0
2022-03-09 12:00:00+00:00,89.52,89.52,88.38,88.69,2083.0,88.8677,29.0
2022-03-09 13:00:00+00:00,89.52,89.52,88.0,88.2,148221.0,90.3211,250.0
2022-03-09 14:00:00+00:00,88.0,88.75,86.45,87.9,1083649.0,87.3363,11530.0
2022-03-09 15:00:00+00:00,87.89,89.5,87.57,89.115,764529.0,88.6515,10806.0
2022-03-09 16:00:00+00:00,89.125,90.58,88.75,90.2,968965.0,89.9216,11751.0
2022-03-09 17:00:00+00:00,90.2,90.73,88.39,88.93,823757.0,89.5366,10635.0
2022-03-09 18:00:00+00:00,88.9,89.77,87.3,87.435,708526.0,88.4555,9631.0
2022-03-09 19:00:00+00:00,87.45,87.69,86.71,87.37,865274.0,87.2773,11159.0
2022-03-09 20:00:00+00:00,87.415,87.9,86.9,87.14,1516253.0,87.484,19884.0
2022-03-09 21:00:00+00:00,87.14,87.46,87.14,87.16,261653.0,87.1403,58.0
2022-03-09 22:00:00+00:00,87.16,87.16,87.0,87.0,4664.0,87.1174,30.0
2022-03-09 23:00:00+00:00,87.3,87.3,87.3,87.3,568.0,87.3,1.0
2022-03-10 12:00:00+00:00,87.56,87.57,87.51,87.51,614.0,87.5475,7.0
2022-03-10 13:00:00+00:00,88.0,88.65,88.0,88.33,2121.0,88.4102,18.0
2022-03-10 14:00:00+00:00,88.25,88.92,86.5,87.22,496138.0,87.8773,6050.0
2022-03-10 15:00:00+00:00,87.26,87.72,86.29,86.75,654873.0,86.9707,9600.0
2022-03-10 16:00:00+00:00,86.75,88.01,86.68,87.245,507482.0,87.2902,8924.0
2022-03-10 17:00:00+00:00,87.25,88.4,87.19,87.6,386548.0,87.8485,7246.0
2022-03-10 18:00:00+00:00,87.595,88.46,87.4301,88.365,308297.0,87.852,6261.0
2022-03-10 19:00:00+00:00,88.385,89.33,88.38,89.19,471958.0,88.9427,8501.0
2022-03-10 20:00:00+00:00,89.2,89.95,89.06,89.57,1128580.0,89.6117,17558.0
2022-03-10 21:00:00+00:00,89.58,90.0,89.5044,89.5044,46911.0,89.5844,61.0
2022-03-10 22:00:00+00:00,89.76,89.77,89.59,89.59,501.0,89.6599,4.0
2022-03-10 23:00:00+00:00,89.75,89.78,89.6,89.75,1801.0,89.7131,8.0
2022-03-11 00:00:00+00:00,89.6,89.61,89.6,89.6,1301.0,89.6008,4.0
2022-03-11 11:00:00+00:00,89.7,89.7,89.58,89.6,2419.0,89.6302,22.0
2022-03-11 12:00:00+00:00,89.5,89.75,89.5,89.75,804.0,89.5382,9.0
2022-03-11 13:00:00+00:00,89.02,89.11,88.41,88.41,7008.0,88.8498,112.0
2022-03-11 14:00:00+00:00,88.4716,91.74,88.4716,91.24,376361.0,90.585,5663.0
2022-03-11 15:00:00+00:00,91.2,92.04,90.4,91.03,782246.0,91.2649,11898.0
2022-03-11 16:00:00+00:00,91.05,91.22,90.02,90.11,413539.0,90.5858,7004.0
2022-03-11 17:00:00+00:00,90.1,91.74,89.93,91.74,1067181.0,91.0252,10183.0
2022-03-11 18:00:00+00:00,91.724,93.48,91.59,93.27,1532435.0,92.815,16286.0
2022-03-11 19:00:00+00:00,93.27,93.62,92.75,92.8296,702008.0,93.2196,9342.0
2022-03-11 20:00:00+00:00,92.82,92.82,91.51,91.68,1211968.0,91.8955,16626.0
2022-03-11 21:00:00+00:00,91.67,92.0,91.63,92.0,45851.0,91.6708,80.0
2022-03-11 22:00:00+00:00,92.0,92.0,92.0,92.0,759.0,91.9843,6.0
2022-03-11 23:00:00+00:00,91.67,91.75,91.67,91.75,1461.0,91.745,6.0
2022-03-12 00:00:00+00:00,91.75,91.76,91.63,91.76,3227.0,91.748,11.0
2022-03-14 11:00:00+00:00,91.18,91.45,90.0,90.0,12327.0,90.8117,62.0
2022-03-14 12:00:00+00:00,90.0,90.25,90.0,90.25,1520.0,90.0689,13.0
2022-03-14 13:00:00+00:00,90.53,91.99,89.3724,89.815,576142.0,90.5147,8117.0
2022-03-14 14:00:00+00:00,89.8,91.79,88.87,91.73,951319.0,90.4487,13596.0
2022-03-14 15:00:00+00:00,91.735,92.2,90.19,90.52,573412.0,91.1575,8666.0
2022-03-14 16:00:00+00:00,90.53,91.61,90.37,91.34,431952.0,91.0099,6582.0
2022-03-14 17:00:00+00:00,91.34,91.93,90.35,90.49,474730.0,91.2191,7216.0
2022-03-14 18:00:00+00:00,90.51,90.61,89.95,90.31,392645.0,90.2621,6307.0
2022-03-14 19:00:00+00:00,90.31,90.63,89.77,90.55,874979.0,90.2702,13469.0
2022-03-14 20:00:00+00:00,90.55,90.6601,90.55,90.6601,32829.0,90.5573,57.0
2022-03-14 21:00:00+00:00,90.68,90.68,90.65,90.65,4825.0,90.6525,9.0
2022-03-14 22:00:00+00:00,90.55,90.55,90.55,90.55,1000.0,90.55,1.0
2022-03-14 23:00:00+00:00,90.55,90.55,90.55,90.55,600.0,90.55,4.0
2022-03-15 11:00:00+00:00,88.84,88.87,87.46,88.25,4729.0,88.3189,61.0
2022-03-15 12:00:00+00:00,88.6,88.6,87.3365,88.43,10543.0,88.1456,110.0
2022-03-15 13:00:00+00:00,87.212,90.6587,85.71,85.99,783067.0,86.942,9216.0
2022-03-15 14:00:00+00:00,85.95,86.11,84.08,84.14,969983.0,84.9495,13771.0
2022-03-15 15:00:00+00:00,84.1,85.44,83.13,85.34,926120.0,83.9955,11690.0
2022-03-15 16:00:00+00:00,85.32,86.1819,85.04,85.54,599870.0,85.5871,7677.0
2022-03-15 17:00:00+00:00,85.54,86.02,84.23,84.61,606309.0,84.8822,8252.0
2022-03-15 18:00:00+00:00,84.565,85.0227,83.96,84.75,593414.0,84.4848,8461.0
2022-03-15 19:00:00+00:00,84.73,84.77,84.21,84.41,1119566.0,84.4748,17811.0
2022-03-15 20:00:00+00:00,84.41,85.15,84.41,84.75,97128.0,84.4379,149.0
2022-03-15 21:00:00+00:00,84.51,84.75,84.48,84.75,2660.0,84.5558,20.0
2022-03-15 22:00:00+00:00,84.59,84.6,84.46,84.46,640.0,84.5718,6.0
2022-03-15 23:00:00+00:00,84.55,84.65,84.52,84.65,1517.0,84.5868,8.0
2022-03-16 12:00:00+00:00,85.9848,85.9848,85.0,85.47,5705.0,85.4046,61.0
2022-03-16 13:00:00+00:00,85.28,86.18,84.55,86.165,278968.0,85.235,3868.0
2022-03-16 14:00:00+00:00,86.2,86.79,85.11,85.735,526485.0,85.8464,8018.0
2022-03-16 15:00:00+00:00,85.77,86.031,85.08,85.32,420579.0,85.5278,6761.0
2022-03-16 16:00:00+00:00,85.315,85.6631,85.1107,85.65,300885.0,85.3457,4952.0
2022-03-16 17:00:00+00:00,85.65,85.69,85.21,85.63,206441.0,85.4673,4226.0
2022-03-16 18:00:00+00:00,85.53,85.7,84.22,84.3,487954.0,84.7782,7896.0
2022-03-16 19:00:00+00:00,84.34,85.04,84.3,84.96,722364.0,84.7309,11940.0
2022-03-16 20:00:00+00:00,84.94,85.0,84.94,85.0,66575.0,84.9401,53.0
2022-03-16 21:00:00+00:00,85.5421,85.5421,84.94,84.94,1629.0,85.0919,6.0
2022-03-16 22:00:00+00:00,84.94,84.94,84.94,84.94,300.0,84.94,1.0
2022-03-16 23:00:00+00:00,84.95,84.95,84.95,84.95,500.0,84.95,1.0
2022-03-17 11:00:00+00:00,86.29,86.4,86.29,86.4,415.0,86.3228,10.0
2022-03-17 12:00:00+00:00,86.9,86.9,86.4001,86.74,1710.0,86.588,9.0
2022-03-17 13:00:00+00:00,86.75,87.74,85.84,86.675,380781.0,86.7014,5094.0
2022-03-17 14:00:00+00:00,86.72,87.89,86.1,87.69,664913.0,87.0681,9013.0
2022-03-17 15:00:00+00:00,87.66,88.82,87.39,88.685,559732.0,87.9944,8094.0
2022-03-17 16:00:00+00:00,88.7,88.99,88.33,88.35,423630.0,88.6932,6179.0
2022-03-17 17:00:00+00:00,88.375,88.72,88.29,88.32,250475.0,88.4891,4393.0
2022-03-17 18:00:00+00:00,88.315,88.81,88.16,88.76,357436.0,88.418,5767.0
2022-03-17 19:00:00+00:00,88.76,89.1,88.63,89.08,889192.0,88.8685,13197.0
2022-03-17 20:00:00+00:00,89.09,89.09,89.09,89.09,64729.0,89.09,55.0
2022-03-17 21:00:00+00:00,89.09,89.09,89.09,89.09,300.0,89.09,3.0
2022-03-17 23:00:00+00:00,89.09,89.09,89.09,89.09,224.0,89.0964,4.0
2022-03-18 11:00:00+00:00,89.12,89.12,89.12,89.12,300.0,89.1333,2.0
2022-03-18 13:00:00+00:00,87.93,89.39,87.92,88.645,846684.0,89.1906,3465.0
2022-03-18 14:00:00+00:00,88.66,89.25,88.16,89.12,379084.0,88.7714,6061.0
2022-03-18 15:00:00+00:00,89.11,89.6,88.7,89.585,457169.0,89.075,4762.0
2022-03-18 16:00:00+00:00,89.57,89.95,89.31,89.93,384720.0,89.7096,5595.0
2022-03-18 17:00:00+00:00,89.92,90.5199,89.89,90.475,778698.0,90.281,6500.0
2022-03-18 18:00:00+00:00,90.49,90.92,90.41,90.42,570447.0,90.5908,8415.0
2022-03-18 19:00:00+00:00,90.415,90.81,90.27,90.43,1134386.0,90.4921,16198.0
2022-03-18 20:00:00+00:00,90.43,90.5,90.43,90.5,480736.0,90.43,90.0
2022-03-18 22:00:00+00:00,90.6499,90.6499,90.5,90.5,200.0,90.5749,2.0
2022-03-21 11:00:00+00:00,92.0,92.0,91.21,91.21,302.0,91.7351,4.0
2022-03-21 12:00:00+00:00,91.5,92.1,91.5,92.1,1017.0,91.8825,6.0
2022-03-21 13:00:00+00:00,91.21,93.66,91.21,93.36,486076.0,92.8826,6554.0
2022-03-21 14:00:00+00:00,93.28,94.35,93.04,94.16,607285.0,93.7544,8993.0
2022-03-21 15:00:00+00:00,94.17,94.94,93.84,94.4702,640806.0,94.46,8999.0
2022-03-21 16:00:00+00:00,94.47,94.96,94.29,94.4563,415226.0,94.5746,6428.0
2022-03-21 17:00:00+00:00,94.45,94.45,93.85,94.015,350170.0,94.0774,5650.0
2022-03-21 18:00:00+00:00,94.01,94.845,93.88,94.18,446613.0,94.3217,6692.0
2022-03-21 19:00:00+00:00,94.1601,94.58,93.62,94.27,831847.0,94.2015,12326.0
2022-03-21 20:00:00+00:00,94.26,94.6796,94.26,94.6796,51062.0,94.2633,72.0
2022-03-21 21:00:00+00:00,94.26,94.3,94.26,94.26,40946.0,94.2601,3.0
2022-03-21 22:00:00+00:00,94.5,94.5,94.49,94.49,411.0,94.4949,4.0
2022-03-21 23:00:00+00:00,94.49,94.5,94.26,94.26,7019.0,94.3266,47.0
2022-03-22 08:00:00+00:00,94.25,94.26,94.25,94.26,401.0,94.2554,2.0
2022-03-22 11:00:00+00:00,94.25,94.25,94.25,94.25,190.0,94.1026,5.0
2022-03-22 12:00:00+00:00,94.99,94.99,94.99,94.99,159.0,94.99,1.0
2022-03-22 13:00:00+00:00,94.99,94.99,93.51,94.2756,287395.0,93.9732,4034.0
2022-03-22 14:00:00+00:00,94.31,94.31,92.04,92.11,543701.0,92.7902,9026.0
2022-03-22 15:00:00+00:00,92.11,92.65,91.62,91.895,456012.0,92.0263,6878.0
2022-03-22 16:00:00+00:00,91.92,92.67,91.84,92.66,430795.0,92.1991,6087.0
2022-03-22 17:00:00+00:00,92.67,93.69,92.465,93.285,335683.0,93.1352,5392.0
2022-03-22 18:00:00+00:00,93.28,93.56,92.97,93.3,347993.0,93.2508,5495.0
2022-03-22 19:00:00+00:00,93.3,93.665,92.95,93.63,750379.0,93.3701,11156.0
2022-03-22 20:00:00+00:00,93.59,93.64,93.59,93.59,57993.0,93.5903,59.0
2022-03-22 23:00:00+00:00,93.75,93.75,93.75,93.75,110.0,93.75,1.0
2022-03-23 11:00:00+00:00,94.39,94.4,94.0,94.0,1008.0,94.2992,20.0
2022-03-23 12:00:00+00:00,94.4,95.0,94.4,95.0,7234.0,94.9416,98.0
2022-03-23 13:00:00+00:00,95.28,96.58,95.0,95.859,609889.0,95.9595,7244.0
2022-03-23 14:00:00+00:00,95.83,96.8581,95.76,96.52,611966.0,96.4077,9301.0
2022-03-23 15:00:00+00:00,96.53,96.92,95.94,96.13,434203.0,96.5141,6784.0
2022-03-23 16:00:00+00:00,96.11,96.2,95.46,95.555,347761.0,95.9575,5018.0
2022-03-23 17:00:00+00:00,95.57,95.66,94.86,95.2,332627.0,95.2463,5899.0
2022-03-23 18:00:00+00:00,95.2,95.695,94.87,95.695,411096.0,95.3205,6721.0
2022-03-23 19:00:00+00:00,95.7,96.42,95.48,95.52,917420.0,95.9111,13247.0
2022-03-23 20:00:00+00:00,95.52,95.52,95.4,95.4,22901.0,95.5117,43.0
2022-03-23 23:00:00+00:00,95.45,95.45,95.45,95.45,100.0,95.45,1.0
2022-03-24 12:00:00+00:00,96.4499,96.4499,96.4499,96.4499,318.0,96.163,8.0
2022-03-24 13:00:00+00:00,95.69,95.9,94.91,95.67,253603.0,95.4551,3116.0
2022-03-24 14:00:00+00:00,95.69,97.17,95.61,97.12,468088.0,96.5305,8105.0
2022-03-24 15:00:00+00:00,97.12,97.52,96.89,97.2541,554236.0,97.2681,8652.0
2022-03-24 16:00:00+00:00,97.27,97.42,96.594,96.905,453329.0,97.0355,4916.0
2022-03-24 17:00:00+00:00,96.92,97.01,96.5603,96.5884,227245.0,96.8113,4121.0
2022-03-24 18:00:00+00:00,96.585,97.15,96.11,96.4599,337140.0,96.6707,5691.0
2022-03-24 19:00:00+00:00,96.43,96.665,96.24,96.45,692881.0,96.4352,11408.0
2022-03-24 20:00:00+00:00,96.44,96.44,96.44,96.44,23444.0,96.44,49.0
2022-03-24 21:00:00+00:00,96.98,96.98,96.98,96.98,301.0,96.98,2.0
2022-03-24 23:00:00+00:00,96.44,96.44,96.44,96.44,200.0,96.44,1.0
2022-03-25 11:00:00+00:00,96.1,96.1,96.0,96.0,1261.0,96.0889,8.0
2022-03-25 12:00:00+00:00,95.5,95.86,95.5,95.85,1691.0,95.6541,21.0
2022-03-25 13:00:00+00:00,95.51,96.86,95.5,96.62,211824.0,96.2472,3426.0
2022-03-25 14:00:00+00:00,96.575,96.98,95.899,96.9258,408097.0,96.4774,6919.0
2022-03-25 15:00:00+00:00,96.99,97.645,96.96,97.045,488569.0,97.3714,8002.0
2022-03-25 16:00:00+00:00,97.03,97.09,96.495,96.84,247208.0,96.8212,5518.0
2022-03-25 17:00:00+00:00,96.88,97.29,96.59,97.205,288007.0,96.9987,5906.0
2022-03-25 18:00:00+00:00,97.19,97.49,97.07,97.22,384433.0,97.2984,5885.0
2022-03-25 19:00:00+00:00,97.23,97.3721,96.99,97.24,747811.0,97.2364,11131.0
2022-03-25 20:00:00+00:00,97.25,97.44,97.25,97.25,63515.0,97.2506,38.0
2022-03-25 21:00:00+00:00,97.3996,97.4,97.3996,97.4,1205.0,97.3997,5.0
2022-03-25 22:00:00+00:00,97.4,97.4,97.39,97.39,1000.0,97.399,4.0
2022-03-25 23:00:00+00:00,97.3,97.4,97.3,97.4,1395.0,97.3283,4.0
2022-03-28 08:00:00+00:00,95.67,95.67,95.67,95.67,100.0,95.67,1.0
2022-03-28 11:00:00+00:00,96.33,96.94,95.56,95.56,6085.0,96.2142,100.0
2022-03-28 12:00:00+00:00,96.96,96.96,95.5,95.7,8825.0,96.003,63.0
2022-03-28 13:00:00+00:00,95.41,96.73,95.26,96.18,382864.0,95.9519,4933.0
2022-03-28 14:00:00+00:00,96.199,97.11,95.83,96.43,449957.0,96.529,7065.0
2022-03-28 15:00:00+00:00,96.41,96.69,96.03,96.26,326011.0,96.3084,4866.0
2022-03-28 16:00:00+00:00,96.24,96.4513,95.88,96.14,236125.0,96.2113,3835.0
2022-03-28 17:00:00+00:00,96.16,96.2698,95.77,95.92,233004.0,96.0089,4431.0
2022-03-28 18:00:00+00:00,95.95,96.3,95.73,96.13,265250.0,95.9979,4579.0
2022-03-28 19:00:00+00:00,96.11,96.45,95.76,96.36,764678.0,96.0393,12040.0
2022-03-28 20:00:00+00:00,96.37,96.39,96.1625,96.37,51162.0,96.2843,51.0
2022-03-28 21:00:00+00:00,96.37,96.3799,96.37,96.3799,1767.0,96.3715,15.0
2022-03-28 22:00:00+00:00,96.45,96.45,96.45,96.45,1110.0,96.45,2.0
2022-03-29 11:00:00+00:00,97.25,97.25,95.03,95.43,5343.0,95.7233,68.0
2022-03-29 12:00:00+00:00,97.6799,97.6799,94.5,94.57,15535.0,95.1124,152.0
2022-03-29 13:00:00+00:00,94.55,95.24,93.65,94.55,442138.0,94.3857,6498.0
2022-03-29 14:00:00+00:00,94.53,95.8115,94.06,95.42,337793.0,95.0271,6221.0
2022-03-29 15:00:00+00:00,95.4,95.66,95.11,95.64,278219.0,95.4676,4315.0
2022-03-29 16:00:00+00:00,95.67,95.75,95.18,95.55,213328.0,95.5244,3709.0
2022-03-29 17:00:00+00:00,95.58,95.89,95.37,95.89,234828.0,95.6333,4045.0
2022-03-29 18:00:00+00:00,95.88,96.0,95.73,95.97,229158.0,95.8979,4974.0
2022-03-29 19:00:00+00:00,95.95,96.97,95.93,96.67,758593.0,96.5383,12185.0
2022-03-29 20:00:00+00:00,96.68,96.75,96.68,96.68,107019.0,96.6808,63.0
2022-03-29 21:00:00+00:00,96.68,96.68,96.68,96.68,527.0,96.68,8.0
2022-03-29 22:00:00+00:00,96.57,96.57,96.57,96.57,480.0,96.57,1.0
2022-03-29 23:00:00+00:00,97.26,97.3,97.26,97.3,464.0,97.2522,19.0
2022-03-30 12:00:00+00:00,97.7,97.7,97.35,97.35,892.0,97.4942,23.0
2022-03-30 13:00:00+00:00,97.7,99.86,97.7,99.63,559477.0,98.8756,7415.0
2022-03-30 14:00:00+00:00,99.715,100.61,99.474,100.2399,845614.0,100.1745,13483.0
2022-03-30 15:00:00+00:00,100.25,100.7,99.56,100.39,622898.0,100.0944,9692.0
2022-03-30 16:00:00+00:00,100.42,101.37,100.27,100.94,609282.0,100.843,8056.0
2022-03-30 17:00:00+00:00,100.93,100.9378,100.16,100.306,315339.0,100.5099,4698.0
2022-03-30 18:00:00+00:00,100.285,100.58,100.19,100.24,248561.0,100.4227,4577.0
2022-03-30 19:00:00+00:00,100.22,100.51,99.72,100.5,650563.0,100.1639,10792.0
2022-03-30 20:00:00+00:00,100.5,101.48,100.5,100.5,50685.0,100.5126,76.0
2022-03-30 21:00:00+00:00,101.3,101.3,100.6,100.6,7110.0,101.0569,8.0
2022-03-30 22:00:00+00:00,100.9,100.9,100.9,100.9,700.0,100.9,1.0
2022-03-30 23:00:00+00:00,100.05,100.05,100.05,100.05,200.0,100.05,2.0
2022-03-31 10:00:00+00:00,98.51,98.51,98.51,98.51,118.0,98.5099,3.0
2022-03-31 11:00:00+00:00,98.85,98.99,98.0,98.01,3180.0,98.6484,71.0
2022-03-31 12:00:00+00:00,98.85,99.0,98.49,99.0,4854.0,98.7391,69.0
2022-03-31 13:00:00+00:00,99.45,102.465,98.589,102.0,708532.0,101.3994,7124.0
2022-03-31 14:00:00+00:00,101.99,103.0155,101.59,102.75,560141.0,102.3846,9576.0
2022-03-31 15:00:00+00:00,102.71,102.84,101.72,102.41,475941.0,102.2173,6934.0
2022-03-31 16:00:00+00:00,102.41,102.865,102.39,102.65,384800.0,102.6332,6739.0
2022-03-31 17:00:00+00:00,102.64,103.09,102.48,103.06,524231.0,102.7094,7208.0
2022-03-31 18:00:00+00:00,103.05,103.08,101.34,101.99,679205.0,102.2377,9621.0
2022-03-31 19:00:00+00:00,102.04,102.73,101.54,101.54,1260826.0,102.15,20052.0
2022-03-31 20:00:00+00:00,101.54,101.54,101.5,101.54,107701.0,101.5398,153.0
2022-03-31 21:00:00+00:00,101.54,101.54,101.54,101.54,445.0,101.54,4.0
2022-03-31 22:00:00+00:00,101.54,102.0,101.54,102.0,11088.0,101.6728,24.0
2022-03-31 23:00:00+00:00,101.75,101.75,101.75,101.75,300.0,101.75,2.0
2022-04-01 11:00:00+00:00,101.54,101.54,101.54,101.54,116.0,101.5512,6.0
2022-04-01 12:00:00+00:00,102.0,102.0,101.59,101.59,5488.0,101.6202,6.0
2022-04-01 13:00:00+00:00,101.59,103.05,101.1417,102.32,342181.0,102.2879,4812.0
2022-04-01 14:00:00+00:00,102.29,102.68,101.2,101.28,484555.0,101.9314,7703.0
2022-04-01 15:00:00+00:00,101.22,101.82,101.21,101.616,361120.0,101.5669,6440.0
2022-04-01 16:00:00+00:00,101.6,101.88,100.67,100.795,348987.0,101.173,5696.0
2022-04-01 17:00:00+00:00,100.795,100.89,100.42,100.705,253640.0,100.6794,4840.0
2022-04-01 18:00:00+00:00,100.76,101.05,100.68,100.89,337294.0,100.8579,6049.0
2022-04-01 19:00:00+00:00,100.925,101.5,100.71,101.26,808339.0,101.1587,10999.0
2022-04-01 20:00:00+00:00,101.27,101.27,101.27,101.27,42564.0,101.27,45.0
2022-04-01 21:00:00+00:00,101.14,101.14,101.14,101.14,100.0,101.14,1.0
2022-04-01 22:00:00+00:00,101.27,101.27,101.27,101.27,360.0,101.27,4.0
2022-04-01 23:00:00+00:00,101.27,101.99,101.27,101.99,1634.0,101.5017,18.0
2022-04-04 11:00:00+00:00,101.66,102.0,101.66,102.0,1398.0,101.7871,13.0
2022-04-04 12:00:00+00:00,102.0,102.51,101.7,102.51,2127.0,102.3451,38.0
2022-04-04 13:00:00+00:00,102.59,102.6599,100.85,102.6599,378217.0,101.6519,5720.0
2022-04-04 14:00:00+00:00,102.625,102.75,101.19,101.28,340860.0,101.951,5896.0
2022-04-04 15:00:00+00:00,101.25,101.33,100.495,100.897,291119.0,100.9105,4561.0
2022-04-04 16:00:00+00:00,100.91,100.99,100.28,100.43,216229.0,100.5494,3719.0
2022-04-04 17:00:00+00:00,100.405,100.71,100.1,100.68,314257.0,100.4611,5032.0
2022-04-04 18:00:00+00:00,100.685,100.89,100.38,100.49,232265.0,100.6568,4218.0
2022-04-04 19:00:00+00:00,100.47,100.81,100.373,100.74,584210.0,100.6003,9900.0
2022-04-04 20:00:00+00:00,100.74,100.74,100.51,100.74,30163.0,100.736,59.0
2022-04-04 21:00:00+00:00,101.7399,101.7399,101.7399,101.7399,200.0,101.7399,1.0
2022-04-05 12:00:00+00:00,102.1,102.1,102.1,102.1,500.0,102.1,1.0
2022-04-05 13:00:00+00:00,100.8368,103.25,100.8368,101.775,383286.0,102.1544,4803.0
2022-04-05 14:00:00+00:00,101.8,102.04,100.7,101.42,411495.0,101.235,6483.0
2022-04-05 15:00:00+00:00,101.41,101.92,101.12,101.17,353574.0,101.5397,5389.0
2022-04-05 16:00:00+00:00,101.195,101.41,100.6305,101.23,279164.0,101.1041,3937.0
2022-04-05 17:00:00+00:00,101.2079,102.32,101.2,102.32,395540.0,101.8679,6397.0
2022-04-05 18:00:00+00:00,102.31,102.46,101.97,102.07,640538.0,102.2387,7873.0
2022-04-05 19:00:00+00:00,102.07,102.2204,101.3,101.47,899842.0,101.5549,13248.0
2022-04-05 20:00:00+00:00,101.46,101.46,101.4,101.46,46711.0,101.4555,83.0
2022-04-05 22:00:00+00:00,101.67,101.67,101.67,101.67,133.0,101.6501,5.0
2022-04-05 23:00:00+00:00,101.47,101.47,101.47,101.47,260.0,101.47,7.0
2022-04-06 10:00:00+00:00,102.32,102.32,102.32,102.32,100.0,102.32,1.0
2022-04-06 11:00:00+00:00,102.08,102.08,102.08,102.08,200.0,102.1092,2.0
2022-04-06 12:00:00+00:00,102.12,102.5958,101.8,102.0,1703.0,102.1511,12.0
2022-04-06 13:00:00+00:00,102.0356,102.98,100.443,101.52,298800.0,101.6057,4204.0
2022-04-06 14:00:00+00:00,101.48,104.27,101.48,104.24,742326.0,103.4035,12298.0
2022-04-06 15:00:00+00:00,104.235,104.76,103.04,103.28,642783.0,103.9564,12468.0
2022-04-06 16:00:00+00:00,103.28,104.18,103.25,103.98,374088.0,103.6728,6328.0
2022-04-06 17:00:00+00:00,103.98,104.1,103.435,103.67,393731.0,103.7984,6474.0
2022-04-06 18:00:00+00:00,103.62,104.03,102.92,103.78,388032.0,103.5217,6732.0
2022-04-06 19:00:00+00:00,103.78,103.9,103.045,103.31,718322.0,103.3692,14087.0
2022-04-06 20:00:00+00:00,103.3,103.35,103.3,103.3,42486.0,103.3008,60.0
2022-04-06 21:00:00+00:00,103.5,103.86,103.5,103.74,5200.0,103.5115,10.0
2022-04-06 22:00:00+00:00,103.67,103.67,103.67,103.67,200.0,103.675,3.0
2022-04-06 23:00:00+00:00,103.5,103.5,103.3,103.3,736.0,103.4188,4.0
2022-04-07 13:00:00+00:00,104.15,104.4999,102.5783,103.06,339956.0,103.4485,4874.0
2022-04-07 14:00:00+00:00,103.0,103.58,102.26,102.69,484315.0,102.8761,8417.0
2022-04-07 15:00:00+00:00,102.74,102.94,100.46,101.41,639353.0,101.7201,10680.0
2022-04-07 16:00:00+00:00,101.42,101.72,100.79,101.4339,315087.0,101.2294,6407.0
2022-04-07 17:00:00+00:00,101.4999,102.06,101.27,101.83,360851.0,101.6155,5935.0
2022-04-07 18:00:00+00:00,101.8,102.91,101.79,102.738,294288.0,102.3786,4923.0
2022-04-07 19:00:00+00:00,102.71,103.8,102.71,103.33,787645.0,103.3812,13461.0
2022-04-07 20:00:00+00:00,103.33,103.33,103.33,103.33,45625.0,103.33,39.0
2022-04-07 21:00:00+00:00,103.25,103.33,103.25,103.33,2559.0,103.312,24.0
2022-04-07 22:00:00+00:00,103.67,103.67,103.27,103.35,3388.0,103.4571,45.0
2022-04-07 23:00:00+00:00,103.41,103.43,103.41,103.43,723.0,103.4155,5.0
2022-04-08 11:00:00+00:00,103.96,104.0,103.96,104.0,890.0,103.9913,6.0
2022-04-08 12:00:00+00:00,103.75,104.27,103.75,104.27,609.0,103.9955,11.0
2022-04-08 13:00:00+00:00,104.02,104.62,103.1,103.955,219903.0,103.7666,3603.0
2022-04-08 14:00:00+00:00,103.94,104.645,103.39,104.46,388012.0,103.9508,7476.0
2022-04-08 15:00:00+00:00,104.42,104.72,104.32,104.45,338088.0,104.5248,5774.0
2022-04-08 16:00:00+00:00,104.41,104.63,104.235,104.31,305923.0,104.4133,4118.0
2022-04-08 17:00:00+00:00,104.295,104.48,103.905,103.9997,398988.0,104.1977,5953.0
2022-04-08 18:00:00+00:00,103.96,104.11,103.39,103.64,324260.0,103.6965,6856.0
2022-04-08 19:00:00+00:00,103.65,103.83,102.97,103.25,868325.0,103.3972,15095.0
2022-04-08 20:00:00+00:00,103.22,103.22,103.22,103.22,35464.0,103.22,39.0
2022-04-08 22:00:00+00:00,103.29,103.29,103.29,103.29,500.0,103.29,2.0
2022-04-08 23:00:00+00:00,103.22,103.22,103.22,103.22,100.0,103.22,1.0
2022-04-11 11:00:00+00:00,101.5,101.5,101.49,101.5,2700.0,101.5007,42.0
2022-04-11 12:00:00+00:00,101.97,101.97,101.43,101.44,4367.0,101.5313,23.0
2022-04-11 13:00:00+00:00,101.65,102.68,100.13,101.27,512341.0,101.1579,7155.0
2022-04-11 14:00:00+00:00,101.3,103.04,101.3,102.64,494282.0,102.4171,9202.0
2022-04-11 15:00:00+00:00,102.64,103.145,101.8,102.36,360610.0,102.4039,6558.0
2022-04-11 16:00:00+00:00,102.345,102.54,101.42,101.525,301323.0,102.1381,4902.0
2022-04-11 17:00:00+00:00,101.54,102.005,101.515,101.79,211460.0,101.7615,4319.0
2022-04-11 18:00:00+00:00,101.81,102.18,101.515,102.1545,252805.0,101.8769,4619.0
2022-04-11 19:00:00+00:00,102.13,102.2784,100.72,100.91,953959.0,101.282,13623.0
2022-04-11 20:00:00+00:00,100.9,101.17,100.9,100.9,45321.0,100.9268,61.0
2022-04-11 21:00:00+00:00,101.18,101.18,101.0,101.0,300.0,101.06,2.0
2022-04-11 22:00:00+00:00,101.0,101.0,101.0,101.0,100.0,101.0,1.0
2022-04-12 11:00:00+00:00,101.75,101.75,101.75,101.75,250.0,101.814,4.0
2022-04-12 12:00:00+00:00,102.0,102.5,102.0,102.5,781.0,102.4193,12.0
2022-04-12 13:00:00+00:00,103.0,104.4,102.48,103.485,425649.0,103.553,5563.0
2022-04-12 14:00:00+00:00,103.52,103.52,102.58,102.58,388474.0,102.971,8136.0
2022-04-12 15:00:00+00:00,102.6,103.02,102.24,102.48,321066.0,102.6837,6257.0
2022-04-12 16:00:00+00:00,102.47,102.48,101.91,102.2825,299709.0,102.1713,5923.0
2022-04-12 17:00:00+00:00,102.26,102.575,101.605,101.665,198567.0,102.1222,4338.0
2022-04-12 18:00:00+00:00,101.7,101.83,100.96,101.07,748146.0,101.4295,8970.0
2022-04-12 19:00:00+00:00,101.05,101.1625,100.49,100.8,1318663.0,100.7641,17102.0
2022-04-12 20:00:00+00:00,100.79,100.98,100.79,100.98,28018.0,100.7914,51.0
2022-04-12 21:00:00+00:00,100.99,101.3,100.9,101.1,3200.0,101.1386,18.0
2022-04-12 23:00:00+00:00,101.58,101.59,101.58,101.59,4000.0,101.5894,4.0
2022-04-13 13:00:00+00:00,101.68,103.01,101.65,102.09,303823.0,102.3782,4701.0
2022-04-13 14:00:00+00:00,102.19,102.2,100.83,101.99,377816.0,101.6658,6247.0
2022-04-13 15:00:00+00:00,101.95,102.63,101.42,102.3428,408832.0,102.0692,6587.0
2022-04-13 16:00:00+00:00,102.32,102.95,102.135,102.69,299108.0,102.5563,4851.0
2022-04-13 17:00:00+00:00,102.7,103.3,102.65,102.97,407691.0,102.9755,5914.0
2022-04-13 18:00:00+00:00,102.98,103.69,102.865,103.62,414694.0,103.3257,5812.0
2022-04-13 19:00:00+00:00,103.62,104.39,103.57,103.99,1123423.0,104.0547,14790.0
2022-04-13 20:00:00+00:00,103.94,103.94,103.8,103.8,41917.0,103.9399,38.0
2022-04-13 21:00:00+00:00,103.94,103.94,103.94,103.94,289.0,103.94,1.0
2022-04-13 23:00:00+00:00,103.89,103.89,103.75,103.75,306.0,103.7773,8.0
2022-04-14 13:00:00+00:00,104.0,105.12,103.41,104.99,458403.0,104.5091,5434.0
2022-04-14 14:00:00+00:00,104.99,105.45,104.52,104.82,427924.0,105.0254,6899.0
2022-04-14 15:00:00+00:00,104.78,105.25,104.2006,104.39,416014.0,104.8707,6101.0
2022-04-14 16:00:00+00:00,104.37,104.67,104.01,104.51,356722.0,104.4155,5436.0
2022-04-14 17:00:00+00:00,104.51,104.88,104.27,104.88,244346.0,104.5024,4045.0
2022-04-14 18:00:00+00:00,104.89,105.43,104.85,105.11,348154.0,105.2246,5957.0
2022-04-14 19:00:00+00:00,105.1,105.296,104.61,104.86,1023046.0,105.0524,11667.0
2022-04-14 20:00:00+00:00,104.86,104.86,104.77,104.86,94665.0,104.8589,77.0
2022-04-14 21:00:00+00:00,105.2,105.2,104.86,104.9,900.0,104.9136,8.0
2022-04-14 22:00:00+00:00,104.9,104.91,104.9,104.91,200.0,104.905,2.0
2022-04-14 23:00:00+00:00,104.91,104.91,104.91,104.91,2059.0,104.9113,6.0
2022-04-18 11:00:00+00:00,105.74,105.86,105.74,105.75,2750.0,105.7833,25.0
2022-04-18 12:00:00+00:00,105.8,106.5,105.77,106.36,6608.0,106.113,105.0
2022-04-18 13:00:00+00:00,106.1001,107.3,105.26,107.0,336585.0,106.4861,5409.0
2022-04-18 14:00:00+00:00,106.97,108.17,106.95,107.9801,437825.0,107.4753,8325.0
2022-04-18 15:00:00+00:00,107.99,109.78,107.99,108.805,689814.0,108.961,10635.0
2022-04-18 16:00:00+00:00,108.8,109.52,108.58,109.35,422324.0,109.0919,6833.0
2022-04-18 17:00:00+00:00,109.36,110.2,109.31,109.93,510929.0,109.8297,7373.0
2022-04-18 18:00:00+00:00,109.95,110.4467,109.79,110.13,501743.0,110.1186,7886.0
2022-04-18 19:00:00+00:00,110.12,110.48,109.88,110.355,1164463.0,110.2553,18907.0
2022-04-18 20:00:00+00:00,110.35,110.48,110.35,110.37,65289.0,110.3516,59.0
2022-04-18 21:00:00+00:00,110.35,110.45,110.35,110.45,3492.0,110.4422,8.0
2022-04-18 22:00:00+00:00,110.43,110.43,110.36,110.36,309.0,110.4021,3.0
2022-04-18 23:00:00+00:00,110.44,110.48,110.41,110.41,5063.0,110.421,20.0
2022-04-19 11:00:00+00:00,110.35,110.35,110.35,110.35,449.0,110.3516,6.0
2022-04-19 12:00:00+00:00,109.48,109.48,109.48,109.48,275.0,109.4852,8.0
2022-04-19 13:00:00+00:00,109.27,111.52,108.65,110.75,455111.0,110.1204,6257.0
2022-04-19 14:00:00+00:00,110.74,110.82,109.5169,109.65,531012.0,110.0374,8042.0
2022-04-19 15:00:00+00:00,109.6225,109.82,108.5255,108.76,572494.0,109.0554,8046.0
2022-04-19 16:00:00+00:00,108.74,109.345,108.32,109.21,509804.0,108.83,6844.0
2022-04-19 17:00:00+00:00,109.2,109.46,108.92,109.24,364122.0,109.2275,5979.0
2022-04-19 18:00:00+00:00,109.25,109.46,108.69,109.14,375251.0,109.0837,6085.0
2022-04-19 19:00:00+00:00,109.13,109.25,107.38,107.74,1532051.0,108.1388,18946.0
2022-04-19 20:00:00+00:00,107.74,108.0,107.74,107.74,171897.0,107.7411,60.0
2022-04-19 21:00:00+00:00,108.0,108.0,108.0,108.0,100.0,108.0,1.0
2022-04-19 22:00:00+00:00,108.14,108.14,108.14,108.14,100.0,108.14,1.0
2022-04-19 23:00:00+00:00,107.74,108.25,107.74,108.25,1090.0,107.861,10.0
2022-04-20 12:00:00+00:00,108.4399,108.44,108.24,108.24,2341.0,108.429,24.0
2022-04-20 13:00:00+00:00,108.99,109.3,107.65,107.9,345999.0,108.5536,4964.0
2022-04-20 14:00:00+00:00,107.9,108.56,107.45,108.265,418784.0,108.1696,5975.0
2022-04-20 15:00:00+00:00,108.26,108.54,107.66,107.88,479045.0,107.9954,6058.0
2022-04-20 16:00:00+00:00,107.91,108.69,107.8572,108.38,324638.0,108.2127,4452.0
2022-04-20 17:00:00+00:00,108.32,108.53,107.8,108.405,223037.0,108.2168,3958.0
2022-04-20 18:00:00+00:00,108.42,108.59,107.49,107.6248,256305.0,108.0177,4848.0
2022-04-20 19:00:00+00:00,107.61,108.42,107.56,108.07,715291.0,108.0761,11571.0
2022-04-20 20:00:00+00:00,108.07,108.09,108.07,108.09,61949.0,108.0701,56.0
2022-04-20 21:00:00+00:00,108.08,108.4128,108.08,108.4128,451.0,108.2648,3.0
2022-04-20 23:00:00+00:00,108.08,108.08,108.08,108.08,100.0,108.08,1.0
2022-04-21 12:00:00+00:00,108.82,108.99,108.5,108.5,1129.0,108.7544,15.0
2022-04-21 13:00:00+00:00,108.99,109.9284,108.43,109.83,313929.0,109.1015,3786.0
2022-04-21 14:00:00+00:00,109.8,110.34,108.57,108.97,404025.0,109.5239,6422.0
2022-04-21 15:00:00+00:00,108.9601,109.0543,108.1,108.39,300288.0,108.4649,4879.0
2022-04-21 16:00:00+00:00,108.41,108.51,106.96,107.3,393001.0,107.8388,6314.0
2022-04-21 17:00:00+00:00,107.25,107.33,105.83,106.23,444673.0,106.7548,5877.0
2022-04-21 18:00:00+00:00,106.14,106.32,105.27,105.49,487195.0,105.865,7021.0
2022-04-21 19:00:00+00:00,105.49,105.49,104.6903,104.92,1052066.0,105.0772,15188.0
2022-04-21 20:00:00+00:00,104.91,104.91,104.91,104.91,27752.0,104.91,30.0
2022-04-21 21:00:00+00:00,104.91,104.91,104.91,104.91,237.0,104.91,1.0
2022-04-21 22:00:00+00:00,104.91,104.91,104.91,104.91,199.0,104.91,4.0
2022-04-21 23:00:00+00:00,105.18,105.2,105.03,105.04,9110.0,105.1852,16.0
2022-04-22 12:00:00+00:00,104.25,104.25,104.25,104.25,308.0,104.2423,8.0
2022-04-22 13:00:00+00:00,104.99,106.3,103.61,106.11,278526.0,104.9855,4403.0
2022-04-22 14:00:00+00:00,106.1,106.65,105.04,105.53,411203.0,105.8734,7480.0
2022-04-22 15:00:00+00:00,105.55,105.86,103.56,103.72,447936.0,104.9076,7763.0
2022-04-22 16:00:00+00:00,103.75,104.48,103.34,104.18,474099.0,103.9498,7248.0
2022-04-22 17:00:00+00:00,104.17,104.44,103.87,103.9,568066.0,104.1396,6882.0
2022-04-22 18:00:00+00:00,103.88,104.37,103.02,103.12,306441.0,103.6489,5895.0
2022-04-22 19:00:00+00:00,103.16,103.94,102.94,103.07,618524.0,103.3712,12608.0
2022-04-22 20:00:00+00:00,103.05,103.81,102.5,103.05,66013.0,103.0728,50.0
2022-04-22 21:00:00+00:00,103.0,103.0,103.0,103.0,105.0,102.9971,2.0
2022-04-22 22:00:00+00:00,102.35,102.35,102.35,102.35,104.0,102.375,2.0
2022-04-25 11:00:00+00:00,100.97,100.97,100.1,100.1,5392.0,100.1229,8.0
2022-04-25 12:00:00+00:00,100.98,100.98,100.0,100.12,8488.0,100.2565,61.0
2022-04-25 13:00:00+00:00,100.5,100.75,97.425,98.99,710648.0,99.2163,8915.0
2022-04-25 14:00:00+00:00,99.08,99.54,97.33,97.53,830684.0,98.4319,12194.0
2022-04-25 15:00:00+00:00,97.5,98.14,96.71,97.43,697827.0,97.4311,10396.0
2022-04-25 16:00:00+00:00,97.39,99.3,96.82,98.76,647397.0,98.082,9633.0
2022-04-25 17:00:00+00:00,98.86,99.435,98.44,98.665,669898.0,98.9637,8287.0
2022-04-25 18:00:00+00:00,98.71,101.36,98.71,100.83,1155490.0,100.4592,12354.0
2022-04-25 19:00:00+00:00,100.84,101.58,100.3,100.97,1330967.0,100.9778,18952.0
2022-04-25 20:00:00+00:00,100.88,101.85,100.88,101.2,120332.0,100.9638,64.0
2022-04-25 21:00:00+00:00,101.1,101.1,100.89,100.89,5871.0,101.0263,32.0
2022-04-25 22:00:00+00:00,100.89,100.99,100.89,100.98,850.0,100.9294,5.0
2022-04-25 23:00:00+00:00,100.89,100.99,100.89,100.89,1530.0,100.8965,4.0
2022-04-26 09:00:00+00:00,100.04,100.04,100.04,100.04,200.0,100.0401,3.0
2022-04-26 10:00:00+00:00,101.5,101.53,101.5,101.51,727.0,101.5083,5.0
2022-04-26 11:00:00+00:00,103.0,104.6,102.25,104.6,3703.0,103.5777,32.0
2022-04-26 12:00:00+00:00,103.2701,104.0,102.0,102.0045,14111.0,102.7277,170.0
2022-04-26 13:00:00+00:00,102.0,104.75,100.5003,103.3783,1047018.0,103.2796,14062.0
2022-04-26 14:00:00+00:00,103.405,106.04,101.09,104.485,1369479.0,103.7673,19049.0
2022-04-26 15:00:00+00:00,104.53,107.13,104.27,105.835,1036993.0,105.9527,13899.0
2022-04-26 16:00:00+00:00,105.81,107.18,105.7534,106.7,468948.0,106.5401,9970.0
2022-04-26 17:00:00+00:00,106.71,107.29,105.55,106.44,565112.0,106.5051,8699.0
2022-04-26 18:00:00+00:00,106.4,106.58,105.59,105.7,695931.0,106.1042,11999.0
2022-04-26 19:00:00+00:00,105.69,105.81,104.955,105.05,1045399.0,105.3285,16602.0
2022-04-26 20:00:00+00:00,105.03,105.14,103.85,105.0,94976.0,105.0235,69.0
2022-04-26 21:00:00+00:00,104.8,104.8,104.8,104.8,214.0,104.8,4.0
2022-04-26 22:00:00+00:00,104.8,105.14,104.8,105.14,2712.0,105.0264,23.0
2022-04-26 23:00:00+00:00,105.0,105.21,105.0,105.2,1213.0,105.1358,11.0
2022-04-27 12:00:00+00:00,106.97,106.97,105.5,105.5,3082.0,106.1298,30.0
2022-04-27 13:00:00+00:00,105.51,106.07,103.996,105.59,464374.0,105.0953,6863.0
2022-04-27 14:00:00+00:00,105.59,106.3999,103.62,105.94,797075.0,104.8571,12324.0
2022-04-27 15:00:00+00:00,105.96,108.45,105.565,108.425,666076.0,107.0843,10181.0
2022-04-27 16:00:00+00:00,108.43,109.39,108.22,109.14,941524.0,108.8361,11504.0
2022-04-27 17:00:00+00:00,109.13,109.66,108.58,109.65,385241.0,109.06,6726.0
2022-04-27 18:00:00+00:00,109.6,109.9,108.45,108.7,529350.0,109.5058,7730.0
2022-04-27 19:00:00+00:00,108.68,110.07,108.31,109.53,1295227.0,109.5103,19173.0
2022-04-27 20:00:00+00:00,109.51,109.58,109.45,109.51,43748.0,109.5091,79.0
2022-04-27 21:00:00+00:00,109.6751,110.3494,109.51,109.51,907.0,110.0061,6.0
2022-04-27 22:00:00+00:00,109.2,109.99,109.2,109.99,400.0,109.7809,8.0
2022-04-28 11:00:00+00:00,110.05,110.06,109.99,110.0,715.0,110.0049,12.0
2022-04-28 12:00:00+00:00,110.23,110.46,110.23,110.23,2007.0,110.2525,12.0
2022-04-28 13:00:00+00:00,110.1814,110.57,108.89,109.49,372090.0,109.8239,5434.0
2022-04-28 14:00:00+00:00,109.48,111.39,108.93,111.2713,871148.0,110.1929,12425.0
2022-04-28 15:00:00+00:00,111.3,112.39,110.745,112.39,597266.0,111.5977,7656.0
2022-04-28 16:00:00+00:00,112.39,113.22,112.17,112.86,523706.0,112.7729,6716.0
2022-04-28 17:00:00+00:00,112.91,114.95,112.817,114.95,739505.0,114.082,9117.0
2022-04-28 18:00:00+00:00,114.94,115.18,114.54,115.05,746845.0,114.8991,9719.0
2022-04-28 19:00:00+00:00,115.04,116.07,114.91,115.51,1903995.0,115.5033,24967.0
2022-04-28 20:00:00+00:00,115.53,115.53,115.22,115.53,41340.0,115.5029,99.0
2022-04-28 21:00:00+00:00,115.3,115.4976,115.08,115.24,3732.0,115.2098,13.0
2022-04-28 22:00:00+00:00,115.24,115.48,115.24,115.48,7642.0,115.2435,34.0
2022-04-28 23:00:00+00:00,115.5,115.7,115.5,115.55,1339.0,115.5539,11.0
2022-04-29 08:00:00+00:00,115.55,115.55,115.55,115.55,100.0,115.55,1.0
2022-04-29 10:00:00+00:00,115.55,115.55,115.55,115.55,715.0,115.55,2.0
2022-04-29 11:00:00+00:00,115.08,115.08,114.88,114.88,598.0,114.9677,12.0
2022-04-29 12:00:00+00:00,114.8,115.0,114.8,115.0,5220.0,115.2728,35.0
2022-04-29 13:00:00+00:00,114.99,115.375,113.62,114.905,676207.0,114.5315,9258.0
2022-04-29 14:00:00+00:00,114.86,115.04,112.5,112.915,853331.0,113.3569,13408.0
2022-04-29 15:00:00+00:00,112.9,114.78,112.2,114.3405,724219.0,113.4275,10684.0
2022-04-29 16:00:00+00:00,114.31,114.56,113.3,113.54,385955.0,113.7094,6399.0
2022-04-29 17:00:00+00:00,113.52,114.5382,113.0227,113.775,383484.0,113.838,6299.0
2022-04-29 18:00:00+00:00,113.79,113.9,112.0741,112.44,507260.0,113.0604,8546.0
2022-04-29 19:00:00+00:00,112.42,112.42,111.03,111.48,1386505.0,111.4699,20979.0
2022-04-29 20:00:00+00:00,111.48,111.806,111.48,111.59,324348.0,111.4804,75.0
2022-04-29 21:00:00+00:00,111.56,111.6,111.56,111.57,3652.0,111.5872,10.0
2022-04-29 22:00:00+00:00,111.58,111.58,111.5701,111.5701,250.0,111.5741,2.0
2022-04-29 23:00:00+00:00,111.65,111.7,111.65,111.7,1697.0,111.6839,7.0
2022-05-02 11:00:00+00:00,110.76,110.76,110.76,110.76,538.0,110.8257,10.0
2022-05-02 12:00:00+00:00,110.5,110.5,109.826,110.45,3842.0,110.1959,63.0
2022-05-02 13:00:00+00:00,110.0,114.47,109.99,113.46,598106.0,112.9617,8094.0
2022-05-02 14:00:00+00:00,113.43,116.165,113.26,114.185,1212381.0,115.2009,17468.0
2022-05-02 15:00:00+00:00,114.19,115.47,113.01,115.43,883080.0,114.0801,12082.0
2022-05-02 16:00:00+00:00,115.45,116.12,114.79,115.39,668586.0,115.6532,9662.0
2022-05-02 17:00:00+00:00,115.41,115.89,115.04,115.25,725675.0,115.4407,9256.0
2022-05-02 18:00:00+00:00,115.24,115.5,114.05,114.26,664109.0,114.6859,10303.0
2022-05-02 19:00:00+00:00,114.28,116.68,114.28,116.62,1572909.0,116.0581,22760.0
2022-05-02 20:00:00+00:00,116.6,116.6661,116.0,116.6,67717.0,116.5992,32.0
2022-05-02 21:00:00+00:00,116.25,116.55,116.25,116.2501,3403.0,116.2838,13.0
2022-05-02 22:00:00+00:00,116.4,116.63,116.39,116.63,3390.0,116.406,12.0
2022-05-02 23:00:00+00:00,116.5,116.5,116.5,116.5,504.0,116.5008,2.0
2022-05-03 13:00:00+00:00,116.77,119.69,116.1,119.28,663365.0,118.4346,7566.0
2022-05-03 14:00:00+00:00,119.33,120.8813,118.81,120.25,891112.0,119.9947,12530.0
2022-05-03 15:00:00+00:00,120.31,120.9,119.94,120.46,543458.0,120.4335,8754.0
2022-05-03 16:00:00+00:00,120.48,120.68,119.66,120.305,494471.0,120.0889,7693.0
2022-05-03 17:00:00+00:00,120.33,120.7099,120.0,120.13,329489.0,120.3694,5809.0
2022-05-03 18:00:00+00:00,120.135,120.17,118.8,120.07,692881.0,119.6444,10989.0
2022-05-03 19:00:00+00:00,120.13,121.74,120.01,121.4,1468732.0,120.9108,19894.0
2022-05-03 20:00:00+00:00,121.4,121.44,121.21,121.4,34155.0,121.3969,46.0
2022-05-03 21:00:00+00:00,121.42,121.4999,121.3,121.3,4039.0,121.3945,29.0
2022-05-03 22:00:00+00:00,121.32,121.32,121.32,121.32,250.0,121.32,1.0
2022-05-03 23:00:00+00:00,121.45,121.45,121.45,121.45,579.0,121.4498,7.0
2022-05-04 09:00:00+00:00,122.63,122.63,122.63,122.63,101.0,122.6386,2.0
2022-05-04 10:00:00+00:00,123.11,123.21,123.11,123.21,498.0,123.2504,4.0
2022-05-04 11:00:00+00:00,123.22,123.53,122.48,123.5,5334.0,123.1442,70.0
2022-05-04 12:00:00+00:00,123.17,124.0,122.8,123.41,12015.0,123.6462,107.0
2022-05-04 13:00:00+00:00,123.77,124.0,121.79,122.73,487641.0,122.8465,6480.0
2022-05-04 14:00:00+00:00,122.72,124.45,122.22,124.3,1058271.0,123.7353,15042.0
2022-05-04 15:00:00+00:00,124.22,125.3187,124.02,124.93,1070199.0,124.7904,14601.0
2022-05-04 16:00:00+00:00,124.955,125.3909,124.46,125.195,670370.0,125.0165,9211.0
2022-05-04 17:00:00+00:00,125.22,125.35,124.41,124.515,694087.0,124.7827,8510.0
2022-05-04 18:00:00+00:00,124.525,127.3,124.32,127.23,1398538.0,125.5399,17600.0
2022-05-04 19:00:00+00:00,127.2,128.62,126.67,128.28,2414666.0,127.9753,29349.0
2022-05-04 20:00:00+00:00,128.23,128.6,128.23,128.23,91798.0,128.2321,108.0
2022-05-04 21:00:00+00:00,128.0,128.23,127.52,127.52,3681.0,127.9701,14.0
2022-05-04 22:00:00+00:00,127.55,127.55,127.55,127.55,125.0,127.55,1.0
2022-05-04 23:00:00+00:00,128.0,128.22,127.61,128.19,4332.0,128.1388,15.0
2022-05-05 11:00:00+00:00,128.2,128.2,128.2,128.2,202.0,128.195,6.0
2022-05-05 12:00:00+00:00,128.23,128.23,127.51,127.51,3273.0,127.8936,53.0
2022-05-05 13:00:00+00:00,127.55,129.16,126.6,128.71,634705.0,127.8749,8521.0
2022-05-05 14:00:00+00:00,128.7331,129.14,126.33,127.355,751015.0,127.3562,12211.0
2022-05-05 15:00:00+00:00,127.33,127.66,123.1,123.47,1455147.0,124.6967,19396.0
2022-05-05 16:00:00+00:00,123.41,125.1722,122.76,125.1722,492164.0,123.8346,9989.0
2022-05-05 17:00:00+00:00,125.2,126.245,125.0062,125.89,376366.0,125.5575,7247.0
2022-05-05 18:00:00+00:00,125.86,126.46,125.0,125.53,456820.0,125.5314,8227.0
2022-05-05 19:00:00+00:00,125.49,126.07,124.27,126.04,1074615.0,125.1865,18350.0
2022-05-05 20:00:00+00:00,125.83,125.85,125.83,125.83,28972.0,125.8326,39.0
2022-05-05 21:00:00+00:00,126.5,126.5,126.05,126.3,6687.0,126.3613,21.0
2022-05-05 22:00:00+00:00,126.48,126.49,126.0,126.0,2507.0,126.4095,17.0
2022-05-05 23:00:00+00:00,126.75,127.5,126.75,127.5,1086.0,126.8342,4.0
2022-05-06 11:00:00+00:00,127.0,127.0,126.8,127.0,2120.0,126.8772,17.0
2022-05-06 12:00:00+00:00,127.42,127.42,126.9999,127.0,2498.0,127.1854,34.0
2022-05-06 13:00:00+00:00,127.0,129.0,124.65,124.77,458697.0,126.819,5702.0
2022-05-06 14:00:00+00:00,124.74,126.84,124.33,126.55,662119.0,125.4968,9482.0
2022-05-06 15:00:00+00:00,126.56,127.8,126.0,126.23,552606.0,126.8865,8974.0
2022-05-06 16:00:00+00:00,126.2375,127.7,125.79,127.58,393573.0,126.7945,5892.0
2022-05-06 17:00:00+00:00,127.59,127.86,126.77,127.035,329394.0,127.236,5586.0
2022-05-06 18:00:00+00:00,126.98,128.08,126.56,127.64,424849.0,127.2612,7047.0
2022-05-06 19:00:00+00:00,127.62,129.27,127.18,129.19,1221987.0,128.383,17762.0
2022-05-06 20:00:00+00:00,129.18,129.25,128.537,129.17,64326.0,129.1778,84.0
2022-05-06 21:00:00+00:00,129.17,129.1773,128.85,128.9571,763.0,129.0594,8.0
2022-05-06 22:00:00+00:00,129.19,129.92,129.1,129.92,1620.0,129.433,15.0
2022-05-06 23:00:00+00:00,129.49,129.49,129.18,129.18,2055.0,129.3163,8.0
2022-05-09 11:00:00+00:00,128.39,128.39,126.49,126.5,4624.0,127.0834,95.0
2022-05-09 12:00:00+00:00,127.9882,127.9882,126.7,127.11,9428.0,126.9691,97.0
2022-05-09 13:00:00+00:00,126.75,127.03,122.0,123.805,1583020.0,124.7347,12265.0
2022-05-09 14:00:00+00:00,123.74,124.96,120.85,120.86,1148060.0,122.92,17462.0
2022-05-09 15:00:00+00:00,120.85,121.91,120.01,121.8006,837008.0,120.8241,13594.0
2022-05-09 16:00:00+00:00,121.85,122.66,120.04,120.115,654269.0,121.5057,10452.0
2022-05-09 17:00:00+00:00,120.12,120.31,118.84,119.825,919632.0,119.5295,12887.0
2022-05-09 18:00:00+00:00,119.85,120.6194,119.01,120.37,645168.0,119.726,9979.0
2022-05-09 19:00:00+00:00,120.4,120.8741,117.94,118.45,1441837.0,119.0149,21450.0
2022-05-09 20:00:00+00:00,118.45,119.7,117.93,118.49,204746.0,118.4507,73.0
2022-05-09 21:00:00+00:00,118.45,119.41,118.14,118.2601,4749.0,118.5268,45.0
2022-05-10 10:00:00+00:00,118.75,118.75,118.7,118.7,295.0,118.728,3.0
2022-05-10 11:00:00+00:00,119.5,119.5,118.75,118.75,451.0,118.9138,4.0
2022-05-10 12:00:00+00:00,119.0,120.9,118.7,120.0,6400.0,120.3353,71.0
2022-05-10 13:00:00+00:00,119.98,122.99,119.7,122.54,684586.0,121.5402,7737.0
2022-05-10 14:00:00+00:00,122.6,124.08,121.82,123.52,1087081.0,123.2235,14872.0
2022-05-10 15:00:00+00:00,123.52,123.59,119.01,119.86,914211.0,121.4588,12185.0
2022-05-10 16:00:00+00:00,119.94,120.06,118.31,118.5,635747.0,119.2353,9160.0
2022-05-10 17:00:00+00:00,118.48,120.66,118.12,120.57,554622.0,119.4816,8738.0
2022-05-10 18:00:00+00:00,120.655,120.71,119.52,120.5,823585.0,120.1144,12468.0
2022-05-10 19:00:00+00:00,120.55,121.47,119.91,120.97,1569545.0,120.5753,20104.0
2022-05-10 20:00:00+00:00,120.97,121.01,120.97,120.9899,266165.0,120.9701,96.0
2022-05-10 21:00:00+00:00,120.9899,120.9899,120.6,120.6,2515.0,120.8372,5.0
2022-05-10 22:00:00+00:00,120.98,121.5,120.98,121.0,782.0,121.1253,4.0
2022-05-10 23:00:00+00:00,120.5001,120.5001,120.5001,120.5001,625.0,120.5001,1.0
2022-05-11 08:00:00+00:00,121.0,121.0,121.0,121.0,101.0,120.9998,2.0
2022-05-11 11:00:00+00:00,122.0,122.65,121.7,122.22,5957.0,121.9723,59.0
2022-05-11 12:00:00+00:00,122.6,123.99,119.0,120.6,12316.0,121.6102,118.0
2022-05-11 13:00:00+00:00,120.98,123.5,120.7,121.57,640518.0,121.7254,6309.0
2022-05-11 14:00:00+00:00,121.575,122.47,120.66,121.76,1349548.0,121.9865,10541.0
2022-05-11 15:00:00+00:00,121.735,122.755,120.75,122.58,525742.0,121.7189,7613.0
2022-05-11 16:00:00+00:00,122.53,123.02,120.52,120.75,329635.0,121.9605,6307.0
2022-05-11 17:00:00+00:00,120.72,120.88,119.86,120.0,378786.0,120.3603,6319.0
2022-05-11 18:00:00+00:00,120.09,121.78,120.04,121.5,430912.0,120.8755,6925.0
2022-05-11 19:00:00+00:00,121.47,122.05,120.14,120.45,985746.0,120.8486,13150.0
2022-05-11 20:00:00+00:00,120.42,120.978,120.42,120.978,38154.0,120.4216,41.0
2022-05-11 21:00:00+00:00,120.5,120.5,120.5,120.5,175.0,120.71,2.0
2022-05-11 23:00:00+00:00,120.55,120.65,120.55,120.65,447.0,120.6154,3.0
2022-05-12 11:00:00+00:00,119.15,120.06,119.15,120.06,271.0,119.4875,3.0
2022-05-12 12:00:00+00:00,118.0315,119.05,118.0315,119.05,4877.0,118.2678,48.0
2022-05-12 13:00:00+00:00,120.18,120.86,118.08,118.3619,444224.0,119.4902,6918.0
2022-05-12 14:00:00+00:00,118.41,120.12,117.0069,119.835,545139.0,118.5783,8231.0
2022-05-12 15:00:00+00:00,119.84,121.52,118.985,119.54,516336.0,120.3739,7970.0
2022-05-12 16:00:00+00:00,119.54,120.96,119.335,120.22,302528.0,120.0671,5261.0
2022-05-12 17:00:00+00:00,120.19,120.41,119.1401,119.54,259112.0,119.7523,4441.0
2022-05-12 18:00:00+00:00,119.51,119.65,118.28,118.85,379618.0,118.8556,5809.0
2022-05-12 19:00:00+00:00,118.83,120.54,118.1875,120.47,1003841.0,119.5658,17361.0
2022-05-12 20:00:00+00:00,120.41,120.6,120.41,120.41,49915.0,120.4107,62.0
2022-05-12 21:00:00+00:00,120.41,120.41,120.41,120.41,430.0,120.41,5.0
2022-05-12 22:00:00+00:00,120.5,120.5,120.5,120.5,100.0,120.5,1.0
2022-05-12 23:00:00+00:00,120.55,120.55,120.55,120.55,240.0,120.55,2.0
2022-05-13 11:00:00+00:00,121.76,122.02,121.76,122.02,1363.0,121.9137,8.0
2022-05-13 12:00:00+00:00,122.49,123.0,121.8,122.48,4284.0,122.5843,63.0
2022-05-13 13:00:00+00:00,122.48,124.88,122.085,123.48,738274.0,123.3911,6999.0
2022-05-13 14:00:00+00:00,123.4,124.92,123.1,124.85,542408.0,123.9282,9160.0
2022-05-13 15:00:00+00:00,124.77,125.13,124.59,125.06,368768.0,124.8913,6512.0
2022-05-13 16:00:00+00:00,125.05,125.32,124.5,125.12,354107.0,125.0199,5960.0
2022-05-13 17:00:00+00:00,125.15,125.25,124.16,124.32,273392.0,124.5848,4725.0
2022-05-13 18:00:00+00:00,124.25,124.88,123.36,124.83,361429.0,124.0154,5720.0
2022-05-13 19:00:00+00:00,124.91,125.05,124.11,124.71,730714.0,124.7544,12054.0
2022-05-13 20:00:00+00:00,124.7,124.84,123.87,124.7,62876.0,124.6941,82.0
2022-05-13 22:00:00+00:00,124.99,124.99,124.99,124.99,100.0,124.99,1.0
2022-05-16 12:00:00+00:00,122.5766,125.5,122.5766,125.0,4994.0,124.5737,49.0
2022-05-16 13:00:00+00:00,124.72,127.66,124.7,126.91,526836.0,126.2691,7361.0
2022-05-16 14:00:00+00:00,126.9,127.925,126.255,127.5,479073.0,127.302,7347.0
2022-05-16 15:00:00+00:00,127.475,128.52,126.9429,128.52,549373.0,127.736,7215.0
2022-05-16 16:00:00+00:00,128.52,128.76,127.9332,128.22,381102.0,128.2936,5732.0
2022-05-16 17:00:00+00:00,128.19,128.76,127.91,128.625,365665.0,128.3618,6556.0
2022-05-16 18:00:00+00:00,128.63,129.065,128.23,128.79,562142.0,128.6443,8062.0
2022-05-16 19:00:00+00:00,128.84,129.2321,127.59,127.89,1025381.0,128.2392,14112.0
2022-05-16 20:00:00+00:00,127.78,128.33,127.78,128.33,42011.0,127.8138,40.0
2022-05-16 21:00:00+00:00,128.0,129.15,128.0,129.15,8719.0,128.638,123.0
2022-05-16 22:00:00+00:00,129.27,129.29,128.9,128.96,6293.0,129.0139,42.0
2022-05-16 23:00:00+00:00,128.96,129.25,128.96,129.24,1257.0,129.197,8.0
2022-05-17 11:00:00+00:00,129.5,130.0,129.26,130.0,2836.0,129.6362,50.0
2022-05-17 12:00:00+00:00,129.55,129.99,129.25,129.5,11609.0,129.5789,143.0
2022-05-17 13:00:00+00:00,129.5,131.69,127.8438,129.2,831551.0,129.3968,10101.0
2022-05-17 14:00:00+00:00,129.12,129.54,127.03,128.19,751681.0,128.1443,11033.0
2022-05-17 15:00:00+00:00,128.17,128.5097,127.42,127.98,510649.0,128.074,8118.0
2022-05-17 16:00:00+00:00,127.99,129.23,127.555,128.83,555623.0,128.5685,7713.0
2022-05-17 17:00:00+00:00,128.86,128.87,127.665,128.21,445520.0,128.3124,7485.0
2022-05-17 18:00:00+00:00,128.26,128.59,126.8,127.74,583780.0,127.6221,9919.0
2022-05-17 19:00:00+00:00,127.72,128.46,127.7,128.07,910118.0,128.0761,14631.0
2022-05-17 20:00:00+00:00,128.06,128.88,128.06,128.88,255244.0,128.0626,58.0
2022-05-17 21:00:00+00:00,128.6,128.6,128.08,128.1032,700.0,128.3483,4.0
2022-05-17 22:00:00+00:00,128.11,128.6,128.11,128.6,460.0,128.2996,6.0
2022-05-17 23:00:00+00:00,129.0,129.05,128.35,128.6,2312.0,128.8245,22.0
2022-05-18 12:00:00+00:00,128.79,129.1,128.35,128.86,4429.0,128.8716,56.0
2022-05-18 13:00:00+00:00,128.98,129.37,127.08,127.16,343755.0,128.1,4181.0
2022-05-18 14:00:00+00:00,127.14,127.515,125.517,126.53,688940.0,126.4472,11100.0
2022-05-18 15:00:00+00:00,126.52,126.6022,123.69,124.69,608930.0,124.8345,9559.0
2022-05-18 16:00:00+00:00,124.63,125.2,123.27,125.04,658190.0,123.9647,10352.0
2022-05-18 17:00:00+00:00,124.98,125.23,123.865,124.33,542819.0,124.4946,7990.0
2022-05-18 18:00:00+00:00,124.38,124.68,122.68,123.06,567125.0,123.7631,9467.0
2022-05-18 19:00:00+00:00,123.065,124.88,123.065,124.82,1273369.0,124.1299,18377.0
2022-05-18 20:00:00+00:00,124.68,124.68,124.5,124.5,95079.0,124.6787,70.0
2022-05-18 21:00:00+00:00,124.67,124.67,124.52,124.65,1868.0,124.6155,13.0
2022-05-18 22:00:00+00:00,124.5,124.5,124.48,124.48,682.0,124.4955,9.0
2022-05-18 23:00:00+00:00,124.43,124.4799,123.5,124.25,2074.0,124.1446,31.0
2022-05-19 09:00:00+00:00,120.1,120.48,120.0,120.41,1292.0,120.2131,13.0
2022-05-19 10:00:00+00:00,121.29,122.14,121.29,122.14,523.0,122.1167,5.0
2022-05-19 11:00:00+00:00,122.92,123.05,122.92,123.05,1336.0,123.0082,10.0
2022-05-19 12:00:00+00:00,122.16,123.05,121.81,121.82,67247.0,124.2271,156.0
2022-05-19 13:00:00+00:00,121.56,123.5,119.258,119.41,879595.0,121.2131,11200.0
2022-05-19 14:00:00+00:00,119.315,122.09,119.2,121.13,741672.0,121.1205,11846.0
2022-05-19 15:00:00+00:00,121.1,124.15,121.0115,123.75,714912.0,123.0559,10011.0
2022-05-19 16:00:00+00:00,123.75,124.4,123.04,124.0789,631658.0,123.7521,8920.0
2022-05-19 17:00:00+00:00,124.045,124.8351,123.54,124.71,474260.0,124.2317,6833.0
2022-05-19 18:00:00+00:00,124.74,126.1392,124.37,126.1392,592009.0,125.2972,7636.0
2022-05-19 19:00:00+00:00,126.11,126.4616,124.21,124.25,836766.0,124.9039,13889.0
2022-05-19 20:00:00+00:00,124.26,124.26,124.26,124.26,36831.0,124.2599,53.0
2022-05-19 22:00:00+00:00,124.26,124.26,124.26,124.26,2000.0,124.26,1.0
2022-05-19 23:00:00+00:00,124.26,124.32,124.26,124.32,1130.0,124.2668,9.0
2022-05-20 12:00:00+00:00,125.9,125.9,124.91,125.69,4202.0,125.2894,39.0
2022-05-20 13:00:00+00:00,125.39,125.89,124.5501,125.665,293760.0,125.2669,3698.0
2022-05-20 14:00:00+00:00,125.74,125.81,123.1,123.2359,342488.0,124.4847,5991.0
2022-05-20 15:00:00+00:00,123.22,123.53,122.09,122.98,377938.0,122.7896,6373.0
2022-05-20 16:00:00+00:00,123.0,123.2,121.2301,121.67,452859.0,122.1632,7338.0
2022-05-20 17:00:00+00:00,121.66,121.77,120.29,121.36,431687.0,121.0379,8291.0
2022-05-20 18:00:00+00:00,121.4,121.71,120.11,121.21,447042.0,120.7835,7602.0
2022-05-20 19:00:00+00:00,121.195,123.41,120.78,122.98,927066.0,122.4052,16013.0
2022-05-20 20:00:00+00:00,122.98,123.0,122.98,123.0,198376.0,122.98,64.0
2022-05-20 21:00:00+00:00,123.09,123.09,123.09,123.09,200.0,123.09,1.0
2022-05-20 22:00:00+00:00,123.01,123.09,123.01,123.09,250.0,123.058,2.0
2022-05-20 23:00:00+00:00,123.15,123.15,123.15,123.15,200.0,123.15,1.0
2022-05-23 11:00:00+00:00,123.35,124.98,123.35,124.63,1360.0,123.8034,17.0
2022-05-23 12:00:00+00:00,124.25,124.8,124.0,124.5,3133.0,124.5352,29.0
2022-05-23 13:00:00+00:00,124.56,124.89,122.395,123.65,388742.0,123.5953,5878.0
2022-05-23 14:00:00+00:00,123.53,124.13,123.08,123.81,464449.0,123.6725,7617.0
2022-05-23 15:00:00+00:00,123.86,125.0,123.71,123.89,419121.0,124.3035,6190.0
2022-05-23 16:00:00+00:00,123.9097,124.2385,122.34,122.62,418417.0,123.1678,7658.0
2022-05-23 17:00:00+00:00,122.59,123.42,121.67,123.42,318722.0,122.5316,6064.0
2022-05-23 18:00:00+00:00,123.435,124.44,123.0,123.7381,423043.0,123.7468,6437.0
2022-05-23 19:00:00+00:00,123.81,124.525,123.67,124.0,823505.0,124.0233,13188.0
2022-05-23 20:00:00+00:00,123.96,124.08,123.96,124.08,246440.0,123.9603,51.0
2022-05-23 21:00:00+00:00,123.97,123.97,123.8,123.8,1637.0,123.9513,16.0
2022-05-23 22:00:00+00:00,123.43,123.43,123.43,123.43,191.0,123.43,3.0
2022-05-24 12:00:00+00:00,123.0005,123.5,123.0,123.4,1839.0,123.1848,13.0
2022-05-24 13:00:00+00:00,123.3,124.095,121.0,123.13,458119.0,122.6003,5612.0
2022-05-24 14:00:00+00:00,123.15,123.27,121.25,122.13,430059.0,122.3756,6917.0
2022-05-24 15:00:00+00:00,122.16,123.04,121.3104,122.83,310990.0,122.2997,5610.0
2022-05-24 16:00:00+00:00,122.8,123.39,121.66,122.025,435955.0,122.2998,6576.0
2022-05-24 17:00:00+00:00,122.02,123.29,121.85,122.98,318443.0,122.6431,5240.0
2022-05-24 18:00:00+00:00,122.99,124.095,122.805,123.7,519327.0,123.385,7370.0
2022-05-24 19:00:00+00:00,123.67,124.99,123.67,124.22,850459.0,124.388,14394.0
2022-05-24 20:00:00+00:00,124.21,124.21,124.21,124.21,165003.0,124.21,50.0
2022-05-24 21:00:00+00:00,124.22,124.9,124.21,124.9,1192.0,124.3043,11.0
2022-05-24 22:00:00+00:00,124.85,124.85,124.85,124.85,301.0,124.7992,10.0
2022-05-24 23:00:00+00:00,124.79,124.79,124.41,124.5,940.0,124.6284,8.0
2022-05-25 12:00:00+00:00,126.2,126.2,123.9,124.51,2790.0,124.3219,30.0
2022-05-25 13:00:00+00:00,124.5,129.63,123.25,128.855,903539.0,127.3634,10979.0
2022-05-25 14:00:00+00:00,128.87,129.34,127.1,127.49,946941.0,128.3583,14016.0
2022-05-25 15:00:00+00:00,127.4503,127.88,125.93,126.65,628596.0,126.7809,8602.0
2022-05-25 16:00:00+00:00,126.7136,126.85,125.47,126.11,500033.0,126.0422,7810.0
2022-05-25 17:00:00+00:00,126.09,126.19,125.29,125.895,384252.0,125.7672,6319.0
2022-05-25 18:00:00+00:00,125.89,127.31,125.52,127.26,523707.0,126.5341,8642.0
2022-05-25 19:00:00+00:00,127.255,127.96,127.25,127.36,1235461.0,127.5216,16735.0
2022-05-25 20:00:00+00:00,127.34,127.99,127.2,127.2,64171.0,127.3425,65.0
2022-05-25 21:00:00+00:00,127.0,127.3,126.35,126.35,635.0,127.0087,3.0
2022-05-25 22:00:00+00:00,127.25,127.25,127.25,127.25,200.0,127.25,2.0
2022-05-25 23:00:00+00:00,127.3,127.55,127.0,127.0,3163.0,127.3646,18.0
2022-05-26 09:00:00+00:00,128.12,128.12,128.12,128.12,100.0,128.12,1.0
2022-05-26 11:00:00+00:00,128.89,128.89,128.89,128.89,106.0,128.8415,3.0
2022-05-26 12:00:00+00:00,128.5,128.9,127.5,127.5,782.0,128.0703,18.0
2022-05-26 13:00:00+00:00,128.44,129.96,127.86,127.8962,601508.0,128.7515,7510.0
2022-05-26 14:00:00+00:00,127.9,127.98,126.19,127.14,911659.0,126.9174,12730.0
2022-05-26 15:00:00+00:00,127.1,127.95,126.81,127.72,563008.0,127.5637,8069.0
2022-05-26 16:00:00+00:00,127.71,128.58,127.5528,127.98,369170.0,128.1866,6238.0
2022-05-26 17:00:00+00:00,128.06,128.22,127.575,127.97,304494.0,127.9055,5101.0
2022-05-26 18:00:00+00:00,127.93,128.04,127.31,127.68,497938.0,127.5806,6927.0
2022-05-26 19:00:00+00:00,127.7,128.85,127.42,128.13,975084.0,128.205,14433.0
2022-05-26 20:00:00+00:00,128.12,128.12,128.12,128.12,80621.0,128.12,63.0
2022-05-26 21:00:00+00:00,128.4548,128.4548,128.4548,128.4548,100.0,128.4548,1.0
2022-05-26 22:00:00+00:00,128.62,128.62,128.62,128.62,300.0,128.62,1.0
2022-05-26 23:00:00+00:00,128.21,128.21,128.13,128.15,794.0,128.1705,5.0
2022-05-27 10:00:00+00:00,128.2,128.2,128.2,128.2,129.0,128.1981,2.0
2022-05-27 12:00:00+00:00,127.4,127.95,127.4,127.95,3416.0,127.8022,20.0
2022-05-27 13:00:00+00:00,127.42,131.42,127.26,130.89,521818.0,129.8017,6823.0
2022-05-27 14:00:00+00:00,130.89,131.5,129.88,131.21,586010.0,130.534,9112.0
2022-05-27 15:00:00+00:00,131.26,133.08,131.1,132.42,667898.0,132.3872,11141.0
2022-05-27 16:00:00+00:00,132.39,132.46,131.785,132.05,514040.0,132.073,8474.0
2022-05-27 17:00:00+00:00,132.08,132.37,130.9903,131.82,507341.0,131.6422,8051.0
2022-05-27 18:00:00+00:00,131.83,131.93,131.45,131.575,371718.0,131.6563,6674.0
2022-05-27 19:00:00+00:00,131.6,132.04,131.32,131.8,719840.0,131.7234,14135.0
2022-05-27 20:00:00+00:00,131.81,131.84,131.81,131.84,29982.0,131.8102,61.0
2022-05-27 22:00:00+00:00,132.05,132.05,131.84,131.84,549.0,131.9158,4.0
2022-05-27 23:00:00+00:00,131.82,132.0,131.81,131.9,916.0,131.8829,10.0
2022-05-31 10:00:00+00:00,133.0,133.0,133.0,133.0,500.0,133.0,2.0
2022-05-31 11:00:00+00:00,133.0,133.96,133.0,133.15,1142.0,133.2143,26.0
2022-05-31 12:00:00+00:00,133.25,134.19,133.01,134.19,9490.0,133.8648,94.0
2022-05-31 13:00:00+00:00,131.81,135.75,131.81,134.02,889048.0,134.3163,9657.0
2022-05-31 14:00:00+00:00,133.92,134.05,132.0325,133.3079,495752.0,133.2654,9509.0
2022-05-31 15:00:00+00:00,133.3,133.435,131.74,132.65,440405.0,132.3066,7612.0
2022-05-31 16:00:00+00:00,132.65,133.23,131.9057,132.93,287643.0,132.6823,5611.0
2022-05-31 17:00:00+00:00,132.98,132.98,131.7,131.73,267729.0,132.487,5895.0
2022-05-31 18:00:00+00:00,131.71,131.95,129.82,130.34,596712.0,130.8559,10052.0
2022-05-31 19:00:00+00:00,130.34,130.36,128.76,129.55,1123635.0,129.5376,18752.0
2022-05-31 20:00:00+00:00,129.6,129.6,129.59,129.6,1003373.0,129.5997,113.0
2022-05-31 21:00:00+00:00,129.85,129.85,129.85,129.85,100.0,129.85,1.0
2022-05-31 23:00:00+00:00,129.85,130.0,129.61,130.0,2455.0,129.8572,18.0
2022-06-01 11:00:00+00:00,129.63,130.26,129.62,129.62,4073.0,129.8457,32.0
2022-06-01 12:00:00+00:00,130.2,130.5,129.65,130.33,6942.0,130.0682,55.0
2022-06-01 13:00:00+00:00,130.5,131.92,129.645,129.695,376132.0,130.6686,4839.0
2022-06-01 14:00:00+00:00,129.715,130.4659,128.935,129.69,570495.0,129.5719,9282.0
2022-06-01 15:00:00+00:00,129.635,129.78,128.83,129.37,409240.0,129.3319,6607.0
2022-06-01 16:00:00+00:00,129.375,131.65,129.355,131.51,421279.0,130.2895,6762.0
2022-06-01 17:00:00+00:00,131.52,133.66,131.46,132.85,534587.0,132.8142,8490.0
2022-06-01 18:00:00+00:00,132.8,133.16,132.27,132.64,341314.0,132.7572,6748.0
2022-06-01 19:00:00+00:00,132.625,133.4986,132.53,132.55,747785.0,133.0073,13897.0
2022-06-01 20:00:00+00:00,132.55,132.55,132.3,132.3,50584.0,132.548,54.0
2022-06-01 22:00:00+00:00,132.54,132.54,132.1,132.1,801.0,132.3984,6.0
2022-06-01 23:00:00+00:00,131.76,131.76,130.85,130.85,4158.0,130.8751,27.0
2022-06-02 10:00:00+00:00,129.5,129.5,129.5,129.5,402.0,129.8142,46.0
2022-06-02 11:00:00+00:00,131.24,131.24,130.6,130.6,953.0,130.9245,13.0
2022-06-02 12:00:00+00:00,131.0,131.99,130.3,130.48,5787.0,130.7507,74.0
2022-06-02 13:00:00+00:00,131.61,133.1,131.25,132.0856,420232.0,132.0777,4701.0
2022-06-02 14:00:00+00:00,132.04,133.29,131.61,133.26,512510.0,132.4325,9206.0
2022-06-02 15:00:00+00:00,133.29,135.305,132.84,135.16,706407.0,134.3068,11468.0
2022-06-02 16:00:00+00:00,135.21,135.33,134.57,135.08,468841.0,134.9706,7787.0
2022-06-02 17:00:00+00:00,135.11,135.39,133.89,134.53,551852.0,134.722,8228.0
2022-06-02 18:00:00+00:00,134.51,134.55,132.32,132.41,538128.0,133.5033,7222.0
2022-06-02 19:00:00+00:00,132.44,133.94,132.43,133.62,862412.0,133.4241,13983.0
2022-06-02 20:00:00+00:00,133.62,133.8,133.62,133.62,37525.0,133.6256,57.0
2022-06-02 21:00:00+00:00,133.75,133.98,133.75,133.98,900.0,133.8053,6.0
2022-06-02 22:00:00+00:00,133.7,133.7,133.7,133.7,150.0,133.7,1.0
2022-06-02 23:00:00+00:00,133.98,133.98,133.98,133.98,248.0,133.977,5.0
2022-06-03 08:00:00+00:00,133.72,133.72,133.72,133.72,160.0,133.7151,2.0
2022-06-03 11:00:00+00:00,133.0,133.5,133.0,133.03,2498.0,133.3029,12.0
2022-06-03 12:00:00+00:00,134.6781,134.6781,133.2,134.42,3826.0,133.4141,13.0
2022-06-03 13:00:00+00:00,134.08,135.75,133.33,135.58,481142.0,134.6506,6907.0
2022-06-03 14:00:00+00:00,135.65,136.3161,133.23,134.4076,771727.0,134.8312,10606.0
2022-06-03 15:00:00+00:00,134.39,134.91,134.0561,134.535,559971.0,134.5248,8003.0
2022-06-03 16:00:00+00:00,134.52,135.755,134.33,135.41,491605.0,135.0317,7162.0
2022-06-03 17:00:00+00:00,135.41,135.77,135.13,135.16,448793.0,135.4561,7086.0
2022-06-03 18:00:00+00:00,135.17,135.71,134.76,135.3,474707.0,135.2555,7627.0
2022-06-03 19:00:00+00:00,135.31,136.17,135.08,135.41,1055231.0,135.6467,15945.0
2022-06-03 20:00:00+00:00,135.42,135.42,135.16,135.16,26532.0,135.4185,31.0
2022-06-03 21:00:00+00:00,135.59,135.59,135.42,135.43,678.0,135.4578,8.0
2022-06-03 22:00:00+00:00,135.5,135.5,135.36,135.4,812.0,135.4229,11.0
2022-06-03 23:00:00+00:00,135.4,135.5,135.4,135.49,2050.0,135.49,9.0
2022-06-06 11:00:00+00:00,136.2,136.2,135.77,135.77,356.0,135.9827,8.0
2022-06-06 12:00:00+00:00,136.7473,136.95,135.77,135.77,9706.0,136.2188,50.0
2022-06-06 13:00:00+00:00,136.76,137.75,135.12,137.49,480302.0,136.6851,7287.0
2022-06-06 14:00:00+00:00,137.49,137.715,135.86,136.815,539691.0,136.8057,10446.0
2022-06-06 15:00:00+00:00,136.765,137.9723,136.21,137.965,429790.0,137.0129,7623.0
2022-06-06 16:00:00+00:00,137.965,139.32,137.63,139.08,607093.0,138.4341,10341.0
2022-06-06 17:00:00+00:00,139.1,140.22,138.75,140.03,520436.0,139.5222,8533.0
2022-06-06 18:00:00+00:00,140.0,140.0,138.26,138.585,500455.0,139.116,8208.0
2022-06-06 19:00:00+00:00,138.581,139.12,138.28,138.7,837968.0,138.7397,13974.0
2022-06-06 20:00:00+00:00,138.69,138.95,138.69,138.95,49812.0,138.6921,43.0
2022-06-06 21:00:00+00:00,139.31,139.31,138.8,138.8,500.0,139.208,2.0
2022-06-06 22:00:00+00:00,139.59,139.59,138.96,139.47,1624.0,139.3863,19.0
2022-06-06 23:00:00+00:00,139.57,139.57,139.57,139.57,312.0,139.5694,3.0
2022-06-07 09:00:00+00:00,139.6,139.6,139.6,139.6,200.0,139.6,1.0
2022-06-07 11:00:00+00:00,138.5,138.5,138.5,138.5,327.0,138.494,4.0
2022-06-07 12:00:00+00:00,138.6072,138.6072,138.26,138.44,1652.0,138.5324,30.0
2022-06-07 13:00:00+00:00,138.2,141.72,137.6,141.28,686990.0,139.9781,8879.0
2022-06-07 14:00:00+00:00,141.28,142.47,140.6,142.47,750958.0,141.4917,11352.0
2022-06-07 15:00:00+00:00,142.46,142.905,141.88,142.6,695592.0,142.4196,9838.0
2022-06-07 16:00:00+00:00,142.62,144.26,142.62,144.26,640416.0,143.5718,10138.0
2022-06-07 17:00:00+00:00,144.26,144.4196,143.0,143.73,589031.0,143.7646,10104.0
2022-06-07 18:00:00+00:00,143.73,144.7,143.62,144.5925,549053.0,144.2473,8733.0
2022-06-07 19:00:00+00:00,144.585,145.37,144.38,145.09,1064640.0,144.9187,16948.0
2022-06-07 20:00:00+00:00,145.08,145.08,144.75,145.0,196859.0,145.0786,67.0
2022-06-07 21:00:00+00:00,144.972,144.98,144.9,144.9,2746.0,144.9218,8.0
2022-06-07 22:00:00+00:00,144.89,144.98,144.75,144.75,5403.0,144.8307,12.0
2022-06-07 23:00:00+00:00,144.9799,144.99,144.82,144.99,1200.0,144.9724,5.0
2022-06-08 10:00:00+00:00,145.99,145.99,145.98,145.98,220.0,145.9849,5.0
2022-06-08 11:00:00+00:00,145.5,146.15,145.5,146.15,1804.0,145.702,31.0
2022-06-08 12:00:00+00:00,145.9995,146.34,145.035,145.8,11806.0,145.8434,157.0
2022-06-08 13:00:00+00:00,145.75,145.83,143.08,145.3534,664804.0,144.5296,8111.0
2022-06-08 14:00:00+00:00,145.33,146.54,143.8904,146.03,893653.0,145.4663,12487.0
2022-06-08 15:00:00+00:00,146.01,146.44,145.09,145.8926,592986.0,145.8144,7485.0
2022-06-08 16:00:00+00:00,145.89,146.805,144.39,145.63,669946.0,145.7506,9486.0
2022-06-08 17:00:00+00:00,145.62,146.21,143.7,144.11,661141.0,144.7472,10184.0
2022-06-08 18:00:00+00:00,144.1072,144.4291,143.02,143.17,697031.0,143.6421,10890.0
2022-06-08 19:00:00+00:00,143.14,144.48,142.81,143.76,1279864.0,143.7652,19278.0
2022-06-08 20:00:00+00:00,143.77,143.77,143.5,143.75,82291.0,143.7694,49.0
2022-06-08 21:00:00+00:00,143.77,143.77,143.76,143.76,974.0,143.7664,11.0
2022-06-08 22:00:00+00:00,143.76,143.77,143.76,143.77,1600.0,143.7694,10.0
2022-06-08 23:00:00+00:00,143.76,143.76,143.69,143.76,1682.0,143.736,12.0
2022-06-09 09:00:00+00:00,143.85,143.85,143.85,143.85,100.0,143.85,1.0
2022-06-09 11:00:00+00:00,143.85,143.85,143.85,143.85,137.0,143.856,5.0
2022-06-09 12:00:00+00:00,143.89,143.89,143.1,143.35,5275.0,143.6186,47.0
2022-06-09 13:00:00+00:00,142.97,144.1699,141.75,144.0799,436838.0,143.0357,6520.0
2022-06-09 14:00:00+00:00,144.08,145.32,143.58,143.91,514605.0,144.3913,8813.0
2022-06-09 15:00:00+00:00,143.91,144.4495,143.62,144.35,389928.0,144.0173,6875.0
2022-06-09 16:00:00+00:00,144.37,145.27,142.99,145.25,475366.0,144.0734,6922.0
2022-06-09 17:00:00+00:00,145.26,145.44,144.45,145.32,392935.0,144.9103,5558.0
2022-06-09 18:00:00+00:00,145.3101,146.01,145.19,145.68,410903.0,145.6221,6785.0
2022-06-09 19:00:00+00:00,145.6486,145.75,143.2,143.37,982464.0,144.2355,14838.0
2022-06-09 20:00:00+00:00,143.41,143.41,143.1,143.1,117569.0,143.4085,61.0
2022-06-09 21:00:00+00:00,143.35,144.0,143.35,143.6,3941.0,143.4862,19.0
2022-06-09 22:00:00+00:00,143.58,143.77,143.41,143.77,1208.0,143.5665,9.0
2022-06-10 12:00:00+00:00,144.6,145.0,143.1898,143.1898,6889.0,144.1079,83.0
2022-06-10 13:00:00+00:00,142.0001,143.26,139.69,143.26,608029.0,141.3624,8728.0
2022-06-10 14:00:00+00:00,143.22,143.32,138.9112,139.765,763278.0,140.4871,10897.0
2022-06-10 15:00:00+00:00,139.705,140.6,138.97,139.93,562854.0,139.6831,9064.0
2022-06-10 16:00:00+00:00,140.0,140.23,138.39,138.925,429759.0,139.3368,7335.0
2022-06-10 17:00:00+00:00,138.92,140.15,138.555,139.95,334741.0,139.4512,5934.0
2022-06-10 18:00:00+00:00,139.92,141.44,139.44,141.27,465906.0,140.2462,8077.0
2022-06-10 19:00:00+00:00,141.26,142.2,140.39,140.51,1167289.0,141.3507,17635.0
2022-06-10 20:00:00+00:00,140.51,140.51,138.5,140.3,30532.0,140.4862,61.0
2022-06-13 08:00:00+00:00,139.99,140.0,139.99,140.0,214.0,140.0231,6.0
2022-06-13 11:00:00+00:00,138.0,138.0,136.6,136.6,1187.0,137.1773,35.0
2022-06-13 12:00:00+00:00,137.0,138.0,136.56,136.56,8881.0,137.0286,106.0
2022-06-13 13:00:00+00:00,136.55,136.55,132.35,133.88,918569.0,133.819,11980.0
2022-06-13 14:00:00+00:00,133.9,134.27,129.45,131.16,1148827.0,131.479,17084.0
2022-06-13 15:00:00+00:00,131.2484,134.04,130.64,133.6826,722883.0,132.0965,11842.0
2022-06-13 16:00:00+00:00,133.63,135.17,133.15,133.47,645847.0,134.1327,9195.0
2022-06-13 17:00:00+00:00,133.48,135.15,132.93,135.12,482476.0,133.7813,8297.0
2022-06-13 18:00:00+00:00,135.04,135.048,133.4,133.6,482244.0,134.0698,8192.0
2022-06-13 19:00:00+00:00,133.49,133.62,130.78,131.61,1267892.0,132.0032,21012.0
2022-06-13 20:00:00+00:00,131.61,132.45,131.61,131.61,63188.0,131.6337,61.0
2022-06-13 21:00:00+00:00,131.61,131.61,131.61,131.61,150.0,131.61,1.0
2022-06-13 22:00:00+00:00,131.71,134.49,131.71,132.4,5370.0,132.4339,29.0
2022-06-13 23:00:00+00:00,132.55,133.49,131.61,131.61,1470.0,132.2423,13.0
2022-06-14 12:00:00+00:00,132.95,133.65,132.0,133.65,5958.0,133.0168,70.0
2022-06-14 13:00:00+00:00,133.8,137.6376,133.5,137.56,598323.0,135.4518,7523.0
2022-06-14 14:00:00+00:00,137.57,138.56,135.2,137.64,759747.0,137.4583,12536.0
2022-06-14 15:00:00+00:00,137.6,138.08,136.6,137.61,530427.0,137.3778,9692.0
2022-06-14 16:00:00+00:00,137.61,137.61,135.44,136.1,449722.0,136.5123,7948.0
2022-06-14 17:00:00+00:00,136.09,136.38,133.26,134.08,686951.0,134.5394,12075.0
2022-06-14 18:00:00+00:00,134.11,134.8,132.67,132.89,532357.0,133.5976,9729.0
2022-06-14 19:00:00+00:00,132.89,134.2,131.7,133.75,1173782.0,133.2123,18570.0
2022-06-14 20:00:00+00:00,133.75,133.75,133.2501,133.2501,64163.0,133.7492,52.0
2022-06-14 22:00:00+00:00,133.88,133.9999,133.76,133.76,800.0,133.9399,3.0
2022-06-14 23:00:00+00:00,133.75,133.76,133.75,133.76,950.0,133.752,5.0
2022-06-15 10:00:00+00:00,133.0,133.0,131.0,131.0,875.0,132.0067,11.0
2022-06-15 11:00:00+00:00,132.0,132.5,131.5,131.75,2888.0,131.9237,33.0
2022-06-15 12:00:00+00:00,132.4499,133.9,131.46,133.63,9327.0,132.4274,90.0
2022-06-15 13:00:00+00:00,133.28,134.45,131.88,132.41,511892.0,132.9388,7784.0
2022-06-15 14:00:00+00:00,132.41,132.62,130.02,130.31,1041573.0,131.0987,16291.0
2022-06-15 15:00:00+00:00,130.29,131.5199,129.76,131.3801,818717.0,130.4367,11628.0
2022-06-15 16:00:00+00:00,131.38,131.71,130.4,130.47,466042.0,131.1176,7545.0
2022-06-15 17:00:00+00:00,130.45,130.6299,129.27,129.79,510520.0,130.0584,8752.0
2022-06-15 18:00:00+00:00,129.607,130.53,125.13,127.535,1545958.0,127.6492,23418.0
2022-06-15 19:00:00+00:00,127.58,129.335,127.3001,128.29,1735122.0,128.3887,27098.0
2022-06-15 20:00:00+00:00,128.3,128.3,127.6104,128.3,30072.0,128.278,55.0
2022-06-15 21:00:00+00:00,126.11,128.0,126.11,128.0,685.0,127.3102,5.0
2022-06-15 22:00:00+00:00,129.0,129.0,128.5,128.51,517.0,128.6956,11.0
2022-06-15 23:00:00+00:00,129.7,129.7,129.7,129.7,176.0,129.7,1.0
2022-06-16 08:00:00+00:00,125.95,126.0,125.95,126.0,600.0,125.9917,12.0
2022-06-16 10:00:00+00:00,126.03,126.03,126.03,126.03,2000.0,126.03,19.0
2022-06-16 11:00:00+00:00,126.49,126.87,124.99,125.48,10571.0,125.4488,123.0
2022-06-16 12:00:00+00:00,125.222,126.32,125.0001,125.4,13989.0,125.7178,193.0
2022-06-16 13:00:00+00:00,125.0101,126.05,121.93,122.97,1056885.0,123.0665,13461.0
2022-06-16 14:00:00+00:00,122.89,124.0,121.29,121.34,1161935.0,122.6858,18022.0
2022-06-16 15:00:00+00:00,121.36,122.42,120.57,122.18,996966.0,121.5569,16018.0
2022-06-16 16:00:00+00:00,122.18,123.67,119.75,120.61,973167.0,120.5896,14406.0
2022-06-16 17:00:00+00:00,120.65,120.96,119.03,119.07,825248.0,120.0027,12815.0
2022-06-16 18:00:00+00:00,119.06,119.07,117.07,117.57,1248102.0,117.9749,17426.0
2022-06-16 19:00:00+00:00,117.56,118.9,117.51,118.75,2375324.0,118.2518,33039.0
2022-06-16 20:00:00+00:00,118.74,118.78,118.507515,118.7,99026.0,118.7386,153.0
2022-06-16 21:00:00+00:00,118.73,118.75,118.67,118.74,9053.0,118.7353,76.0
2022-06-16 22:00:00+00:00,118.75,119.0,118.7001,118.7001,3438.0,118.7564,24.0
2022-06-16 23:00:00+00:00,118.7,118.7,118.69,118.69,682.0,118.6956,6.0
2022-06-17 11:00:00+00:00,119.08,119.24,118.95,119.24,2703.0,119.0859,44.0
2022-06-17 12:00:00+00:00,119.24,119.4999,119.0,119.0,5806.0,119.2648,70.0
2022-06-17 13:00:00+00:00,117.11,118.25,115.23,117.28,1839202.0,116.5872,14987.0
2022-06-17 14:00:00+00:00,117.34,117.86,111.04,112.3201,1936507.0,113.9558,27283.0
2022-06-17 15:00:00+00:00,112.275,113.3,110.7,112.2,1413837.0,111.9549,21171.0
2022-06-17 16:00:00+00:00,112.12,113.225,110.35,111.05,861284.0,111.9466,14410.0
2022-06-17 17:00:00+00:00,111.0645,112.385,110.6,111.27,844114.0,111.522,14230.0
2022-06-17 18:00:00+00:00,111.31,114.3,111.11,113.72,934208.0,113.1518,17290.0
2022-06-17 19:00:00+00:00,113.75,114.36,111.91,112.46,2455271.0,113.1263,34832.0
2022-06-17 20:00:00+00:00,112.44,112.84,112.3601,112.44,525543.0,112.4412,152.0
2022-06-17 21:00:00+00:00,112.8,112.8,111.75,112.44,72351.0,112.4337,18.0
2022-06-17 22:00:00+00:00,112.12,112.25,112.12,112.25,1114.0,112.2381,4.0
2022-06-17 23:00:00+00:00,112.26,112.55,112.0,112.0,2157.0,112.2411,14.0
2022-06-21 08:00:00+00:00,112.35,112.35,112.35,112.35,129.0,112.4031,4.0
2022-06-21 11:00:00+00:00,114.06,115.3,114.06,115.1,3685.0,114.9794,31.0
2022-06-21 12:00:00+00:00,115.39,115.5499,114.0,115.1,16550.0,115.1392,142.0
2022-06-21 13:00:00+00:00,115.1,117.67,114.9,116.055,1205370.0,116.7992,13836.0
2022-06-21 14:00:00+00:00,115.99,118.6,115.78,117.91,952898.0,117.9316,14992.0
2022-06-21 15:00:00+00:00,117.97,118.08,114.47,114.87,989265.0,116.1906,14472.0
2022-06-21 16:00:00+00:00,114.84,117.75,114.52,117.72,708542.0,116.0681,10448.0
2022-06-21 17:00:00+00:00,117.705,117.705,116.11,116.405,539920.0,116.7802,8650.0
2022-06-21 18:00:00+00:00,116.4,116.94,116.05,116.68,512968.0,116.4558,8851.0
2022-06-21 19:00:00+00:00,116.7,117.09,116.37,116.46,1190504.0,116.6941,18357.0
2022-06-21 20:00:00+00:00,116.47,116.95,115.3,116.946,69852.0,116.4682,86.0
2022-06-21 23:00:00+00:00,116.6,116.6,116.6,116.6,1000.0,116.6,1.0
2022-06-22 08:00:00+00:00,112.43,112.43,112.43,112.43,948.0,112.43,3.0
2022-06-22 11:00:00+00:00,112.98,113.32,112.59,112.59,1274.0,112.8862,21.0
2022-06-22 12:00:00+00:00,112.7,112.94,111.51,111.65,223929.0,116.4068,48.0
2022-06-22 13:00:00+00:00,112.0,112.45,109.75,111.95,762008.0,111.436,10897.0
2022-06-22 14:00:00+00:00,111.9461,115.24,111.66,114.07,915863.0,113.9345,15080.0
2022-06-22 15:00:00+00:00,114.13,114.4471,112.41,112.49,663589.0,113.4557,11263.0
2022-06-22 16:00:00+00:00,112.49,113.14,112.1754,112.6015,516190.0,112.6108,8679.0
2022-06-22 17:00:00+00:00,112.58,114.61,112.28,114.585,423549.0,113.4573,7625.0
2022-06-22 18:00:00+00:00,114.62,115.43,114.15,114.59,697260.0,114.6802,11525.0
2022-06-22 19:00:00+00:00,114.62,114.66,112.98,112.99,1429488.0,113.741,23663.0
2022-06-22 20:00:00+00:00,113.13,113.13,112.62,112.75,186746.0,113.1275,73.0
2022-06-22 21:00:00+00:00,112.07,112.07,112.07,112.07,100.0,112.07,1.0
2022-06-22 22:00:00+00:00,112.5,112.5,112.05,112.05,726.0,112.4398,13.0
2022-06-22 23:00:00+00:00,112.4,112.4,112.4,112.4,400.0,112.4,1.0
2022-06-23 10:00:00+00:00,113.31,113.31,113.31,113.31,2000.0,113.31,4.0
2022-06-23 11:00:00+00:00,113.25,113.87,113.25,113.87,664.0,113.6913,17.0
2022-06-23 12:00:00+00:00,113.88,113.88,112.0,113.7,3894.0,112.3519,15.0
2022-06-23 13:00:00+00:00,113.62,115.41,109.6,110.34,724745.0,112.2597,8897.0
2022-06-23 14:00:00+00:00,110.2767,111.21,108.9,109.06,940830.0,110.0615,13271.0
2022-06-23 15:00:00+00:00,109.15,109.16,105.66,105.78,1302200.0,107.4037,17877.0
2022-06-23 16:00:00+00:00,105.78,105.84,104.33,104.33,1297645.0,105.1084,15716.0
2022-06-23 17:00:00+00:00,104.32,105.04,103.53,103.58,1289098.0,104.2262,13718.0
2022-06-23 18:00:00+00:00,103.6,103.84,102.5,103.01,1644391.0,105.0227,16192.0
2022-06-23 19:00:00+00:00,103.03,105.52,102.65,104.53,2269866.0,104.2779,27528.0
2022-06-23 20:00:00+00:00,104.53,104.6,104.53,104.53,279667.0,104.5304,105.0
2022-06-23 21:00:00+00:00,104.5,104.5,104.45,104.5,1463.0,104.4939,13.0
2022-06-23 22:00:00+00:00,104.4,104.59,104.4,104.59,560.0,104.5475,8.0
2022-06-23 23:00:00+00:00,104.6,104.72,104.59,104.72,2415.0,104.6037,8.0
2022-06-24 08:00:00+00:00,104.98,104.98,104.98,104.98,199.0,104.98,1.0
2022-06-24 09:00:00+00:00,105.0,106.16,105.0,106.16,742.0,105.49,8.0
2022-06-24 10:00:00+00:00,105.8,105.8,105.8,105.8,216.0,105.8015,4.0
2022-06-24 11:00:00+00:00,105.96,106.33,105.96,106.09,2759.0,106.1971,34.0
2022-06-24 12:00:00+00:00,106.34,106.75,106.1,106.41,9558.0,106.4183,108.0
2022-06-24 13:00:00+00:00,106.41,106.41,103.16,105.04,978593.0,104.6833,12473.0
2022-06-24 14:00:00+00:00,105.1,108.46,104.94,108.06,1027805.0,107.0021,15694.0
2022-06-24 15:00:00+00:00,108.045,108.36,106.64,106.86,1242950.0,107.2307,14928.0
2022-06-24 16:00:00+00:00,106.86,106.97,104.87,105.245,812573.0,105.587,12382.0
2022-06-24 17:00:00+00:00,105.23,105.568,104.15,104.2,714052.0,104.7847,10415.0
2022-06-24 18:00:00+00:00,104.19,105.27,104.14,104.51,756645.0,104.7347,11394.0
2022-06-24 19:00:00+00:00,104.48,104.6,103.5,103.96,2092873.0,104.1218,29827.0
2022-06-24 20:00:00+00:00,103.93,104.9899,103.93,104.0,2474560.0,103.9302,73.0
2022-06-24 21:00:00+00:00,104.2,104.2,103.75,103.75,3908.0,103.9793,13.0
2022-06-24 22:00:00+00:00,104.1,104.1,104.1,104.1,1000.0,104.0998,2.0
2022-06-27 11:00:00+00:00,104.62,105.67,104.62,105.6,2275.0,105.1987,38.0
2022-06-27 12:00:00+00:00,105.8,105.8,105.0,105.3,10300.0,105.35,138.0
2022-06-27 13:00:00+00:00,105.55,107.79,105.2,107.34,683088.0,106.7595,8719.0
2022-06-27 14:00:00+00:00,107.33,110.28,107.33,110.16,1324633.0,108.8466,17080.0
2022-06-27 15:00:00+00:00,110.16,110.9,109.89,110.36,1007786.0,110.3745,15502.0
2022-06-27 16:00:00+00:00,110.34,111.28,109.58,111.25,936586.0,110.4578,13766.0
2022-06-27 17:00:00+00:00,111.28,111.75,110.69,111.45,913823.0,111.3596,13069.0
2022-06-27 18:00:00+00:00,111.46,111.97,111.23,111.56,1028732.0,111.5638,14034.0
2022-06-27 19:00:00+00:00,111.57,113.39,111.3938,112.25,2129225.0,112.5074,24765.0
2022-06-27 20:00:00+00:00,112.24,112.65,111.64,112.65,123305.0,112.2371,87.0
2022-06-27 21:00:00+00:00,112.6447,112.6447,112.6447,112.6447,249.0,112.6457,2.0
2022-06-27 22:00:00+00:00,112.63,112.97,112.63,112.97,4634.0,112.7628,30.0
2022-06-27 23:00:00+00:00,112.97,112.99,112.5,112.51,11848.0,112.6391,60.0
2022-06-28 11:00:00+00:00,114.26,115.35,114.26,115.16,6267.0,114.9213,70.0
2022-06-28 12:00:00+00:00,114.55,115.2299,114.41,115.0,12043.0,114.8279,126.0
2022-06-28 13:00:00+00:00,114.66,117.88,113.43,117.82,1394315.0,115.8962,16470.0
2022-06-28 14:00:00+00:00,117.74,119.18,115.05,116.0,2073091.0,117.371,24236.0
2022-06-28 15:00:00+00:00,116.03,116.68,113.74,113.97,897061.0,115.0375,13178.0
2022-06-28 16:00:00+00:00,113.97,115.49,113.07,115.16,824945.0,114.4908,11369.0
2022-06-28 17:00:00+00:00,115.1,115.1,113.99,114.82,519126.0,114.4217,7821.0
2022-06-28 18:00:00+00:00,114.78,116.03,114.3011,115.8,776273.0,115.0628,10812.0
2022-06-28 19:00:00+00:00,115.8,116.88,115.51,116.26,1353487.0,116.2912,19288.0
2022-06-28 20:00:00+00:00,116.25,116.33,116.02,116.33,88927.0,116.2496,58.0
2022-06-28 21:00:00+00:00,116.41,116.41,116.25,116.35,19785.0,116.2614,17.0
2022-06-28 22:00:00+00:00,116.34,116.51,116.34,116.51,2418.0,116.3812,7.0
2022-06-28 23:00:00+00:00,116.2501,116.2501,116.2501,116.2501,300.0,116.2501,1.0
2022-06-29 09:00:00+00:00,117.37,117.37,117.37,117.37,126.0,117.3732,2.0
2022-06-29 10:00:00+00:00,116.86,116.94,116.86,116.94,1083.0,116.869,13.0
2022-06-29 11:00:00+00:00,116.81,117.02,116.81,117.02,1866.0,116.9199,20.0
2022-06-29 12:00:00+00:00,116.94,117.72,116.3,117.4,7792.0,117.3472,107.0
2022-06-29 13:00:00+00:00,117.41,118.78,115.76,117.04,583485.0,116.9796,7386.0
2022-06-29 14:00:00+00:00,116.975,117.05,111.83,112.59,789876.0,114.2078,11905.0
2022-06-29 15:00:00+00:00,112.52,112.57,110.39,111.265,705591.0,111.2583,9664.0
2022-06-29 16:00:00+00:00,111.2799,111.53,109.47,109.96,441354.0,110.2251,7184.0
2022-06-29 17:00:00+00:00,109.86,110.2,109.2,109.94,443497.0,109.6445,6607.0
2022-06-29 18:00:00+00:00,109.87,110.88,109.17,109.71,480028.0,109.9825,7287.0
2022-06-29 19:00:00+00:00,109.73,109.91,108.39,108.83,987599.0,109.0336,15743.0
2022-06-29 20:00:00+00:00,108.85,109.0,108.85,109.0,604209.0,108.8503,78.0
2022-06-29 21:00:00+00:00,109.0,109.0,109.0,109.0,1130.0,109.0,3.0
2022-06-29 22:00:00+00:00,108.85,108.99,108.69,108.85,5886.0,108.8562,9.0
2022-06-29 23:00:00+00:00,108.99,108.99,108.75,108.75,415.0,108.9307,11.0
2022-06-30 11:00:00+00:00,107.5,107.5,107.05,107.05,526.0,107.3779,6.0
2022-06-30 12:00:00+00:00,107.05,107.5,106.77,106.8147,7007.0,106.8546,59.0
2022-06-30 13:00:00+00:00,106.82,108.3051,105.87,108.26,665614.0,107.2007,8141.0
2022-06-30 14:00:00+00:00,108.125,109.89,105.135,106.965,1105786.0,107.7879,15984.0
2022-06-30 15:00:00+00:00,106.97,108.07,106.28,107.235,646058.0,107.1141,9844.0
2022-06-30 16:00:00+00:00,107.21,108.15,106.635,107.685,464343.0,107.4841,7801.0
2022-06-30 17:00:00+00:00,107.7,108.19,107.17,107.565,597378.0,107.6443,9677.0
2022-06-30 18:00:00+00:00,107.55,107.69,106.04,106.29,496575.0,106.9686,8265.0
2022-06-30 19:00:00+00:00,106.27,106.69,105.37,106.28,1286921.0,105.9608,18834.0
2022-06-30 20:00:00+00:00,106.28,107.84,106.28,106.49,92410.0,106.2948,101.0
2022-06-30 21:00:00+00:00,106.49,106.49,106.49,106.49,1000.0,106.49,1.0
2022-06-30 22:00:00+00:00,106.29,106.29,106.28,106.28,4426.0,106.2805,13.0
2022-07-01 11:00:00+00:00,106.6,106.6,106.6,106.6,306.0,106.611,4.0
2022-07-01 12:00:00+00:00,108.0,108.5,107.33,107.34,2422.0,107.5119,58.0
2022-07-01 13:00:00+00:00,107.35,109.79,107.33,107.44,551557.0,108.4632,7243.0
2022-07-01 14:00:00+00:00,107.55,108.065,104.67,105.42,654568.0,105.9433,10444.0
2022-07-01 15:00:00+00:00,105.42,106.415,105.11,105.24,389828.0,105.7319,7228.0
2022-07-01 16:00:00+00:00,105.25,107.0,105.19,106.21,391501.0,106.3911,8061.0
2022-07-01 17:00:00+00:00,106.18,106.86,106.125,106.63,297967.0,106.4898,6524.0
2022-07-01 18:00:00+00:00,106.59,107.36,106.48,107.09,375301.0,107.014,6672.0
2022-07-01 19:00:00+00:00,107.09,108.5,106.92,107.98,854120.0,107.754,13952.0
2022-07-01 20:00:00+00:00,107.98,108.42,107.98,107.98,309990.0,107.9804,65.0
2022-07-01 21:00:00+00:00,109.1,109.13,108.0,108.0,700.0,108.7663,5.0
2022-07-05 09:00:00+00:00,108.1,108.1,108.1,108.1,100.0,108.1,1.0
2022-07-05 11:00:00+00:00,108.8,109.39,108.55,108.55,2489.0,108.8979,28.0
2022-07-05 12:00:00+00:00,109.37,109.37,107.5,107.5,4904.0,108.1705,61.0
2022-07-05 13:00:00+00:00,107.13,107.13,102.93,104.865,670228.0,104.9027,10160.0
2022-07-05 14:00:00+00:00,104.77,105.325,102.07,102.115,624223.0,103.8408,10940.0
2022-07-05 15:00:00+00:00,102.115,102.81,101.26,101.99,574938.0,102.0189,9360.0
2022-07-05 16:00:00+00:00,101.98,102.36,100.64,100.79,557080.0,101.4408,8835.0
2022-07-05 17:00:00+00:00,100.76,101.445,100.3083,101.0,453706.0,100.8621,6446.0
2022-07-05 18:00:00+00:00,101.0,102.48,101.0,102.0701,369309.0,101.8893,6352.0
2022-07-05 19:00:00+00:00,102.095,103.79,101.9083,103.64,957583.0,103.1217,14187.0
2022-07-05 20:00:00+00:00,103.59,103.59,103.59,103.59,82595.0,103.59,73.0
2022-07-05 22:00:00+00:00,103.65,103.99,103.62,103.99,3411.0,103.7395,24.0
2022-07-05 23:00:00+00:00,103.94,103.94,103.94,103.94,100.0,103.94,1.0
2022-07-06 09:00:00+00:00,103.49,103.5,103.0,103.2,1240.0,103.2337,9.0
2022-07-06 11:00:00+00:00,103.19,103.2,103.19,103.2,500.0,103.1678,7.0
2022-07-06 12:00:00+00:00,103.0,103.97,103.0,103.0,5761.0,103.2981,28.0
2022-07-06 13:00:00+00:00,103.0,104.44,101.65,101.87,489627.0,103.0398,6711.0
2022-07-06 14:00:00+00:00,101.82,102.21,98.78,99.15,956765.0,100.0785,13527.0
2022-07-06 15:00:00+00:00,99.2,100.07,98.2774,99.8895,744258.0,99.2046,11532.0
2022-07-06 16:00:00+00:00,99.8777,99.91,99.0671,99.37,527659.0,99.4957,8064.0
2022-07-06 17:00:00+00:00,99.37,101.05,99.36,100.975,477175.0,100.2114,8133.0
2022-07-06 18:00:00+00:00,100.99,102.19,100.44,101.91,600665.0,101.3901,9807.0
2022-07-06 19:00:00+00:00,101.89,102.6,101.39,101.68,1017986.0,101.8891,15619.0
2022-07-06 20:00:00+00:00,101.71,102.0,101.71,101.71,42656.0,101.7111,56.0
2022-07-06 21:00:00+00:00,101.8,101.8,101.8,101.8,1022.0,101.8,2.0
2022-07-06 22:00:00+00:00,101.71,101.71,101.71,101.71,500.0,101.71,3.0
2022-07-06 23:00:00+00:00,101.5,101.5,101.45,101.45,3100.0,101.4984,5.0
2022-07-07 08:00:00+00:00,102.55,102.55,102.55,102.55,200.0,102.55,1.0
2022-07-07 09:00:00+00:00,102.4,102.4,102.4,102.4,500.0,102.4,2.0
2022-07-07 11:00:00+00:00,102.96,103.0,102.96,103.0,2787.0,102.9913,20.0
2022-07-07 12:00:00+00:00,103.67,103.67,102.3,103.2,6876.0,103.0199,48.0
2022-07-07 13:00:00+00:00,103.15,106.91,103.15,106.5,991905.0,105.6958,11989.0
2022-07-07 14:00:00+00:00,106.48,107.13,105.47,105.89,629679.0,106.1295,9894.0
2022-07-07 15:00:00+00:00,105.82,107.47,105.65,106.6789,484773.0,106.5799,8454.0
2022-07-07 16:00:00+00:00,106.6,107.3,106.35,106.89,291205.0,106.8765,5126.0
2022-07-07 17:00:00+00:00,106.91,107.085,106.26,106.7,256492.0,106.6669,4463.0
2022-07-07 18:00:00+00:00,106.7,107.0,106.31,106.71,259540.0,106.6473,5171.0
2022-07-07 19:00:00+00:00,106.79,107.03,106.23,106.3,652291.0,106.5909,10454.0
2022-07-07 20:00:00+00:00,106.34,106.34,106.0,106.0,240436.0,106.3399,59.0
2022-07-07 21:00:00+00:00,106.2,106.99,106.18,106.87,6171.0,106.4976,57.0
2022-07-07 22:00:00+00:00,106.78,106.87,106.78,106.86,950.0,106.8347,13.0
2022-07-07 23:00:00+00:00,106.69,107.0,106.69,107.0,1002.0,106.7557,11.0
2022-07-08 12:00:00+00:00,107.43,107.5,106.3,107.25,8761.0,107.0028,139.0
2022-07-08 13:00:00+00:00,107.32,108.81,105.44,105.75,684406.0,107.399,6730.0
2022-07-08 14:00:00+00:00,105.81,107.11,105.04,106.53,397609.0,105.9206,7372.0
2022-07-08 15:00:00+00:00,106.58,106.91,105.88,106.5,259761.0,106.3998,5349.0
2022-07-08 16:00:00+00:00,106.5,106.53,105.31,105.83,248897.0,105.869,4727.0
2022-07-08 17:00:00+00:00,105.815,106.56,105.54,106.26,183540.0,106.037,4235.0
2022-07-08 18:00:00+00:00,106.33,108.01,106.17,107.99,630314.0,107.3708,8090.0
2022-07-08 19:00:00+00:00,107.97,108.33,107.0,107.03,878715.0,107.7447,12262.0
2022-07-08 20:00:00+00:00,107.03,107.03,106.04,106.5696,34870.0,107.0232,61.0
2022-07-08 22:00:00+00:00,106.61,106.76,106.61,106.76,300.0,106.71,2.0
2022-07-08 23:00:00+00:00,106.99,107.03,106.99,107.0,2384.0,107.0182,17.0
2022-07-11 11:00:00+00:00,105.54,105.9,105.5,105.5,685.0,105.6053,12.0
2022-07-11 12:00:00+00:00,105.9,105.9,104.5,104.5,4424.0,104.9461,76.0
2022-07-11 13:00:00+00:00,104.48,107.83,104.17,107.32,281422.0,106.3389,3941.0
2022-07-11 14:00:00+00:00,107.34,107.37,104.83,105.03,305941.0,105.5868,5767.0
2022-07-11 15:00:00+00:00,105.03,106.83,104.92,106.78,250265.0,105.8755,4933.0
2022-07-11 16:00:00+00:00,106.785,107.75,106.43,107.63,315599.0,107.2025,5811.0
2022-07-11 17:00:00+00:00,107.65,108.9,107.6,107.91,364650.0,108.3329,6326.0
2022-07-11 18:00:00+00:00,107.895,108.145,107.065,107.57,243716.0,107.6087,5073.0
2022-07-11 19:00:00+00:00,107.6,108.4,107.54,107.78,636890.0,107.8931,9487.0
2022-07-11 20:00:00+00:00,107.79,107.79,107.79,107.79,20252.0,107.79,24.0
2022-07-11 22:00:00+00:00,107.79,107.8,107.79,107.79,1000.0,107.792,7.0
2022-07-11 23:00:00+00:00,107.79,107.79,107.79,107.79,1106.0,107.79,12.0
2022-07-12 08:00:00+00:00,105.27,105.27,105.25,105.25,724.0,105.2725,11.0
2022-07-12 10:00:00+00:00,105.6,105.6,105.23,105.26,400.0,105.3725,4.0
2022-07-12 11:00:00+00:00,105.2,105.35,105.0,105.35,2165.0,105.2576,40.0
2022-07-12 12:00:00+00:00,105.17,105.5,105.09,105.5,4638.0,105.2869,86.0
2022-07-12 13:00:00+00:00,105.21,105.94,101.94,103.16,720690.0,103.8304,10405.0
2022-07-12 14:00:00+00:00,103.22,103.9,102.38,103.35,566383.0,103.2121,10457.0
2022-07-12 15:00:00+00:00,103.39,104.68,102.99,104.34,303600.0,104.0519,5929.0
2022-07-12 16:00:00+00:00,104.36,104.39,103.87,104.13,188996.0,104.1483,4730.0
2022-07-12 17:00:00+00:00,104.14,105.165,103.92,105.115,211996.0,104.4588,4908.0
2022-07-12 18:00:00+00:00,105.09,105.6,104.32,104.33,249950.0,105.0652,5286.0
2022-07-12 19:00:00+00:00,104.31,105.02,103.8901,104.93,511352.0,104.5308,10772.0
2022-07-12 20:00:00+00:00,104.86,104.86,104.86,104.86,52157.0,104.86,56.0
2022-07-12 21:00:00+00:00,104.5,104.86,104.5,104.86,5701.0,104.5079,10.0
2022-07-12 22:00:00+00:00,104.43,104.52,104.43,104.43,700.0,104.4557,5.0
2022-07-12 23:00:00+00:00,104.42,104.42,104.42,104.42,100.0,104.42,1.0
2022-07-13 11:00:00+00:00,104.8,105.26,104.8,105.26,1565.0,105.1778,34.0
2022-07-13 12:00:00+00:00,105.6722,105.6722,103.75,103.75,1458.0,104.8271,42.0
2022-07-13 13:00:00+00:00,104.49,105.8381,102.31,104.55,372486.0,104.5389,5359.0
2022-07-13 14:00:00+00:00,104.63,104.675,102.14,103.9,776144.0,103.0297,13032.0
2022-07-13 15:00:00+00:00,103.965,104.4525,102.13,102.13,390665.0,103.2801,7054.0
2022-07-13 16:00:00+00:00,102.12,102.92,101.66,102.89,253662.0,102.3325,4852.0
2022-07-13 17:00:00+00:00,102.885,103.29,102.445,103.21,242478.0,102.8561,4805.0
2022-07-13 18:00:00+00:00,103.15,103.94,102.725,103.66,274476.0,103.4374,5094.0
2022-07-13 19:00:00+00:00,103.65,103.72,102.226,102.39,553218.0,102.797,9846.0
2022-07-13 20:00:00+00:00,102.39,102.39,102.39,102.39,27756.0,102.3901,41.0
2022-07-13 21:00:00+00:00,102.39,102.39,102.39,102.39,1280.0,102.39,7.0
2022-07-13 22:00:00+00:00,102.0,102.0,102.0,102.0,300.0,102.0,2.0
2022-07-14 09:00:00+00:00,100.75,100.75,100.74,100.74,500.0,100.7457,5.0
2022-07-14 11:00:00+00:00,100.5,101.06,100.3,101.06,2480.0,100.4125,47.0
2022-07-14 12:00:00+00:00,100.0393,100.39,99.7901,99.7901,1833.0,100.11,36.0
2022-07-14 13:00:00+00:00,100.16,100.16,97.1,97.91,723984.0,98.298,9706.0
2022-07-14 14:00:00+00:00,97.94,98.87,96.93,97.87,817191.0,97.6821,11051.0
2022-07-14 15:00:00+00:00,97.865,99.24,97.71,98.63,429252.0,98.4023,6906.0
2022-07-14 16:00:00+00:00,98.65,98.71,97.43,97.67,373407.0,98.0692,6038.0
2022-07-14 17:00:00+00:00,97.7,98.71,97.58,98.29,407047.0,98.2435,6453.0
2022-07-14 18:00:00+00:00,98.28,99.39,97.98,99.38,548364.0,98.5249,8784.0
2022-07-14 19:00:00+00:00,99.37,100.88,99.31,100.82,1038918.0,100.3916,15644.0
2022-07-14 20:00:00+00:00,100.78,100.9,100.78,100.78,223217.0,100.7805,56.0
2022-07-14 23:00:00+00:00,100.8,100.8,100.8,100.8,220.0,100.8,1.0
2022-07-15 12:00:00+00:00,102.4399,102.68,101.775,102.68,2849.0,102.4288,24.0
2022-07-15 13:00:00+00:00,103.0,103.95,101.4183,102.85,412595.0,102.8746,4309.0
2022-07-15 14:00:00+00:00,102.95,103.9604,102.66,102.865,418748.0,103.3478,7436.0
2022-07-15 15:00:00+00:00,102.74,103.04,102.3,102.53,250535.0,102.6383,4802.0
2022-07-15 16:00:00+00:00,102.64,103.22,102.09,103.21,249401.0,102.7025,5227.0
2022-07-15 17:00:00+00:00,103.2008,103.8911,103.2008,103.45,187630.0,103.5927,4293.0
2022-07-15 18:00:00+00:00,103.48,104.12,103.32,103.8,188287.0,103.8153,4597.0
2022-07-15 19:00:00+00:00,103.79,104.66,103.72,104.58,673477.0,104.2276,11585.0
2022-07-15 20:00:00+00:00,104.59,104.79,104.59,104.59,62045.0,104.5959,97.0
2022-07-15 21:00:00+00:00,104.59,104.98,104.59,104.59,400.0,104.78,4.0
2022-07-15 22:00:00+00:00,104.59,104.7,104.59,104.59,718.0,104.6067,7.0
2022-07-15 23:00:00+00:00,104.59,104.7,104.59,104.7,599.0,104.6633,5.0
2022-07-18 08:00:00+00:00,105.75,105.75,105.75,105.75,100.0,105.75,1.0
2022-07-18 11:00:00+00:00,106.5,106.5,106.5,106.5,160.0,106.5,3.0
2022-07-18 12:00:00+00:00,106.894,106.952,106.2432,106.86,1805.0,106.6308,27.0
2022-07-18 13:00:00+00:00,106.77,109.46,106.45,107.754,475406.0,108.2116,5994.0
2022-07-18 14:00:00+00:00,107.71,108.12,107.0392,107.63,370325.0,107.5358,5642.0
2022-07-18 15:00:00+00:00,107.6,107.85,107.068,107.51,318295.0,107.4824,4864.0
2022-07-18 16:00:00+00:00,107.54,107.6,106.84,107.05,174238.0,107.1952,2975.0
2022-07-18 17:00:00+00:00,107.1,108.2299,106.99,107.06,262170.0,107.7101,3485.0
2022-07-18 18:00:00+00:00,107.01,107.1525,106.285,106.585,332169.0,106.6139,4650.0
2022-07-18 19:00:00+00:00,106.585,106.995,105.81,106.28,526303.0,106.3264,8906.0
2022-07-18 20:00:00+00:00,106.31,106.31,106.31,106.31,54881.0,106.31,32.0
2022-07-18 21:00:00+00:00,106.31,106.31,106.31,106.31,28062.0,106.31,6.0
2022-07-19 09:00:00+00:00,108.43,108.43,107.0,107.0,609.0,108.112,10.0
2022-07-19 12:00:00+00:00,106.75,106.8,106.3,106.8,1113.0,106.6062,22.0
2022-07-19 13:00:00+00:00,106.8,108.34,105.17,107.78,327906.0,106.8913,3827.0
2022-07-19 14:00:00+00:00,107.78,108.42,107.13,107.39,279916.0,107.8095,4815.0
2022-07-19 15:00:00+00:00,107.42,108.63,107.29,108.625,311646.0,107.9442,5028.0
2022-07-19 16:00:00+00:00,108.62,109.55,108.48,109.18,315170.0,108.951,4869.0
2022-07-19 17:00:00+00:00,109.18,109.41,108.6251,108.85,234494.0,108.9758,4018.0
2022-07-19 18:00:00+00:00,108.885,109.08,108.365,108.71,212007.0,108.762,4196.0
2022-07-19 19:00:00+00:00,108.73,109.42,108.67,108.75,736073.0,109.0395,11588.0
2022-07-19 20:00:00+00:00,108.74,109.34,108.74,109.34,23000.0,108.7452,47.0
2022-07-20 11:00:00+00:00,108.41,108.41,105.61,105.61,452.0,106.9171,10.0
2022-07-20 12:00:00+00:00,108.42,108.42,107.5,107.51,1345.0,107.9319,11.0
2022-07-20 13:00:00+00:00,107.22,108.56,106.37,108.53,233808.0,107.6916,3153.0
2022-07-20 14:00:00+00:00,108.415,109.1993,107.21,109.1993,333688.0,108.0559,6299.0
2022-07-20 15:00:00+00:00,109.144,109.144,107.705,108.475,190361.0,108.576,3796.0
2022-07-20 16:00:00+00:00,108.45,109.26,108.35,109.04,346882.0,108.8278,4460.0
2022-07-20 17:00:00+00:00,109.045,109.09,108.14,108.23,211358.0,108.5281,4417.0
2022-07-20 18:00:00+00:00,108.3,109.4,107.96,109.36,156155.0,108.7946,3530.0
2022-07-20 19:00:00+00:00,109.35,109.82,109.21,109.27,529372.0,109.4431,9312.0
2022-07-20 20:00:00+00:00,109.28,109.28,109.1,109.1,206649.0,109.2798,50.0
2022-07-20 21:00:00+00:00,109.28,109.28,109.26,109.26,18130.0,109.2799,5.0
2022-07-20 22:00:00+00:00,109.27,109.27,109.27,109.27,200.0,109.255,3.0
2022-07-20 23:00:00+00:00,109.28,109.28,108.8,109.28,3515.0,109.2517,16.0
2022-07-21 11:00:00+00:00,106.06,106.06,106.0,106.0,240.0,106.0733,3.0
2022-07-21 12:00:00+00:00,106.0,106.86,106.0,106.5,1917.0,106.3982,34.0
2022-07-21 13:00:00+00:00,107.3,107.3,100.49,101.78,907615.0,102.8014,10461.0
2022-07-21 14:00:00+00:00,101.77,102.08,100.29,101.91,926545.0,101.021,13037.0
2022-07-21 15:00:00+00:00,101.82,102.5,100.8257,102.46,794099.0,101.8206,10383.0
2022-07-21 16:00:00+00:00,102.41,102.81,101.85,102.71,389236.0,102.3913,6131.0
2022-07-21 17:00:00+00:00,102.665,102.9328,102.15,102.61,301620.0,102.5389,4427.0
2022-07-21 18:00:00+00:00,102.66,103.16,102.21,102.42,334805.0,102.6485,5490.0
2022-07-21 19:00:00+00:00,102.44,104.22,102.43,104.12,838745.0,103.6833,11923.0
2022-07-21 20:00:00+00:00,104.15,104.75,103.0,104.75,58480.0,104.137,106.0
2022-07-21 21:00:00+00:00,104.8,104.8,104.238,104.4,684.0,104.5236,5.0
2022-07-21 22:00:00+00:00,104.8999,104.8999,104.8999,104.8999,300.0,104.8999,1.0
2022-07-22 11:00:00+00:00,104.56,105.0,104.56,105.0,1130.0,104.6174,17.0
2022-07-22 12:00:00+00:00,103.8,103.8,103.5,103.76,1294.0,103.6011,17.0
2022-07-22 13:00:00+00:00,104.0,106.53,104.0,104.3,519281.0,105.1951,5836.0
2022-07-22 14:00:00+00:00,104.46,106.01,104.1362,105.82,1223894.0,105.0362,9156.0
2022-07-22 15:00:00+00:00,105.8,106.01,104.77,105.28,271768.0,105.52,4592.0
2022-07-22 16:00:00+00:00,105.32,105.9,105.06,105.15,239199.0,105.4147,4407.0
2022-07-22 17:00:00+00:00,105.12,105.124,103.9355,104.305,263467.0,104.3292,4704.0
2022-07-22 18:00:00+00:00,104.35,104.35,103.515,104.1,292107.0,103.9063,4962.0
2022-07-22 19:00:00+00:00,104.04,104.403,103.71,104.03,743581.0,104.0085,11022.0
2022-07-22 20:00:00+00:00,104.02,104.42,104.02,104.02,41751.0,104.025,85.0
2022-07-22 23:00:00+00:00,104.02,104.05,104.02,104.05,500.0,104.0351,6.0
2022-07-25 11:00:00+00:00,105.0,105.0,105.0,105.0,100.0,105.0,1.0
2022-07-25 12:00:00+00:00,105.0,105.87,104.3,105.8,623.0,105.0704,15.0
2022-07-25 13:00:00+00:00,105.24,107.69,104.78,107.14,419199.0,106.658,4693.0
2022-07-25 14:00:00+00:00,107.26,108.32,106.84,108.0,410954.0,107.5547,5815.0
2022-07-25 15:00:00+00:00,108.01,109.43,108.0,109.03,380809.0,108.8343,5872.0
2022-07-25 16:00:00+00:00,109.0251,109.18,108.01,108.8284,492981.0,108.5243,5858.0
2022-07-25 17:00:00+00:00,108.85,109.135,108.53,108.605,308531.0,108.8364,4244.0
2022-07-25 18:00:00+00:00,108.58,109.3,108.51,109.282,262862.0,109.0169,3641.0
2022-07-25 19:00:00+00:00,109.3099,109.48,108.8,109.26,614901.0,109.1572,9029.0
2022-07-25 20:00:00+00:00,109.32,109.6,109.31,109.32,129821.0,109.3271,69.0
2022-07-25 21:00:00+00:00,109.01,109.2,109.01,109.2,201.0,109.1055,3.0
2022-07-25 22:00:00+00:00,109.12,109.12,109.12,109.12,238.0,109.12,1.0
2022-07-25 23:00:00+00:00,109.26,109.26,109.0,109.0,923.0,109.073,11.0
2022-07-26 10:00:00+00:00,112.17,112.4,112.0,112.4,1440.0,112.0295,6.0
2022-07-26 11:00:00+00:00,111.01,111.5,111.0,111.25,2460.0,111.1697,36.0
2022-07-26 12:00:00+00:00,111.7,111.75,111.0,111.55,7233.0,111.3926,118.0
2022-07-26 13:00:00+00:00,111.0,111.5199,109.01,109.79,349375.0,110.2811,4538.0
2022-07-26 14:00:00+00:00,109.73,109.98,107.91,108.76,460111.0,108.6764,7659.0
2022-07-26 15:00:00+00:00,108.8,108.93,106.94,107.35,385067.0,107.5768,6870.0
2022-07-26 16:00:00+00:00,107.35,107.6347,106.9,107.43,201999.0,107.2768,4023.0
2022-07-26 17:00:00+00:00,107.42,108.14,107.32,107.91,205723.0,107.824,3940.0
2022-07-26 18:00:00+00:00,107.91,108.33,106.835,107.47,363876.0,107.4613,5620.0
2022-07-26 19:00:00+00:00,107.46,107.99,107.27,107.65,573323.0,107.7284,9781.0
2022-07-26 20:00:00+00:00,107.63,107.63,107.57,107.63,27274.0,107.6282,65.0
2022-07-26 21:00:00+00:00,108.01,108.01,107.66,107.66,12999.0,107.6424,16.0
2022-07-26 22:00:00+00:00,108.0001,108.0001,108.0001,108.0001,260.0,108.0001,1.0
2022-07-26 23:00:00+00:00,108.01,108.01,108.01,108.01,210.0,108.0531,3.0
2022-07-27 11:00:00+00:00,108.88,108.88,108.78,108.78,1059.0,108.8441,27.0
2022-07-27 12:00:00+00:00,108.79,109.2401,107.63,108.2,288044.0,107.6361,19.0
2022-07-27 13:00:00+00:00,108.19,109.6899,107.74,108.17,302732.0,108.5718,3831.0
2022-07-27 14:00:00+00:00,108.23,110.35,107.485,110.14,584851.0,109.169,8412.0
2022-07-27 15:00:00+00:00,110.17,110.62,109.93,110.375,390921.0,110.2728,6613.0
2022-07-27 16:00:00+00:00,110.35,110.46,109.455,109.69,397640.0,110.0624,6326.0
2022-07-27 17:00:00+00:00,109.68,110.13,109.45,110.0,273615.0,109.8158,4535.0
2022-07-27 18:00:00+00:00,110.05,111.75,109.92,111.14,506309.0,110.6602,7358.0
2022-07-27 19:00:00+00:00,111.18,112.46,111.04,111.48,1057822.0,111.8718,13663.0
2022-07-27 20:00:00+00:00,111.5,111.5,111.4,111.5,48218.0,111.4986,70.0
2022-07-27 21:00:00+00:00,111.39,111.5,111.23,111.2842,3748.0,111.4413,19.0
2022-07-27 22:00:00+00:00,111.5,111.5,111.5,111.5,2334.0,111.5,24.0
2022-07-27 23:00:00+00:00,111.5,113.0,111.2,112.51,5038.0,112.2054,43.0
2022-07-28 10:00:00+00:00,113.0,113.11,113.0,113.11,220.0,113.0553,5.0
2022-07-28 11:00:00+00:00,114.6,115.89,114.25,115.85,4290.0,115.211,68.0
2022-07-28 12:00:00+00:00,115.44,116.66,114.0,116.31,556423.0,111.7955,361.0
2022-07-28 13:00:00+00:00,116.25,116.48,111.655,112.08,1068094.0,113.6122,12555.0
2022-07-28 14:00:00+00:00,112.08,113.11,108.49,108.665,1353925.0,110.1397,19470.0
2022-07-28 15:00:00+00:00,108.6945,111.06,107.6,110.07,812365.0,109.2952,11641.0
2022-07-28 16:00:00+00:00,110.1,110.56,109.06,109.64,436896.0,109.8075,7170.0
2022-07-28 17:00:00+00:00,109.6682,109.7,108.21,109.44,472153.0,108.9307,6737.0
2022-07-28 18:00:00+00:00,109.44,109.535,107.8,108.16,580165.0,108.4451,8047.0
2022-07-28 19:00:00+00:00,108.15,110.03,108.1201,109.49,1057728.0,109.2158,16760.0
2022-07-28 20:00:00+00:00,109.51,110.5035,109.5,110.5035,87039.0,109.5183,93.0
2022-07-28 21:00:00+00:00,110.4999,110.4999,109.825,110.4835,625.0,110.2754,3.0
2022-07-28 22:00:00+00:00,110.1,110.4,110.1,110.4,1388.0,110.2694,6.0
2022-07-28 23:00:00+00:00,110.1,110.5,110.1,110.5,631.0,110.4366,6.0
2022-07-29 08:00:00+00:00,112.0,112.0,112.0,112.0,100.0,112.0,1.0
2022-07-29 10:00:00+00:00,110.85,110.85,110.85,110.85,1000.0,110.8512,2.0
2022-07-29 11:00:00+00:00,110.51,111.35,110.51,111.35,5651.0,111.2862,27.0
2022-07-29 12:00:00+00:00,111.4857,111.5,110.62,110.98,3395.0,110.9913,42.0
2022-07-29 13:00:00+00:00,111.0,111.99,108.44,110.71,932796.0,110.9108,11194.0
2022-07-29 14:00:00+00:00,110.675,111.69,110.21,110.22,832247.0,111.1036,13266.0
2022-07-29 15:00:00+00:00,110.17,110.6,109.41,109.86,676306.0,109.9914,9017.0
2022-07-29 16:00:00+00:00,109.89,110.62,109.4598,109.56,515398.0,110.1053,6796.0
2022-07-29 17:00:00+00:00,109.56,110.2423,109.42,110.22,390341.0,109.7557,6120.0
2022-07-29 18:00:00+00:00,110.215,110.605,110.135,110.42,357958.0,110.3688,6411.0
2022-07-29 19:00:00+00:00,110.42,111.18,110.25,110.77,1177113.0,110.6609,16777.0
2022-07-29 20:00:00+00:00,110.77,110.9,110.77,110.77,113213.0,110.7705,93.0
2022-07-29 21:00:00+00:00,110.84,110.84,110.84,110.84,200.0,110.84,1.0
2022-08-01 11:00:00+00:00,110.6,110.75,110.43,110.53,1284.0,110.6496,24.0
2022-08-01 12:00:00+00:00,110.0,110.75,110.0,110.23,4180.0,110.268,70.0
2022-08-01 13:00:00+00:00,109.6,109.6,106.8,107.8,531139.0,107.9174,7096.0
2022-08-01 14:00:00+00:00,107.71,108.8,106.73,108.16,643222.0,107.6993,10757.0
2022-08-01 15:00:00+00:00,108.19,108.9,107.51,108.36,457604.0,108.2013,8281.0
2022-08-01 16:00:00+00:00,108.34,109.715,108.34,109.29,427757.0,108.865,6312.0
2022-08-01 17:00:00+00:00,109.255,109.29,108.23,108.53,336851.0,108.5625,5662.0
2022-08-01 18:00:00+00:00,108.55,110.53,108.41,110.38,425986.0,109.8262,6670.0
2022-08-01 19:00:00+00:00,110.4,110.99,110.1,110.65,686742.0,110.6014,11159.0
2022-08-01 20:00:00+00:00,110.65,111.0683,110.65,111.0683,34822.0,110.6499,41.0
2022-08-01 21:00:00+00:00,110.8,110.8,110.65,110.65,800.0,110.7063,7.0
2022-08-01 22:00:00+00:00,110.8,110.8,110.8,110.8,100.0,110.8,1.0
2022-08-02 11:00:00+00:00,110.0,110.25,110.0,110.25,1258.0,110.0275,9.0
2022-08-02 12:00:00+00:00,110.88,110.88,110.26,110.26,2318.0,110.7822,22.0
2022-08-02 13:00:00+00:00,109.91,113.68,109.86,113.11,535820.0,112.3697,7587.0
2022-08-02 14:00:00+00:00,113.09,113.79,111.46,113.335,640888.0,112.8201,11128.0
2022-08-02 15:00:00+00:00,113.33,114.58,113.19,113.94,516728.0,113.9704,8632.0
2022-08-02 16:00:00+00:00,113.97,114.79,113.86,114.56,321924.0,114.3416,6275.0
2022-08-02 17:00:00+00:00,114.53,114.95,112.95,113.12,396584.0,113.9063,6921.0
2022-08-02 18:00:00+00:00,113.1,113.815,112.81,113.32,523956.0,113.2308,8443.0
2022-08-02 19:00:00+00:00,113.34,113.72,112.85,113.0,1012019.0,113.2235,15534.0
2022-08-02 20:00:00+00:00,112.99,114.0,112.99,113.0,36554.0,113.0817,70.0
2022-08-02 21:00:00+00:00,112.53,112.53,112.53,112.53,700.0,112.53,2.0
2022-08-03 11:00:00+00:00,112.77,112.77,112.77,112.77,543.0,112.7656,14.0
2022-08-03 12:00:00+00:00,113.25,114.45,113.2,113.5,4590.0,113.637,82.0
2022-08-03 13:00:00+00:00,113.29,114.055,112.59,113.4,490558.0,113.3891,6244.0
2022-08-03 14:00:00+00:00,113.42,113.52,109.72,109.95,732346.0,111.8079,11711.0
2022-08-03 15:00:00+00:00,109.95,110.48,109.16,109.33,582865.0,109.7856,8957.0
2022-08-03 16:00:00+00:00,109.33,109.33,107.85,108.14,708990.0,108.5298,10281.0
2022-08-03 17:00:00+00:00,108.14,108.365,106.63,108.26,654272.0,107.5264,9653.0
2022-08-03 18:00:00+00:00,108.255,108.85,107.58,108.255,430012.0,108.0952,7524.0
2022-08-03 19:00:00+00:00,108.2631,108.89,107.64,107.79,910145.0,108.1865,13991.0
2022-08-03 20:00:00+00:00,107.81,107.81,107.81,107.81,99994.0,107.846,70.0
2022-08-03 21:00:00+00:00,107.81,107.81,107.81,107.81,31611.0,107.81,1.0
2022-08-03 22:00:00+00:00,107.81,107.81,107.75,107.81,1214.0,107.7804,9.0
2022-08-03 23:00:00+00:00,107.81,108.05,107.81,108.05,625.0,107.858,3.0
2022-08-04 11:00:00+00:00,108.57,108.57,108.57,108.57,350.0,108.57,2.0
2022-08-04 12:00:00+00:00,108.57,109.0,108.0,108.0,4858.0,108.4326,40.0
2022-08-04 13:00:00+00:00,108.0,108.0,104.133,104.75,1160591.0,106.3098,7912.0
2022-08-04 14:00:00+00:00,104.83,106.03,104.52,105.24,676502.0,105.2717,11550.0
2022-08-04 15:00:00+00:00,105.28,106.41,105.22,106.23,466679.0,105.7448,6814.0
2022-08-04 16:00:00+00:00,106.23,106.53,105.4,105.79,589633.0,106.0888,6315.0
2022-08-04 17:00:00+00:00,105.79,106.82,105.75,106.78,275746.0,106.4087,4913.0
2022-08-04 18:00:00+00:00,106.775,107.0,106.28,106.41,341553.0,106.7093,5960.0
2022-08-04 19:00:00+00:00,106.405,106.49,104.065,104.29,1310930.0,104.8451,17963.0
2022-08-04 20:00:00+00:00,104.22,104.54,104.08,104.35,57381.0,104.3386,145.0
2022-08-04 21:00:00+00:00,104.15,104.4,104.0201,104.2,2912.0,104.2683,54.0
2022-08-04 22:00:00+00:00,104.31,104.32,104.3,104.32,2370.0,104.3112,10.0
2022-08-04 23:00:00+00:00,104.32,104.35,104.31,104.33,1928.0,104.3311,20.0
2022-08-05 08:00:00+00:00,101.53,101.53,101.53,101.53,103.0,101.53,1.0
2022-08-05 12:00:00+00:00,104.3,104.3,103.37,103.37,3314.0,104.0827,121.0
2022-08-05 13:00:00+00:00,103.57,107.32,102.7,107.2342,502300.0,105.2652,6527.0
2022-08-05 14:00:00+00:00,107.25,107.48,105.22,106.18,551373.0,106.0235,9326.0
2022-08-05 15:00:00+00:00,106.18,106.35,104.87,105.51,396381.0,105.3937,6190.0
2022-08-05 16:00:00+00:00,105.53,105.975,105.23,105.63,269408.0,105.5895,4563.0
2022-08-05 17:00:00+00:00,105.605,105.95,105.21,105.54,317921.0,105.597,4539.0
2022-08-05 18:00:00+00:00,105.54,105.7,104.89,104.98,260585.0,105.3012,4855.0
2022-08-05 19:00:00+00:00,105.01,105.23,104.88,105.0,924318.0,105.0313,11976.0
2022-08-05 20:00:00+00:00,104.99,104.99,103.5,104.57,72212.0,104.9681,51.0
2022-08-05 22:00:00+00:00,105.25,105.95,105.25,105.95,1748.0,105.8374,12.0
2022-08-05 23:00:00+00:00,105.89,105.89,105.01,105.21,676.0,105.2433,4.0
2022-08-08 08:00:00+00:00,105.01,105.01,105.01,105.01,351.0,105.0105,10.0
2022-08-08 11:00:00+00:00,104.75,104.75,103.94,104.6,3178.0,104.1085,20.0
2022-08-08 12:00:00+00:00,105.0,105.0,104.6,104.6,615.0,104.6116,11.0
2022-08-08 13:00:00+00:00,104.98,106.22,104.58,105.88,268987.0,105.3472,4085.0
2022-08-08 14:00:00+00:00,105.85,106.43,105.02,106.06,445929.0,105.5781,6112.0
2022-08-08 15:00:00+00:00,106.14,107.0353,105.8894,106.31,344087.0,106.4595,5919.0
2022-08-08 16:00:00+00:00,106.34,106.66,106.03,106.46,214420.0,106.3924,4388.0
2022-08-08 17:00:00+00:00,106.44,106.855,106.32,106.64,184815.0,106.5724,3792.0
2022-08-08 18:00:00+00:00,106.66,107.06,106.29,106.84,277475.0,106.7431,5139.0
2022-08-08 19:00:00+00:00,106.825,107.3,106.12,106.35,579583.0,106.6918,10182.0
2022-08-08 20:00:00+00:00,106.39,106.4,106.39,106.39,183378.0,106.39,59.0
2022-08-08 21:00:00+00:00,106.39,106.39,106.39,106.39,320.0,106.39,1.0
2022-08-09 11:00:00+00:00,107.0,107.0,107.0,107.0,1064.0,106.9974,5.0
2022-08-09 12:00:00+00:00,107.3,107.3,106.8,106.99,1027.0,106.8617,33.0
2022-08-09 13:00:00+00:00,107.4,109.57,106.34,109.32,384485.0,108.4836,4448.0
2022-08-09 14:00:00+00:00,109.15,109.3,107.4,108.625,352411.0,108.5928,6119.0
2022-08-09 15:00:00+00:00,108.65,109.406,108.31,108.49,421139.0,108.8687,6499.0
2022-08-09 16:00:00+00:00,108.455,108.73,108.01,108.34,215967.0,108.4053,3881.0
2022-08-09 17:00:00+00:00,108.33,109.935,108.31,109.88,303588.0,109.3045,4824.0
2022-08-09 18:00:00+00:00,109.89,110.235,109.39,109.6,357863.0,109.7664,6171.0
2022-08-09 19:00:00+00:00,109.56,110.83,109.36,110.65,1059050.0,110.2465,15808.0
2022-08-09 20:00:00+00:00,110.67,110.72,110.67,110.72,64635.0,110.6703,41.0
2022-08-09 21:00:00+00:00,110.9394,110.9394,110.9394,110.9394,400.0,110.9394,1.0
2022-08-09 23:00:00+00:00,110.92,110.92,110.92,110.92,100.0,110.92,1.0
2022-08-10 12:00:00+00:00,110.4,112.3359,109.74,111.05,1222.0,111.387,19.0
2022-08-10 13:00:00+00:00,111.22,111.7381,108.8475,108.9374,434901.0,109.7783,5498.0
2022-08-10 14:00:00+00:00,108.98,111.15,107.24,111.01,1218143.0,109.363,13796.0
2022-08-10 15:00:00+00:00,111.0,111.945,110.8597,111.43,408001.0,111.4022,7764.0
2022-08-10 16:00:00+00:00,111.44,112.58,111.44,112.43,337948.0,112.2174,6569.0
2022-08-10 17:00:00+00:00,112.48,112.8,112.25,112.65,312682.0,112.5426,5634.0
2022-08-10 18:00:00+00:00,112.6559,112.88,111.11,111.33,284607.0,112.0561,5658.0
2022-08-10 19:00:00+00:00,111.3016,112.03,111.295,111.75,632526.0,111.7072,11170.0
2022-08-10 20:00:00+00:00,111.76,111.76,110.8,111.76,86875.0,111.7088,67.0
2022-08-10 21:00:00+00:00,112.7275,112.7275,112.7275,112.7275,102.0,112.7132,2.0
2022-08-10 23:00:00+00:00,112.0,112.0,112.0,112.0,100.0,112.0,1.0
2022-08-11 12:00:00+00:00,113.0,113.4,112.22,113.25,2472.0,112.7227,18.0
2022-08-11 13:00:00+00:00,113.4,114.1737,112.0,112.0,279949.0,113.2053,4362.0
2022-08-11 14:00:00+00:00,112.03,112.8982,110.995,112.57,392563.0,111.6848,7079.0
2022-08-11 15:00:00+00:00,112.59,113.26,112.2664,113.26,307858.0,112.7955,5364.0
2022-08-11 16:00:00+00:00,113.265,114.14,113.18,114.125,302940.0,113.7513,5288.0
2022-08-11 17:00:00+00:00,114.15,114.53,113.84,114.17,355223.0,114.2144,5283.0
2022-08-11 18:00:00+00:00,114.18,114.83,113.83,113.97,453823.0,114.3705,6887.0
2022-08-11 19:00:00+00:00,113.955,114.48,113.5,114.12,741092.0,114.0312,12164.0
2022-08-11 20:00:00+00:00,114.09,114.11,114.09,114.1,49025.0,114.0901,60.0
2022-08-11 21:00:00+00:00,114.1,114.1,114.1,114.1,401.0,114.1011,2.0
2022-08-11 22:00:00+00:00,114.2,114.2,114.2,114.2,140.0,114.2,1.0
2022-08-11 23:00:00+00:00,114.25,114.25,114.25,114.25,406.0,114.2565,6.0
2022-08-12 11:00:00+00:00,113.44,113.44,113.44,113.44,412.0,113.4558,5.0
2022-08-12 12:00:00+00:00,114.0,114.0,113.0,113.0,1090.0,113.439,33.0
2022-08-12 13:00:00+00:00,113.28,114.37,112.3,113.81,317548.0,113.4215,4029.0
2022-08-12 14:00:00+00:00,113.82,113.82,112.94,113.48,223891.0,113.3062,4274.0
2022-08-12 15:00:00+00:00,113.47,114.04,113.21,113.77,202032.0,113.5403,4215.0
2022-08-12 16:00:00+00:00,113.78,114.18,113.76,114.18,344504.0,113.9664,5482.0
2022-08-12 17:00:00+00:00,114.21,114.53,113.895,114.1,219322.0,114.1371,3984.0
2022-08-12 18:00:00+00:00,114.12,114.83,113.91,114.52,279591.0,114.3955,5061.0
2022-08-12 19:00:00+00:00,114.52,115.32,114.52,115.18,615998.0,114.9416,10386.0
2022-08-12 20:00:00+00:00,115.19,115.19,115.19,115.19,17170.0,115.19,63.0
2022-08-12 21:00:00+00:00,115.19,115.29,115.19,115.19,750.0,115.2067,7.0
2022-08-12 22:00:00+00:00,114.8,114.8,114.8,114.8,900.0,114.8,1.0
2022-08-15 09:00:00+00:00,113.09,113.09,113.09,113.09,486.0,113.0905,4.0
2022-08-15 11:00:00+00:00,112.21,112.74,111.05,111.05,6167.0,112.0683,94.0
2022-08-15 12:00:00+00:00,112.75,112.75,110.56,110.56,6159.0,111.2999,136.0
2022-08-15 13:00:00+00:00,111.0,111.49,108.84,109.64,655176.0,109.9249,7846.0
2022-08-15 14:00:00+00:00,109.71,110.1,108.51,109.785,801318.0,109.3559,11396.0
2022-08-15 15:00:00+00:00,109.73,111.6886,109.71,111.67,463218.0,110.6439,6925.0
2022-08-15 16:00:00+00:00,111.65,111.95,111.08,111.62,416074.0,111.4939,6487.0
2022-08-15 17:00:00+00:00,111.69,112.0,111.13,111.15,271199.0,111.4937,5039.0
2022-08-15 18:00:00+00:00,111.122,111.81,110.73,111.51,258258.0,111.3066,5161.0
2022-08-15 19:00:00+00:00,111.52,112.13,111.33,111.95,619820.0,111.8984,9644.0
2022-08-15 20:00:00+00:00,111.95,111.95,111.62,111.62,52714.0,111.9457,66.0
2022-08-15 21:00:00+00:00,111.94,112.0,111.89,111.95,5777.0,111.9476,50.0
2022-08-15 22:00:00+00:00,112.15,112.49,112.01,112.01,4612.0,112.1362,51.0
2022-08-15 23:00:00+00:00,112.38,112.38,112.0,112.17,1743.0,112.1108,16.0
2022-08-16 11:00:00+00:00,111.95,113.02,111.94,113.0,4011.0,112.6463,32.0
2022-08-16 12:00:00+00:00,112.5,113.9899,112.5,113.22,4554.0,113.3001,78.0
2022-08-16 13:00:00+00:00,113.02,114.67,112.8,114.19,397725.0,113.8549,4707.0
2022-08-16 14:00:00+00:00,114.16,114.33,112.15,112.195,481207.0,112.9569,7386.0
2022-08-16 15:00:00+00:00,112.3,113.03,111.65,112.97,333681.0,112.1413,6198.0
2022-08-16 16:00:00+00:00,113.01,114.31,112.95,113.875,348127.0,113.846,6139.0
2022-08-16 17:00:00+00:00,113.9,114.33,113.675,113.84,390662.0,113.9788,6942.0
2022-08-16 18:00:00+00:00,113.78,114.165,113.25,114.065,362269.0,113.6185,5962.0
2022-08-16 19:00:00+00:00,114.055,114.63,113.16,113.32,711755.0,113.8126,11976.0
2022-08-16 20:00:00+00:00,113.31,113.31,113.31,113.31,52685.0,113.31,37.0
2022-08-17 11:00:00+00:00,112.9,112.9,112.9,112.9,531.0,112.9343,9.0
2022-08-17 12:00:00+00:00,112.33,112.4,112.33,112.4,734.0,112.3607,22.0
2022-08-17 13:00:00+00:00,112.58,114.071,112.51,113.86,203580.0,113.278,2631.0
2022-08-17 14:00:00+00:00,113.91,117.74,113.41,116.9,761160.0,116.1618,11116.0
2022-08-17 15:00:00+00:00,116.885,117.37,115.435,116.22,503806.0,116.2772,7418.0
2022-08-17 16:00:00+00:00,116.22,117.7954,116.14,117.69,468515.0,117.0291,6348.0
2022-08-17 17:00:00+00:00,117.71,118.5661,117.635,118.19,451120.0,118.1516,6975.0
2022-08-17 18:00:00+00:00,118.19,119.03,117.83,118.19,520709.0,118.4017,7903.0
2022-08-17 19:00:00+00:00,118.13,118.19,117.225,117.75,842651.0,117.6868,12322.0
2022-08-17 20:00:00+00:00,117.75,117.75,117.73,117.75,70157.0,117.7499,51.0
2022-08-17 21:00:00+00:00,117.35,117.78,117.35,117.78,204.0,117.5703,4.0
2022-08-17 22:00:00+00:00,118.19,118.48,117.9,118.48,1044.0,118.1376,17.0
2022-08-17 23:00:00+00:00,118.35,118.35,117.85,118.35,2472.0,118.116,30.0
2022-08-18 11:00:00+00:00,119.9,119.9,119.88,119.88,568.0,119.8019,17.0
2022-08-18 12:00:00+00:00,119.8898,119.9,118.41,119.5,5211.0,119.4991,71.0
2022-08-18 13:00:00+00:00,119.57,121.86,119.17,121.7299,620656.0,120.7054,8696.0
2022-08-18 14:00:00+00:00,121.73,122.14,120.26,120.575,1044187.0,121.2408,13091.0
2022-08-18 15:00:00+00:00,120.55,120.55,118.88,119.615,485889.0,119.7761,8159.0
2022-08-18 16:00:00+00:00,119.62,119.8199,118.93,119.45,308614.0,119.3875,5025.0
2022-08-18 17:00:00+00:00,119.44,119.8425,119.19,119.59,322753.0,119.5672,5055.0
2022-08-18 18:00:00+00:00,119.57,120.01,119.3,119.52,282103.0,119.5953,4719.0
2022-08-18 19:00:00+00:00,119.52,119.66,118.51,118.76,1061306.0,118.8107,15066.0
2022-08-18 20:00:00+00:00,118.79,119.0,118.79,118.8145,37283.0,118.793,56.0
2022-08-18 21:00:00+00:00,119.482,119.482,119.482,119.482,100.0,119.482,1.0
2022-08-18 23:00:00+00:00,119.23,119.25,119.23,119.25,632.0,119.2428,6.0
2022-08-19 08:00:00+00:00,117.7,117.7,117.7,117.7,236.0,117.7021,2.0
2022-08-19 11:00:00+00:00,117.68,117.68,116.3,116.94,2746.0,116.6288,65.0
2022-08-19 12:00:00+00:00,116.25,117.0,116.25,117.0,3082.0,116.8254,34.0
2022-08-19 13:00:00+00:00,117.0,119.455,117.0,117.9,399687.0,118.7361,5126.0
2022-08-19 14:00:00+00:00,117.925,119.44,117.48,119.035,365139.0,118.568,6707.0
2022-08-19 15:00:00+00:00,119.05,119.33,118.4,119.05,236146.0,118.9101,4975.0
2022-08-19 16:00:00+00:00,119.02,119.02,118.52,118.73,164112.0,118.7977,4118.0
2022-08-19 17:00:00+00:00,118.75,119.2733,117.96,118.135,208305.0,118.6222,4661.0
2022-08-19 18:00:00+00:00,118.13,118.95,118.07,118.36,269784.0,118.6058,4974.0
2022-08-19 19:00:00+00:00,118.411,118.71,118.18,118.55,628491.0,118.4487,10193.0
2022-08-19 20:00:00+00:00,118.55,118.55,118.53,118.55,39378.0,118.5497,38.0
2022-08-19 22:00:00+00:00,118.49,118.49,118.49,118.49,300.0,118.49,3.0
2022-08-19 23:00:00+00:00,119.4,119.4,118.3,118.3,600.0,119.0333,3.0
2022-08-22 11:00:00+00:00,118.59,118.59,118.59,118.59,300.0,118.59,1.0
2022-08-22 12:00:00+00:00,118.7505,118.7505,118.43,118.62,1325.0,118.726,38.0
2022-08-22 13:00:00+00:00,118.5,118.55,115.79,116.07,300263.0,117.1119,4229.0
2022-08-22 14:00:00+00:00,116.07,117.62,115.51,117.565,344228.0,116.6356,6054.0
2022-08-22 15:00:00+00:00,117.62,119.7199,117.43,118.71,344770.0,118.7631,5933.0
2022-08-22 16:00:00+00:00,118.67,119.31,118.305,119.22,290144.0,118.7396,4560.0
2022-08-22 17:00:00+00:00,119.23,119.28,117.935,118.21,311750.0,118.5669,4574.0
2022-08-22 18:00:00+00:00,118.18,118.58,118.05,118.29,225001.0,118.292,4363.0
2022-08-22 19:00:00+00:00,118.315,119.23,118.265,119.23,539608.0,118.9342,9434.0
2022-08-22 20:00:00+00:00,119.13,119.13,119.13,119.13,18201.0,119.1299,56.0
2022-08-22 21:00:00+00:00,119.32,119.32,119.04,119.04,734.0,119.1225,13.0
2022-08-22 22:00:00+00:00,119.04,119.04,119.04,119.04,239.0,119.0316,3.0
2022-08-22 23:00:00+00:00,119.15,119.47,119.05,119.47,935.0,119.139,7.0
2022-08-23 08:00:00+00:00,120.75,120.75,120.75,120.75,100.0,120.75,1.0
2022-08-23 11:00:00+00:00,120.7,120.7,119.9,120.6,12014.0,120.0816,57.0
2022-08-23 12:00:00+00:00,120.0,120.59,120.0,120.45,4369.0,120.3384,53.0
2022-08-23 13:00:00+00:00,120.5,123.1447,120.5,122.71,442666.0,122.311,5545.0
2022-08-23 14:00:00+00:00,122.7,123.59,122.418,123.47,500829.0,123.0442,9199.0
2022-08-23 15:00:00+00:00,123.4,123.45,122.08,122.19,408056.0,122.6965,6621.0
2022-08-23 16:00:00+00:00,122.14,122.28,121.4,122.14,307942.0,121.8572,5452.0
2022-08-23 17:00:00+00:00,122.2,122.31,121.328,121.69,203900.0,121.7951,4197.0
2022-08-23 18:00:00+00:00,121.72,121.92,121.33,121.46,281490.0,121.6041,4516.0
2022-08-23 19:00:00+00:00,121.48,122.335,121.45,122.12,710008.0,121.9236,11446.0
2022-08-23 20:00:00+00:00,122.11,122.11,122.11,122.11,31158.0,122.1099,80.0
2022-08-23 21:00:00+00:00,122.11,122.8,122.11,122.8,2145.0,122.1422,26.0
2022-08-23 23:00:00+00:00,122.32,123.55,122.26,122.26,684.0,122.6374,8.0
2022-08-24 11:00:00+00:00,123.09,123.1,123.09,123.1,385.0,123.0952,4.0
2022-08-24 12:00:00+00:00,123.11,123.6,122.73,122.74,12765.0,122.9673,55.0
2022-08-24 13:00:00+00:00,122.5,123.67,122.2672,123.21,297619.0,123.0552,4328.0
2022-08-24 14:00:00+00:00,123.19,124.28,121.7,122.26,588403.0,122.9282,9460.0
2022-08-24 15:00:00+00:00,122.3,123.02,121.06,121.8,359044.0,121.9772,6880.0
2022-08-24 16:00:00+00:00,121.7787,122.9,121.57,121.995,328366.0,122.1654,5558.0
2022-08-24 17:00:00+00:00,122.04,122.4,121.19,121.41,335747.0,121.8466,5401.0
2022-08-24 18:00:00+00:00,121.41,121.7,121.1,121.26,419805.0,121.4021,7486.0
2022-08-24 19:00:00+00:00,121.25,122.46,121.23,122.11,775141.0,122.009,12998.0
2022-08-24 20:00:00+00:00,122.12,122.12,121.0,122.12,54192.0,122.1128,41.0
2022-08-24 22:00:00+00:00,122.12,122.12,122.12,122.12,1614.0,122.1194,15.0
2022-08-24 23:00:00+00:00,122.12,123.0,122.12,122.5,4407.0,122.4554,29.0
2022-08-25 11:00:00+00:00,122.77,122.77,122.37,122.37,2229.0,122.4807,33.0
2022-08-25 12:00:00+00:00,122.7652,122.79,122.0,122.79,1507.0,122.574,30.0
2022-08-25 13:00:00+00:00,122.79,124.65,122.46,124.385,347249.0,123.6538,4895.0
2022-08-25 14:00:00+00:00,124.46,124.86,123.645,124.68,484238.0,124.3859,8800.0
2022-08-25 15:00:00+00:00,124.6608,125.03,124.33,124.6,467878.0,124.6282,6867.0
2022-08-25 16:00:00+00:00,124.565,124.605,123.19,123.8,608140.0,123.7887,7902.0
2022-08-25 17:00:00+00:00,123.76,123.91,122.795,122.81,396994.0,123.4572,5687.0
2022-08-25 18:00:00+00:00,122.85,123.02,122.26,122.915,608737.0,122.7292,8180.0
2022-08-25 19:00:00+00:00,122.89,123.52,122.88,123.43,605004.0,123.2682,10951.0
2022-08-25 20:00:00+00:00,123.36,123.36,123.36,123.36,42253.0,123.36,57.0
2022-08-25 21:00:00+00:00,123.36,123.96,123.36,123.96,1011.0,123.4332,7.0
2022-08-25 22:00:00+00:00,123.99,123.99,123.99,123.99,100.0,123.99,1.0
2022-08-25 23:00:00+00:00,123.0,123.33,123.0,123.33,547.0,123.1032,11.0
2022-08-26 12:00:00+00:00,123.49,123.49,123.15,123.15,4468.0,123.236,79.0
2022-08-26 13:00:00+00:00,123.49,124.4368,123.0,124.04,352540.0,123.8851,4685.0
2022-08-26 14:00:00+00:00,124.1,124.93,122.19,123.16,544374.0,123.4502,8965.0
2022-08-26 15:00:00+00:00,123.175,123.18,121.32,122.97,369614.0,122.1288,6508.0
2022-08-26 16:00:00+00:00,122.97,123.0,121.99,122.54,221893.0,122.4966,4660.0
2022-08-26 17:00:00+00:00,122.555,123.35,122.38,123.14,247468.0,122.8165,4300.0
2022-08-26 18:00:00+00:00,123.13,123.38,122.77,122.9701,251871.0,123.1292,4491.0
2022-08-26 19:00:00+00:00,123.0,123.0,121.75,121.9,699287.0,122.3157,10854.0
2022-08-26 20:00:00+00:00,121.88,122.0,121.5,121.51,41590.0,121.8771,72.0
2022-08-29 11:00:00+00:00,121.2,121.2,121.2,121.2,350.0,121.257,5.0
2022-08-29 12:00:00+00:00,121.6925,121.6925,121.05,121.62,1882.0,121.4653,30.0
2022-08-29 13:00:00+00:00,121.62,122.92,121.04,122.92,488223.0,121.8003,6880.0
2022-08-29 14:00:00+00:00,122.81,124.48,121.66,123.84,512136.0,123.7964,8780.0
2022-08-29 15:00:00+00:00,123.79,124.84,123.6,124.46,322458.0,124.3338,6779.0
2022-08-29 16:00:00+00:00,124.48,124.72,124.01,124.71,237894.0,124.3536,5421.0
2022-08-29 17:00:00+00:00,124.71,125.387,124.59,125.04,305478.0,124.9786,5515.0
2022-08-29 18:00:00+00:00,125.09,125.09,124.16,124.495,396552.0,124.5553,6518.0
2022-08-29 19:00:00+00:00,124.47,124.54,123.35,123.43,700316.0,123.9556,11744.0
2022-08-29 20:00:00+00:00,123.42,123.42,123.4,123.42,45429.0,123.4199,61.0
2022-08-29 21:00:00+00:00,123.5,123.5,123.5,123.5,175.0,123.5,1.0
2022-08-29 23:00:00+00:00,123.42,123.42,123.42,123.42,300.0,123.42,3.0
2022-08-30 11:00:00+00:00,122.99,122.99,121.92,121.92,2501.0,122.368,23.0
2022-08-30 12:00:00+00:00,121.81,122.25,121.78,122.2,5109.0,121.9984,46.0
2022-08-30 13:00:00+00:00,122.19,122.19,118.03,118.79,502029.0,119.9038,7174.0
2022-08-30 14:00:00+00:00,118.84,119.43,117.2,118.31,573443.0,118.3761,11010.0
2022-08-30 15:00:00+00:00,118.3,118.9,117.46,118.135,310307.0,118.2787,6378.0
2022-08-30 16:00:00+00:00,118.13,118.27,117.03,117.6,487432.0,117.5049,8483.0
2022-08-30 17:00:00+00:00,117.62,118.44,117.07,117.86,500392.0,117.6398,9293.0
2022-08-30 18:00:00+00:00,117.9,118.485,117.5,117.72,361426.0,117.9543,8187.0
2022-08-30 19:00:00+00:00,117.73,118.6437,117.54,118.06,794701.0,118.0798,14636.0
2022-08-30 20:00:00+00:00,118.03,118.03,118.03,118.03,42575.0,118.03,53.0
2022-08-30 21:00:00+00:00,118.25,118.25,118.25,118.25,500.0,118.25,2.0
2022-08-30 22:00:00+00:00,118.0,118.0,117.9,117.9,1900.0,117.953,7.0
2022-08-31 09:00:00+00:00,115.92,115.92,115.92,115.92,160.0,115.9231,3.0
2022-08-31 10:00:00+00:00,115.8,115.8,115.05,115.5,1066.0,115.6318,18.0
2022-08-31 11:00:00+00:00,115.5,115.5,114.93,114.93,3565.0,115.2911,71.0
2022-08-31 12:00:00+00:00,115.4999,115.5,114.85,115.45,7340.0,115.051,95.0
2022-08-31 13:00:00+00:00,115.68,116.445,114.35,115.48,428555.0,115.4371,6317.0
2022-08-31 14:00:00+00:00,115.41,118.225,115.09,117.72,530252.0,116.779,9484.0
2022-08-31 15:00:00+00:00,117.72,118.6,116.89,118.47,342456.0,117.8441,5917.0
2022-08-31 16:00:00+00:00,118.46,118.91,118.13,118.415,246943.0,118.4716,4939.0
2022-08-31 17:00:00+00:00,118.435,118.825,118.1,118.35,206044.0,118.4298,4399.0
2022-08-31 18:00:00+00:00,118.315,118.44,117.0,117.29,258772.0,117.7241,5386.0
2022-08-31 19:00:00+00:00,117.3,117.73,116.95,117.05,740719.0,117.2525,13802.0
2022-08-31 20:00:00+00:00,117.12,117.12,117.0,117.12,868333.0,117.1184,94.0
2022-08-31 21:00:00+00:00,116.0,116.0,116.0,116.0,100.0,116.0,1.0
2022-08-31 22:00:00+00:00,116.51,116.51,116.51,116.51,100.0,116.51,1.0
2022-09-01 10:00:00+00:00,115.18,115.18,114.92,114.92,200.0,115.05,2.0
2022-09-01 11:00:00+00:00,115.84,115.84,115.84,115.84,300.0,115.8397,2.0
2022-09-01 12:00:00+00:00,116.07,116.07,115.44,116.07,525.0,115.8865,6.0
2022-09-01 13:00:00+00:00,116.17,116.17,110.1901,110.54,619355.0,112.9074,9465.0
2022-09-01 14:00:00+00:00,110.52,112.8,109.71,111.43,610007.0,111.3856,11345.0
2022-09-01 15:00:00+00:00,111.46,112.55,111.18,111.78,445528.0,111.6942,8980.0
2022-09-01 16:00:00+00:00,111.79,112.27,110.1101,110.16,423391.0,111.2817,7419.0
2022-09-01 17:00:00+00:00,110.17,111.35,109.7,110.78,365571.0,110.5707,7434.0
2022-09-01 18:00:00+00:00,110.81,111.98,110.4,111.37,368991.0,111.3044,8019.0
2022-09-01 19:00:00+00:00,111.35,111.73,110.07,110.66,1067351.0,110.5867,17453.0
2022-09-01 20:00:00+00:00,110.64,112.57,110.64,110.9,41112.0,110.6584,46.0
2022-09-01 21:00:00+00:00,110.8,110.8,110.8,110.8,1643.0,110.8,6.0
2022-09-01 22:00:00+00:00,110.8,110.99,110.72,110.99,1781.0,110.9409,15.0
2022-09-01 23:00:00+00:00,110.78,111.01,110.78,111.0,737.0,110.8505,7.0
2022-09-02 08:00:00+00:00,112.5,112.5,112.5,112.5,170.0,112.5052,2.0
2022-09-02 11:00:00+00:00,112.0,112.0,111.99,111.99,646.0,111.9983,7.0
2022-09-02 12:00:00+00:00,112.0,113.3,112.0,113.3,6964.0,112.9184,63.0
2022-09-02 13:00:00+00:00,113.63,114.0,112.18,112.88,392686.0,113.1849,4986.0
2022-09-02 14:00:00+00:00,112.88,114.96,112.29,114.125,510853.0,114.1083,9147.0
2022-09-02 15:00:00+00:00,114.0,114.56,113.39,114.41,477906.0,114.0051,7518.0
2022-09-02 16:00:00+00:00,114.38,114.91,113.12,113.44,522908.0,113.8535,7285.0
2022-09-02 17:00:00+00:00,113.44,113.6,112.28,112.72,500791.0,112.9225,7713.0
2022-09-02 18:00:00+00:00,112.74,113.56,112.7,113.35,364583.0,113.0954,7701.0
2022-09-02 19:00:00+00:00,113.32,114.08,113.27,113.82,693030.0,113.7035,12909.0
2022-09-02 20:00:00+00:00,113.82,113.82,113.82,113.82,33065.0,113.82,46.0
2022-09-02 21:00:00+00:00,114.0,114.0,114.0,114.0,1000.0,114.0,1.0
2022-09-02 22:00:00+00:00,114.1,114.1,114.1,114.1,160.0,114.1,1.0
2022-09-02 23:00:00+00:00,114.1,114.1,114.1,114.1,201.0,114.1,2.0
2022-09-06 10:00:00+00:00,113.61,113.61,113.61,113.61,262.0,113.8489,6.0
2022-09-06 11:00:00+00:00,114.5,114.5,114.35,114.35,690.0,114.4159,4.0
2022-09-06 12:00:00+00:00,114.1,115.0,114.1,115.0,3768.0,114.6398,26.0
2022-09-06 13:00:00+00:00,115.0,115.4915,112.52,113.175,242966.0,114.0152,3981.0
2022-09-06 14:00:00+00:00,113.18,113.3675,111.67,112.75,430144.0,112.2704,8810.0
2022-09-06 15:00:00+00:00,112.6718,114.33,112.27,114.07,279131.0,113.1688,5954.0
2022-09-06 16:00:00+00:00,114.0304,114.28,113.03,113.51,191370.0,113.5697,4150.0
2022-09-06 17:00:00+00:00,113.47,113.49,112.3,112.54,185817.0,112.9328,4063.0
2022-09-06 18:00:00+00:00,112.5,113.46,112.4,112.97,295896.0,113.0601,5380.0
2022-09-06 19:00:00+00:00,112.995,113.38,112.39,112.77,695246.0,112.9036,11449.0
2022-09-06 20:00:00+00:00,112.78,112.78,112.78,112.78,58770.0,112.78,63.0
2022-09-06 23:00:00+00:00,112.82,112.82,112.82,112.82,100.0,112.82,1.0
2022-09-07 08:00:00+00:00,113.99,113.99,113.99,113.99,102.0,113.9975,2.0
2022-09-07 11:00:00+00:00,114.14,114.14,113.0,113.0,1616.0,113.1671,23.0
2022-09-07 12:00:00+00:00,112.5701,113.87,112.04,112.04,715.0,112.7187,11.0
2022-09-07 13:00:00+00:00,111.7,111.7,109.37,110.42,428974.0,110.319,6005.0
2022-09-07 14:00:00+00:00,110.375,112.05,110.04,111.75,525439.0,111.1154,8422.0
2022-09-07 15:00:00+00:00,111.75,112.39,111.6,112.05,267331.0,112.0199,5265.0
2022-09-07 16:00:00+00:00,112.09,112.5,111.3,111.66,304873.0,111.78,5227.0
2022-09-07 17:00:00+00:00,111.66,112.95,111.66,112.776,310452.0,112.2783,5654.0
2022-09-07 18:00:00+00:00,112.765,112.95,112.095,112.49,278836.0,112.5351,5166.0
2022-09-07 19:00:00+00:00,112.49,113.2,112.34,112.64,616829.0,112.7361,11005.0
2022-09-07 20:00:00+00:00,112.62,113.9805,112.57,112.99,54939.0,112.636,75.0
2022-09-07 21:00:00+00:00,112.4,112.4,112.4,112.4,100.0,112.4,1.0
2022-09-07 22:00:00+00:00,112.9,112.9,112.6,112.6,1802.0,112.7411,14.0
2022-09-08 08:00:00+00:00,113.41,113.41,113.41,113.41,500.0,113.41,1.0
2022-09-08 09:00:00+00:00,112.0,112.0,112.0,112.0,105.0,112.0,1.0
2022-09-08 11:00:00+00:00,112.74,112.75,112.74,112.75,384.0,112.7792,6.0
2022-09-08 12:00:00+00:00,112.75,112.75,112.75,112.75,102.0,112.76,3.0
2022-09-08 13:00:00+00:00,113.45,113.49,111.41,112.75,271724.0,112.3406,4078.0
2022-09-08 14:00:00+00:00,112.7,112.73,111.74,112.08,303586.0,112.1711,5635.0
2022-09-08 15:00:00+00:00,112.03,112.84,111.36,112.67,281185.0,112.2337,5085.0
2022-09-08 16:00:00+00:00,112.67,112.97,111.48,112.81,240693.0,112.0973,4784.0
2022-09-08 17:00:00+00:00,112.85,113.25,112.44,112.74,195046.0,112.764,4603.0
2022-09-08 18:00:00+00:00,112.77,113.1406,111.63,111.78,252184.0,112.3662,5491.0
2022-09-08 19:00:00+00:00,111.82,112.09,111.575,111.96,627823.0,111.8261,11814.0
2022-09-08 20:00:00+00:00,111.93,111.94,111.93,111.94,157192.0,111.93,71.0
2022-09-08 21:00:00+00:00,111.9335,111.9335,111.9335,111.9335,300.0,111.9323,6.0
2022-09-08 23:00:00+00:00,112.08,112.08,111.94,111.94,658.0,112.0382,9.0
2022-09-09 08:00:00+00:00,113.82,113.82,113.69,113.69,305.0,113.7754,5.0
2022-09-09 11:00:00+00:00,113.81,113.82,113.33,113.5,2947.0,113.5378,31.0
2022-09-09 12:00:00+00:00,113.8474,113.85,113.8231,113.85,1461.0,113.7729,19.0
2022-09-09 13:00:00+00:00,114.0,114.605,112.99,113.71,222490.0,113.826,3341.0
2022-09-09 14:00:00+00:00,113.66,114.3,112.74,113.24,296464.0,113.431,5852.0
2022-09-09 15:00:00+00:00,113.12,113.29,112.4373,112.88,286107.0,112.8725,5213.0
2022-09-09 16:00:00+00:00,112.85,113.69,112.54,113.41,267089.0,113.1288,4509.0
2022-09-09 17:00:00+00:00,113.41,113.42,112.905,113.42,244923.0,113.1334,4590.0
2022-09-09 18:00:00+00:00,113.41,113.4541,113.01,113.4541,233670.0,113.2637,5033.0
2022-09-09 19:00:00+00:00,113.44,114.29,113.26,113.33,606423.0,113.7075,10193.0
2022-09-09 20:00:00+00:00,113.32,113.32,113.32,113.32,25025.0,113.32,36.0
2022-09-09 21:00:00+00:00,113.32,113.32,113.32,113.32,1500.0,113.32,6.0
2022-09-09 23:00:00+00:00,113.32,113.32,113.32,113.32,870.0,113.3173,6.0
2022-09-12 10:00:00+00:00,114.2,114.2,114.2,114.2,107.0,114.2007,2.0
2022-09-12 11:00:00+00:00,114.0,114.0,114.0,114.0,400.0,114.0,1.0
2022-09-12 12:00:00+00:00,114.25,114.76,114.0,114.0,1643.0,114.2286,19.0
2022-09-12 13:00:00+00:00,114.88,115.97,113.67,115.81,346500.0,114.7904,4396.0
2022-09-12 14:00:00+00:00,115.75,116.29,115.22,115.53,372896.0,115.8029,6609.0
2022-09-12 15:00:00+00:00,115.55,115.62,114.46,114.72,231236.0,114.9088,4408.0
2022-09-12 16:00:00+00:00,114.73,114.93,113.9,114.26,171809.0,114.3371,3561.0
2022-09-12 17:00:00+00:00,114.25,114.6,113.42,113.76,161290.0,114.0527,3698.0
2022-09-12 18:00:00+00:00,113.73,114.12,113.39,113.93,285506.0,113.6637,5353.0
2022-09-12 19:00:00+00:00,113.94,114.36,113.78,114.26,522622.0,114.115,10085.0
2022-09-12 20:00:00+00:00,114.25,114.25,114.25,114.25,22028.0,114.25,48.0
2022-09-12 22:00:00+00:00,114.25,114.25,114.25,114.25,336.0,114.25,6.0
2022-09-12 23:00:00+00:00,114.25,114.25,114.25,114.25,582.0,114.25,3.0
2022-09-13 11:00:00+00:00,115.15,115.15,115.15,115.15,100.0,115.15,1.0
2022-09-13 12:00:00+00:00,115.6,115.6,112.69,112.69,4744.0,113.8992,42.0
2022-09-13 13:00:00+00:00,114.0086,114.8472,112.08,114.32,272562.0,113.8894,4527.0
2022-09-13 14:00:00+00:00,114.255,114.42,112.3896,112.96,427346.0,113.5838,7761.0
2022-09-13 15:00:00+00:00,112.92,113.72,112.6,112.73,267341.0,113.0892,5733.0
2022-09-13 16:00:00+00:00,112.7,113.22,112.42,113.1,252831.0,112.8417,4904.0
2022-09-13 17:00:00+00:00,113.055,114.16,112.04,113.6861,323641.0,113.1736,6627.0
2022-09-13 18:00:00+00:00,113.7,113.73,112.45,112.6,243652.0,113.0025,5548.0
2022-09-13 19:00:00+00:00,112.61,112.76,110.83,111.32,681238.0,111.5625,13057.0
2022-09-13 20:00:00+00:00,111.33,111.33,111.33,111.33,40699.0,111.33,52.0
2022-09-13 21:00:00+00:00,111.3299,111.33,111.28,111.33,2912.0,111.3266,17.0
2022-09-13 22:00:00+00:00,110.86,111.33,110.85,111.33,1528.0,111.2624,16.0
2022-09-14 11:00:00+00:00,111.5,111.62,111.0,111.0,930.0,111.2368,14.0
2022-09-14 12:00:00+00:00,111.0,112.3,110.8501,111.65,3494.0,111.056,26.0
2022-09-14 13:00:00+00:00,111.79,115.16,111.63,113.89,401218.0,113.6809,5544.0
2022-09-14 14:00:00+00:00,113.89,114.3156,110.69,112.5352,968937.0,112.0724,13326.0
2022-09-14 15:00:00+00:00,112.62,112.79,111.14,111.67,475457.0,111.8303,8966.0
2022-09-14 16:00:00+00:00,111.69,111.885,111.22,111.81,370489.0,111.5699,7380.0
2022-09-14 17:00:00+00:00,111.85,111.93,110.18,110.19,371650.0,110.9546,7190.0
2022-09-14 18:00:00+00:00,110.17,110.24,109.26,109.355,555277.0,109.7387,9567.0
2022-09-14 19:00:00+00:00,109.31,109.66,108.235,109.58,1179475.0,109.0217,19390.0
2022-09-14 20:00:00+00:00,109.59,109.7,109.59,109.7,113295.0,109.5921,85.0
2022-09-14 21:00:00+00:00,109.72,110.1,109.7,109.95,1752.0,109.7954,12.0
2022-09-14 22:00:00+00:00,109.95,109.95,109.7,109.7,320.0,109.8563,3.0
2022-09-15 09:00:00+00:00,108.58,108.58,108.58,108.58,218.0,108.5714,3.0
2022-09-15 10:00:00+00:00,108.04,108.04,108.04,108.04,110.0,108.0364,2.0
2022-09-15 11:00:00+00:00,109.0,109.0,108.5,108.5,1244.0,108.9035,13.0
2022-09-15 12:00:00+00:00,109.5,109.5,108.3,108.35,2633.0,108.4946,46.0
2022-09-15 13:00:00+00:00,108.2,108.2,103.69,104.07,760166.0,105.056,11571.0
2022-09-15 14:00:00+00:00,104.1,105.5,103.435,103.88,968322.0,104.1897,14665.0
2022-09-15 15:00:00+00:00,103.7947,105.11,103.72,103.82,871165.0,104.3724,13155.0
2022-09-15 16:00:00+00:00,103.81,104.93,103.57,104.93,588431.0,104.1264,10050.0
2022-09-15 17:00:00+00:00,104.95,105.69,104.81,105.36,556950.0,105.3091,9509.0
2022-09-15 18:00:00+00:00,105.35,105.66,104.64,104.92,439519.0,105.1841,9652.0
2022-09-15 19:00:00+00:00,104.93,105.38,104.29,105.16,1206866.0,104.8223,21101.0
2022-09-15 20:00:00+00:00,105.16,105.3999,104.5763,105.16,183196.0,104.8066,59.0
2022-09-15 21:00:00+00:00,104.5083,105.2243,104.5,105.05,3433.0,104.884,14.0
2022-09-15 22:00:00+00:00,105.16,105.16,105.16,105.16,185.0,105.16,1.0
2022-09-16 08:00:00+00:00,104.4,104.4,104.4,104.4,100.0,104.4,1.0
2022-09-16 11:00:00+00:00,104.75,104.75,104.75,104.75,1178.0,104.8434,9.0
2022-09-16 12:00:00+00:00,104.89,104.89,104.0,104.25,1642.0,104.4034,13.0
2022-09-16 13:00:00+00:00,104.0,104.8,101.11,102.35,1049439.0,103.0701,9650.0
2022-09-16 14:00:00+00:00,102.34,104.49,102.13,103.83,1164467.0,103.435,17602.0
2022-09-16 15:00:00+00:00,103.89,104.09,102.66,103.08,400526.0,103.297,7804.0
2022-09-16 16:00:00+00:00,103.08,103.08,101.45,101.84,406225.0,102.0647,7781.0
2022-09-16 17:00:00+00:00,101.82,102.68,101.66,102.1,452840.0,102.2374,6225.0
2022-09-16 18:00:00+00:00,102.0924,103.36,102.02,103.04,416618.0,102.8291,9084.0
2022-09-16 19:00:00+00:00,103.01,104.71,102.64,104.41,1330063.0,104.0815,20932.0
2022-09-16 20:00:00+00:00,104.46,104.46,104.4,104.46,922497.0,104.4602,136.0
2022-09-16 22:00:00+00:00,103.97,103.97,103.97,103.97,177.0,103.97,1.0
2022-09-16 23:00:00+00:00,104.2,104.46,104.2,104.46,2392.0,104.4005,24.0
2022-09-19 11:00:00+00:00,101.79,101.8,101.68,101.68,1004.0,101.7785,12.0
2022-09-19 12:00:00+00:00,101.518,101.518,101.3857,101.4,1792.0,101.409,25.0
2022-09-19 13:00:00+00:00,101.35,104.33,101.1,103.82,424717.0,103.2472,6724.0
2022-09-19 14:00:00+00:00,103.91,104.67,103.23,103.79,499846.0,103.9483,7961.0
2022-09-19 15:00:00+00:00,103.8,104.21,103.58,103.58,303243.0,103.8339,5588.0
2022-09-19 16:00:00+00:00,103.585,104.23,103.58,103.92,313469.0,103.9065,5483.0
2022-09-19 17:00:00+00:00,103.92,104.29,103.56,103.73,202899.0,103.9212,3664.0
2022-09-19 18:00:00+00:00,103.75,103.87,103.4,103.47,366130.0,103.6512,6250.0
2022-09-19 19:00:00+00:00,103.52,104.825,103.46,104.69,814033.0,104.4057,12579.0
2022-09-19 20:00:00+00:00,104.67,104.695,104.67,104.67,28567.0,104.6702,52.0
2022-09-19 21:00:00+00:00,104.67,104.67,104.67,104.67,449.0,104.67,4.0
2022-09-19 23:00:00+00:00,104.49,105.0,104.49,105.0,624.0,104.8341,4.0
2022-09-20 12:00:00+00:00,103.72,105.62,103.72,105.62,1400.0,104.2791,9.0
2022-09-20 13:00:00+00:00,104.67,107.8,103.29,107.12,719168.0,105.9028,9134.0
2022-09-20 14:00:00+00:00,107.065,107.065,105.2808,105.83,580644.0,106.062,8516.0
2022-09-20 15:00:00+00:00,105.81,105.9,105.23,105.6,252423.0,105.5757,4426.0
2022-09-20 16:00:00+00:00,105.63,106.24,105.63,106.225,244342.0,105.9386,4105.0
2022-09-20 17:00:00+00:00,106.225,107.0,105.89,106.87,310863.0,106.3883,5826.0
2022-09-20 18:00:00+00:00,106.9,107.255,106.42,107.065,373573.0,106.824,7401.0
2022-09-20 19:00:00+00:00,107.07,108.2769,107.055,107.45,856373.0,107.5799,14139.0
2022-09-20 20:00:00+00:00,107.42,107.6,107.3,107.6,153523.0,107.4207,51.0
2022-09-20 23:00:00+00:00,107.11,107.11,107.11,107.11,100.0,107.11,1.0
2022-09-21 08:00:00+00:00,109.04,109.04,109.04,109.04,100.0,109.04,1.0
2022-09-21 11:00:00+00:00,109.15,109.5,108.76,109.5,2835.0,109.2029,22.0
2022-09-21 12:00:00+00:00,109.56,109.56,108.38,108.8,5814.0,109.0321,70.0
2022-09-21 13:00:00+00:00,109.26,110.21,106.01,106.22,755476.0,107.4076,9836.0
2022-09-21 14:00:00+00:00,106.195,107.36,105.71,106.61,531132.0,106.5839,8989.0
2022-09-21 15:00:00+00:00,106.61,107.83,106.5704,107.79,383559.0,107.2575,7021.0
2022-09-21 16:00:00+00:00,107.82,107.83,107.01,107.36,274998.0,107.4094,5165.0
2022-09-21 17:00:00+00:00,107.43,108.29,106.75,108.165,560781.0,107.5037,6613.0
2022-09-21 18:00:00+00:00,108.13,108.705,106.355,108.01,585822.0,107.3802,11512.0
2022-09-21 19:00:00+00:00,108.05,108.15,105.47,105.51,806955.0,106.3706,13544.0
2022-09-21 20:00:00+00:00,105.53,105.53,105.0631,105.26,59150.0,105.5269,73.0
2022-09-21 21:00:00+00:00,105.1,105.2001,105.1,105.2001,860.0,105.1186,3.0
2022-09-21 23:00:00+00:00,105.2,105.2,105.2,105.2,165.0,105.2,3.0
2022-09-22 11:00:00+00:00,106.94,107.0,106.42,106.45,952.0,106.6733,10.0
2022-09-22 12:00:00+00:00,104.4404,107.45,104.4404,107.45,2170.0,106.9065,29.0
2022-09-22 13:00:00+00:00,107.02,108.64,106.8,107.11,344008.0,107.7953,5030.0
2022-09-22 14:00:00+00:00,107.055,108.13,106.53,107.01,459787.0,107.3926,8964.0
2022-09-22 15:00:00+00:00,106.98,109.03,106.71,108.6,481909.0,107.962,8473.0
2022-09-22 16:00:00+00:00,108.6,109.51,108.57,108.8,336439.0,109.0057,6139.0
2022-09-22 17:00:00+00:00,108.82,108.82,108.09,108.09,196929.0,108.528,4673.0
2022-09-22 18:00:00+00:00,108.09,108.54,107.6942,108.52,215837.0,108.1102,4988.0
2022-09-22 19:00:00+00:00,108.54,109.05,107.53,107.57,723470.0,108.319,12110.0
2022-09-22 20:00:00+00:00,107.59,107.59,107.5,107.5899,28280.0,107.5823,54.0
2022-09-22 21:00:00+00:00,107.59,107.59,107.59,107.59,1576.0,107.5901,9.0
2022-09-22 22:00:00+00:00,107.5,107.5,107.0,107.0,415.0,107.1964,13.0
2022-09-22 23:00:00+00:00,107.59,107.59,107.59,107.59,1647.0,107.587,14.0
2022-09-23 08:00:00+00:00,105.96,105.96,105.96,105.96,100.0,105.96,1.0
2022-09-23 09:00:00+00:00,105.97,105.97,105.94,105.94,354.0,105.9555,6.0
2022-09-23 10:00:00+00:00,105.14,105.14,105.12,105.12,212.0,105.1306,2.0
2022-09-23 11:00:00+00:00,104.9,104.9,104.0,104.5,3030.0,104.4357,114.0
2022-09-23 12:00:00+00:00,104.37,105.04,103.49,104.9,14282.0,104.3913,235.0
2022-09-23 13:00:00+00:00,103.82,103.9,99.6101,100.1505,1019559.0,100.9236,11544.0
2022-09-23 14:00:00+00:00,100.03,103.34,99.56,99.62,1010045.0,100.514,15784.0
2022-09-23 15:00:00+00:00,99.62,100.83,99.56,100.48,676029.0,100.3348,11761.0
2022-09-23 16:00:00+00:00,100.48,101.21,100.205,101.205,416198.0,100.5827,8952.0
2022-09-23 17:00:00+00:00,101.24,101.36,100.25,100.48,350402.0,100.8432,7301.0
2022-09-23 18:00:00+00:00,100.48,100.7607,99.83,99.98,446369.0,100.289,7731.0
2022-09-23 19:00:00+00:00,99.95,101.19,99.91,100.54,1213158.0,100.5187,20317.0
2022-09-23 20:00:00+00:00,100.57,100.85,100.57,100.64,35655.0,100.5822,61.0
2022-09-23 21:00:00+00:00,100.85,100.85,100.85,100.85,200.0,100.85,1.0
2022-09-23 23:00:00+00:00,100.76,100.9499,100.75,100.9499,1298.0,100.8745,12.0
2022-09-26 11:00:00+00:00,100.01,100.01,100.0,100.0,431.0,100.0068,7.0
2022-09-26 12:00:00+00:00,99.0001,99.8,99.0001,99.34,1676.0,99.1983,23.0
2022-09-26 13:00:00+00:00,99.64,100.5,98.66,99.335,542598.0,99.5946,6137.0
2022-09-26 14:00:00+00:00,99.33,101.63,99.1,100.94,773082.0,100.6112,9864.0
2022-09-26 15:00:00+00:00,100.97,101.01,99.55,99.68,399615.0,100.1608,6829.0
2022-09-26 16:00:00+00:00,99.65,100.045,98.86,99.83,401749.0,99.5272,7167.0
2022-09-26 17:00:00+00:00,99.86,99.89,98.77,98.86,403527.0,99.2314,7154.0
2022-09-26 18:00:00+00:00,98.87,99.38,98.24,98.49,510379.0,98.7202,8555.0
2022-09-26 19:00:00+00:00,98.49,98.83,97.73,97.94,1052958.0,98.3101,16613.0
2022-09-26 20:00:00+00:00,97.89,97.89,97.1839,97.1839,73013.0,97.8861,72.0
2022-09-26 21:00:00+00:00,97.89,97.89,97.8,97.8,439.0,97.8271,11.0
2022-09-26 22:00:00+00:00,97.8,97.8,97.8,97.8,899.0,97.8,2.0
2022-09-26 23:00:00+00:00,97.89,97.89,97.89,97.89,400.0,97.89,2.0
2022-09-27 10:00:00+00:00,99.88,99.88,99.88,99.88,170.0,99.88,8.0
2022-09-27 11:00:00+00:00,99.75,100.0,99.75,100.0,1285.0,99.8035,10.0
2022-09-27 12:00:00+00:00,100.0,100.1,99.42,99.42,4166.0,99.7741,56.0
2022-09-27 13:00:00+00:00,99.16,100.81,99.1,100.7,550623.0,100.0249,7924.0
2022-09-27 14:00:00+00:00,100.67,102.83,100.34,102.78,619239.0,102.0076,10489.0
2022-09-27 15:00:00+00:00,102.79,102.8,101.12,101.17,340970.0,101.9459,6381.0
2022-09-27 16:00:00+00:00,101.12,101.2,100.38,100.91,245943.0,100.8062,5067.0
2022-09-27 17:00:00+00:00,100.86,101.01,100.38,100.89,251611.0,100.6544,4794.0
2022-09-27 18:00:00+00:00,100.88,101.63,100.71,101.615,201831.0,101.1071,4469.0
2022-09-27 19:00:00+00:00,101.58,101.65,101.01,101.21,624348.0,101.2941,11253.0
2022-09-27 20:00:00+00:00,101.17,101.5,101.17,101.5,34976.0,101.1719,51.0
2022-09-27 21:00:00+00:00,101.35,101.35,101.35,101.35,200.0,101.35,2.0
2022-09-27 22:00:00+00:00,101.5,101.5,101.5,101.5,200.0,101.5,1.0
2022-09-27 23:00:00+00:00,101.5,101.5,101.5,101.5,200.0,101.5,2.0
2022-09-28 12:00:00+00:00,101.2,102.5,100.95,102.5,2789.0,101.9008,59.0
2022-09-28 13:00:00+00:00,102.43,103.7,101.01,103.4951,342665.0,102.4201,4898.0
2022-09-28 14:00:00+00:00,103.53,104.8798,102.84,104.55,541235.0,103.9505,9630.0
2022-09-28 15:00:00+00:00,104.43,105.56,104.41,105.47,389936.0,105.0126,7349.0
2022-09-28 16:00:00+00:00,105.435,106.42,105.31,105.86,342834.0,105.8393,6749.0
2022-09-28 17:00:00+00:00,105.95,106.75,105.93,106.66,270492.0,106.4653,5766.0
2022-09-28 18:00:00+00:00,106.68,107.86,106.62,107.57,383998.0,107.3495,7365.0
2022-09-28 19:00:00+00:00,107.57,109.24,107.54,108.7,1066773.0,108.7052,16341.0
2022-09-28 20:00:00+00:00,108.8,108.8,108.8,108.8,59115.0,108.8,73.0
2022-09-28 21:00:00+00:00,108.65,108.8,108.65,108.8,600.0,108.775,5.0
2022-09-28 22:00:00+00:00,108.8,108.8,108.8,108.8,1305.0,108.8,14.0
2022-09-28 23:00:00+00:00,108.8,108.8,108.77,108.8,1002.0,108.788,8.0
2022-09-29 11:00:00+00:00,107.26,108.77,107.26,108.77,347.0,108.2977,8.0
2022-09-29 12:00:00+00:00,108.8,108.8,107.31,107.31,1125.0,108.3411,10.0
2022-09-29 13:00:00+00:00,108.47,108.49,106.75,107.905,484767.0,107.6468,5827.0
2022-09-29 14:00:00+00:00,107.82,107.95,105.64,106.9983,415395.0,106.5414,7363.0
2022-09-29 15:00:00+00:00,106.99,107.735,106.42,107.3,384813.0,106.9931,6738.0
2022-09-29 16:00:00+00:00,107.3304,107.59,106.77,107.11,220629.0,107.2085,4484.0
2022-09-29 17:00:00+00:00,107.11,107.14,106.47,106.7805,289691.0,106.8354,5456.0
2022-09-29 18:00:00+00:00,106.78,106.78,105.7807,106.25,343756.0,106.389,6231.0
2022-09-29 19:00:00+00:00,106.24,107.56,106.24,107.29,687491.0,107.1563,12000.0
2022-09-29 20:00:00+00:00,107.24,107.24,107.0,107.24,54507.0,107.2378,70.0
2022-09-29 21:00:00+00:00,107.24,107.24,106.4433,106.4433,3250.0,107.2032,9.0
2022-09-29 22:00:00+00:00,107.24,107.24,107.24,107.24,800.0,107.24,6.0
2022-09-29 23:00:00+00:00,107.95,107.95,107.5,107.5,230.0,107.7365,4.0
2022-09-30 11:00:00+00:00,107.25,107.25,107.24,107.24,347.0,107.2486,4.0
2022-09-30 12:00:00+00:00,106.52,107.86,106.52,107.86,2417.0,107.0824,43.0
2022-09-30 13:00:00+00:00,106.29,107.85,105.575,107.515,361112.0,106.5546,4982.0
2022-09-30 14:00:00+00:00,107.6,108.27,106.98,108.21,377290.0,107.7521,6181.0
2022-09-30 15:00:00+00:00,108.21,109.14,108.04,108.68,228857.0,108.5917,4156.0
2022-09-30 16:00:00+00:00,108.65,108.79,107.8,108.12,276565.0,108.236,4451.0
2022-09-30 17:00:00+00:00,108.13,108.56,107.61,108.02,225576.0,108.0785,4360.0
2022-09-30 18:00:00+00:00,107.995,108.035,106.8575,107.15,311793.0,107.4092,5705.0
2022-09-30 19:00:00+00:00,107.12,107.54,106.65,106.89,1081936.0,107.0736,17314.0
2022-09-30 20:00:00+00:00,106.85,107.0,106.85,107.0,94155.0,106.8521,90.0
2022-09-30 21:00:00+00:00,107.0,107.35,106.85,106.85,2770.0,107.1211,18.0
2022-09-30 22:00:00+00:00,107.0,107.0,107.0,107.0,400.0,107.0007,3.0
2022-09-30 23:00:00+00:00,106.88,106.88,106.88,106.88,100.0,106.88,1.0
2022-10-03 08:00:00+00:00,111.08,111.08,111.08,111.08,200.0,111.08,1.0
2022-10-03 10:00:00+00:00,109.85,109.86,109.85,109.86,686.0,109.8578,6.0
2022-10-03 11:00:00+00:00,109.21,110.0,109.0,110.0,4357.0,109.6449,50.0
2022-10-03 12:00:00+00:00,109.98,110.96,109.29,110.25,20325.0,109.9043,174.0
2022-10-03 13:00:00+00:00,110.06,111.24,108.11,108.39,540131.0,109.6925,7078.0
2022-10-03 14:00:00+00:00,108.52,109.79,107.86,109.47,450770.0,108.7415,8136.0
2022-10-03 15:00:00+00:00,109.5,110.52,109.2299,110.4,391669.0,109.8303,6848.0
2022-10-03 16:00:00+00:00,110.395,111.09,110.239,110.37,330835.0,110.6381,5881.0
2022-10-03 17:00:00+00:00,110.36,110.97,110.225,110.8759,202494.0,110.5488,4383.0
2022-10-03 18:00:00+00:00,110.89,112.33,110.8744,112.1,257248.0,111.6871,5124.0
2022-10-03 19:00:00+00:00,112.081,112.67,111.99,112.29,1051068.0,112.4031,14938.0
2022-10-03 20:00:00+00:00,112.31,112.31,112.27,112.27,78909.0,112.3096,94.0
2022-10-03 21:00:00+00:00,112.0481,112.34,112.0481,112.34,1098.0,112.3134,4.0
2022-10-03 22:00:00+00:00,112.7999,112.9,112.5,112.68,2140.0,112.7082,17.0
2022-10-04 11:00:00+00:00,113.5,114.0,113.5,114.0,1192.0,113.5794,4.0
2022-10-04 12:00:00+00:00,114.0,114.7,113.54,114.4,5708.0,114.4065,82.0
2022-10-04 13:00:00+00:00,114.85,115.64,113.72,114.77,482679.0,114.6492,6535.0
2022-10-04 14:00:00+00:00,114.79,116.65,114.75,116.55,645172.0,115.6661,10693.0
2022-10-04 15:00:00+00:00,116.6,116.64,115.13,116.59,521825.0,115.9267,10354.0
2022-10-04 16:00:00+00:00,116.57,117.265,116.33,117.0,315193.0,116.7404,6609.0
2022-10-04 17:00:00+00:00,117.0,117.53,116.38,117.19,588854.0,116.884,9349.0
2022-10-04 18:00:00+00:00,117.21,117.5,116.5495,116.5655,403468.0,117.0726,6930.0
2022-10-04 19:00:00+00:00,116.545,117.67,116.15,117.53,912040.0,117.0672,15645.0
2022-10-04 20:00:00+00:00,117.58,117.7,117.58,117.7,51553.0,117.5805,126.0
2022-10-04 21:00:00+00:00,117.86,117.86,117.58,117.58,904.0,117.6122,7.0
2022-10-04 23:00:00+00:00,117.86,117.86,117.58,117.58,300.0,117.7633,4.0
2022-10-05 12:00:00+00:00,117.7748,118.7099,116.0,118.7099,1362.0,117.7683,37.0
2022-10-05 13:00:00+00:00,118.13,118.15,114.7,116.69,668334.0,116.1783,8753.0
2022-10-05 14:00:00+00:00,116.67,117.58,114.55,117.31,695516.0,115.8169,9939.0
2022-10-05 15:00:00+00:00,117.31,118.6513,116.925,117.63,433759.0,117.7343,7354.0
2022-10-05 16:00:00+00:00,117.64,119.03,116.8686,118.76,510338.0,117.8094,8023.0
2022-10-05 17:00:00+00:00,118.75,119.47,118.5,119.09,301637.0,119.0775,5176.0
2022-10-05 18:00:00+00:00,119.13,119.25,118.18,118.61,312801.0,118.6964,6088.0
2022-10-05 19:00:00+00:00,118.64,119.095,117.95,118.17,737498.0,118.567,11226.0
2022-10-05 20:00:00+00:00,118.09,118.09,118.09,118.09,37060.0,118.09,54.0
2022-10-05 21:00:00+00:00,118.3,118.6,118.3,118.6,740.0,118.4012,14.0
2022-10-05 22:00:00+00:00,118.6,118.6,118.1,118.1,1100.0,118.1455,2.0
2022-10-05 23:00:00+00:00,118.3,118.45,118.3,118.45,918.0,118.3893,10.0
2022-10-06 09:00:00+00:00,116.24,116.43,116.24,116.43,400.0,116.335,2.0
2022-10-06 11:00:00+00:00,116.82,116.82,116.82,116.82,324.0,116.8198,11.0
2022-10-06 12:00:00+00:00,116.8,117.0,116.75,117.0,1671.0,116.9037,15.0
2022-10-06 13:00:00+00:00,116.28,119.389,116.28,118.68,250211.0,118.236,3956.0
2022-10-06 14:00:00+00:00,118.75,118.75,116.78,117.425,446702.0,117.3547,7310.0
2022-10-06 15:00:00+00:00,117.39,117.82,116.84,117.0,332595.0,117.3634,5664.0
2022-10-06 16:00:00+00:00,116.93,118.15,116.91,118.03,276850.0,117.4915,5478.0
2022-10-06 17:00:00+00:00,118.05,118.78,117.92,118.67,253698.0,118.3614,5300.0
2022-10-06 18:00:00+00:00,118.67,118.84,118.105,118.62,214212.0,118.5477,4826.0
2022-10-06 19:00:00+00:00,118.62,119.42,118.455,119.23,626601.0,119.026,11965.0
2022-10-06 20:00:00+00:00,119.22,119.22,119.22,119.22,27114.0,119.2201,42.0
2022-10-06 21:00:00+00:00,119.22,119.22,119.18,119.18,200.0,119.2,2.0
2022-10-06 22:00:00+00:00,119.18,119.18,119.18,119.18,125.0,119.18,1.0
2022-10-07 12:00:00+00:00,119.87,119.87,119.3,119.3,909.0,119.4043,20.0
2022-10-07 13:00:00+00:00,119.59,120.18,118.09,119.0,304524.0,119.2901,5221.0
2022-10-07 14:00:00+00:00,118.87,119.085,116.88,118.08,404480.0,118.227,7334.0
2022-10-07 15:00:00+00:00,118.08,118.56,117.69,117.95,358153.0,118.116,7177.0
2022-10-07 16:00:00+00:00,117.93,118.63,117.24,117.8,364887.0,117.9273,6852.0
2022-10-07 17:00:00+00:00,117.8,117.84,116.43,116.48,446694.0,117.1465,8106.0
2022-10-07 18:00:00+00:00,116.47,116.47,114.84,114.89,715869.0,115.4566,11138.0
2022-10-07 19:00:00+00:00,114.91,115.285,112.83,113.82,1308495.0,113.7764,20637.0
2022-10-07 20:00:00+00:00,113.78,114.0,113.78,114.0,76717.0,113.7841,63.0
2022-10-07 21:00:00+00:00,113.78,114.0,113.78,114.0,449.0,113.9296,8.0
2022-10-07 23:00:00+00:00,113.78,113.78,113.78,113.78,1106.0,113.7801,14.0
